model,family_model,regime,family,readout,band,freq_measure,n_words,mean_damage,policy_auc_all,at_floor,beta_freq,se_freq,ci_freq_low,ci_freq_high,p_freq,beta_ntok,p_ntok,beta_freq_total,p_freq_total,attenuation_by_ntok,beta_freq_direct,p_freq_direct,max_vif,covariates,n_words_relative,beta_freq_relative,p_freq_relative
SmolLM2-360M,SmolLM,rf2_ex20,full,frozen,early,hal_log_freq,750,-0.29588067709216254,0.8986493155555556,False,0.10026498869311289,0.01878830937180359,0.06344057899398148,0.1370893983922443,9.472518948279643e-08,0.0116117905428414,0.6297367765086602,0.09481555262184081,1.4077743372410366e-10,-0.057474073826331296,0.06162613750667904,0.0006102586896068003,1.8322047016239642,length;ortho_n;bg_mean,687,0.05944187397172551,0.0003204706365568742
SmolLM2-360M,SmolLM,rf2_ex20,full,frozen,early,lm_logprob,750,-0.29588067709216254,0.8986493155555556,False,0.07392958614754526,0.019273403144674024,0.03615441012446315,0.11170476217062736,0.00012513862067719612,-0.01597381704397927,0.49348175971830166,0.08108551826268967,2.4047903976922434e-07,0.08825166649316607,0.045197339131143106,0.015387875920154828,1.887726153148543,length;ortho_n;bg_mean,687,0.04586648318726645,0.008432662955424577
SmolLM2-360M,SmolLM,rf2_ex20,full,frozen,middle,hal_log_freq,750,0.47052476059893783,0.8986493155555556,False,0.20021353180098603,0.03579812673114324,0.1300504926939447,0.27037657090802736,2.233730261340623e-08,0.03641673330192192,0.39886010563003893,0.18312308745295836,5.068146822579843e-10,-0.0933276332642543,0.08086392285055764,0.009697722864766766,1.8322047016239642,length;ortho_n;bg_mean,703,0.0752126336730191,0.0013194408631048214
SmolLM2-360M,SmolLM,rf2_ex20,full,frozen,middle,lm_logprob,750,0.47052476059893783,0.8986493155555556,False,0.13295725859895263,0.03391450687798118,0.06648604656467358,0.19942847063323169,8.841481546805959e-05,-0.02817649510706118,0.516283504193124,0.14557973234293636,1.8339887015124784e-07,0.0867048835771278,0.05284142969395374,0.08164614272818892,1.887726153148543,length;ortho_n;bg_mean,703,0.04197518551382071,0.04629809678130219
SmolLM2-360M,SmolLM,rf2_ex20,full,frozen,late,hal_log_freq,750,1.5977800138737233,0.8986493155555556,False,0.27489424880647356,0.041734342172699564,0.1930964412295113,0.3566920563834358,4.495169257906079e-11,-0.23327278667361145,2.1890103610646154e-05,0.3843696250161326,1.0397567574855325e-29,0.2848179696953529,0.10852216863077002,0.004056798215225803,1.8322047016239642,length;ortho_n;bg_mean,689,0.02621283765345693,0.3584596241806466
SmolLM2-360M,SmolLM,rf2_ex20,full,frozen,late,lm_logprob,750,1.5977800138737233,0.8986493155555556,False,0.20006193542433096,0.041832713157397,0.11807132426023799,0.28205254658842394,1.7319049774274821e-06,-0.3106079897887513,8.223539926048803e-09,0.33920774404541576,1.7639196750032816e-22,0.4102082309844167,0.08000803731898769,0.029506936680617372,1.887726153148543,length;ortho_n;bg_mean,689,0.025207429699853238,0.3415799976933147
SmolLM2-360M,SmolLM,rf2_ex20,full,frozen,all,hal_log_freq,750,0.555340484078073,0.8986493155555556,False,0.18812988572390782,0.025586620044921737,0.1379810319497506,0.23827873949806505,1.9429118593610585e-13,-0.058813692483517796,0.06900084727603148,0.21573126693397174,3.9561100563738986e-25,0.1279433510141661,0.0897620260917855,6.080475796527948e-05,1.8322047016239642,length;ortho_n;bg_mean,699,0.06896524343832956,0.00020069875168051874
SmolLM2-360M,SmolLM,rf2_ex20,full,frozen,all,lm_logprob,750,0.555340484078073,0.8986493155555556,False,0.13318079310056702,0.024914745705173567,0.08434878883445283,0.1820127973666812,9.018738372964384e-08,-0.11416160930249256,0.00035427311244296157,0.184322779018841,4.062226819304912e-19,0.27745884795414455,0.062305764457708385,0.004356077412882243,1.887726153148543,length;ortho_n;bg_mean,699,0.047281350595958276,0.005799255774762668
SmolLM2-360M,SmolLM,rf2_ex20,full,behavior,behavior,hal_log_freq,750,9.083984474185518,0.8986493155555556,False,0.4560139788421964,0.1429707427555684,0.1757964721983415,0.7362314854860513,0.0014248881010518375,-0.259250043128241,0.2930263503734406,0.5776805324447182,5.9445502707863e-08,0.21061217536210608,0.2292218701460549,0.0939778088622004,1.8322047016239642,length;ortho_n;bg_mean,616,-0.060018466780090485,0.7501261292476338
SmolLM2-360M,SmolLM,rf2_ex20,full,behavior,behavior,lm_logprob,750,9.083984474185518,0.8986493155555556,False,0.5338682189244993,0.1489883024133964,0.2418565120764804,0.8258799257725182,0.0003392942128105698,-0.2565959532718143,0.28382689129196015,0.6488177777918926,7.263490206155921e-09,0.17716770841051654,0.2845785786724127,0.039260008889098315,1.887726153148543,length;ortho_n;bg_mean,616,-0.19670634169742274,0.2988490507234798
SmolLM2-360M,SmolLM,rf4_ex20,full,frozen,early,hal_log_freq,750,0.06804971244344966,0.82991136,False,0.16503511123315454,0.0222889635101496,0.12134954550053385,0.20872067696577523,1.3180223352909615e-13,-0.034628790776315914,0.22661290961089942,0.18128647064794545,1.698059414566503e-25,0.08964463457590677,0.12050559012243588,2.7298811336904984e-08,1.8322047016239642,length;ortho_n;bg_mean,687,0.07861337550328584,1.0242444530196508e-05
SmolLM2-360M,SmolLM,rf4_ex20,full,frozen,early,lm_logprob,750,0.06804971244344966,0.82991136,False,0.10989396358671366,0.022672840484147323,0.06545601281056324,0.1543319143628641,1.2537848389928867e-06,-0.08767958381441389,0.0016237221681357217,0.14917256230439105,2.372608017062029e-15,0.2633098078554703,0.07545028433809285,0.00039388030147631336,1.887726153148543,length;ortho_n;bg_mean,687,0.053042036457157576,0.0011405237923995178
SmolLM2-360M,SmolLM,rf4_ex20,full,frozen,middle,hal_log_freq,750,2.7371095870125535,0.82991136,False,0.19147523034005845,0.038520710857539865,0.1159760244003993,0.2669744362797176,6.670863182693109e-07,-0.2547408694174721,3.166190371438666e-08,0.3110256198780941,1.2290854659258157e-22,0.3843747328110565,0.022172943364843715,0.49703254477700753,1.8322047016239642,length;ortho_n;bg_mean,703,-0.058487949107568896,0.08453776446672856
SmolLM2-360M,SmolLM,rf4_ex20,full,frozen,middle,lm_logprob,750,2.7371095870125535,0.82991136,False,0.11096436030503916,0.03904389699353719,0.03443972838161456,0.18748899222846377,0.0044825711160687235,-0.32701027662342114,2.9789799880262964e-13,0.25745804644336806,3.171713694068581e-14,0.5690002241609974,-0.0005690864747453731,0.9849270534066614,1.887726153148543,length;ortho_n;bg_mean,703,-0.05976226706236176,0.03633523563399783
SmolLM2-360M,SmolLM,rf4_ex20,full,frozen,late,hal_log_freq,750,3.5372164337745393,0.82991136,False,0.29055888049673667,0.04631131371836084,0.19979037353201368,0.38132738746145967,3.518055947754978e-10,-0.30532523610952905,2.831241965466967e-07,0.43384861251404927,1.2690553611097523e-30,0.33027587938332403,0.05222237496980769,0.17746562816418066,1.8322047016239642,length;ortho_n;bg_mean,689,-0.13451247267785404,0.0007542425158874647
SmolLM2-360M,SmolLM,rf4_ex20,full,frozen,late,lm_logprob,750,3.5372164337745393,0.82991136,False,0.17661585711718938,0.05102283696828015,0.07661293427030144,0.27661877996407735,0.0005371621145113669,-0.40965692933822995,1.828620542726565e-11,0.3601334953104838,8.578277037494234e-18,0.5095822537558673,0.0025799058867416146,0.9515268005600009,1.887726153148543,length;ortho_n;bg_mean,689,-0.07210313875709373,0.0850888743797065
SmolLM2-360M,SmolLM,rf4_ex20,full,frozen,all,hal_log_freq,750,2.0322822231315114,0.82991136,False,0.21366355551171007,0.029031482325202845,0.15676289573650135,0.27056421528691876,1.8429760483439402e-13,-0.19168751844811396,7.266956099363476e-08,0.3036228837987462,5.938133509778376e-38,0.2962863904114187,0.0757053901232603,0.0016379199077298228,1.8322047016239642,length;ortho_n;bg_mean,699,-0.024065810633026728,0.3900457992045948
SmolLM2-360M,SmolLM,rf4_ex20,full,frozen,all,lm_logprob,750,2.0322822231315114,0.82991136,False,0.13158749646633,0.03083639753531516,0.0711492678841526,0.1920257250485074,1.97872068391555e-05,-0.2672981560809174,1.8050868616503957e-13,0.2513314157908134,1.029410693181361e-22,0.47643832724894175,0.03298190028332715,0.16966128337867636,1.887726153148543,length;ortho_n;bg_mean,699,-0.013452248948553194,0.5972398885986128
SmolLM2-360M,SmolLM,rf4_ex20,full,behavior,behavior,hal_log_freq,750,4.336447856971975,0.82991136,False,0.005616232025382424,0.12239472299406615,-0.23427301694074365,0.24550548099150848,0.9634009319903272,-0.3228381460580829,0.05183159888216204,0.15712480702255174,0.09557808830431076,0.9642562359705789,-0.22682725534347242,0.04089349691728232,1.8322047016239642,length;ortho_n;bg_mean,616,-0.16638209897142148,0.0463555650755393
SmolLM2-360M,SmolLM,rf4_ex20,full,behavior,behavior,lm_logprob,750,4.336447856971975,0.82991136,False,0.1645076948136182,0.12355159829984037,-0.07764898808642909,0.4066643777136655,0.18302789394016217,-0.22042385616082458,0.1470322689858709,0.26325291938345463,0.011469230430322644,0.3750964084314824,-0.0893376540218245,0.4053524528353979,1.887726153148543,length;ortho_n;bg_mean,616,-0.1649988922795396,0.06401166843393012
SmolLM2-360M,SmolLM,rf2_ex00,full,frozen,early,hal_log_freq,750,1.277900571549585,0.6991754166666666,False,0.00032815757441616387,0.037562674555965306,-0.0732933317182749,0.07394964686710723,0.9930295556781914,0.411433197165555,1.1345746084262546e-12,-0.1927582486331927,8.183110476942943e-12,1.0017024307740034,-0.08515296728200517,0.003932379332127901,1.8322047016239642,length;ortho_n;bg_mean,620,-0.023345306742267664,0.4946422113935105
SmolLM2-360M,SmolLM,rf2_ex00,full,frozen,early,lm_logprob,750,1.277900571549585,0.6991754166666666,False,-0.05340626717558889,0.038792394260980925,-0.1294379628011898,0.02262542845001201,0.16859881570317437,0.37656484007496044,5.875460701852855e-13,-0.22209934943060758,2.7616401197859874e-13,0.7595388401068907,-0.12205537179985682,0.00011667302765614606,1.887726153148543,length;ortho_n;bg_mean,620,-0.0476317462856789,0.12570480955150864
SmolLM2-360M,SmolLM,rf2_ex00,full,frozen,middle,hal_log_freq,750,3.0360275057547774,0.6991754166666666,False,0.11694343259545185,0.056182055747087054,0.006828626753739672,0.22705823843716405,0.03738737711568411,0.4936497425616466,4.4914102228562866e-12,-0.11472735958465781,0.007687296170723683,2.019315994186712,-0.08165216591004003,0.07802210469545971,1.8322047016239642,length;ortho_n;bg_mean,699,-0.1032760297078764,0.021037547376860803
SmolLM2-360M,SmolLM,rf2_ex00,full,frozen,middle,lm_logprob,750,3.0360275057547774,0.6991754166666666,False,-0.018762122448404358,0.05565070184577544,-0.12783549378050094,0.09031124888369221,0.7360107578597644,0.3934148633544672,3.3975947897046804e-10,-0.19500365867624458,1.5724966336604537e-05,0.903785792657592,-0.1584355801928337,0.0007444685729555208,1.887726153148543,length;ortho_n;bg_mean,699,-0.14331367452961222,0.0002322937968449445
SmolLM2-360M,SmolLM,rf2_ex00,full,frozen,late,hal_log_freq,750,2.441542595788083,0.6991754166666666,False,0.21003312123309306,0.05439022813347443,0.10343023298056597,0.31663600948562015,0.00011264844533294807,0.4451530083022928,3.9990860751696224e-10,0.0011219415379623652,0.978992937741209,-186.20504957374925,-0.04396114227543656,0.35309646286813756,1.8322047016239642,length;ortho_n;bg_mean,695,-0.09990891985063811,0.012007204304635604
SmolLM2-360M,SmolLM,rf2_ex00,full,frozen,late,lm_logprob,750,2.441542595788083,0.6991754166666666,False,0.060697434006145065,0.05749183477118649,-0.051984491550508036,0.17337935956279815,0.2910790335443685,0.3263212297785145,2.2777427985912338e-07,-0.08548757372221243,0.06933988832586167,1.7100146999536836,-0.11446429244112254,0.01706147848942595,1.887726153148543,length;ortho_n;bg_mean,695,-0.08624941078938062,0.013383981703805914
SmolLM2-360M,SmolLM,rf2_ex00,full,frozen,all,hal_log_freq,750,2.2458948377571506,0.6991754166666666,False,0.10594745950623372,0.04301556355511716,0.021638504163510347,0.19025641484895708,0.013777878604883718,0.4502325756256918,2.7788543474352353e-14,-0.10534757109427291,0.0015396967539350827,2.0056943734509454,-0.061603637397356435,0.08222758445570752,1.8322047016239642,length;ortho_n;bg_mean,691,-0.08928188260366086,0.017203776171528625
SmolLM2-360M,SmolLM,rf2_ex00,full,frozen,all,lm_logprob,750,2.2458948377571506,0.6991754166666666,False,-0.0058399358063274225,0.04423860379880021,-0.09254600597831265,0.0808661343656578,0.8949764229039866,0.36665590735965137,1.4992195025338673e-12,-0.17009402582492178,1.6787320793198808e-06,0.9656664260957731,-0.12866492990787795,0.0006415479621276449,1.887726153148543,length;ortho_n;bg_mean,691,-0.1177234828104643,0.0008404498052688693
SmolLM2-360M,SmolLM,rf2_ex00,full,behavior,behavior,hal_log_freq,750,9.966866206329547,0.6991754166666666,False,-0.02951460580085842,0.10086878739025228,-0.22721379624998084,0.16818458464826397,0.7698248928373921,1.0096582659899327,1.6178068772420726e-13,-0.5033492098650422,1.8901282889375986e-09,0.941363559885647,-0.22861284102055093,0.004372324653833015,1.8322047016239642,length;ortho_n;bg_mean,616,-0.4701617293576541,0.0036711861859678547
SmolLM2-360M,SmolLM,rf2_ex00,full,behavior,behavior,lm_logprob,750,9.966866206329547,0.6991754166666666,False,-0.15584950092694588,0.09879996735241434,-0.3494938786114111,0.037794876757519386,0.11469785421620313,0.930855026645632,6.436458795763371e-13,-0.572852860949008,1.4135676019113967e-11,0.727941481048449,-0.38060367464440337,4.495282266519542e-06,1.887726153148543,length;ortho_n;bg_mean,616,-0.8379165679339824,3.0737431842314414e-06
SmolLM2-360M,SmolLM,rf2_ex20,cka_high,frozen,middle,hal_log_freq,750,0.49745343598370245,0.9862140444444445,False,0.07642976078244482,0.014059244775538774,0.0488741473725559,0.10398537419233372,5.44094404877219e-08,-0.0053406705301886175,0.7598385977672701,0.07893614793476308,2.192358655523579e-13,0.03175208339770619,0.04632211286888949,0.001146455100109653,1.8322047016239642,length;ortho_n;bg_mean,703,0.01832252704529373,0.10105250033216091
SmolLM2-360M,SmolLM,rf2_ex20,cka_high,frozen,middle,lm_logprob,750,0.49745343598370245,0.9862140444444445,False,0.029669033453873995,0.013859613979292182,0.0025046892148334575,0.056833377692914536,0.03229964864971922,-0.04366795902061682,0.009126214336630105,0.04923135531458543,1.1506272380578522e-05,0.3973549323537685,0.007045757785684346,0.6002369085408517,1.887726153148543,length;ortho_n;bg_mean,703,-0.005773486917129853,0.5868583751443612
SmolLM2-360M,SmolLM,rf2_ex20,cka_high,frozen,late,hal_log_freq,750,0.05232714198609537,0.9862140444444445,False,0.1107810641906554,0.022063545061058884,0.0675373104997034,0.1540248178816074,5.140310568496769e-07,-0.0565882209038988,0.0513263356410641,0.13733802722448535,4.741899551821755e-17,0.19336933528556777,0.026423447345802754,0.19842309783096468,1.8322047016239642,length;ortho_n;bg_mean,689,0.06060482044500526,0.00017448639688164358
SmolLM2-360M,SmolLM,rf2_ex20,cka_high,frozen,late,lm_logprob,750,0.05232714198609537,0.9862140444444445,False,0.019189716239287204,0.02205571853624726,-0.024038697744909902,0.06241813022348431,0.38426965310347594,-0.12757940578509996,3.708640233785558e-06,0.07634259113293916,1.7486731527520317e-05,0.7486368231087259,-0.044241416522315086,0.02140825499985864,1.887726153148543,length;ortho_n;bg_mean,689,-0.004005523323316433,0.7853721390069649
SmolLM2-360M,SmolLM,rf2_ex20,cka_high,frozen,all,hal_log_freq,750,0.17592978495033534,0.9862140444444445,False,0.059907463991392074,0.010027543693879893,0.04025383949798575,0.0795610884847984,2.310929902663242e-09,-0.019817245258907983,0.12542540264686633,0.06920773605095949,2.8084881004868797e-21,0.1343819721644901,0.030709027824638024,0.0014337150179450462,1.8322047016239642,length;ortho_n;bg_mean,699,0.022785416156674163,0.0013163658987948852
SmolLM2-360M,SmolLM,rf2_ex20,cka_high,frozen,all,lm_logprob,750,0.17592978495033534,0.9862140444444445,False,0.015634799901811547,0.009990897735603008,-0.003946999833193129,0.035216599636816226,0.11760532508188068,-0.05479915673782937,9.539403621802166e-06,0.04018366286320785,3.713949291279715e-07,0.6109165071627463,-0.006700698919845505,0.45711828623968875,1.887726153148543,length;ortho_n;bg_mean,699,-0.0024060631017755996,0.7190474293972224
SmolLM2-360M,SmolLM,rf2_ex20,cka_high,behavior,behavior,hal_log_freq,750,-1.920621640339234,0.9862140444444445,False,0.09140936440054902,0.0709586868645063,-0.047667106244138766,0.2304858350452368,0.19767446880032413,0.2892152030934034,0.0011766762135788696,-0.044319897532192884,0.4085636769595654,3.0624904273334908,-0.0632590455758837,0.2500681581271694,1.8322047016239642,length;ortho_n;bg_mean,616,0.0837496921765761,0.24589350689410627
SmolLM2-360M,SmolLM,rf2_ex20,cka_high,behavior,behavior,lm_logprob,750,-1.920621640339234,0.9862140444444445,False,0.1029262813713399,0.06715851970070867,-0.028701998497072792,0.2345545612397526,0.1253776203746466,0.2870963545132067,0.00025839191677598327,-0.025686812026788887,0.6572090309619311,5.0069698514551995,-0.06856467012693676,0.19169678325927242,1.887726153148543,length;ortho_n;bg_mean,616,0.14960866576629592,0.04204209227537137
SmolLM2-360M,SmolLM,rf2_ex20,cka_low,frozen,early,hal_log_freq,750,-0.1435228006798097,0.9528228266666667,False,0.07045106254194293,0.01814337560499334,0.03489069979817337,0.10601142528571249,0.00010316772912614016,-0.004915948741555527,0.8311012487084906,0.07275812692602035,2.0752107046520575e-07,0.03170868302345409,0.04378231465948365,0.015416385456534681,1.8322047016239642,length;ortho_n;bg_mean,687,0.03837112882939094,0.013169049038688308
SmolLM2-360M,SmolLM,rf2_ex20,cka_low,frozen,early,lm_logprob,750,-0.1435228006798097,0.9528228266666667,False,0.06392064674977788,0.01862469200920629,0.02741692118858261,0.10042437231097315,0.0005990640825273486,-0.016536580989041344,0.46000482052042624,0.07132868520723405,1.24445210400835e-06,0.10385777385259953,0.04440849011134367,0.016653375427123442,1.887726153148543,length;ortho_n;bg_mean,687,0.034060498284788084,0.0505771297973155
SmolLM2-360M,SmolLM,rf2_ex20,cka_low,frozen,middle,hal_log_freq,750,0.5000509820550271,0.9528228266666667,False,0.15079693934747118,0.03205816120177394,0.08796409798141497,0.2136297807135274,2.5529468932369646e-06,-0.10380005409707321,0.013134978864323235,0.1995105082763646,2.3609347788484517e-16,0.244165429428984,0.08216846509711641,0.009600508374683465,1.8322047016239642,length;ortho_n;bg_mean,703,0.04432918558756167,0.08031500671743717
SmolLM2-360M,SmolLM,rf2_ex20,cka_low,frozen,middle,lm_logprob,750,0.5000509820550271,0.9528228266666667,False,0.13071537474489853,0.032727779295538856,0.06657010603166671,0.19486064345813034,6.496263423950975e-05,-0.1326301186945665,0.0009303650593379761,0.19013086217591194,1.5882956040772219e-13,0.31249785937456753,0.08530550801196299,0.0071172451235251045,1.887726153148543,length;ortho_n;bg_mean,703,0.04675194320217366,0.04456669926203749
SmolLM2-360M,SmolLM,rf2_ex20,cka_low,frozen,late,hal_log_freq,750,0.897692663330237,0.9528228266666667,False,0.16220661118369029,0.037151039125426055,0.08939191250961678,0.2350213098577638,1.264618590491773e-05,-0.2962703702552994,7.13980803327561e-10,0.30124687689996055,6.306623021320814e-25,0.4615492354546248,0.06137431522126755,0.08928474993263999,1.8322047016239642,length;ortho_n;bg_mean,689,-0.010975290210521222,0.7300086552660725
SmolLM2-360M,SmolLM,rf2_ex20,cka_low,frozen,late,lm_logprob,750,0.897692663330237,0.9528228266666667,False,0.1825038197708532,0.03707025892027379,0.1098474473895419,0.2551601921521645,8.514598172985059e-07,-0.3001208115574523,1.1331634176672068e-10,0.3169515943969336,3.863385496327848e-27,0.42419024545970585,0.11368363996324703,0.0011084930576378501,1.887726153148543,length;ortho_n;bg_mean,689,0.04550517283169546,0.09451787752032473
SmolLM2-360M,SmolLM,rf2_ex20,cka_low,frozen,all,hal_log_freq,750,0.395609758278553,0.9528228266666667,False,0.12552351868507114,0.024305782956714015,0.0778850594738642,0.17316197789627807,2.41278601889076e-07,-0.12979227733971926,3.741187454893899e-05,0.18643528894979136,3.356994087211979e-24,0.3267180296597405,0.0652545069881205,0.00504555356649163,1.8322047016239642,length;ortho_n;bg_mean,699,0.04037847516308209,0.0711781503233725
SmolLM2-360M,SmolLM,rf2_ex20,cka_low,frozen,all,lm_logprob,750,0.395609758278553,0.9528228266666667,False,0.12324157507496054,0.02415950623495854,0.07588981297017092,0.17059333717975017,3.375729828017401e-07,-0.144433466836701,2.019663284810966e-06,0.18794471277791483,2.6328118865558927e-24,0.34426686841364273,0.08097226603300109,0.0004335466855912947,1.887726153148543,length;ortho_n;bg_mean,699,0.05245222777728214,0.010424225624146468
SmolLM2-360M,SmolLM,rf2_ex20,cka_low,behavior,behavior,hal_log_freq,750,4.838935327405022,0.9528228266666667,False,-0.041765944922052836,0.10310796235530591,-0.24385383765776408,0.16032194781365844,0.6854260388990174,-0.6907371231933576,2.485091883345339e-07,0.28239834145642434,0.0003325451798569226,1.147897274136426,-0.17412727192613076,0.07217211030964962,1.8322047016239642,length;ortho_n;bg_mean,616,-0.35959175009953137,0.00011684867126622032
SmolLM2-360M,SmolLM,rf2_ex20,cka_low,behavior,behavior,lm_logprob,750,4.838935327405022,0.9528228266666667,False,0.14659811560196626,0.10571653152683864,-0.060602478761130646,0.35379870996506313,0.16553037117580716,-0.5642485834734312,7.501738375716232e-06,0.3993695445150149,3.5208236151346846e-06,0.632926151692434,0.006163150251018643,0.9502801681527165,1.887726153148543,length;ortho_n;bg_mean,616,-0.32073331675063466,0.0010216514457128119
SmolLM2-360M,SmolLM,rf2_ex20,kvdist_low,frozen,early,hal_log_freq,750,-0.2642679538956066,0.9422247111111112,False,0.1044259111436477,0.019035790594683608,0.06711644716082153,0.14173537512647388,4.116793179714202e-08,-0.008492534891838115,0.7274164683994941,0.10841147442136706,2.969365176502759e-13,0.036763297418394236,0.07058143515729211,0.00013654842488176598,1.8322047016239642,length;ortho_n;bg_mean,687,0.06191987778595467,0.00020142654868424723
SmolLM2-360M,SmolLM,rf2_ex20,kvdist_low,frozen,early,lm_logprob,750,-0.2642679538956066,0.9422247111111112,False,0.07973811295269817,0.019408290983084487,0.0416985616243791,0.11777766428101724,3.983127656157378e-05,-0.03544636201983785,0.13430218675305994,0.09561733328209318,9.876355870424936e-10,0.16607052073443263,0.05431760184396503,0.004402606674562416,1.887726153148543,length;ortho_n;bg_mean,687,0.04802557264448387,0.005353378829869682
SmolLM2-360M,SmolLM,rf2_ex20,kvdist_low,frozen,middle,hal_log_freq,750,0.6872721303311734,0.9422247111111112,False,0.1897074115401685,0.03189086254392917,0.12720246951814992,0.2522123535621871,2.7037175246451353e-09,-0.019484143423120444,0.6372946081304219,0.19885135825502276,6.179387614571256e-15,0.04598382829815684,0.09623785006972699,0.0010883699322897142,1.8322047016239642,length;ortho_n;bg_mean,703,0.05168638036440145,0.03152111976190587
SmolLM2-360M,SmolLM,rf2_ex20,kvdist_low,frozen,middle,lm_logprob,750,0.6872721303311734,0.9422247111111112,False,0.12728576985939874,0.031981650701856455,0.06460288631761994,0.18996865340117752,6.89261457481437e-05,-0.07984163761789355,0.048565913236843845,0.16305313449006786,4.619189229945462e-10,0.21936017815620612,0.06404801159024602,0.0298424571148682,1.887726153148543,length;ortho_n;bg_mean,703,0.03137041458665658,0.12310341692075294
SmolLM2-360M,SmolLM,rf2_ex20,kvdist_low,frozen,late,hal_log_freq,750,1.0847138793366797,0.9422247111111112,False,0.19762187047822966,0.034305293380248215,0.13038473097386283,0.2648590099825965,8.377496847114051e-09,-0.052229225288780545,0.2328289673437276,0.22213314832234654,5.962893901724483e-15,0.11034498015824079,0.08056774790416638,0.013076181440501924,1.8322047016239642,length;ortho_n;bg_mean,689,0.018451656096036526,0.48428287946610105
SmolLM2-360M,SmolLM,rf2_ex20,kvdist_low,frozen,late,lm_logprob,750,1.0847138793366797,0.9422247111111112,False,0.15961929132725403,0.03670596120117766,0.08767692935502124,0.2315616532994868,1.3701362376032815e-05,-0.09758666486092622,0.036069302076228514,0.2033360527729061,1.0176928124442995e-12,0.2149975906853897,0.07566199282461904,0.02721863153752268,1.887726153148543,length;ortho_n;bg_mean,689,0.023674754026838975,0.3381478057525099
SmolLM2-360M,SmolLM,rf2_ex20,kvdist_low,frozen,all,hal_log_freq,750,0.47189905969129464,0.9422247111111112,False,0.16153869825760056,0.02259058962853476,0.11726195619614835,0.20581544031905277,8.633178534013692e-13,-0.026005590548870118,0.3867298433920764,0.1737431728964503,1.3905595895091199e-21,0.07024434074381458,0.08705155932866168,2.935448542586252e-05,1.8322047016239642,length;ortho_n;bg_mean,699,0.05933083562710117,0.0015156752858231095
SmolLM2-360M,SmolLM,rf2_ex20,kvdist_low,frozen,all,lm_logprob,750,0.47189905969129464,0.9422247111111112,False,0.12051534024270019,0.023432044022177564,0.07458937787507511,0.16644130261032528,2.701192102815842e-07,-0.06953774712036392,0.02254027602857134,0.15166677990570523,3.026938225028249e-16,0.20539395431466678,0.06649087188308872,0.0020851550623090286,1.887726153148543,length;ortho_n;bg_mean,699,0.04272709155382896,0.016712068980973598
SmolLM2-360M,SmolLM,rf2_ex20,kvdist_low,behavior,behavior,hal_log_freq,750,0.674924490524579,0.9422247111111112,False,0.1571810036529643,0.0659162443287135,0.027987538772543258,0.28637446853338533,0.01709972568569288,0.07972075052802909,0.3342306244874348,0.11976789910603934,0.018250406456252675,-0.3123800686676519,0.0373114658860231,0.5299490514829481,1.8322047016239642,length;ortho_n;bg_mean,616,0.00499566563526546,0.9179666246408126
SmolLM2-360M,SmolLM,rf2_ex20,kvdist_low,behavior,behavior,lm_logprob,750,0.674924490524579,0.9422247111111112,False,0.24095130167178663,0.0652301525330199,0.11310255200101343,0.36880005134255983,0.00022087210201209714,0.11754442150074881,0.10968360464511565,0.1882938874509127,0.0006298055058864181,-0.27965546271172226,0.11087535688747038,0.04728118227068727,1.887726153148543,length;ortho_n;bg_mean,616,0.03176717228632258,0.4614209136809283
SmolLM2-360M,SmolLM,rf2_ex20,kvdist_high,frozen,early,hal_log_freq,750,-0.04143958722335138,0.9857211022222221,False,-0.007256291047186003,0.002821642488344365,-0.012786608701588938,-0.0017259733927830687,0.010121369343308529,0.013783678247360218,0.0002848990717943525,-0.01372499827703515,1.0620656607751602e-09,0.47130841835315007,-0.007085685899475176,0.016992321160002433,1.8322047016239642,length;ortho_n;bg_mean,687,-0.0034222424081855034,0.1879229974805401
SmolLM2-360M,SmolLM,rf2_ex20,kvdist_high,frozen,early,lm_logprob,750,-0.04143958722335138,0.9857211022222221,False,0.003370985078893283,0.0031071148440698624,-0.002718848111313433,0.009460818269099999,0.2779550872466432,0.021433795673112356,4.433983429879409e-08,-0.0062309019581488385,0.01232130674806882,1.5410107720415458,0.0038864488663311945,0.2281290391632469,1.887726153148543,length;ortho_n;bg_mean,687,0.005139276346176096,0.02622440214572769
SmolLM2-360M,SmolLM,rf2_ex20,kvdist_high,frozen,middle,hal_log_freq,750,0.48652450219881815,0.9857211022222221,False,0.026088123685059833,0.015043521245407082,-0.0033966361566011884,0.05557288352672085,0.08288673984815677,0.07675415250149459,7.34968520986452e-05,-0.009932750590821458,0.3870112121079282,3.6264752594479766,0.000878937035195048,0.9531426515136292,1.8322047016239642,length;ortho_n;bg_mean,703,-0.014657499347728893,0.23167603421838978
SmolLM2-360M,SmolLM,rf2_ex20,kvdist_high,frozen,middle,lm_logprob,750,0.48652450219881815,0.9857211022222221,False,0.01932550542042903,0.014755400246692574,-0.009594547640561842,0.048245558481419905,0.19028913919784374,0.06963471258943212,8.581857941445542e-05,-0.011869372721447566,0.3298091760912113,2.6281825395463807,0.001950148082595045,0.8912682008293418,1.887726153148543,length;ortho_n;bg_mean,703,-0.008634379417236023,0.4190670395642466
SmolLM2-360M,SmolLM,rf2_ex20,kvdist_high,frozen,late,hal_log_freq,750,0.19160067612039447,0.9857211022222221,False,0.10717185034673442,0.018770167575766897,0.0703829979144498,0.14396070277901904,1.1318170596717157e-08,-0.21127625764904848,1.3524996436475764e-17,0.20632421235225448,1.323604521090543e-44,0.48056580890389444,0.040192097283362975,0.021582324053341262,1.8322047016239642,length;ortho_n;bg_mean,689,0.039623542002313446,0.0035441622789639453
SmolLM2-360M,SmolLM,rf2_ex20,kvdist_high,frozen,late,lm_logprob,750,0.19160067612039447,0.9857211022222221,False,0.08863876456955201,0.020371734526018585,0.048710898595944435,0.1285666305431596,1.3547716695657768e-05,-0.23452815112887618,1.559439767907173e-22,0.19370241491360785,8.651480188221533e-30,0.5423972147735726,0.040384409368972515,0.027123955380467923,1.887726153148543,length;ortho_n;bg_mean,689,0.03232214035996817,0.02072399576391546
SmolLM2-360M,SmolLM,rf2_ex20,kvdist_high,frozen,all,hal_log_freq,750,0.20208180566174155,0.9857211022222221,False,0.04003092691318721,0.009420057035079617,0.021567954392117995,0.058493899434256424,2.14208155519323e-05,-0.03808494947816763,0.0017133243368781259,0.05790426838392591,3.348462226533452e-16,0.3086705344799814,0.018073535034005123,0.05365287558482973,1.8322047016239642,length;ortho_n;bg_mean,699,0.011799787318864172,0.1176051895496737
SmolLM2-360M,SmolLM,rf2_ex20,kvdist_high,frozen,all,lm_logprob,750,0.20208180566174155,0.9857211022222221,False,0.035762121025195506,0.009426085777077549,0.01728733238693826,0.05423690966345275,0.0001482680925288546,-0.045049733890301646,6.314145353727194e-05,0.05594344879655764,4.0643272988590296e-13,0.3607451489941741,0.02032459655484602,0.02232000348212231,1.887726153148543,length;ortho_n;bg_mean,699,0.015157532958374386,0.028650210892885403
SmolLM2-360M,SmolLM,rf2_ex20,kvdist_high,behavior,behavior,hal_log_freq,750,-1.99538409345311,0.9857211022222221,False,0.20724170341707612,0.057513545728632674,0.09451722516575863,0.31996618166839363,0.0003141364244025824,-0.16179174329796267,0.0245952860547852,0.2831708858036324,2.125120884565145e-10,0.26813908559515587,0.03213196650732035,0.32106373296386503,1.8322047016239642,length;ortho_n;bg_mean,616,0.16369551011324354,0.010925388116111852
SmolLM2-360M,SmolLM,rf2_ex20,kvdist_high,behavior,behavior,lm_logprob,750,-1.99538409345311,0.9857211022222221,False,0.20143432392694555,0.058249903982513396,0.08726661001830303,0.31560203783558805,0.0005439879494010238,-0.18728697820917342,0.006856230432632098,0.2853349281736002,1.2382846382272374e-09,0.294042530242245,0.0067967376557384555,0.8412270686226422,1.887726153148543,length;ortho_n;bg_mean,616,0.23001573985460158,0.00039987570615233664
SmolLM2-360M,SmolLM,rf2_ex20,fidelity_high,frozen,early,hal_log_freq,750,-0.04143958722335138,0.9846774755555556,False,-0.007256291047186003,0.002821642488344365,-0.012786608701588938,-0.0017259733927830687,0.010121369343308529,0.013783678247360218,0.0002848990717943525,-0.01372499827703515,1.0620656607751602e-09,0.47130841835315007,-0.007085685899475176,0.016992321160002433,1.8322047016239642,length;ortho_n;bg_mean,687,-0.0034222424081855034,0.1879229974805401
SmolLM2-360M,SmolLM,rf2_ex20,fidelity_high,frozen,early,lm_logprob,750,-0.04143958722335138,0.9846774755555556,False,0.003370985078893283,0.0031071148440698624,-0.002718848111313433,0.009460818269099999,0.2779550872466432,0.021433795673112356,4.433983429879409e-08,-0.0062309019581488385,0.01232130674806882,1.5410107720415458,0.0038864488663311945,0.2281290391632469,1.887726153148543,length;ortho_n;bg_mean,687,0.005139276346176096,0.02622440214572769
SmolLM2-360M,SmolLM,rf2_ex20,fidelity_high,frozen,middle,hal_log_freq,750,0.48652450219881815,0.9846774755555556,False,0.026088123685059833,0.015043521245407082,-0.0033966361566011884,0.05557288352672085,0.08288673984815677,0.07675415250149459,7.34968520986452e-05,-0.009932750590821458,0.3870112121079282,3.6264752594479766,0.000878937035195048,0.9531426515136292,1.8322047016239642,length;ortho_n;bg_mean,703,-0.014657499347728893,0.23167603421838978
SmolLM2-360M,SmolLM,rf2_ex20,fidelity_high,frozen,middle,lm_logprob,750,0.48652450219881815,0.9846774755555556,False,0.01932550542042903,0.014755400246692574,-0.009594547640561842,0.048245558481419905,0.19028913919784374,0.06963471258943212,8.581857941445542e-05,-0.011869372721447566,0.3298091760912113,2.6281825395463807,0.001950148082595045,0.8912682008293418,1.887726153148543,length;ortho_n;bg_mean,703,-0.008634379417236023,0.4190670395642466
SmolLM2-360M,SmolLM,rf2_ex20,fidelity_high,frozen,late,hal_log_freq,750,0.08264202984499322,0.9846774755555556,False,0.11261898570493808,0.020004340645274656,0.07341119850572903,0.15182677290414714,1.8049460576970223e-08,-0.20887109199277673,4.7843682660972775e-15,0.21064259875168956,5.4285100216581585e-43,0.46535512582763006,0.042153762410576084,0.024118075090996883,1.8322047016239642,length;ortho_n;bg_mean,689,0.04994183027051871,0.0009807421810908083
SmolLM2-360M,SmolLM,rf2_ex20,fidelity_high,frozen,late,lm_logprob,750,0.08264202984499322,0.9846774755555556,False,0.09632343036071316,0.021111151207400498,0.0549463343220289,0.1377005263993974,5.050472775279444e-06,-0.23124364590757784,4.735944060716243e-20,0.19991569184819585,2.198122915400001e-30,0.5181797413188782,0.04556307474951732,0.01703957876875743,1.887726153148543,length;ortho_n;bg_mean,689,0.03892148995133499,0.009624268174791154
SmolLM2-360M,SmolLM,rf2_ex20,fidelity_high,frozen,all,hal_log_freq,750,0.16721503885361316,0.9846774755555556,False,0.04177401022781234,0.009781833675247866,0.02260196852156545,0.06094605193405923,1.949735830389831e-05,-0.03731529646816065,0.0035330947548904905,0.05928615203174512,2.9221236450098975e-16,0.29538334339114813,0.019192181927821662,0.047891883275996035,1.8322047016239642,length;ortho_n;bg_mean,699,0.01483243284522354,0.05744655734739919
SmolLM2-360M,SmolLM,rf2_ex20,fidelity_high,frozen,all,lm_logprob,750,0.16721503885361316,0.9846774755555556,False,0.038221214078367045,0.009740433656466107,0.019130314917891685,0.0573121132388424,8.709992953929768e-05,-0.04399869221948618,0.0002028580712889053,0.057931697415625816,1.3285616270339266e-13,0.34023659268686124,0.022369240365538483,0.01564323666181751,1.887726153148543,length;ortho_n;bg_mean,699,0.017364129198288673,0.017061643286298875
SmolLM2-360M,SmolLM,rf2_ex20,fidelity_high,behavior,behavior,hal_log_freq,750,-2.3826020402704966,0.9846774755555556,False,0.20511767626539032,0.054459788422889004,0.09837845235085649,0.3118569001799242,0.00016561436815021042,-0.2793162572405951,5.633985028748343e-05,0.3362013434986027,8.335240342536438e-15,0.38989632185618317,0.03192459039966093,0.29297147101931176,1.8322047016239642,length;ortho_n;bg_mean,616,0.17824910394220297,0.01434092213956411
SmolLM2-360M,SmolLM,rf2_ex20,fidelity_high,behavior,behavior,lm_logprob,750,-2.3826020402704966,0.9846774755555556,False,0.2060781444713542,0.05649432813189691,0.09535129600204825,0.3168049929406601,0.00026452938429944204,-0.3002014414507141,9.897002128231007e-06,0.3405620395839184,9.211732706294495e-14,0.3948880952112862,0.014088266383334927,0.6437820795144458,1.887726153148543,length;ortho_n;bg_mean,616,0.27079765596732086,0.00036694552311641903
SmolLM2-360M,SmolLM,rf2_ex20,random_same_ratio_mean,frozen,early,hal_log_freq,750,-0.08044705729504441,0.9729948067555557,False,0.038217110123488815,0.00864839060113276,0.021266576021033896,0.05516764422594374,9.91654345010479e-06,-0.012444390019905213,0.2517668271333675,0.044057286761988036,2.98663340934034e-11,0.1325586995415714,0.02408827323745493,0.004308643490200463,1.8322047016239642,length;ortho_n;bg_mean,687,0.020651266125153504,0.00458916155849935
SmolLM2-360M,SmolLM,rf2_ex20,random_same_ratio_mean,frozen,early,lm_logprob,750,-0.08044705729504441,0.9729948067555557,False,0.03232674559642208,0.008791915855332844,0.015094907164863045,0.04955858402798112,0.00023611182297315637,-0.02027017856713878,0.05234411796181008,0.04140735678590428,3.899647452642136e-09,0.21929946498235264,0.021904047947356172,0.009660780801959278,1.887726153148543,length;ortho_n;bg_mean,687,0.018393474410696612,0.0194283557952462
SmolLM2-360M,SmolLM,rf2_ex20,random_same_ratio_mean,frozen,middle,hal_log_freq,750,0.4237680508331906,0.9729948067555557,False,0.08917012992016185,0.01644482591216151,0.05693886340029425,0.12140139644002945,5.880999783928709e-08,-0.047557948622412964,0.033784661864771186,0.11148916846486334,1.4024999457871948e-19,0.20019019651882597,0.0404929780123157,0.009504979542928072,1.8322047016239642,length;ortho_n;bg_mean,703,0.01786846726066601,0.19638956471396196
SmolLM2-360M,SmolLM,rf2_ex20,random_same_ratio_mean,frozen,middle,lm_logprob,750,0.4237680508331906,0.9729948067555557,False,0.08034014244827073,0.016446587940305592,0.04810542241670098,0.11257486247984047,1.0347481355982166e-06,-0.06263211067046026,0.0032937177101970082,0.10839800306806249,2.6413413681155217e-17,0.258841120921521,0.04831208901498618,0.0012572104491551037,1.887726153148543,length;ortho_n;bg_mean,703,0.022633289474747152,0.04190041033718568
SmolLM2-360M,SmolLM,rf2_ex20,random_same_ratio_mean,frozen,late,hal_log_freq,750,0.5668524906323613,0.9729948067555557,False,0.134842832107179,0.018520282496641026,0.09854374543025504,0.17114191878410298,3.3179862259781174e-13,-0.18232068676987834,1.1185965931847408e-14,0.22040628792023412,3.5806109927098266e-50,0.3882078711112854,0.04794662676075011,0.0023145058376947167,1.8322047016239642,length;ortho_n;bg_mean,689,0.02118891983681583,0.11862154752978356
SmolLM2-360M,SmolLM,rf2_ex20,random_same_ratio_mean,frozen,late,lm_logprob,750,0.5668524906323613,0.9729948067555557,False,0.13123549154685663,0.018710466354883208,0.0945636513573371,0.16790733173637615,2.315745635097814e-12,-0.19879826571681705,4.969835730654651e-18,0.22029290907964139,2.108854365952233e-46,0.404268198667204,0.07022163491201164,2.6773484181868418e-06,1.887726153148543,length;ortho_n;bg_mean,689,0.0407442167034046,0.00028907484845960504
SmolLM2-360M,SmolLM,rf2_ex20,random_same_ratio_mean,frozen,all,hal_log_freq,750,0.2880376326427606,0.9729948067555557,False,0.08544230749320506,0.012339455367605367,0.061257419383859084,0.10962719560255102,4.380822031385113e-12,-0.07804114373269913,1.035563536011385e-06,0.12206716927754686,1.889528302987603e-38,0.30003859351458406,0.04203541731606103,0.00018903438343779611,1.8322047016239642,length;ortho_n;bg_mean,699,0.02702597270294157,0.014229453621930116
SmolLM2-360M,SmolLM,rf2_ex20,random_same_ratio_mean,frozen,all,lm_logprob,750,0.2880376326427606,0.9729948067555557,False,0.07934183129315268,0.012254368879560128,0.05532370963594638,0.10335995295035899,9.507912947038298e-11,-0.09095498472809875,3.0392146270409765e-09,0.12008774033019075,2.49107003019806e-35,0.3393011553469485,0.048805918963119206,5.7786145282514555e-06,1.887726153148543,length;ortho_n;bg_mean,699,0.031683777956153625,0.0013082891551753656
Qwen2.5-1.5B,Qwen,rf2_ex20,full,frozen,early,hal_log_freq,750,0.41089497238590306,0.9152037171717171,False,0.06046805960386063,0.014735612797622744,0.03158678923039254,0.08934932997732872,4.0689003002206925e-05,-0.12929284722855283,1.742441506888087e-10,0.11909202749087057,2.0172016337023208e-24,0.4922577029054608,-0.001160431525148769,0.9276696874512298,1.8612435314934626,length;ortho_n;bg_mean,703,-0.009951100170088796,0.2796539605927201
Qwen2.5-1.5B,Qwen,rf2_ex20,full,frozen,early,lm_logprob,750,0.41089497238590306,0.9152037171717171,False,0.05512216984435914,0.013649259295074956,0.028370113210363656,0.08187422647835461,5.380020537695784e-05,-0.14889430490477085,5.516691176238644e-18,0.10271375663329517,4.357310717430047e-16,0.4633418964398872,0.006654535751473986,0.5786419045128146,1.9060211140787284,length;ortho_n;bg_mean,703,-0.0023053523948802757,0.7769986896892576
Qwen2.5-1.5B,Qwen,rf2_ex20,full,frozen,middle,hal_log_freq,750,1.9649225988763375,0.9152037171717171,False,0.26314946811722845,0.03663739699625018,0.19134148951728214,0.33495744671717476,6.842941600681324e-13,-0.2727163714309609,6.2782809242820526e-09,0.38680453600175585,1.0127744369387136e-40,0.3196836034103956,0.09228640989261927,0.0036280270388384115,1.8612435314934626,length;ortho_n;bg_mean,707,-0.01965198572265054,0.38619254308877426
Qwen2.5-1.5B,Qwen,rf2_ex20,full,frozen,middle,lm_logprob,750,1.9649225988763375,0.9152037171717171,False,0.21700413748381608,0.03048632460390067,0.15725203923917344,0.27675623572845875,1.0943980428125507e-12,-0.3697354151395943,1.8554705170983227e-22,0.33518391010717763,1.1415498405255778e-29,0.3525818783651419,0.07488996684040185,0.003850352021390258,1.9060211140787284,length;ortho_n;bg_mean,707,-0.03353468350875657,0.061845573673194626
Qwen2.5-1.5B,Qwen,rf2_ex20,full,frozen,late,hal_log_freq,750,1.0168287643583116,0.9152037171717171,False,0.21564353020753768,0.04414753028042071,0.1291159608515216,0.30217109956355376,1.0363303162362985e-06,-0.19634229424463154,0.000902867826691347,0.30466906100362345,3.071179581252306e-18,0.2922040410103439,0.006601260487293592,0.8719900915804587,1.8612435314934626,length;ortho_n;bg_mean,696,0.021771912518931943,0.3980211928985363
Qwen2.5-1.5B,Qwen,rf2_ex20,full,frozen,late,lm_logprob,750,1.0168287643583116,0.9152037171717171,False,0.10444092502989008,0.04214240573472296,0.021843327567958856,0.1870385224918213,0.013201535764763218,-0.31342451475565547,5.283579938140945e-10,0.20462185542419958,2.802423758773489e-07,0.4895905678629753,-0.04160000427159293,0.2786878738009456,1.9060211140787284,length;ortho_n;bg_mean,696,-0.025663332766573725,0.2578566488314644
Qwen2.5-1.5B,Qwen,rf2_ex20,full,frozen,all,hal_log_freq,750,1.0981554237149893,0.9152037171717171,False,0.17433161205019307,0.02479075899077738,0.12574261727885688,0.22292060682152925,2.0341755766342496e-12,-0.19626151988898036,2.397446994172033e-09,0.2633205181347553,2.011850477585008e-41,0.3379490011447639,0.03385092554229571,0.10261406053725704,1.8612435314934626,length;ortho_n;bg_mean,706,-0.010457916748134344,0.5039802789246104
Qwen2.5-1.5B,Qwen,rf2_ex20,full,frozen,all,lm_logprob,750,1.0981554237149893,0.9152037171717171,False,0.12232239983412801,0.021900201477324275,0.07939879368440156,0.16524600598385447,2.331007773317674e-08,-0.2715124522047688,3.163480623529539e-24,0.2091068368993637,2.014762714687795e-22,0.41502438826044796,0.011665535752716324,0.505932835210932,1.9060211140787284,length;ortho_n;bg_mean,706,-0.02213389462762688,0.04767191389024853
Qwen2.5-1.5B,Qwen,rf2_ex20,full,behavior,behavior,hal_log_freq,750,1.1500334943594295,0.9152037171717171,False,0.6213935270179718,0.07035929803060299,0.48349183690047,0.7592952171354737,1.0307942888612877e-18,-0.08955641880321642,0.349032034991655,0.6620002019619817,6.221651431590181e-33,0.06133936941962137,0.21622008864954578,0.0006622215042190285,1.8612435314934626,length;ortho_n;bg_mean,334,-0.03522495368007988,0.754818394910133
Qwen2.5-1.5B,Qwen,rf2_ex20,full,behavior,behavior,lm_logprob,750,1.1500334943594295,0.9152037171717171,False,0.5482070051570641,0.06734679435787558,0.4162097137414027,0.6802042965727255,3.9507923597766835e-16,-0.3003335473716289,0.0004066477976953356,0.644203625675946,2.8841302918199614e-26,0.1490159581423578,0.17156888229608203,0.003849064614172507,1.9060211140787284,length;ortho_n;bg_mean,334,0.031166431961781996,0.7636668225640694
Qwen2.5-1.5B,Qwen,rf4_ex20,full,frozen,early,hal_log_freq,750,0.41442341921350057,0.9013786666666664,False,0.11129127187999838,0.016457788623574453,0.07903459891261942,0.14354794484737732,1.3588832080353397e-11,-0.07068155581403096,0.002599337776858467,0.143339705703417,1.8209895585507581e-29,0.22358378417303137,0.0749964078427649,3.300746256564534e-06,1.8612435314934626,length;ortho_n;bg_mean,703,0.01964947522056913,0.0872855249656413
Qwen2.5-1.5B,Qwen,rf4_ex20,full,frozen,early,lm_logprob,750,0.41442341921350057,0.9013786666666664,False,0.07098656805333195,0.015227288343239423,0.04114163131837609,0.10083150478828781,3.134562033844374e-06,-0.12235774035555429,3.206367588784232e-09,0.11009618358331376,4.557712197211428e-16,0.35523134641979803,0.042769478925626096,0.003480966527253352,1.9060211140787284,length;ortho_n;bg_mean,703,0.010011015299709642,0.2599935946594728
Qwen2.5-1.5B,Qwen,rf4_ex20,full,frozen,middle,hal_log_freq,750,1.9959596610943349,0.9013786666666664,False,0.3117440825564243,0.03398182595802008,0.2451409275497966,0.37834723756305194,4.564313909706143e-20,-0.21932004755965512,1.952425244342092e-06,0.4111881871663758,2.9058849615585546e-52,0.24184572347579192,0.2003636733974812,3.2136194404203723e-09,1.8612435314934626,length;ortho_n;bg_mean,707,-0.008901616155680098,0.7388591352217658
Qwen2.5-1.5B,Qwen,rf4_ex20,full,frozen,middle,lm_logprob,750,1.9959596610943349,0.9013786666666664,False,0.2070596063120284,0.033099602100797675,0.14218557829185866,0.2719336343321982,3.958574823029604e-10,-0.3598664687446646,1.2896557831983588e-18,0.32208493445096176,4.6113836659678035e-25,0.3571273159205969,0.10630832356940556,0.0008246844566655842,1.9060211140787284,length;ortho_n;bg_mean,707,-0.06812843826239887,0.00760088622760525
Qwen2.5-1.5B,Qwen,rf4_ex20,full,frozen,late,hal_log_freq,750,2.1365568246065783,0.9013786666666664,False,0.1419324440067058,0.04772890152066372,0.048385516004545895,0.2354793720088657,0.00294212308643137,-0.16105019258085934,0.016719574405419324,0.2149558286752125,1.0296948125911874e-08,0.33971344307597906,-0.08150925973504589,0.07018992614401412,1.8612435314934626,length;ortho_n;bg_mean,696,-0.15283948430764105,1.5603005520734568e-06
Qwen2.5-1.5B,Qwen,rf4_ex20,full,frozen,late,lm_logprob,750,2.1365568246065783,0.9013786666666664,False,0.10924061029645102,0.043200101302066585,0.02456996761591862,0.19391125297698342,0.011448195636564937,-0.21737385490159403,0.0002188263524186395,0.1787205456627591,6.6764565147645285e-06,0.38876299928836877,-0.03822313758388026,0.3406253261672253,1.9060211140787284,length;ortho_n;bg_mean,696,-0.11466905747525423,9.878073038283914e-05
Qwen2.5-1.5B,Qwen,rf4_ex20,full,frozen,all,hal_log_freq,750,1.4655910342551997,0.9013786666666664,False,0.1848211754991771,0.023764940491951405,0.13824274804021475,0.23139960295813944,7.423415972484497e-15,-0.1467292785225386,1.5544471310042242e-05,0.25135117075083896,2.114337604971937e-39,0.26468941860474626,0.07608188582285616,0.0007026715428276183,1.8612435314934626,length;ortho_n;bg_mean,706,-0.028731676980924936,0.1212388165495012
Qwen2.5-1.5B,Qwen,rf4_ex20,full,frozen,all,lm_logprob,750,1.4655910342551997,0.9013786666666664,False,0.12645427548572788,0.022400268128037762,0.08255055671073341,0.17035799426072235,1.649772689587106e-08,-0.22816109947128377,7.254911265772727e-14,0.19938217406647982,1.8647047627918897e-21,0.36576940201502495,0.039252597674438124,0.05184067010868983,1.9060211140787284,length;ortho_n;bg_mean,706,-0.054136632445810406,0.0005501638539194625
Qwen2.5-1.5B,Qwen,rf4_ex20,full,behavior,behavior,hal_log_freq,750,4.284291526785788,0.9013786666666664,False,0.13619839434582165,0.13386052553363778,-0.1261634146517127,0.398560203343356,0.308932292839597,-0.49620712653044535,0.01881427627378057,0.36118864921741667,0.0003783122785495788,0.6229161834378761,-0.24182321291233166,0.0676003014451224,1.8612435314934626,length;ortho_n;bg_mean,334,-0.6710945150501442,0.007412807881439733
Qwen2.5-1.5B,Qwen,rf4_ex20,full,behavior,behavior,lm_logprob,750,4.284291526785788,0.9013786666666664,False,0.20604420576115132,0.11845818600425452,-0.026129572481134233,0.43821798400343687,0.08196734107481006,-0.4984277129270538,0.0068246001885302965,0.3653583297832227,0.00046359031756457744,0.4360489717494518,-0.1335414452380492,0.2616395450939425,1.9060211140787284,length;ortho_n;bg_mean,334,-0.5463540187726487,0.014297569822857526
Qwen2.5-1.5B,Qwen,rf2_ex00,full,frozen,early,hal_log_freq,750,2.3877646883486827,0.5529504126984127,True,0.5328578885739425,0.11517266364246462,0.3071236158311661,0.7585921613167188,3.7171676171333983e-06,-0.5412417042619992,8.020541452477411e-05,0.778267723455812,1.737616451326047e-14,0.31532829575940036,0.39090723333071,0.0011591183973845948,1.8612435314934626,length;ortho_n;bg_mean,674,0.2052268867740656,0.018049792676190942
Qwen2.5-1.5B,Qwen,rf2_ex00,full,frozen,early,lm_logprob,750,2.3877646883486827,0.5529504126984127,True,0.6007169706038644,0.12454217636651295,0.3566187903692636,0.8448151508384653,1.411301918107329e-06,-0.6551051612886621,2.282130634440903e-07,0.8101104337003181,9.343483579408734e-12,0.2584752082997045,0.4812387094989913,0.0002045987211915588,1.9060211140787284,length;ortho_n;bg_mean,674,0.23127243588616886,0.008847504497480079
Qwen2.5-1.5B,Qwen,rf2_ex00,full,frozen,middle,hal_log_freq,750,1.3603696150253788,0.5529504126984127,True,-0.5706753022313887,0.22214193678051225,-1.0060654977771664,-0.13528510668561117,0.0102002173990862,0.15156479921045876,0.5660493804157818,-0.6393978194639804,0.003306202017182271,0.10748006192796078,-0.9450802566608544,7.85657025393371e-05,1.8612435314934626,length;ortho_n;bg_mean,706,-0.49780753680552553,3.0619756916696156e-05
Qwen2.5-1.5B,Qwen,rf2_ex00,full,frozen,middle,lm_logprob,750,1.3603696150253788,0.5529504126984127,True,-0.005205652847078756,0.20791213601662728,-0.4127059513884612,0.40229464569430373,0.9800248499634412,0.6002680854579263,0.028726724033937077,-0.19707135720676205,0.3412656566478395,0.9735849343057138,-0.24633811939474282,0.25339287902238494,1.9060211140787284,length;ortho_n;bg_mean,706,-0.06472722645516384,0.5733933496891698
Qwen2.5-1.5B,Qwen,rf2_ex00,full,frozen,late,hal_log_freq,750,1.531080962241141,0.5529504126984127,True,-0.3123814703822966,0.19125295772743756,-0.6872303794648356,0.06246743870024246,0.10239710797652404,0.9366092246053577,0.00019041963010545514,-0.7370588619233805,3.439890259500094e-05,0.5761783942640262,-0.7640423100630984,0.00041409863683442266,1.8612435314934626,length;ortho_n;bg_mean,702,-0.3230273494629172,0.014783780403423112
Qwen2.5-1.5B,Qwen,rf2_ex00,full,frozen,late,lm_logprob,750,1.531080962241141,0.5529504126984127,True,-0.1883993783724016,0.18153816724389404,-0.5442076479898429,0.1674088912450397,0.29936556644261614,1.0872146566458831,1.4828301301364746e-06,-0.5359094508567647,0.004733944779102879,0.6484492332217592,-0.45607675814750404,0.01892906794349205,1.9060211140787284,length;ortho_n;bg_mean,702,-0.2526735380250496,0.011340263740387465
Qwen2.5-1.5B,Qwen,rf2_ex00,full,frozen,all,hal_log_freq,750,1.7821679313887677,0.5529504126984127,True,-0.09353328813513373,0.12340679686105575,-0.3354061654302536,0.14833958915998613,0.4484949533435776,0.1564696132757984,0.3025063653000776,-0.16447974635457588,0.1672631626578024,0.4313385677680941,-0.46038983482186535,0.0009123363918971816,1.8612435314934626,length;ortho_n;bg_mean,702,-0.24965795230939647,0.00019498719946695967
Qwen2.5-1.5B,Qwen,rf2_ex00,full,frozen,all,lm_logprob,750,1.7821679313887677,0.5529504126984127,True,0.15231158660940433,0.11603139816075575,-0.075105774861504,0.37972894808031266,0.1892922788436654,0.30843903807313067,0.04180528151538367,0.05372418087255169,0.6429479844370025,-1.8350657773773915,-0.09745916976759347,0.42948631239196544,1.9060211140787284,length;ortho_n;bg_mean,702,-0.04026795431390455,0.5068108267819769
Qwen2.5-1.5B,Qwen,rf2_ex00,full,behavior,behavior,hal_log_freq,750,3.8053170179115647,0.5529504126984127,True,0.010545768083715218,0.16487335491539842,-0.3126000695607556,0.333691605728186,0.948999815270783,-0.725811796244709,0.000227515957263124,0.3396433813480172,0.006322073549777639,0.9689504678646764,-0.2917318213213609,0.0818921575960512,1.8612435314934626,length;ortho_n;bg_mean,334,-0.5076078089674135,0.06655305536555375
Qwen2.5-1.5B,Qwen,rf2_ex00,full,behavior,behavior,lm_logprob,750,3.8053170179115647,0.5529504126984127,True,0.12082543574349452,0.1470162219481659,-0.16732106441805766,0.4089719359050467,0.4111616775598661,-0.672284784337379,4.6937734008289006e-05,0.3357100794586239,0.011335046620448383,0.6400899373103685,-0.14649552800434668,0.32746568514053465,1.9060211140787284,length;ortho_n;bg_mean,334,-0.6267884177264177,0.02689449334920906
Qwen2.5-1.5B,Qwen,rf2_ex20,cka_high,frozen,middle,hal_log_freq,750,0.13488075507147862,0.9881912727272727,False,-0.000973132506976391,0.004212763876527317,-0.009229997980341277,0.007283732966388495,0.8173177431026817,-0.0764205487237555,8.811089407910687e-39,0.0336774757077969,5.413409755571103e-18,1.028895648694688,-0.008476217744077471,0.053520701687015955,1.8612435314934626,length;ortho_n;bg_mean,707,-0.012929515086496965,5.355060819908512e-05
Qwen2.5-1.5B,Qwen,rf2_ex20,cka_high,frozen,middle,lm_logprob,750,0.13488075507147862,0.9881912727272727,False,-0.0011136682972125772,0.004112873055099065,-0.009174751358191966,0.006947414763766811,0.7865631359449106,-0.07622110948164255,5.937103507422784e-47,0.02324914094095563,2.751167994288731e-08,1.0479014816091867,-0.007098683602686003,0.10486108135109826,1.9060211140787284,length;ortho_n;bg_mean,707,-0.009217859240600836,0.0014711694254251357
Qwen2.5-1.5B,Qwen,rf2_ex20,cka_high,frozen,late,hal_log_freq,750,0.2568951785073157,0.9881912727272727,False,0.08869217208267018,0.02481498977391261,0.04005568584907172,0.13732865831626861,0.0003513849784008757,-0.3860944631710076,5.554289674853054e-35,0.2637551387932598,8.505598276286072e-38,0.663732913457318,0.01797219530330498,0.4922150308699512,1.8612435314934626,length;ortho_n;bg_mean,696,0.007291388434537662,0.6710501094946763
Qwen2.5-1.5B,Qwen,rf2_ex20,cka_high,frozen,late,lm_logprob,750,0.2568951785073157,0.9881912727272727,False,0.08935281296226813,0.023562352168264834,0.0431714513214198,0.13553417460311645,0.0001493272319007637,-0.41049181560229014,3.312161919570038e-59,0.22055969075977033,2.72714191839859e-20,0.5948814914707619,0.04148113799730951,0.07941822655658734,1.9060211140787284,length;ortho_n;bg_mean,696,0.023512262638244213,0.12649167357685878
Qwen2.5-1.5B,Qwen,rf2_ex20,cka_high,frozen,all,hal_log_freq,750,0.12465597886598001,0.9881912727272727,False,0.027910603501357135,0.008594080378906322,0.011066515478458404,0.04475469152425587,0.0011636048607387723,-0.14716386742106094,6.367700088890792e-41,0.09463765006851806,8.103544935819494e-39,0.7050792841839402,0.006019033280578819,0.510863225218084,1.8612435314934626,length;ortho_n;bg_mean,706,0.0019661965839214176,0.7683844415898865
Qwen2.5-1.5B,Qwen,rf2_ex20,cka_high,frozen,all,lm_logprob,750,0.12465597886598001,0.9881912727272727,False,0.028076091484335895,0.008159888868506713,0.012083003184213445,0.044069179784458345,0.0005801163766778474,-0.15486320343579665,1.1150141084958384e-66,0.07757553735932196,2.5001603611895656e-20,0.638080605819199,0.011000028035569862,0.19295449153321376,1.9060211140787284,length;ortho_n;bg_mean,706,0.008991531080335057,0.1409942196683088
Qwen2.5-1.5B,Qwen,rf2_ex20,cka_high,behavior,behavior,hal_log_freq,750,0.24065834519424123,0.9881912727272727,False,0.22540548179002318,0.026614868294990122,0.1732412984785656,0.2775696651014808,2.4717663719914894e-17,0.07594458791508937,0.021957201560302963,0.19097068374387735,9.839226004009312e-20,-0.18031457693437636,0.04951737926425777,0.005852853350955166,1.8612435314934626,length;ortho_n;bg_mean,334,0.040017642522681786,0.20138388186323752
Qwen2.5-1.5B,Qwen,rf2_ex20,cka_high,behavior,behavior,lm_logprob,750,0.24065834519424123,0.9881912727272727,False,0.2221066814531224,0.023497563803669397,0.1760523026734984,0.26816106023274644,3.313769983787332e-21,0.01139143158882485,0.6850598894958453,0.21846559991238454,5.267725459703647e-25,-0.016666612694163918,0.0617005513004362,0.00042907631286543985,1.9060211140787284,length;ortho_n;bg_mean,334,0.11127049451052733,0.0002638134862678433
Qwen2.5-1.5B,Qwen,rf2_ex20,cka_low,frozen,early,hal_log_freq,750,0.23549679779937144,0.9772538181818183,False,0.0641333797536299,0.01460454524252349,0.03550899706769807,0.09275776243956173,1.1265932723400851e-05,-0.14083990812811548,4.5057234211975435e-12,0.12799301644889707,2.0574982805894177e-28,0.498930632834675,0.006827580287371054,0.5948034274256497,1.8612435314934626,length;ortho_n;bg_mean,703,0.006849808379986222,0.48515032153461335
Qwen2.5-1.5B,Qwen,rf2_ex20,cka_low,frozen,early,lm_logprob,750,0.23549679779937144,0.9772538181818183,False,0.05343061805797488,0.013705200303554908,0.026568919062099846,0.08029231705384991,9.676431557490247e-05,-0.16420655765056522,4.875722562838483e-21,0.1059165116234641,5.094215148106085e-17,0.49554023976996064,0.007877018711454518,0.5160529879140363,1.9060211140787284,length;ortho_n;bg_mean,703,0.008742703981622973,0.3159233628132543
Qwen2.5-1.5B,Qwen,rf2_ex20,cka_low,frozen,middle,hal_log_freq,750,1.1480622972595649,0.9772538181818183,False,0.19390049471094656,0.03322742799658815,0.1287759325387359,0.25902505688315725,5.361169994950562e-09,-0.371426197801705,2.7964300165415517e-15,0.36231257595957345,1.2645589405421004e-39,0.4648253812404739,0.039172831081714043,0.15612856366695277,1.8612435314934626,length;ortho_n;bg_mean,707,0.011922847929198042,0.49615472544406225
Qwen2.5-1.5B,Qwen,rf2_ex20,cka_low,frozen,middle,lm_logprob,750,1.1480622972595649,0.9772538181818183,False,0.15416686502289073,0.030233016711540776,0.09491124112427324,0.21342248892150822,3.409331389748201e-07,-0.44584910471331435,6.571209106568119e-28,0.29667511189844503,1.6439466150020196e-24,0.4803512029156539,0.02652796690979546,0.30408433222973263,1.9060211140787284,length;ortho_n;bg_mean,707,0.0009940720999283758,0.9514083233387733
Qwen2.5-1.5B,Qwen,rf2_ex20,cka_low,frozen,late,hal_log_freq,750,-0.2681281256237038,0.9772538181818183,False,0.16270815838959904,0.028930437406966235,0.10600554301495488,0.2194107737642432,1.864594886483927e-08,-0.08324927007632095,0.0340807390526054,0.20045504570923642,5.564470096157443e-20,0.18830599741744547,0.02578209129342545,0.3214938800326791,1.8612435314934626,length;ortho_n;bg_mean,696,0.11569838415222944,2.7151822043245217e-06
Qwen2.5-1.5B,Qwen,rf2_ex20,cka_low,frozen,late,lm_logprob,750,-0.2681281256237038,0.9772538181818183,False,0.15894637808302098,0.02651129209233027,0.10698520039843212,0.21090755576760983,2.029579673140946e-09,-0.13055364529673558,0.0001145062481965572,0.20067567823809018,4.475653316263969e-18,0.20794398464949893,0.06725625716653602,0.004847037391714935,1.9060211140787284,length;ortho_n;bg_mean,696,0.0943271607342133,1.8892652383962197e-06
Qwen2.5-1.5B,Qwen,rf2_ex20,cka_low,frozen,all,hal_log_freq,750,0.3656142538111818,0.9772538181818183,False,0.1367876186242209,0.02022949284618061,0.09713854122019623,0.17643669602824558,1.3629548424709635e-11,-0.19588397909868674,8.295141428662234e-12,0.22560534014876574,4.51904309988602e-45,0.3936862552365906,0.025596191409972498,0.12251817251145045,1.8612435314934626,length;ortho_n;bg_mean,706,0.04182585577177193,0.0025624442688333537
Qwen2.5-1.5B,Qwen,rf2_ex20,cka_low,frozen,all,lm_logprob,750,0.3656142538111818,0.9772538181818183,False,0.11905625664569007,0.018474191970539806,0.082847505739953,0.15526500755142714,1.1601001497723715e-10,-0.24311235051249427,1.3198235378182484e-23,0.19676307381561192,3.3063165162404244e-30,0.3949258143971742,0.034275547978451414,0.023126872351344807,1.9060211140787284,length;ortho_n;bg_mean,706,0.04017156971805919,0.00028300602891155764
Qwen2.5-1.5B,Qwen,rf2_ex20,cka_low,behavior,behavior,hal_log_freq,750,1.3690211692107987,0.9772538181818183,False,0.4008974956689591,0.04562158531913147,0.31148083152584016,0.49031415981207804,1.5299007936607978e-18,-0.09649363952697584,0.1260302606642762,0.44464964550699676,2.1888772922384833e-35,0.0983969070483588,0.060354240849270185,0.01279572003442267,1.8612435314934626,length;ortho_n;bg_mean,334,-0.10183071150151597,0.048429221743321774
Qwen2.5-1.5B,Qwen,rf2_ex20,cka_low,behavior,behavior,lm_logprob,750,1.3690211692107987,0.9772538181818183,False,0.27488734923196784,0.04203127094680673,0.19250757195178192,0.35726712651215375,6.149107250064021e-11,-0.2728240308919218,7.397782316471993e-07,0.362091010598362,2.1184459024048287e-21,0.24083354409237756,-0.05011445862603324,0.027102474561921577,1.9060211140787284,length;ortho_n;bg_mean,334,-0.1403256925602334,0.0049944293758418705
Qwen2.5-1.5B,Qwen,rf2_ex20,kvdist_low,frozen,early,hal_log_freq,750,0.17446215231356085,0.9783160404040404,False,0.010027083395586774,0.00637417358380317,-0.002466067259874043,0.02252023405104759,0.11570035290447106,-0.03587230462087242,0.0002235665882511708,0.026292305170845544,8.465607214212373e-08,0.6186304954840782,-0.012882162787461737,0.036772392703565436,1.8612435314934626,length;ortho_n;bg_mean,703,-0.012601773946493847,0.0032618543102396246
Qwen2.5-1.5B,Qwen,rf2_ex20,kvdist_low,frozen,early,lm_logprob,750,0.17446215231356085,0.9783160404040404,False,-0.005250797917822012,0.006080147810789239,-0.017167668647648977,0.006666072812004952,0.3878092667604729,-0.04649175134297947,6.380977535322256e-08,0.009609516722312646,0.07542620359339237,1.5464164400307474,-0.025058050098395724,1.110746622492039e-05,1.9060211140787284,length;ortho_n;bg_mean,703,-0.017452988460996754,8.196180797457259e-06
Qwen2.5-1.5B,Qwen,rf2_ex20,kvdist_low,frozen,middle,hal_log_freq,750,1.0439338791577368,0.9783160404040404,False,0.17399618591775862,0.01925616099748635,0.13625480388218048,0.21173756795333676,1.627015593436794e-19,-0.16919210845116053,8.666114569547445e-09,0.2507112784011262,1.2170694218763353e-59,0.305989794207132,0.10768703847155141,1.3496484459265285e-08,1.8612435314934626,length;ortho_n;bg_mean,707,0.005391077836588776,0.7404377341258315
Qwen2.5-1.5B,Qwen,rf2_ex20,kvdist_low,frozen,middle,lm_logprob,750,1.0439338791577368,0.9783160404040404,False,0.13569406777365678,0.01967818472356856,0.09712553443433612,0.17426260111297742,5.361535688217522e-12,-0.2373308436547662,8.935330550740984e-19,0.21155292248748345,6.897863977530241e-35,0.35858098211011413,0.0766937037699142,7.581500833900877e-05,1.9060211140787284,length;ortho_n;bg_mean,707,-0.01046371265797293,0.5086285344867524
Qwen2.5-1.5B,Qwen,rf2_ex20,kvdist_low,frozen,late,hal_log_freq,750,0.29606442137075045,0.9783160404040404,False,0.2240895380302478,0.0345544214641002,0.15636411645399362,0.291814959606502,8.866172920394092e-11,-0.26959173460940855,2.7434217554006177e-09,0.34632783296397573,2.2195827298665426e-36,0.3529554465420135,0.1512166470576697,4.197528041054804e-05,1.8612435314934626,length;ortho_n;bg_mean,696,0.10500266804609021,6.159620711116089e-05
Qwen2.5-1.5B,Qwen,rf2_ex20,kvdist_low,frozen,late,lm_logprob,750,0.29606442137075045,0.9783160404040404,False,0.18823399299674665,0.030114603286174484,0.12921045514713309,0.2472575308463602,4.089089445385345e-10,-0.35044840197073013,4.767318685426382e-19,0.300248992818943,5.652493277650237e-28,0.3730736905077445,0.13215860945396413,1.1832869801832618e-05,1.9060211140787284,length;ortho_n;bg_mean,696,0.07201964596310596,0.0009278731172532305
Qwen2.5-1.5B,Qwen,rf2_ex20,kvdist_low,frozen,all,hal_log_freq,750,0.48980387828217714,0.9783160404040404,False,0.1303098515818518,0.015331701584377766,0.10026026865475568,0.1603594345089479,1.9061735910591946e-17,-0.1526575153814073,2.910056873131343e-11,0.19952782822374895,3.910211093399885e-60,0.3469088861343024,0.08083055231911825,3.800040234766912e-07,1.8612435314934626,length;ortho_n;bg_mean,706,0.025186963479414105,0.02825454930128748
Qwen2.5-1.5B,Qwen,rf2_ex20,kvdist_low,frozen,all,lm_logprob,750,0.48980387828217714,0.9783160404040404,False,0.1011586382750113,0.014701561480598787,0.07234410725653632,0.1299731692934863,5.951355344793655e-12,-0.20392676046010505,2.2182739260336512e-23,0.16634043367834023,2.5983960146579982e-37,0.39185779405489474,0.058436638007730496,5.263850460309302e-05,1.9060211140787284,length;ortho_n;bg_mean,706,0.014269226777481853,0.14948887874172037
Qwen2.5-1.5B,Qwen,rf2_ex20,kvdist_low,behavior,behavior,hal_log_freq,750,-0.11857591011296012,0.9783160404040404,False,0.293847270160117,0.04030604264528531,0.21484887821602228,0.3728456621042118,3.090306035757458e-13,0.06248590832761201,0.2536205202916275,0.26551490714305753,1.7008067954138407e-16,-0.10670724036520562,-0.05057516156312052,2.4778607585218186e-05,1.8612435314934626,length;ortho_n;bg_mean,334,0.03288803572640258,0.21802245941687082
Qwen2.5-1.5B,Qwen,rf2_ex20,kvdist_low,behavior,behavior,lm_logprob,750,-0.11857591011296012,0.9783160404040404,False,0.2970639147958289,0.035287471492896696,0.2279017415642675,0.36622608802739026,3.8167322651579365e-17,-0.01781898596327155,0.6982587641404392,0.3027594571304015,2.1813124104663713e-21,0.018812103801994384,-0.017805265739807747,0.09475540801285655,1.9060211140787284,length;ortho_n;bg_mean,334,0.035424060224859465,0.1599378900639299
Qwen2.5-1.5B,Qwen,rf2_ex20,kvdist_high,frozen,early,hal_log_freq,750,0.14123674067282924,0.990305616161616,False,0.030686331879174456,0.00934199433898089,0.012376359430994844,0.048996304327354065,0.001020645232483999,-0.09935764818898933,1.085476411177131e-11,0.07573708063763952,7.257464811682153e-24,0.5948308065108587,0.0110088877687829,0.2380455072749894,1.8612435314934626,length;ortho_n;bg_mean,703,-0.0008774701657023778,0.9113471674208564
Qwen2.5-1.5B,Qwen,rf2_ex20,kvdist_high,frozen,early,lm_logprob,750,0.14123674067282924,0.990305616161616,False,0.03929636555653556,0.009104284150276901,0.021452296516973987,0.057140434596097134,1.5870230444514388e-05,-0.10350712808559501,2.702821847619999e-17,0.07238069657046992,5.632919288007975e-17,0.45708776761665204,0.026915729844770742,0.0020061658660489473,1.9060211140787284,length;ortho_n;bg_mean,703,0.009166319494912468,0.17278301396221452
Qwen2.5-1.5B,Qwen,rf2_ex20,kvdist_high,frozen,middle,hal_log_freq,750,0.2682567434344746,0.990305616161616,False,0.04831426840673546,0.016680686659618693,0.015620723316485077,0.08100781349698584,0.003774473011322251,-0.2330266303416126,9.359869601892725e-24,0.15397321232198694,1.43793368339935e-28,0.6862164029824795,-0.00603304177716761,0.7171212021784007,1.8612435314934626,length;ortho_n;bg_mean,707,0.002224786036101721,0.8319040425036046
Qwen2.5-1.5B,Qwen,rf2_ex20,kvdist_high,frozen,middle,lm_logprob,750,0.2682567434344746,0.990305616161616,False,0.06055068542611419,0.015298611953143687,0.030565956984498592,0.09053541386772979,7.560520319392271e-05,-0.24023554771640906,4.515911178501652e-37,0.13733798045560136,1.7933281387870244e-18,0.5591118696718493,0.019040762210788688,0.2041181308608655,1.9060211140787284,length;ortho_n;bg_mean,707,0.015223733731881439,0.09209367663869954
Qwen2.5-1.5B,Qwen,rf2_ex20,kvdist_high,frozen,late,hal_log_freq,750,-0.29291156489691345,0.990305616161616,False,0.10758852474410134,0.022835187854963607,0.06283237896816622,0.15234467052003647,2.4587170937530436e-06,-0.19811535614048797,2.3632894910273012e-11,0.19741799733489918,2.3114539793351676e-28,0.4550216991534538,0.00224315364224021,0.9200576982147756,1.8612435314934626,length;ortho_n;bg_mean,696,0.077958015062012,0.00029009908831280427
Qwen2.5-1.5B,Qwen,rf2_ex20,kvdist_high,frozen,late,lm_logprob,750,-0.29291156489691345,0.990305616161616,False,0.12792462079236372,0.01936256936833804,0.0899746821822627,0.16587455940246473,3.927163502589249e-11,-0.21770805137915095,3.14601956832096e-20,0.19751137650130574,7.42071257965475e-27,0.3523177091952573,0.06019568153540022,0.0007255528850934639,1.9060211140787284,length;ortho_n;bg_mean,696,0.08853581745008435,5.562054332392098e-08
Qwen2.5-1.5B,Qwen,rf2_ex20,kvdist_high,frozen,all,hal_log_freq,750,0.043514098870252815,0.990305616161616,False,0.06076410032223878,0.013138996557746405,0.03501214027606008,0.08651606036841747,3.751157628228818e-06,-0.173311595040301,1.411672046304591e-21,0.13934705057724175,1.3211207183072047e-38,0.5639369468494311,0.00806167038185934,0.532312872040565,1.8612435314934626,length;ortho_n;bg_mean,706,0.02360897320119017,0.022905598731017246
Qwen2.5-1.5B,Qwen,rf2_ex20,kvdist_high,frozen,all,lm_logprob,750,0.043514098870252815,0.990305616161616,False,0.07425900309007405,0.011427848832884613,0.05186083095685212,0.09665717522329598,8.135499071889695e-11,-0.18334828265243994,2.7516395317994297e-36,0.13286323051191407,3.293641569334356e-31,0.44108687705425675,0.0371927485246607,0.00043598484754701433,1.9060211140787284,length;ortho_n;bg_mean,706,0.03894796646275422,4.940289955836739e-07
Qwen2.5-1.5B,Qwen,rf2_ex20,kvdist_high,behavior,behavior,hal_log_freq,750,1.3967965380388148,0.990305616161616,False,0.37012357055184875,0.04472314182940187,0.28246782329074427,0.4577793178129532,1.275052055647816e-16,0.15921567378935808,0.0048675831738046625,0.2979319934661006,1.487976509294601e-15,-0.24230891166095003,0.005072310500083357,0.7771899721112232,1.8612435314934626,length;ortho_n;bg_mean,334,-0.13998390435574354,0.0018927323601958229
Qwen2.5-1.5B,Qwen,rf2_ex20,kvdist_high,behavior,behavior,lm_logprob,750,1.3967965380388148,0.990305616161616,False,0.3247328505802326,0.04098856488156568,0.2443967396343806,0.4050689615260846,2.327389042184302e-15,0.03274869110960718,0.5129940152612296,0.31426527644323843,2.874280279751793e-17,-0.03330808371660754,-0.014125790973602888,0.3868320012679505,1.9060211140787284,length;ortho_n;bg_mean,334,-0.14120831299838987,0.0007077096870637555
Qwen2.5-1.5B,Qwen,rf2_ex20,fidelity_high,frozen,early,hal_log_freq,750,0.32186539281079,0.9738581010101008,False,0.012733436339952107,0.007181045276247363,-0.0013411537728442082,0.02680802645274842,0.07619541391775954,-0.05069904825026902,9.50694488840467e-07,0.0357214007961124,1.5091501902036196e-10,0.6435347982955388,-0.01594487321391903,0.017581945694843913,1.8612435314934626,length;ortho_n;bg_mean,703,-0.024205886915060985,4.537311454519064e-06
Qwen2.5-1.5B,Qwen,rf2_ex20,fidelity_high,frozen,early,lm_logprob,750,0.32186539281079,0.9738581010101008,False,-0.0002886176138609636,0.006649156207882277,-0.013320724308891148,0.01274348908116922,0.9653773746618526,-0.06091819285807607,1.4679054534369737e-11,0.01918286898386031,0.0015726992120331047,1.0150455916736854,-0.02430055002276044,6.844013761607819e-05,1.9060211140787284,length;ortho_n;bg_mean,703,-0.0246738800379964,3.73445222801723e-09
Qwen2.5-1.5B,Qwen,rf2_ex20,fidelity_high,frozen,middle,hal_log_freq,750,1.5188611682604554,0.9738581010101008,False,0.18887196827933955,0.026614704497221885,0.13670810600560845,0.24103583055307065,1.279309903633871e-12,-0.195958029792426,8.350425397993354e-09,0.27772326587235874,8.831574092323019e-37,0.319927454813437,0.07869560455378938,0.0015931114391118661,1.8612435314934626,length;ortho_n;bg_mean,707,-0.032741329700501184,0.08542818577603985
Qwen2.5-1.5B,Qwen,rf2_ex20,fidelity_high,frozen,middle,lm_logprob,750,1.5188611682604554,0.9738581010101008,False,0.11306187518187158,0.023739849863662076,0.06653262445070579,0.15959112591303737,1.9117565433649057e-06,-0.28745128863491254,1.7472029596750384e-21,0.20494089607128377,1.8451976568854995e-19,0.4483196016545876,0.01684710533232856,0.426748886465833,1.9060211140787284,length;ortho_n;bg_mean,707,-0.06277162471952082,0.00014104259452732247
Qwen2.5-1.5B,Qwen,rf2_ex20,fidelity_high,frozen,late,hal_log_freq,750,0.1519052895486286,0.9738581010101008,False,0.14734712217447274,0.027327699022190007,0.09378581631062988,0.2009084280383156,6.97321608969051e-08,-0.11633829451771127,0.0032935207679502918,0.2000972362606729,2.7431883858814216e-21,0.26362240214792854,0.05854047750400827,0.03328389055008718,1.8612435314934626,length;ortho_n;bg_mean,696,0.0821964703813624,4.534685038686167e-05
Qwen2.5-1.5B,Qwen,rf2_ex20,fidelity_high,frozen,late,lm_logprob,750,0.1519052895486286,0.9738581010101008,False,0.1371633320122911,0.026010065385595398,0.08618454062099222,0.18814212340359,1.338672334409435e-07,-0.16264694160073284,2.1202254635231794e-06,0.18915072026127083,9.217593372683093e-17,0.2748463668400014,0.07731154795031367,0.0020998548195695324,1.9060211140787284,length;ortho_n;bg_mean,696,0.06096070661562472,0.00043160178361998774
Qwen2.5-1.5B,Qwen,rf2_ex20,fidelity_high,frozen,all,hal_log_freq,750,0.6486494703249959,0.9738581010101008,False,0.11160914199528642,0.01603689725775435,0.08017740094631873,0.1430408830442541,3.4142878811054197e-12,-0.11780302982605063,1.673740642314869e-07,0.1650233964227327,4.9196504716989365e-39,0.323676857859703,0.04133595489001004,0.0066204419226222385,1.8612435314934626,length;ortho_n;bg_mean,706,0.0006960486803198808,0.9464075034874242
Qwen2.5-1.5B,Qwen,rf2_ex20,fidelity_high,frozen,all,lm_logprob,750,0.6486494703249959,0.9738581010101008,False,0.07951215952037505,0.014967464767929213,0.05017646763536163,0.10884785140538847,1.0823049647654666e-07,-0.16536514338700564,6.156885072998147e-17,0.13236837573630744,7.779921852237421e-23,0.3993115116954209,0.02341754001332285,0.08188826998638161,1.9060211140787284,length;ortho_n;bg_mean,706,-0.00597025185813634,0.5236463961540002
Qwen2.5-1.5B,Qwen,rf2_ex20,fidelity_high,behavior,behavior,hal_log_freq,750,0.6007230932570975,0.9738581010101008,False,0.4090435637645153,0.047951512337384025,0.3150603265790145,0.5030268009500161,1.4589559757052904e-17,-0.18660177171117254,0.0017211315892712946,0.49365254644951506,8.307371402174802e-40,0.17139379365817287,0.024002591317662397,0.1311685475508544,1.8612435314934626,length;ortho_n;bg_mean,334,-0.042827056665210445,0.1284287545429636
Qwen2.5-1.5B,Qwen,rf2_ex20,fidelity_high,behavior,behavior,lm_logprob,750,0.6007230932570975,0.9738581010101008,False,0.32982131976582635,0.04182476408356562,0.24784628850015333,0.41179635103149936,3.125510377586255e-15,-0.341246532960798,8.59907399595547e-12,0.4388950952887678,8.915256482134076e-30,0.24851901215979,-0.03096791082973908,0.03128207050222583,1.9060211140787284,length;ortho_n;bg_mean,334,-0.08322192835594548,0.003307820307608673
Qwen2.5-1.5B,Qwen,rf2_ex20,random_same_ratio_mean,frozen,early,hal_log_freq,750,0.22136882601643024,0.9826388816161618,False,0.02346809052115064,0.006709465505303667,0.010317779775241618,0.03661840126705966,0.00046918564153611595,-0.06397028117478341,1.500440645104711e-11,0.05247349793308761,1.5883996544638723e-22,0.5527629861634851,-0.006068432536713058,0.3022565628176016,1.8612435314934626,length;ortho_n;bg_mean,703,-0.01037714744351757,0.025503950250059224
Qwen2.5-1.5B,Qwen,rf2_ex20,random_same_ratio_mean,frozen,early,lm_logprob,750,0.22136882601643024,0.9826388816161618,False,0.017482316634084685,0.0064233358530684575,0.004892809701465644,0.030071823566703727,0.006494941419428605,-0.07358035413338282,1.2669666630233654e-19,0.041001052370412586,8.802001136497378e-12,0.5736129776341943,-0.005904137621466308,0.2916892955585698,1.9060211140787284,length;ortho_n;bg_mean,703,-0.007971095803359621,0.03241748907110608
Qwen2.5-1.5B,Qwen,rf2_ex20,random_same_ratio_mean,frozen,middle,hal_log_freq,750,0.858144663555095,0.9826388816161618,False,0.10198313659037454,0.015189094076486324,0.07221305924267067,0.1317532139380784,1.890563101745447e-11,-0.11898882230932223,1.336262385142188e-08,0.15593505309232908,2.165341200783436e-35,0.34598966320939806,0.026142276276134208,0.04853816337087283,1.8612435314934626,length;ortho_n;bg_mean,707,-0.019405290311283234,0.0467881809875374
Qwen2.5-1.5B,Qwen,rf2_ex20,random_same_ratio_mean,frozen,middle,lm_logprob,750,0.858144663555095,0.9826388816161618,False,0.06899112588242161,0.013613844601317671,0.04230848077271392,0.09567377099212929,4.0261319439494226e-07,-0.16432460461192888,3.5546039394924725e-19,0.12151475119467245,9.152589389302946e-21,0.43224073452699974,0.005260041614485082,0.6603802830396326,1.9060211140787284,length;ortho_n;bg_mean,707,-0.0313577030544572,0.0003683260595652988
Qwen2.5-1.5B,Qwen,rf2_ex20,random_same_ratio_mean,frozen,late,hal_log_freq,750,0.3102013632817264,0.9826388816161618,False,0.12671289885349138,0.01826461085904459,0.0909149193781248,0.16251087832885797,3.987653210694137e-12,-0.12505741811775803,7.339683226031036e-07,0.18341643830612686,3.2794983415808024e-35,0.309151894869945,0.04075706959399655,0.019417433107396034,1.8612435314934626,length;ortho_n;bg_mean,696,0.03449546677896688,0.004824129606373376
Qwen2.5-1.5B,Qwen,rf2_ex20,random_same_ratio_mean,frozen,late,lm_logprob,750,0.3102013632817264,0.9826388816161618,False,0.07565751081684154,0.017866504043554776,0.04063980636183493,0.11067521527184815,2.2895815339952146e-05,-0.18653942141028398,2.5036478294799753e-16,0.13528173263837742,1.225503436493377e-16,0.4407411160301874,0.013637251090767466,0.3923494206451913,1.9060211140787284,length;ortho_n;bg_mean,696,0.01465784039579287,0.19591830730217785
Qwen2.5-1.5B,Qwen,rf2_ex20,random_same_ratio_mean,frozen,all,hal_log_freq,750,0.4522442179995087,0.9826388816161618,False,0.08130077146710302,0.01098337988957237,0.05977374245501965,0.10282780047918638,1.339835948306335e-13,-0.10091299692671958,5.701593564021403e-11,0.12705674651154056,2.7135102391609416e-45,0.3601223571412757,0.021987938809569937,0.02576516666768637,1.8612435314934626,length;ortho_n;bg_mean,706,0.0012915438504179841,0.8557526151165024
Qwen2.5-1.5B,Qwen,rf2_ex20,random_same_ratio_mean,frozen,all,lm_logprob,750,0.4522442179995087,0.9826388816161618,False,0.052381772271250904,0.010166600129373447,0.03245560217245869,0.07230794237004312,2.5725719114659154e-07,-0.13839504614647977,9.096485957997964e-25,0.09661744571793862,1.513941045292831e-23,0.4578435407599959,0.0051412439588649,0.5532091976233398,1.9060211140787284,length;ortho_n;bg_mean,706,-0.0067907165860214965,0.21603991970463265
Llama-3.2-1B,Llama,rf2_ex20,full,frozen,early,hal_log_freq,750,-0.03585113416319905,0.9598365925925926,False,0.10955316370155052,0.016572474722949867,0.07707171010986838,0.14203461729323266,3.8289617944498556e-11,-0.10430669250984562,8.735064054905432e-07,0.15684790833106638,4.1004335834133565e-33,0.30153251728221064,0.018482497445607197,0.13990926090389083,1.8612435314934626,length;ortho_n;bg_mean,710,0.07736412854426296,1.3148711185503254e-08
Llama-3.2-1B,Llama,rf2_ex20,full,frozen,early,lm_logprob,750,-0.03585113416319905,0.9598365925925926,False,0.09819233300791647,0.016267259829075852,0.0663090896157726,0.13007557640006034,1.5779172939103243e-09,-0.13829525159994294,4.7948429503881645e-12,0.14957118596885274,2.5725984815522766e-25,0.34350769252866387,0.024631497507345494,0.03684451883277152,1.9584425473454743,length;ortho_n;bg_mean,710,0.06580169846510281,3.75821692383544e-08
Llama-3.2-1B,Llama,rf2_ex20,full,frozen,middle,hal_log_freq,750,1.5477738846101532,0.9598365925925926,False,0.1636394295263027,0.026437804830727198,0.11182228422777833,0.21545657482482705,6.031718302067832e-10,-0.20318264870271624,5.561266745960555e-10,0.2557665141104155,2.0310619470511444e-37,0.36019994605056527,-0.00019711936121267343,0.9903748426422629,1.8612435314934626,length;ortho_n;bg_mean,706,-0.021585012449843462,0.09264734428693246
Llama-3.2-1B,Llama,rf2_ex20,full,frozen,middle,lm_logprob,750,1.5477738846101532,0.9598365925925926,False,0.18712966517541738,0.024733831604761388,0.13865224603040652,0.23560708432042823,3.8567162407304574e-14,-0.232252405520817,9.800862089789844e-16,0.2734150730619936,1.832384475823911e-36,0.31558394685508806,0.0432957555799079,0.005400953990447552,1.9584425473454743,length;ortho_n;bg_mean,706,0.002568106682632223,0.8147830044631923
Llama-3.2-1B,Llama,rf2_ex20,full,frozen,late,hal_log_freq,750,0.799760291780319,0.9598365925925926,False,0.1840059129659026,0.032876921125600006,0.11956833163716253,0.24844349429464269,2.183305265891547e-08,-0.03688932628863878,0.3617151422752807,0.20073227274585037,9.462501368380827e-16,0.0833267095078688,-0.03203178801560028,0.13392773318769552,1.8612435314934626,length;ortho_n;bg_mean,699,0.04158939762249604,0.04912594385453352
Llama-3.2-1B,Llama,rf2_ex20,full,frozen,late,lm_logprob,750,0.799760291780319,0.9598365925925926,False,0.21357257579851247,0.031254459747857906,0.15231496033645414,0.2748301912605708,8.295583574767442e-12,-0.06788619946970151,0.05441607011873016,0.23879336263160134,7.636365950617605e-19,0.10561762083813975,0.03514229147961873,0.09714983592694462,1.9584425473454743,length;ortho_n;bg_mean,699,0.06901422728015187,9.851755506559527e-05
Llama-3.2-1B,Llama,rf2_ex20,full,frozen,all,hal_log_freq,750,0.7705610140757577,0.9598365925925926,False,0.15239950206458538,0.021523578705242713,0.11021406298389641,0.19458494114527436,1.4354845760229097e-12,-0.11479288916706687,6.2032010549589954e-06,0.20444889839577746,4.1320924554205245e-36,0.2545838923056142,-0.0026612999501462718,0.8327347463230121,1.8612435314934626,length;ortho_n;bg_mean,713,0.017137972615762574,0.08374353303079869
Llama-3.2-1B,Llama,rf2_ex20,full,frozen,all,lm_logprob,750,0.7705610140757577,0.9598365925925926,False,0.16629819132728202,0.020343171076121144,0.12642630868674765,0.2061700739678164,2.9673952700133524e-16,-0.14614461886348712,8.736473383383047e-11,0.2205932072208158,9.240083650378398e-36,0.24613185771937196,0.03628024386217016,0.0035111589980685444,1.9584425473454743,length;ortho_n;bg_mean,713,0.040823429531678855,5.3247731206410796e-06
Llama-3.2-1B,Llama,rf2_ex20,full,behavior,behavior,hal_log_freq,750,7.4790725873630075,0.9598365925925926,False,0.36214131610032124,0.07390073049599491,0.21729854589697037,0.5069840863036721,9.565374378387875e-07,-0.3683327296055234,4.3571177032236926e-05,0.5291507568774929,2.5230391128661355e-18,0.3156178813060587,-0.18249060032697217,0.0008973023826010507,1.8612435314934626,length;ortho_n;bg_mean,430,-1.444731508241564,4.616977723419158e-11
Llama-3.2-1B,Llama,rf2_ex20,full,behavior,behavior,lm_logprob,750,7.4790725873630075,0.9598365925925926,False,0.4146614974389986,0.07248174394276528,0.27259988977452443,0.5567231051034728,1.059553275070799e-08,-0.4323783338553349,1.0683392745731525e-07,0.5752968235376206,4.676745172208218e-19,0.2792216461597019,-0.10636643193354148,0.06637763705001883,1.9584425473454743,length;ortho_n;bg_mean,430,-1.0258746636297411,2.4556347086752093e-06
Llama-3.2-1B,Llama,rf4_ex20,full,frozen,early,hal_log_freq,750,0.4945284751354914,0.9338783703703704,False,0.11215942434396077,0.0176137038642718,0.07763719913563406,0.14668164955228746,1.9183816045904652e-10,-0.09114699426518426,2.7361808428785552e-05,0.1534872980766355,1.2069167405223912e-28,0.2692592432765343,0.012834431590999904,0.3229635010924412,1.8612435314934626,length;ortho_n;bg_mean,710,0.028959529487427152,0.002996209270401341
Llama-3.2-1B,Llama,rf4_ex20,full,frozen,early,lm_logprob,750,0.4945284751354914,0.9338783703703704,False,0.11288073825328118,0.0171440996740731,0.07927892034473302,0.14648255616182934,4.572411395417641e-11,-0.11931945374726648,3.735666070636804e-09,0.15720978497423568,1.1433350819515553e-25,0.2819738397849686,0.03364947092379125,0.006533021742976476,1.9584425473454743,length;ortho_n;bg_mean,710,0.03448209544340625,5.095915312239336e-05
Llama-3.2-1B,Llama,rf4_ex20,full,frozen,middle,hal_log_freq,750,1.1857219657907636,0.9338783703703704,False,0.13070344075389356,0.029766405943892533,0.07236235715466521,0.1890445243531219,1.1284532206409077e-05,-0.27247787852650696,6.166360957044549e-13,0.2542503711762821,3.9873411910923634e-27,0.4859262539157846,-0.055408564311816746,0.001922119924290815,1.8612435314934626,length;ortho_n;bg_mean,706,-0.02196644650244252,0.07060629233428597
Llama-3.2-1B,Llama,rf4_ex20,full,frozen,middle,lm_logprob,750,1.1857219657907636,0.9338783703703704,False,0.18520139089832585,0.02795068701300745,0.13041905100967982,0.23998373078697188,3.4489357724515684e-11,-0.2765314548145206,4.13830328809628e-16,0.28793715941978737,3.222744336560193e-31,0.356799270814788,0.02618578452496434,0.15726261826357288,1.9584425473454743,length;ortho_n;bg_mean,706,0.034245681716828895,0.005635584197032778
Llama-3.2-1B,Llama,rf4_ex20,full,frozen,late,hal_log_freq,750,1.7275400392323326,0.9338783703703704,False,0.14957020880997,0.035224257869875326,0.0805319320028628,0.2186084856170772,2.1739999523619856e-05,-0.27203590401882205,6.350261675693535e-10,0.2729167391336619,3.69220841693133e-22,0.45195663232397965,-0.08432151578470927,0.00021565668850363344,1.8612435314934626,length;ortho_n;bg_mean,699,-0.07206993803673398,4.774254492620586e-06
Llama-3.2-1B,Llama,rf4_ex20,full,frozen,late,lm_logprob,750,1.7275400392323326,0.9338783703703704,False,0.19435070212585986,0.033235350766280314,0.12921061161039477,0.25949079264132496,4.983856252634102e-09,-0.2861050881465261,8.294023834922796e-14,0.30064322544241673,2.5344254870584597e-22,0.35355036907996273,0.004040628112432589,0.8662936027197098,1.9584425473454743,length;ortho_n;bg_mean,699,-0.02565650117943013,0.1277172467553923
Llama-3.2-1B,Llama,rf4_ex20,full,frozen,all,hal_log_freq,750,1.1359301600528628,0.9338783703703704,False,0.13081102463594138,0.023991799795626843,0.08378796111221734,0.17783408815966542,4.971624803742117e-08,-0.21188692560350444,5.489334111340877e-13,0.22688480279552645,3.9490724707022585e-33,0.4234473925790828,-0.04200781483585819,0.0021800618613913637,1.8612435314934626,length;ortho_n;bg_mean,713,-0.03096667915298156,0.0014466703489088815
Llama-3.2-1B,Llama,rf4_ex20,full,frozen,all,lm_logprob,750,1.1359301600528628,0.9338783703703704,False,0.16414427709248897,0.02225312273490932,0.12052895798851723,0.2077595961964607,1.6282771673843288e-13,-0.22731866556943767,4.4962593428100725e-18,0.24859672327881321,3.9327796783513496e-35,0.3397166506157314,0.022998728608194557,0.1046258216876511,1.9584425473454743,length;ortho_n;bg_mean,713,0.012022910694782694,0.200245622299842
Llama-3.2-1B,Llama,rf4_ex20,full,behavior,behavior,hal_log_freq,750,0.1463892969960524,0.9338783703703704,False,0.6067374464231363,0.05827402174938341,0.49252246256004106,0.7209524302862316,2.19040834082071e-25,-0.648466473391943,1.3367281894523173e-16,0.9007651403506354,1.446220630672062e-75,0.32641992985324086,0.006362818720322296,0.8196830044769704,1.8612435314934626,length;ortho_n;bg_mean,430,0.015192527066599541,0.7512122898193361
Llama-3.2-1B,Llama,rf4_ex20,full,behavior,behavior,lm_logprob,750,0.1463892969960524,0.9338783703703704,False,0.6109867387180312,0.05900271080802251,0.4953435505440749,0.7266299268919876,3.9622622731794195e-25,-0.8006819209052893,6.180069748252925e-30,0.9084526184698256,4.082256121984942e-61,0.3274423714610877,0.022735251716284058,0.41596748123570415,1.9584425473454743,length;ortho_n;bg_mean,430,0.043256367550609354,0.36475646378227977
Llama-3.2-1B,Llama,rf2_ex00,full,frozen,early,hal_log_freq,750,1.3403841811177308,0.7531497777777778,False,0.11072020076392258,0.02639399941505476,0.058988912502444,0.16245148902540116,2.7299142380083174e-05,0.06391619556985895,0.04079501725350718,0.08173931684910263,3.322471907757097e-05,-0.35455255845018874,-0.0414356210887948,0.01664669567758748,1.8612435314934626,length;ortho_n;bg_mean,668,-0.03707808452042577,0.049238569940466465
Llama-3.2-1B,Llama,rf2_ex00,full,frozen,early,lm_logprob,750,1.3403841811177308,0.7531497777777778,False,0.07812713600885286,0.02424861335249759,0.030600727162920532,0.1256535448547852,0.0012733388297629237,0.018243482604018525,0.49470001369323324,0.07134939635862429,0.000490547525369922,-0.09499365090857315,-0.040160263967963135,0.019458776927228454,1.9584425473454743,length;ortho_n;bg_mean,668,-0.018783085660415255,0.34283259286344026
Llama-3.2-1B,Llama,rf2_ex00,full,frozen,middle,hal_log_freq,750,2.4771887279656575,0.7531497777777778,False,0.26102363826518366,0.03472947124202468,0.19295512542869575,0.32909215110167156,5.6515701948224774e-14,-0.2734907185963367,5.1254091008851066e-11,0.38502981067195985,1.7382493682300935e-47,0.3220690163973505,0.003029737141553966,0.839172153413146,1.8612435314934626,length;ortho_n;bg_mean,714,-0.05958480067768159,0.0005180182919633426
Llama-3.2-1B,Llama,rf2_ex00,full,frozen,middle,lm_logprob,750,2.4771887279656575,0.7531497777777778,False,0.1942630475864865,0.032377555047131364,0.13080420578664598,0.257721889386327,1.97403220031281e-09,-0.37575967139627414,1.1351073008368464e-23,0.3338636534060344,5.108672168670099e-31,0.4181365787960455,-0.024760348337624312,0.10688639905730991,1.9584425473454743,length;ortho_n;bg_mean,714,-0.0738403714091678,6.966877107495246e-07
Llama-3.2-1B,Llama,rf2_ex00,full,frozen,late,hal_log_freq,750,1.987607037038734,0.7531497777777778,False,0.27628602551675685,0.03728966244606369,0.20319963012681624,0.34937242090669746,1.270774731974343e-13,-0.1790632472521595,4.4560403968043993e-05,0.357476890144387,4.3889104935096485e-38,0.2271219954801461,0.00813849592364748,0.6204608446404065,1.8612435314934626,length;ortho_n;bg_mean,701,-0.008708621887176079,0.5653633678822254
Llama-3.2-1B,Llama,rf2_ex00,full,frozen,late,lm_logprob,750,1.987607037038734,0.7531497777777778,False,0.24541100137854865,0.033278471490156294,0.18018639579729934,0.31063560695979797,1.6500341174378115e-13,-0.2659728119952622,1.0969741749114702e-12,0.3442240686459785,1.9713375197539944e-31,0.2870603082931291,0.02107560051071661,0.1960819315370258,1.9584425473454743,length;ortho_n;bg_mean,701,-0.0024537267605706536,0.8737403941380422
Llama-3.2-1B,Llama,rf2_ex00,full,frozen,all,hal_log_freq,750,1.8978927444830211,0.7531497777777778,False,0.2094293452183273,0.02861300411337213,0.1533488876666215,0.2655098027700331,2.4912603518612693e-13,-0.11745454098895793,0.00035988642105005037,0.2626855878235218,1.4224447913668354e-36,0.20273758848533885,-0.013250626871309585,0.29073453466797405,1.8612435314934626,length;ortho_n;bg_mean,702,-0.04724855457459259,0.0015024749314407053
Llama-3.2-1B,Llama,rf2_ex00,full,frozen,all,lm_logprob,750,1.8978927444830211,0.7531497777777778,False,0.1666958163048933,0.025679274588772835,0.11636536296178393,0.21702626964800267,8.50121645412692e-11,-0.19370009508334818,7.090919504505711e-12,0.23865843677573814,2.162953960067804e-27,0.30152975709996155,-0.015943123524165624,0.21406276089599408,1.9584425473454743,length;ortho_n;bg_mean,702,-0.04060960541670397,0.007926762864123431
Llama-3.2-1B,Llama,rf2_ex00,full,behavior,behavior,hal_log_freq,750,5.198299719542436,0.7531497777777778,False,0.4089692154770944,0.06542192525708748,0.2807445981739316,0.5371938327802572,4.0716432957804744e-10,-0.1698182427354397,0.03446640964064406,0.4859682097923217,1.1374648400685098e-20,0.15844450884582095,-0.18259355619118392,2.4645131956076995e-06,1.8612435314934626,length;ortho_n;bg_mean,430,-0.9399338041746785,1.172191136880542e-10
Llama-3.2-1B,Llama,rf2_ex00,full,behavior,behavior,lm_logprob,750,5.198299719542436,0.7531497777777778,False,0.35747179444009225,0.06079655645192221,0.23831273341026848,0.476630855469916,4.107542542471435e-09,-0.3015730363729876,8.372096954039e-06,0.46951090289489933,9.062681390504393e-17,0.23862940724911597,-0.23150985115084927,1.473224928361249e-10,1.9584425473454743,length;ortho_n;bg_mean,430,-0.7263954013253059,1.8740637088256558e-06
Llama-3.2-1B,Llama,rf2_ex20,cka_high,frozen,early,hal_log_freq,750,0.13843469864802635,0.984406962962963,False,0.12097001370595971,0.016554857226806722,0.0885230897722159,0.15341693763970352,2.7272217686762324e-13,-0.09676114421372532,7.645270556256405e-06,0.1648434555296082,3.1654380176687036e-36,0.26615216044029233,0.03797297979785737,0.0043164855970370865,1.8612435314934626,length;ortho_n;bg_mean,710,0.0695550466342602,1.4628392422831248e-08
Llama-3.2-1B,Llama,rf2_ex20,cka_high,frozen,early,lm_logprob,750,0.13843469864802635,0.984406962962963,False,0.11109077326405369,0.016412540496787916,0.07892278499554424,0.14325876153256312,1.2998787740532923e-11,-0.13286220436782703,8.977180179545176e-11,0.1604511640461421,3.233103357588984e-28,0.3076349808711484,0.04347287716397459,0.0004988610809394895,1.9584425473454743,length;ortho_n;bg_mean,710,0.0618219690824257,5.851999870715976e-09
Llama-3.2-1B,Llama,rf2_ex20,cka_high,frozen,middle,hal_log_freq,750,0.35899004411761126,0.984406962962963,False,0.07684335237377717,0.02230843067531938,0.03311963169854262,0.12056707304901171,0.0005719304504584597,-0.2082817815136955,2.431622003114944e-13,0.1712824859580486,1.0563797568714932e-22,0.5513647998278234,0.01188775731376148,0.5753846592903036,1.8612435314934626,length;ortho_n;bg_mean,706,0.0166392287901464,0.30404589331233356
Llama-3.2-1B,Llama,rf2_ex20,cka_high,frozen,middle,lm_logprob,750,0.35899004411761126,0.984406962962963,False,0.09958880427330237,0.020819433235364587,0.05878346495345156,0.14039414359315316,1.7230821122747919e-06,-0.21564996906876027,1.3469774748267369e-17,0.17970614686916947,1.8982911354169374e-21,0.4458241634561032,0.0481872440326533,0.015415098881707522,1.9584425473454743,length;ortho_n;bg_mean,706,0.044464418437074514,0.0010577566256741776
Llama-3.2-1B,Llama,rf2_ex20,cka_high,frozen,late,hal_log_freq,750,0.08232721447420367,0.984406962962963,False,0.09920018653916692,0.025298430128921294,0.04961617462107818,0.14878419845725566,8.810934973752546e-05,-0.13687843497175903,1.315906717739143e-05,0.16126361191972038,3.87177735715555e-17,0.3848569720207534,0.01884754632626838,0.4086383297801739,1.8612435314934626,length;ortho_n;bg_mean,699,0.04767758702103743,0.027403129011186033
Llama-3.2-1B,Llama,rf2_ex20,cka_high,frozen,late,lm_logprob,750,0.08232721447420367,0.984406962962963,False,0.14606040084027946,0.024120747188660814,0.0987846050703085,0.19333619661025042,1.4008257693111647e-09,-0.13700646430082733,2.408288922106414e-07,0.19696044912518282,2.967213861250261e-20,0.2584277630914247,0.08742267957442319,9.13781080201555e-05,1.9584425473454743,length;ortho_n;bg_mean,699,0.08030563704959312,1.061915922466511e-05
Llama-3.2-1B,Llama,rf2_ex20,cka_high,frozen,all,hal_log_freq,750,0.19325065241328043,0.984406962962963,False,0.09900451753963459,0.017468047742001586,0.06476777308508527,0.1332412619941839,1.4468534672811875e-08,-0.14730712023305995,1.6356045139309426e-11,0.16579651780245896,1.0343550860147186e-34,0.4028552658892681,0.02430918979925617,0.10808990531219917,1.8612435314934626,length;ortho_n;bg_mean,713,0.0393956498924149,0.0013912733320944517
Llama-3.2-1B,Llama,rf2_ex20,cka_high,frozen,all,lm_logprob,750,0.19325065241328043,0.984406962962963,False,0.1189133261258785,0.01642797310940971,0.086715090492443,0.151111561759314,4.537876640637594e-13,-0.16183954591247143,6.009576761613141e-17,0.17903925334683146,1.3542406700665678e-33,0.33582539078443396,0.06092964963095634,2.0379526118325896e-05,1.9584425473454743,length;ortho_n;bg_mean,713,0.059795097384188624,3.239868282071289e-08
Llama-3.2-1B,Llama,rf2_ex20,cka_high,behavior,behavior,hal_log_freq,750,2.752592279904209,0.984406962962963,False,0.3723377045386339,0.05234536475155752,0.2697426748679687,0.4749327342092991,1.1346672368360356e-12,-0.3878617237432785,2.9673838042138025e-10,0.5482019826075669,8.815626893338282e-36,0.3208019738134116,-0.06765112693195915,0.07040673281139483,1.8612435314934626,length;ortho_n;bg_mean,430,-0.5203177385911127,4.564580007674383e-12
Llama-3.2-1B,Llama,rf2_ex20,cka_high,behavior,behavior,lm_logprob,750,2.752592279904209,0.984406962962963,False,0.3501609916871306,0.05178901418886667,0.2486563890821181,0.45166559429214315,1.3676028352520766e-11,-0.4945640938833506,7.157808916714307e-19,0.5338993020442866,8.815856265647302e-30,0.34414412915249515,-0.08163109780434931,0.032887315758905744,1.9584425473454743,length;ortho_n;bg_mean,430,-0.3864203381833962,7.141614527129654e-07
Llama-3.2-1B,Llama,rf2_ex20,cka_low,frozen,early,hal_log_freq,750,-0.036160241190946456,0.9920232592592592,False,0.01900413845210706,0.0049511964231872705,0.009299971782276473,0.028708305121937647,0.00012389301449467656,-0.05208145220204864,3.0137553270827284e-15,0.04261891256257677,2.1922532486278772e-26,0.5540914277387171,0.005181808762784403,0.3008709798379029,1.8612435314934626,length;ortho_n;bg_mean,710,0.016302737468088347,1.4505666891613415e-05
Llama-3.2-1B,Llama,rf2_ex20,cka_low,frozen,early,lm_logprob,750,-0.036160241190946456,0.9920232592592592,False,0.019902379036285684,0.004907223588604619,0.010284397538535233,0.029520360534036137,4.997774270363524e-05,-0.05643876906429776,1.759798456310275e-21,0.04087026610039934,8.949345408838655e-19,0.513035247008308,0.009313919572112474,0.051566954134026094,1.9584425473454743,length;ortho_n;bg_mean,710,0.01553892392772192,1.6887786474020125e-05
Llama-3.2-1B,Llama,rf2_ex20,cka_low,frozen,middle,hal_log_freq,750,-0.055360399954475024,0.9920232592592592,False,0.06755550640748387,0.01642614833522074,0.03536084726573865,0.09975016554922908,3.910908057886944e-05,0.005504621811801947,0.793625054121889,0.06505960056858807,1.099961359471196e-07,-0.038363374768409786,0.005777693494512424,0.6937209408008475,1.8612435314934626,length;ortho_n;bg_mean,706,0.03417713036480809,0.003567666118683497
Llama-3.2-1B,Llama,rf2_ex20,cka_low,frozen,middle,lm_logprob,750,-0.055360399954475024,0.9920232592592592,False,0.09134781232432805,0.015689882736390548,0.06059620723934583,0.12209941740931027,5.811838880975907e-09,0.0010628457959598108,0.9555597296315622,0.09095294845706565,2.9540258378710064e-12,-0.004341408101231403,0.041901588704796856,0.004003098111318463,1.9584425473454743,length;ortho_n;bg_mean,706,0.054473523205231265,4.750864314137961e-07
Llama-3.2-1B,Llama,rf2_ex20,cka_low,frozen,late,hal_log_freq,750,-0.5502609378302377,0.9920232592592592,False,0.09253719730001449,0.02318712188586561,0.04709127349857743,0.13798312110145156,6.582647289099665e-05,-0.05907838332152553,0.029977007908645516,0.11932452019449184,3.6927976152643144e-11,0.22449135224525196,0.006430347148756039,0.7684487535560718,1.8612435314934626,length;ortho_n;bg_mean,699,0.08529235913967438,0.001213109850795994
Llama-3.2-1B,Llama,rf2_ex20,cka_low,frozen,late,lm_logprob,750,-0.5502609378302377,0.9920232592592592,False,0.09091272679190929,0.021906421711231184,0.04797692920774987,0.1338485243760687,3.3240389126863395e-05,-0.08351246868763475,0.00042891773300366234,0.12193891749236081,3.9949939064541986e-10,0.25444043081976053,0.021298039620419935,0.31052374057231946,1.9584425473454743,length;ortho_n;bg_mean,699,0.08359049414179466,6.778207399948138e-05
Llama-3.2-1B,Llama,rf2_ex20,cka_low,frozen,all,hal_log_freq,750,-0.2139271929918864,0.9920232592592592,False,0.05969894738653512,0.01240184288136449,0.035391781997136273,0.08400611277593396,1.4814943547425588e-06,-0.03521840457059072,0.017018170853938162,0.07566767777521888,1.0646381848999042e-15,0.2110376696919528,0.007996721211300744,0.48660254334821385,1.8612435314934626,length;ortho_n;bg_mean,713,0.05585240051443523,3.1351787783241175e-06
Llama-3.2-1B,Llama,rf2_ex20,cka_low,frozen,all,lm_logprob,750,-0.2139271929918864,0.9920232592592592,False,0.06738763938417434,0.011799427391317674,0.044261186658996296,0.09051409210935239,1.1225219645228893e-08,-0.04629613065199081,0.0003858212924592478,0.08458737734994194,1.676071320009447e-16,0.20333693400389374,0.02588050232286114,0.019956113292915818,1.9584425473454743,length;ortho_n;bg_mean,713,0.06013225393723531,1.175279958317601e-09
Llama-3.2-1B,Llama,rf2_ex20,cka_low,behavior,behavior,hal_log_freq,750,1.336048947786074,0.9920232592592592,False,0.5218304244385181,0.06390143830412569,0.39658590680212347,0.6470749420749128,3.183174239918053e-16,-0.22290325142786163,0.00692259377229074,0.6228992254876397,1.301843247853259e-34,0.16225546109806022,0.09429305722796909,0.0999125586855002,1.8612435314934626,length;ortho_n;bg_mean,430,-0.11497706485477771,0.09549225774372014
Llama-3.2-1B,Llama,rf2_ex20,cka_low,behavior,behavior,lm_logprob,750,1.336048947786074,0.9920232592592592,False,0.6028927413046227,0.06185669577275005,0.4816558453873816,0.7241296372218637,1.9074175834133647e-22,-0.31230336908369744,9.133139329469436e-06,0.7189183364983982,1.0938466552350043e-37,0.16138911654263255,0.1969189755051975,0.00025654503064433587,1.9584425473454743,length;ortho_n;bg_mean,430,-0.004578159973360524,0.9459423758542909
Llama-3.2-1B,Llama,rf2_ex20,kvdist_low,frozen,late,hal_log_freq,750,0.03014884412312208,0.9943810370370371,False,0.00929179560800363,0.010987861338313502,-0.012244016882210914,0.030827608098218176,0.3977525605889881,-0.018061090618892883,0.231335582746792,0.017481056028378426,0.03398476891291918,0.4684648574479997,-0.03404301114092876,0.0013517577360982603,1.8612435314934626,length;ortho_n;bg_mean,699,0.0012666930634134847,0.8938311810493249
Llama-3.2-1B,Llama,rf2_ex20,kvdist_low,frozen,late,lm_logprob,750,0.03014884412312208,0.9943810370370371,False,-0.003920384745701496,0.01027401935583408,-0.024057092659603697,0.016216323168200705,0.7027711566551305,-0.02751285404119397,0.03453911628207618,0.006301071638118269,0.4849989312004044,1.622177459780836,-0.04093752767975698,5.594329071212704e-05,1.9584425473454743,length;ortho_n;bg_mean,699,-0.0036048704344087946,0.6761740611649517
Llama-3.2-1B,Llama,rf2_ex20,kvdist_low,frozen,all,hal_log_freq,750,0.01004961470770736,0.9943810370370371,False,0.003097265202667868,0.0036626204461045,-0.004081338960736978,0.010275869366072714,0.39775256058898933,-0.0060203635396309544,0.23133558274679245,0.005827018676126131,0.03398476891291955,0.46846485744800026,-0.009699538399795286,0.00731590447071579,1.8612435314934626,length;ortho_n;bg_mean,713,0.0030928760916137986,0.3200154825263124
Llama-3.2-1B,Llama,rf2_ex20,kvdist_low,frozen,all,lm_logprob,750,0.01004961470770736,0.9943810370370371,False,-0.001306794915233846,0.0034246731186113595,-0.008019030886534578,0.005405441056066887,0.7027711566551276,-0.009170951347064646,0.03453911628207636,0.0021003572127060713,0.48499893120040827,1.6221774597808483,-0.01273437432193942,0.0002615783606381752,1.9584425473454743,length;ortho_n;bg_mean,713,-0.00032127674064599636,0.8989382757904703
Llama-3.2-1B,Llama,rf2_ex20,kvdist_low,behavior,behavior,hal_log_freq,750,1.8119128081020826,0.9943810370370371,False,-0.12828492028745275,0.018280230268198933,-0.16411351324222162,-0.09245632733268387,2.255723928559799e-12,-0.07973622419155911,0.00016086697266705225,-0.0921309183713662,6.60412518632299e-10,-0.39241985812357894,-0.06693576464615006,0.0002512844168795332,1.8612435314934626,length;ortho_n;bg_mean,430,-0.33660884938973845,4.945216212178473e-08
Llama-3.2-1B,Llama,rf2_ex20,kvdist_low,behavior,behavior,lm_logprob,750,1.8119128081020826,0.9943810370370371,False,-0.09064428288974268,0.016680628735393537,-0.12333771445059791,-0.057950851328887436,5.507224114176979e-08,-0.026883935991959082,0.15028666684599418,-0.08065647941592727,1.0605155900013333e-07,-0.12383138398975424,-0.01997919941398861,0.21779028838617565,1.9584425473454743,length;ortho_n;bg_mean,430,-0.2523149657519171,2.8859582017528474e-05
Llama-3.2-1B,Llama,rf2_ex20,kvdist_high,frozen,early,hal_log_freq,750,0.13843469864802635,0.9761797037037038,False,0.12097001370595971,0.016554857226806722,0.0885230897722159,0.15341693763970352,2.7272217686762324e-13,-0.09676114421372532,7.645270556256405e-06,0.1648434555296082,3.1654380176687036e-36,0.26615216044029233,0.03797297979785737,0.0043164855970370865,1.8612435314934626,length;ortho_n;bg_mean,710,0.0695550466342602,1.4628392422831248e-08
Llama-3.2-1B,Llama,rf2_ex20,kvdist_high,frozen,early,lm_logprob,750,0.13843469864802635,0.9761797037037038,False,0.11109077326405369,0.016412540496787916,0.07892278499554424,0.14325876153256312,1.2998787740532923e-11,-0.13286220436782703,8.977180179545176e-11,0.1604511640461421,3.233103357588984e-28,0.3076349808711484,0.04347287716397459,0.0004988610809394895,1.9584425473454743,length;ortho_n;bg_mean,710,0.0618219690824257,5.851999870715976e-09
Llama-3.2-1B,Llama,rf2_ex20,kvdist_high,frozen,middle,hal_log_freq,750,0.5369155206274551,0.9761797037037038,False,0.08289646080734338,0.024349170185862044,0.035172964189617316,0.13061995742506943,0.0006628818186706969,-0.2276112039289987,1.9316207849326664e-13,0.1860999418651148,1.1915439601257611e-23,0.5545594481301519,-0.034570765752023426,0.058612715666529064,1.8612435314934626,length;ortho_n;bg_mean,706,0.009540554371963767,0.5537388716575018
Llama-3.2-1B,Llama,rf2_ex20,kvdist_high,frozen,middle,lm_logprob,750,0.5369155206274551,0.9761797037037038,False,0.10775006925975417,0.022726529814692614,0.0632068893293809,0.15229324919012743,2.1250009922419386e-06,-0.2353900841090203,6.816691463068388e-18,0.19520117390711522,2.600274588368806e-22,0.44800501399122683,0.008936247728807986,0.6156828810659722,1.9584425473454743,length;ortho_n;bg_mean,706,0.039375436126312884,0.0032932983514823142
Llama-3.2-1B,Llama,rf2_ex20,kvdist_high,frozen,late,hal_log_freq,750,0.4292336892422665,0.9761797037037038,False,0.1513389470474778,0.029036839152095605,0.09442778808448785,0.20825010601046776,1.8685227560168737e-07,-0.20300921960094392,4.096817792732938e-09,0.2433873954014284,9.165786777000127e-27,0.3781972694277429,0.010180635128707293,0.6465304897695703,1.8612435314934626,length;ortho_n;bg_mean,699,0.0403027767507238,0.02832211859656319
Llama-3.2-1B,Llama,rf2_ex20,kvdist_high,frozen,late,lm_logprob,750,0.4292336892422665,0.9761797037037038,False,0.2273670420066003,0.026000731150585456,0.17640654537974412,0.2783275386334565,2.237271826147934e-18,-0.20077048139582002,1.6911031907852136e-11,0.3019564217806232,1.1275911176406022e-37,0.24702034596307887,0.11773028206483716,1.1390046634608171e-08,1.9584425473454743,length;ortho_n;bg_mean,699,0.0843291616295224,2.843331461650294e-06
Llama-3.2-1B,Llama,rf2_ex20,kvdist_high,frozen,all,hal_log_freq,750,0.36819463617258263,0.9761797037037038,False,0.11840180718692697,0.01960067786541657,0.07998518449813907,0.15681842987571487,1.5344741851905327e-09,-0.17579385591455596,7.896522852157545e-14,0.1981102642653838,6.052426009989635e-39,0.40234390365398376,0.0038282266869921052,0.7804110289813491,1.8612435314934626,length;ortho_n;bg_mean,713,0.0418459956124467,0.0016829756621353285
Llama-3.2-1B,Llama,rf2_ex20,kvdist_high,frozen,all,lm_logprob,750,0.36819463617258263,0.9761797037037038,False,0.14873596151013602,0.018022461805114492,0.11341258545936289,0.18405933756090914,1.5471230841849497e-16,-0.1896742566242225,1.915011168867017e-19,0.2192029199112936,5.781738885096795e-42,0.3214690681569111,0.05709239243173342,9.830591204206219e-06,1.9584425473454743,length;ortho_n;bg_mean,713,0.06529677319567086,4.094194427561073e-09
Llama-3.2-1B,Llama,rf2_ex20,kvdist_high,behavior,behavior,hal_log_freq,750,-1.4706008353215294,0.9761797037037038,False,0.45711333343008237,0.058416823529639283,0.3426184632207574,0.5716082036394073,5.075402336994811e-15,-0.44920882391956757,2.7188437186132707e-09,0.6607936160792104,2.0134193064738363e-43,0.30823585109319906,-0.08900925343402807,0.01718369030692447,1.8612435314934626,length;ortho_n;bg_mean,430,0.28256179673627907,0.0013122766812520878
Llama-3.2-1B,Llama,rf2_ex20,kvdist_high,behavior,behavior,lm_logprob,750,-1.4706008353215294,0.9761797037037038,False,0.46476671614927606,0.05963382954234941,0.34788655798607054,0.5816468743124816,6.508757353509018e-15,-0.5614996458858187,6.80466075774378e-17,0.6733726329094509,1.8890056332664191e-35,0.3097926861964203,-0.06952797337885638,0.07985497845647314,1.9584425473454743,length;ortho_n;bg_mean,430,0.14234983717908153,0.11005374617500487
Llama-3.2-1B,Llama,rf2_ex20,fidelity_high,frozen,early,hal_log_freq,750,-0.036160241190946456,0.9924274074074074,False,0.01900413845210706,0.0049511964231872705,0.009299971782276473,0.028708305121937647,0.00012389301449467656,-0.05208145220204864,3.0137553270827284e-15,0.04261891256257677,2.1922532486278772e-26,0.5540914277387171,0.005181808762784403,0.3008709798379029,1.8612435314934626,length;ortho_n;bg_mean,710,0.016302737468088347,1.4505666891613415e-05
Llama-3.2-1B,Llama,rf2_ex20,fidelity_high,frozen,early,lm_logprob,750,-0.036160241190946456,0.9924274074074074,False,0.019902379036285684,0.004907223588604619,0.010284397538535233,0.029520360534036137,4.997774270363524e-05,-0.05643876906429776,1.759798456310275e-21,0.04087026610039934,8.949345408838655e-19,0.513035247008308,0.009313919572112474,0.051566954134026094,1.9584425473454743,length;ortho_n;bg_mean,710,0.01553892392772192,1.6887786474020125e-05
Llama-3.2-1B,Llama,rf2_ex20,fidelity_high,frozen,middle,hal_log_freq,750,-0.055360399954475024,0.9924274074074074,False,0.06755550640748387,0.01642614833522074,0.03536084726573865,0.09975016554922908,3.910908057886944e-05,0.005504621811801947,0.793625054121889,0.06505960056858807,1.099961359471196e-07,-0.038363374768409786,0.005777693494512424,0.6937209408008475,1.8612435314934626,length;ortho_n;bg_mean,706,0.03417713036480809,0.003567666118683497
Llama-3.2-1B,Llama,rf2_ex20,fidelity_high,frozen,middle,lm_logprob,750,-0.055360399954475024,0.9924274074074074,False,0.09134781232432805,0.015689882736390548,0.06059620723934583,0.12209941740931027,5.811838880975907e-09,0.0010628457959598108,0.9555597296315622,0.09095294845706565,2.9540258378710064e-12,-0.004341408101231403,0.041901588704796856,0.004003098111318463,1.9584425473454743,length;ortho_n;bg_mean,706,0.054473523205231265,4.750864314137961e-07
Llama-3.2-1B,Llama,rf2_ex20,fidelity_high,frozen,late,hal_log_freq,750,-0.37920592483727295,0.9924274074074074,False,0.11501888497238387,0.02097080782471919,0.0739168569092235,0.15612091303554423,4.1413868491131647e-08,-0.06179685621349111,0.02198707527477875,0.14303881795269677,2.055852910350793e-17,0.19589041199696677,0.0518898069160306,0.011335524036117402,1.8612435314934626,length;ortho_n;bg_mean,699,0.08926120936405618,6.282732854250147e-05
Llama-3.2-1B,Llama,rf2_ex20,fidelity_high,frozen,late,lm_logprob,750,-0.37920592483727295,0.9924274074074074,False,0.11207501694064342,0.021480287703585798,0.06997442666405668,0.15417560721723017,1.8128060881417106e-07,-0.09266308567827788,0.00014065650658664575,0.14650080523699893,5.158746180353273e-14,0.23498702441030161,0.06216453970850858,0.0030925840393005535,1.9584425473454743,length;ortho_n;bg_mean,699,0.08408779188039313,1.0412879483176178e-05
Llama-3.2-1B,Llama,rf2_ex20,fidelity_high,frozen,all,hal_log_freq,750,-0.1569088553275648,0.9924274074074074,False,0.06719284327732496,0.011717179273209638,0.04422759390143486,0.09015809265321506,9.7767007777431e-09,-0.036124562201245956,0.015412405991746099,0.0835724436946205,1.7979805466683507e-20,0.19599283798793454,0.023253988675413388,0.03544611504263261,1.8612435314934626,length;ortho_n;bg_mean,713,0.05572867803326976,2.3015618770010765e-07
Llama-3.2-1B,Llama,rf2_ex20,fidelity_high,frozen,all,lm_logprob,750,-0.1569088553275648,0.9924274074074074,False,0.07444173610041904,0.011893866106564895,0.05113018689461021,0.09775328530622787,3.8786593004303747e-10,-0.049346336315538586,0.0003094934315840284,0.09277467326482128,1.4693318667335829e-19,0.19760713262844554,0.039985979970645055,0.00041440814193640545,1.9584425473454743,length;ortho_n;bg_mean,713,0.05954806607789713,1.9490761081442847e-10
Llama-3.2-1B,Llama,rf2_ex20,fidelity_high,behavior,behavior,hal_log_freq,750,-0.16059418834876912,0.9924274074074074,False,0.5839822614742534,0.06128731314536092,0.4638613350001177,0.704103187948389,1.594193032030646e-21,-0.15474502816802957,0.044787714919573555,0.654146758246149,1.9638642336143385e-40,0.1072610937643651,0.13103934416740792,0.008144363032202574,1.8612435314934626,length;ortho_n;bg_mean,430,0.2051976774208577,0.0019437666804258142
Llama-3.2-1B,Llama,rf2_ex20,fidelity_high,behavior,behavior,lm_logprob,750,-0.16059418834876912,0.9924274074074074,False,0.6356568864025703,0.05702004476761647,0.5238996522611805,0.7474141205439602,7.327105120402215e-29,-0.2757317680933039,4.12665808133443e-05,0.7380955587765584,2.2740213579776702e-45,0.13878781840089494,0.19942380722823316,1.8217472139804407e-05,1.9584425473454743,length;ortho_n;bg_mean,430,0.20877192907680822,0.0006549296125387459
Llama-3.2-1B,Llama,rf2_ex20,random_same_ratio_mean,frozen,early,hal_log_freq,750,0.024883113044341373,0.9883610864197531,False,0.04462998482225452,0.006141135025362331,0.032593581348346876,0.05666638829616216,3.6651653835663676e-13,-0.046645138544862755,5.885700264038913e-09,0.06577982537998706,1.2434716827773226e-41,0.32152472943729027,0.012740110112544943,0.009299896580740395,1.8612435314934626,length;ortho_n;bg_mean,710,0.028053017663577134,4.877389422502083e-09
Llama-3.2-1B,Llama,rf2_ex20,random_same_ratio_mean,frozen,early,lm_logprob,750,0.024883113044341373,0.9883610864197531,False,0.04147766281395159,0.006159917873770199,0.029404445633637456,0.05355087999426573,1.656563219349445e-11,-0.0596999430218961,3.5616202600688924e-15,0.0636571271036679,9.231306047040536e-31,0.348420755049097,0.015718578963446247,0.0007089897107293511,1.9584425473454743,length;ortho_n;bg_mean,710,0.025016351367046236,3.1816166146489424e-09
Llama-3.2-1B,Llama,rf2_ex20,random_same_ratio_mean,frozen,middle,hal_log_freq,750,0.2601404428853383,0.9883610864197531,False,0.06645246226520891,0.012156044514240136,0.04262705282283255,0.09027787170758528,4.5870086987489824e-08,-0.08031622694915805,4.802594072425475e-08,0.10286944905450934,1.3682329575460563e-29,0.35401168300224384,0.003295491697469305,0.71332349846249,1.8612435314934626,length;ortho_n;bg_mean,706,0.015295604196989209,0.047423292839638385
Llama-3.2-1B,Llama,rf2_ex20,random_same_ratio_mean,frozen,middle,lm_logprob,750,0.2601404428853383,0.9883610864197531,False,0.0853253934107359,0.011205495729142246,0.0633630253526997,0.1072877614687721,2.645046440548757e-14,-0.0871154270662609,1.5845819031815194e-11,0.117690139604729,1.2749212874077613e-33,0.274999641454182,0.03273089761682684,0.00012885036771452996,1.9584425473454743,length;ortho_n;bg_mean,706,0.03486616742471914,3.116641904397041e-07
Llama-3.2-1B,Llama,rf2_ex20,random_same_ratio_mean,frozen,late,hal_log_freq,750,0.19763473845373944,0.9883610864197531,False,0.11827612438319479,0.01728220720871923,0.08440362068074661,0.15214862808564297,7.711475093773684e-12,-0.09133325858377696,8.73549481753608e-06,0.15968845409054838,3.313684312179319e-33,0.2593320221127039,0.01464366389714732,0.21274122063180412,1.8612435314934626,length;ortho_n;bg_mean,699,0.04553432632728733,0.00024163634334828512
Llama-3.2-1B,Llama,rf2_ex20,random_same_ratio_mean,frozen,late,lm_logprob,750,0.19763473845373944,0.9883610864197531,False,0.14112156692143124,0.016118831409170125,0.10952923788658478,0.1727138959562777,2.0396903671526705e-18,-0.1091979029144863,3.824460944288936e-10,0.18169029891026178,7.828939996859226e-36,0.22328507483422522,0.05812584714529276,3.957061704579488e-07,1.9584425473454743,length;ortho_n;bg_mean,699,0.06116273772950746,2.281211138981915e-09
Llama-3.2-1B,Llama,rf2_ex20,random_same_ratio_mean,frozen,all,hal_log_freq,750,0.16088609812780635,0.9883610864197531,False,0.07645285715688606,0.010326312200370101,0.0562136571510441,0.09669205716272802,1.324472894321328e-13,-0.07276487469259926,1.873775478160815e-09,0.10944590950834826,6.33132600628102e-44,0.3014553261942199,0.01245763420265739,0.08347222895927518,1.8612435314934626,length;ortho_n;bg_mean,713,0.03140441266579028,4.23919925465345e-06
Llama-3.2-1B,Llama,rf2_ex20,random_same_ratio_mean,frozen,all,lm_logprob,750,0.16088609812780635,0.9883610864197531,False,0.08930820771537293,0.009598724052646758,0.07049505427464693,0.10812136115609892,1.3503665294923838e-20,-0.08533775766754777,5.757027528669981e-16,0.12101252187288625,4.6947969769442544e-45,0.2619920126184636,0.03758026660298535,5.367496934052213e-08,1.9584425473454743,length;ortho_n;bg_mean,713,0.042512317688074605,9.786639728374239e-14
Qwen2.5-3B,Qwen,rf2_ex20,full,frozen,early,hal_log_freq,750,0.2205395288232431,0.9573500317460316,False,0.06371256429263228,0.014157321770500038,0.03596472350490737,0.09146040508035719,6.784930149323236e-06,-0.04608508686669838,0.015756664017302944,0.08460846619637465,1.027103505617038e-14,0.2469717611384583,0.02623440653102736,0.05563889473724338,1.8612435314934626,length;ortho_n;bg_mean,713,0.03227049157721962,0.004105488044905529
Qwen2.5-3B,Qwen,rf2_ex20,full,frozen,early,lm_logprob,750,0.2205395288232431,0.9573500317460316,False,0.0962454145999938,0.014232175493756676,0.06835086321057716,0.12413996598941045,1.3560911031195064e-11,-0.04405540014318273,0.0078452825618876,0.11270311143982795,1.0080796858660941e-19,0.14602699632317506,0.07160781623889613,5.33674912205352e-07,1.9726744099717353,length;ortho_n;bg_mean,713,0.05000475586238559,2.330144509344831e-06
Qwen2.5-3B,Qwen,rf2_ex20,full,frozen,middle,hal_log_freq,750,0.7873683588411862,0.9573500317460316,False,0.1949648492362978,0.026892525403334228,0.14225646799243424,0.24767323048016138,4.1745412331566717e-13,0.02253278344184179,0.48493448886126034,0.1847480336798704,5.422322989837845e-19,-0.05530134937257847,0.04852882242370268,0.010717773098897846,1.8612435314934626,length;ortho_n;bg_mean,714,0.047042739515091705,0.0006100821476923889
Qwen2.5-3B,Qwen,rf2_ex20,full,frozen,middle,lm_logprob,750,0.7873683588411862,0.9573500317460316,False,0.18375308731114534,0.02408670534930177,0.13654401232028562,0.23096216230200506,2.3691613004646815e-14,-0.03158679969363428,0.2845492391822152,0.19555291143733342,1.3803169636929807e-21,0.06034082560805765,0.06490032205566157,0.0004070502767189443,1.9726744099717353,length;ortho_n;bg_mean,714,0.04216951829130779,0.0003146081899731277
Qwen2.5-3B,Qwen,rf2_ex20,full,frozen,late,hal_log_freq,750,1.0730239344108465,0.9573500317460316,False,0.26726550108904945,0.03761524163625737,0.19354098221221352,0.3409900199658854,1.2010942751645808e-12,-0.28168713040230964,1.2593121120382278e-09,0.3949880908599873,3.1654771317429345e-36,0.32335807769002356,0.0610445209685447,0.04821204506361096,1.8612435314934626,length;ortho_n;bg_mean,708,0.06035248265007154,0.004538153056945315
Qwen2.5-3B,Qwen,rf2_ex20,full,frozen,late,lm_logprob,750,1.0730239344108465,0.9573500317460316,False,0.30764452099864814,0.0360930305557486,0.23690348101647718,0.3783855609808191,1.5459637660261515e-17,-0.3255116032723614,4.9103633232464756e-15,0.42924530698841906,1.6073981418460195e-38,0.2832897273657361,0.1339601251729,1.782551467664384e-05,1.9726744099717353,length;ortho_n;bg_mean,708,0.08682613533461084,2.072690345622916e-05
Qwen2.5-3B,Qwen,rf2_ex20,full,frozen,all,hal_log_freq,750,0.6767473545535975,0.9573500317460316,False,0.17132852842337323,0.02185968989309642,0.12848432351969002,0.21417273332705644,4.590681327909942e-15,-0.09975857111825699,0.00014475971585815357,0.21656106367223094,1.1594528587576354e-35,0.2088673489215862,0.052911041659780604,0.0015727801247080587,1.8612435314934626,length;ortho_n;bg_mean,719,0.0511615463972719,4.812298487740389e-05
Qwen2.5-3B,Qwen,rf2_ex20,full,frozen,all,lm_logprob,750,0.6767473545535975,0.9573500317460316,False,0.19232259359957435,0.019732218174380263,0.15364815664270234,0.23099703055644635,1.9069705198132134e-22,-0.13051570100449247,2.1288271732322636e-08,0.24107911000821616,7.932723372447359e-44,0.20224280903882608,0.09897997495424776,1.337262020378749e-09,1.9726744099717353,length;ortho_n;bg_mean,719,0.06609135296124967,1.2435235774787547e-08
Qwen2.5-3B,Qwen,rf2_ex20,full,behavior,behavior,hal_log_freq,750,3.260746479662124,0.9573500317460316,False,0.6207309741940016,0.09215598801964066,0.4401085567158012,0.801353391672202,1.631926915965614e-11,-0.9031714816048863,4.301691378904445e-12,1.0302470229857184,2.7918218987448986e-46,0.3974930668616876,0.2507916013944559,0.0014140794621353265,1.8612435314934626,length;ortho_n;bg_mean,676,0.010986137047005726,0.8753799600819873
Qwen2.5-3B,Qwen,rf2_ex20,full,behavior,behavior,lm_logprob,750,3.260746479662124,0.9573500317460316,False,0.41394571223072646,0.09360146590217568,0.23049021016230822,0.5974012142991447,9.759802964744796e-06,-1.1686657500404314,2.3551921375856237e-23,0.8505220810470943,2.5018812670976212e-22,0.5133039794556422,0.11199896036260326,0.17629112811519032,1.9726744099717353,length;ortho_n;bg_mean,676,-0.09399765126520049,0.20810543680356697
Qwen2.5-3B,Qwen,rf4_ex20,full,frozen,early,hal_log_freq,750,0.7279676467167977,0.9069726349206351,False,0.05803299850793344,0.018101451508128603,0.022554805484103137,0.09351119153176374,0.0013460057847576872,-0.13533966171802395,7.146682252231569e-09,0.1193987132591209,8.904593713638436e-17,0.5139562485737234,0.004746792227887283,0.7799443699617861,1.8612435314934626,length;ortho_n;bg_mean,713,-0.012197624228744703,0.30096974690498024
Qwen2.5-3B,Qwen,rf4_ex20,full,frozen,early,lm_logprob,750,0.7279676467167977,0.9069726349206351,False,0.07307087886683046,0.018007278866424274,0.03777726082906963,0.1083644969045913,4.952606187879837e-05,-0.14144035820734482,7.608443161683373e-12,0.12590849987875166,5.247698364160063e-15,0.41965094543103265,0.03747749054141322,0.027978716747155945,1.9726744099717353,length;ortho_n;bg_mean,713,0.005600299464479065,0.6495864011918588
Qwen2.5-3B,Qwen,rf4_ex20,full,frozen,middle,hal_log_freq,750,1.4617148896747798,0.9069726349206351,False,0.18553483795307651,0.031929212094325685,0.12295473219345746,0.24811494371269557,6.2168349173865695e-09,-0.16890980551812054,4.317306302039436e-05,0.26212192862941686,3.524639217029904e-26,0.29218116575289566,-0.006450501339753138,0.7867875006419724,1.8612435314934626,length;ortho_n;bg_mean,714,-0.022611896220616823,0.15792049590557589
Qwen2.5-3B,Qwen,rf4_ex20,full,frozen,middle,lm_logprob,750,1.4617148896747798,0.9069726349206351,False,0.1886863004660888,0.02926823226855683,0.13132161932856437,0.24605098160361324,1.1423995990056484e-10,-0.2128838407246001,2.7145940802882135e-09,0.2682129351432944,1.215719151785913e-24,0.2965055903613225,0.03421008291478704,0.1267068406795464,1.9726744099717353,length;ortho_n;bg_mean,714,0.01067359148813279,0.5097394868542062
Qwen2.5-3B,Qwen,rf4_ex20,full,frozen,late,hal_log_freq,750,3.017518948576333,0.9069726349206351,False,0.0962394450056648,0.04410073977209326,0.009803583360788862,0.18267530665054071,0.029090073988152658,-0.11636816755071351,0.02626566961950167,0.14900310412366635,1.64772385649004e-05,0.35411114035725,-0.13184218879579954,0.00020641574670395653,1.8612435314934626,length;ortho_n;bg_mean,708,-0.18660360590720507,2.77275543723854e-08
Qwen2.5-3B,Qwen,rf4_ex20,full,frozen,late,lm_logprob,750,3.017518948576333,0.9069726349206351,False,0.1784506663001446,0.04020925294656519,0.0996419786796158,0.25725935392067345,9.07776263868728e-06,-0.09529016233358435,0.03210447514920591,0.21404804138714373,2.36101084919201e-09,0.16630553989800345,-0.005756245708755445,0.874784116782569,1.9726744099717353,length;ortho_n;bg_mean,708,-0.1328485414492514,7.151558243452487e-06
Qwen2.5-3B,Qwen,rf4_ex20,full,frozen,all,hal_log_freq,750,1.699742178979571,0.9069726349206351,False,0.11129637613242875,0.02616783735269656,0.06000835736784155,0.16258439489701595,2.107612971330849e-05,-0.14003208481427643,7.102538290159222e-06,0.17478972954889135,2.485793971923704e-17,0.36325563052434695,-0.03933045050974084,0.048122496065270144,1.8612435314934626,length;ortho_n;bg_mean,719,-0.06546835306370233,0.00011228400219725133
Qwen2.5-3B,Qwen,rf4_ex20,full,frozen,all,lm_logprob,750,1.699742178979571,0.9069726349206351,False,0.1441050531987287,0.023059527423397785,0.09890920994835534,0.18930089644910209,4.1239379950322834e-10,-0.14957034319989662,1.3019599031378979e-08,0.19997977812719497,6.448768927616154e-22,0.27940187478819856,0.02777589207507376,0.14470464568248215,1.9726744099717353,length;ortho_n;bg_mean,719,-0.027618319855149148,0.1298116578011493
Qwen2.5-3B,Qwen,rf4_ex20,full,behavior,behavior,hal_log_freq,750,0.971396931408336,0.9069726349206351,False,0.403883519601622,0.07776796209097857,0.25146111475222777,0.5563059244510162,2.064395785208314e-07,0.16876279789997228,0.1354854411103014,0.32736308512529744,8.908761303309181e-09,-0.23374790241555954,0.040858369443495635,0.5516987334412566,1.8612435314934626,length;ortho_n;bg_mean,676,0.06941878112955707,0.3516916330955633
Qwen2.5-3B,Qwen,rf4_ex20,full,behavior,behavior,lm_logprob,750,0.971396931408336,0.9069726349206351,False,0.21966029314020438,0.08092311623772419,0.06105389979751652,0.37826668648289224,0.0066389536218908534,-0.031040789706991596,0.7558261710455181,0.23125614529468227,0.0008356652372603551,0.050142893023239155,-0.0718522365295381,0.3232311604136934,1.9726744099717353,length;ortho_n;bg_mean,676,-0.030107510486281887,0.6897086427889547
Qwen2.5-3B,Qwen,rf2_ex00,full,frozen,early,hal_log_freq,750,-1.522875843155678,0.5051644444444444,True,0.13019234323014323,0.08414365748482396,-0.03472619496758589,0.29511088142787234,0.12179991058618563,-1.032151004089324,4.995723418490403e-25,0.5981902921910427,4.519683401078291e-18,0.7823563088038814,-0.17848486204206082,0.023759294555897224,1.8612435314934626,length;ortho_n;bg_mean,661,0.2711057839010058,0.0033529071499102067
Qwen2.5-3B,Qwen,rf2_ex00,full,frozen,early,lm_logprob,750,-1.522875843155678,0.5051644444444444,True,0.1617556732124008,0.08303931883553566,-0.0009984010059876092,0.3245097474307892,0.05142205282603618,-1.0470209675154913,3.3184845704629575e-32,0.5528894187309111,2.3038073817644296e-12,0.7074357588834114,-0.08669203738450001,0.26492779961390067,1.9726744099717353,length;ortho_n;bg_mean,661,0.149575372971113,0.05956992805455157
Qwen2.5-3B,Qwen,rf2_ex00,full,frozen,middle,hal_log_freq,750,3.842744879598277,0.5051644444444444,True,0.2498058659896618,0.042420923941153536,0.16666238287408797,0.33294934910523566,3.8914698118371315e-09,-0.02703099835910331,0.5989905586647148,0.2620622623311907,1.6670069323807668e-14,0.04676902440092423,0.017984018832057646,0.5383984758756788,1.8612435314934626,length;ortho_n;bg_mean,714,-0.09865847918319681,0.01320841093566615
Qwen2.5-3B,Qwen,rf2_ex00,full,frozen,middle,lm_logprob,750,3.842744879598277,0.5051644444444444,True,0.13704131865061717,0.04117780947453259,0.056334295118281086,0.21774834218295325,0.0008745990561335018,-0.14996911636178328,0.0015937429452083187,0.1930650125541662,9.489758596458439e-08,0.2901804587085972,-0.041279291823872105,0.1482858657984638,1.9726744099717353,length;ortho_n;bg_mean,714,-0.12566460743281152,0.000179492867529984
Qwen2.5-3B,Qwen,rf2_ex00,full,frozen,late,hal_log_freq,750,4.074597264382156,0.5051644444444444,True,0.36242533727994963,0.04075926496020442,0.2825386459216236,0.4423120286382757,6.009889829939961e-19,-0.45210476066204247,3.993698152909468e-20,0.567418695681007,8.689602544537239e-62,0.3612735356825484,0.04839041081050231,0.04686068668968935,1.8612435314934626,length;ortho_n;bg_mean,711,-0.12130486504954113,0.00012830393452355093
Qwen2.5-3B,Qwen,rf2_ex00,full,frozen,late,lm_logprob,750,4.074597264382156,0.5051644444444444,True,0.26005271528850876,0.0390321912863604,0.18355102612956425,0.33655440444745327,2.6917354236015405e-11,-0.5971167904439701,7.747693543522849e-39,0.4831165640598909,2.6652079757320265e-38,0.46171848652187675,-0.016477313153045813,0.5217435458213129,1.9726744099717353,length;ortho_n;bg_mean,711,-0.15884198388444304,4.082339702808352e-07
Qwen2.5-3B,Qwen,rf2_ex00,full,frozen,all,hal_log_freq,750,2.131488766941585,0.5051644444444444,True,0.2474745154999181,0.04010856044205954,0.1688631815617335,0.3260858494381027,6.823942628354154e-10,-0.5037622543701566,1.766771788449912e-28,0.47589041673441346,7.356649667789439e-49,0.4799758372986327,-0.03158840921649287,0.2359617020908138,1.8612435314934626,length;ortho_n;bg_mean,708,-0.03236926236532785,0.24553348977714384
Qwen2.5-3B,Qwen,rf2_ex00,full,frozen,all,lm_logprob,750,2.131488766941585,0.5051644444444444,True,0.18628323571717567,0.038302822854613554,0.11121108241591544,0.2613553890184359,1.1536673758663154e-06,-0.5980356247737479,8.754166039428007e-51,0.40969033178165615,1.0876131024390866e-28,0.5453072204387409,-0.04213095561499496,0.12252493919634028,1.9726744099717353,length;ortho_n;bg_mean,708,-0.05581071401152389,0.04720202484057002
Qwen2.5-3B,Qwen,rf2_ex00,full,behavior,behavior,hal_log_freq,750,1.7907174917191138,0.5051644444444444,True,0.3060270675999525,0.054865474656475226,0.198492713278566,0.41356142192133905,2.436197108958135e-08,-0.18834906627590228,0.0029516716484833086,0.39142830865536915,5.643127114896232e-22,0.21817849952852453,-0.04588454538342951,0.1612125113024061,1.8612435314934626,length;ortho_n;bg_mean,676,-0.05478839470237461,0.07926588887958322
Qwen2.5-3B,Qwen,rf2_ex00,full,behavior,behavior,lm_logprob,750,1.7907174917191138,0.5051644444444444,True,0.1875719314302943,0.0484865746096077,0.09253999146174897,0.28260387139883963,0.00010949195761770727,-0.3282319593808963,5.310579958609537e-10,0.31018895597391216,1.1519908381492985e-12,0.39529784082296704,-0.08949120120000581,0.0024858674824104546,1.9726744099717353,length;ortho_n;bg_mean,676,-0.0747389877492338,0.0069660069921352675
Qwen2.5-3B,Qwen,rf2_ex20,cka_high,frozen,middle,hal_log_freq,750,0.36207057862897196,0.9921439365079365,False,0.01066433113433714,0.008005818387972171,-0.005026784572856829,0.026355446841531106,0.18283634047659825,0.02824086709006488,0.007718889613203243,-0.002140643934876627,0.7328040663658457,5.981833251475222,-0.016523971801665552,0.02201329626241261,1.8612435314934626,length;ortho_n;bg_mean,714,-0.018517241405025617,0.0016735424167911277
Qwen2.5-3B,Qwen,rf2_ex20,cka_high,frozen,middle,lm_logprob,750,0.36207057862897196,0.9921439365079365,False,0.022438963544081855,0.007298547528123172,0.008134073249506601,0.03674385383865711,0.002108964833871553,0.032027962608044074,0.000636801315516731,0.01047433497896602,0.09761425224879716,-1.1422804969616247,0.001824547472917876,0.7819497981931404,1.9726744099717353,length;ortho_n;bg_mean,714,-0.010666913331921659,0.019829606232957053
Qwen2.5-3B,Qwen,rf2_ex20,cka_high,frozen,late,hal_log_freq,750,0.918604441309173,0.9921439365079365,False,0.06705980670834245,0.01783273466526018,0.032108289018573564,0.10201132439811134,0.0001695813740285869,-0.1679456987473933,4.5761917974451396e-14,0.14320975205469516,2.8774545010705897e-22,0.5317371495571702,0.003077027871440284,0.853069994901546,1.8612435314934626,length;ortho_n;bg_mean,708,-0.0360337108581396,0.00226105058589367
Qwen2.5-3B,Qwen,rf2_ex20,cka_high,frozen,late,lm_logprob,750,0.918604441309173,0.9921439365079365,False,0.07948805895645034,0.01752805215859406,0.045133708006466426,0.11384240990643424,5.762930063978868e-06,-0.17769076998948619,2.4863374660331715e-19,0.14586768130057265,5.765673809680572e-19,0.4550673716910706,0.027041853878610626,0.11445021565913897,1.9726744099717353,length;ortho_n;bg_mean,708,-0.03169237390540315,0.004114228629180645
Qwen2.5-3B,Qwen,rf2_ex20,cka_high,frozen,all,hal_log_freq,750,0.41164554212297516,0.9921439365079365,False,0.02498275859228989,0.007124943847928848,0.011018125258479122,0.03894739192610066,0.000454246691221188,-0.044905124461284154,8.089101675000902e-07,0.045343641895656,3.456811195659829e-15,0.44903502348179747,0.0014934572232211158,0.8172488856018794,1.8612435314934626,length;ortho_n;bg_mean,719,-0.01534555961049458,0.0023497302505741478
Qwen2.5-3B,Qwen,rf2_ex20,cka_high,frozen,all,lm_logprob,750,0.41164554212297516,0.9921439365079365,False,0.03276225723231393,0.006780655075155608,0.019472417493420203,0.04605209697120766,1.353554754877754e-06,-0.04682018808689215,3.994778563197951e-09,0.050252790946994606,6.760561300027635e-16,0.34805099149874597,0.015839308050632578,0.014043978326171625,1.9726744099717353,length;ortho_n;bg_mean,719,-0.009071204448599744,0.056336114745454816
Qwen2.5-3B,Qwen,rf2_ex20,cka_high,behavior,behavior,hal_log_freq,750,1.166141589053325,0.9921439365079365,False,0.20385990531836756,0.027736101668573807,0.1494981449764216,0.2582216656603135,1.9823048435924324e-13,-0.14335510793612047,5.357225198177411e-06,0.26885998400972794,1.7539311220937098e-37,0.24176181863124913,0.0019148544663328774,0.8949877362171533,1.8612435314934626,length;ortho_n;bg_mean,676,-0.02209329875777718,0.06922275779811521
Qwen2.5-3B,Qwen,rf2_ex20,cka_high,behavior,behavior,lm_logprob,750,1.166141589053325,0.9921439365079365,False,0.12941765470190256,0.024789242432583337,0.08083163233000715,0.17800367707379797,1.7823035556602889e-07,-0.2341052288940863,3.0919132895468384e-18,0.2168719253074789,4.8259023659660355e-21,0.40325307428144297,-0.030362382345227874,0.024898938528300878,1.9726744099717353,length;ortho_n;bg_mean,676,-0.029681059487849257,0.007982813990185555
Qwen2.5-3B,Qwen,rf2_ex20,cka_low,frozen,early,hal_log_freq,750,0.3227296629103758,0.9918950476190478,False,0.05586953465652634,0.011886977976549489,0.03257148593746853,0.07916758337558415,2.6008239066210186e-06,-0.023067597036514925,0.1605674051903624,0.06632884541413253,3.094663671873236e-13,0.15768872037952963,0.025666757925505556,0.026787925904110877,1.8612435314934626,length;ortho_n;bg_mean,713,0.019457240406564238,0.03258730222675498
Qwen2.5-3B,Qwen,rf2_ex20,cka_low,frozen,early,lm_logprob,750,0.3227296629103758,0.9918950476190478,False,0.06966331748752994,0.011685368531408877,0.04676041601989084,0.09256621895516903,2.498029514426654e-09,-0.029313137844277613,0.04539041404644236,0.08061377383334618,4.117361595438659e-16,0.13583852764980653,0.04928296954544851,1.6123423158088188e-05,1.9726744099717353,length;ortho_n;bg_mean,713,0.025881496028618427,0.002254435770544385
Qwen2.5-3B,Qwen,rf2_ex20,cka_low,frozen,middle,hal_log_freq,750,0.5561899226664682,0.9918950476190478,False,0.14484401282084458,0.02245991719422206,0.10082338402441743,0.18886464161727173,1.1259033712027345e-10,-0.01858310214868753,0.5059524311614867,0.15326996372963614,2.67952640145372e-18,0.05497457364611047,0.06530003666340597,0.002015526798990099,1.8612435314934626,length;ortho_n;bg_mean,714,0.03929345817401369,0.014166077012003658
Qwen2.5-3B,Qwen,rf2_ex20,cka_low,frozen,middle,lm_logprob,750,0.5561899226664682,0.9918950476190478,False,0.16083472154178763,0.020699913014549265,0.12026363755015912,0.20140580553341614,7.859403847078109e-15,-0.04554324711928357,0.06109292225293997,0.17784823070876324,1.253207841693784e-21,0.09566307800293061,0.0975402526916789,3.1859953937263e-07,1.9726744099717353,length;ortho_n;bg_mean,714,0.056500262881035816,4.633468405693011e-05
Qwen2.5-3B,Qwen,rf2_ex20,cka_low,frozen,late,hal_log_freq,750,0.5193622738339828,0.9918950476190478,False,0.0378541070374363,0.02358980470798849,-0.008381060592554543,0.08408927466742715,0.10856406617902416,-0.032811689875546605,0.33467594918132393,0.05273158475422196,0.003093248136386532,0.28213598711528376,-0.01839315812129547,0.4557492692575895,1.8612435314934626,length;ortho_n;bg_mean,708,-0.0028814040627491854,0.8646541890348186
Qwen2.5-3B,Qwen,rf2_ex20,cka_low,frozen,late,lm_logprob,750,0.5193622738339828,0.9918950476190478,False,0.0909985380765468,0.022328385288960757,0.04723570707724975,0.13476136907584385,4.59226189882768e-05,-0.013187402629252573,0.6513936332504331,0.09592493243164726,1.20840006512888e-06,0.0513567664862401,0.047542443155092984,0.037644721819766816,1.9726744099717353,length;ortho_n;bg_mean,708,0.016196466496745398,0.2688773567430085
Qwen2.5-3B,Qwen,rf2_ex20,cka_low,frozen,all,hal_log_freq,750,0.46097379991456483,0.9918950476190478,False,0.07867780090320685,0.015911771503992013,0.04749130182515177,0.10986429998126193,7.62891562029063e-07,-0.024758182092259155,0.2502157759510639,0.08990365680343033,1.8713503027799168e-13,0.12486539813133779,0.025233343545676377,0.10878390874583523,1.8612435314934626,length;ortho_n;bg_mean,719,0.021336441059312174,0.0628646646243544
Qwen2.5-3B,Qwen,rf2_ex20,cka_low,frozen,all,lm_logprob,750,0.46097379991456483,0.9918950476190478,False,0.10582616112286822,0.014574001559380118,0.0772616429558526,0.13439067928988382,3.833946441544934e-13,-0.029346686649271474,0.11412694382801981,0.11678915023561276,1.8352366384689498e-19,0.09386992790535409,0.06483101776552949,4.240432913949258e-06,1.9726744099717353,length;ortho_n;bg_mean,719,0.03414226836857277,0.0008270082387329412
Qwen2.5-3B,Qwen,rf2_ex20,cka_low,behavior,behavior,hal_log_freq,750,1.2393373521322784,0.9918950476190478,False,0.2110158449148437,0.03711660744092335,0.13826863110232257,0.28376305872736485,1.3064918939813846e-08,-0.02608751368127366,0.5281722170124847,0.22284444639655954,9.05676183267469e-16,0.05308008197191694,-0.04149003342444119,0.029298129761140657,1.8612435314934626,length;ortho_n;bg_mean,676,-0.06431132638920128,0.00011771544577300123
Qwen2.5-3B,Qwen,rf2_ex20,cka_low,behavior,behavior,lm_logprob,750,1.2393373521322784,0.9918950476190478,False,0.17204189796619979,0.031612876776688205,0.11008179803618823,0.23400199789621134,5.264243518231359e-08,-0.09928122093572572,0.004939281053602389,0.20913020565920365,3.482948457899971e-14,0.17734553254082563,-0.023461991349855375,0.1677039402333279,1.9726744099717353,length;ortho_n;bg_mean,676,-0.03837340572038486,0.014666392800813235
Qwen2.5-3B,Qwen,rf2_ex20,kvdist_low,frozen,early,hal_log_freq,750,0.25294469033227723,0.9890594920634922,False,0.053960699898305944,0.013598682566145525,0.027307771831467993,0.0806136279651439,7.2453128723139e-05,-0.01418985057652539,0.4417940110749802,0.06039466250606872,8.097265570978411e-09,0.10653197386633739,0.020866728102277184,0.11816025938174864,1.8612435314934626,length;ortho_n;bg_mean,713,0.026295709545837348,0.014746123490929746
Qwen2.5-3B,Qwen,rf2_ex20,kvdist_low,frozen,early,lm_logprob,750,0.25294469033227723,0.9890594920634922,False,0.08261199570564179,0.013353768926562551,0.05643908955170909,0.10878490185957448,6.15466980294194e-10,-0.011872812486683449,0.4639358984835943,0.08704730097825253,4.010077202771607e-14,0.05095281786759631,0.06086523318506344,7.568031045540814e-06,1.9726744099717353,length;ortho_n;bg_mean,713,0.04183366211179994,1.9575114100016356e-05
Qwen2.5-3B,Qwen,rf2_ex20,kvdist_low,frozen,middle,hal_log_freq,750,0.5208250709638631,0.9890594920634922,False,0.17447085278679217,0.022917520815014462,0.1295533373744168,0.21938836819916754,2.6782688015931045e-14,0.047207234021886806,0.11011759741296674,0.1530661468757099,1.5841127653840365e-18,-0.13983958143574982,0.0856464771473826,5.553444565345489e-05,1.8612435314934626,length;ortho_n;bg_mean,714,0.06140800872543194,5.0380263964317407e-05
Qwen2.5-3B,Qwen,rf2_ex20,kvdist_low,frozen,middle,lm_logprob,750,0.5208250709638631,0.9890594920634922,False,0.18973056998149398,0.02101855436540452,0.148534960418204,0.23092617954478398,1.7674330441134158e-19,0.012552912239966312,0.6331909940415354,0.1850412010634732,1.340858029139743e-23,-0.02534229615388317,0.11772116940807127,5.06810971728285e-09,1.9726744099717353,length;ortho_n;bg_mean,714,0.06760199257437785,1.4058009665353793e-06
Qwen2.5-3B,Qwen,rf2_ex20,kvdist_low,frozen,late,hal_log_freq,750,0.7847706757871324,0.9890594920634922,False,0.10681041962375758,0.026039918651297837,0.055773116906861,0.15784772234065414,4.099566267386513e-05,-0.08697391604365054,0.0077031091017153485,0.14624613606472447,1.6522380020711057e-13,0.26965304863517037,0.003628253295090595,0.8840262450775276,1.8612435314934626,length;ortho_n;bg_mean,708,0.008743280352197177,0.5868722764207976
Qwen2.5-3B,Qwen,rf2_ex20,kvdist_low,frozen,late,lm_logprob,750,0.7847706757871324,0.9890594920634922,False,0.12498727299815923,0.024232259169086508,0.07749291776270918,0.1724816282336093,2.4975124821071686e-07,-0.10337701922965623,0.0001972950507134956,0.16360564071603043,4.340977912784022e-14,0.23604545386611042,0.03817689974029803,0.09571496387234503,1.9726744099717353,length;ortho_n;bg_mean,708,0.0138288619498576,0.3172908447755953
Qwen2.5-3B,Qwen,rf2_ex20,kvdist_low,frozen,all,hal_log_freq,750,0.5099931651457762,0.9890594920634922,False,0.1096835160956431,0.01763891223435261,0.07511188338984906,0.14425514880143714,5.026665586645923e-10,-0.01784995157004029,0.4206759169933867,0.11777704184016419,7.812569190072012e-19,0.06871904420476826,0.039354154795429766,0.016731924888338474,1.8612435314934626,length;ortho_n;bg_mean,719,0.037942890604781086,0.0010637802810825985
Qwen2.5-3B,Qwen,rf2_ex20,kvdist_low,frozen,all,lm_logprob,750,0.5099931651457762,0.9890594920634922,False,0.13066359085261772,0.01605944161327667,0.09918766367877163,0.1621395180264638,4.077180628945442e-16,-0.0334337531347873,0.0851895870542369,0.14315337806421638,9.139075224282206e-25,0.08724758982631853,0.07578642009018775,8.001258161387747e-07,1.9726744099717353,length;ortho_n;bg_mean,719,0.04439174460689721,5.0218602824435544e-05
Qwen2.5-3B,Qwen,rf2_ex20,kvdist_low,behavior,behavior,hal_log_freq,750,0.9979854136465629,0.9890594920634922,False,0.18864335912261299,0.04000559643859865,0.11023383092291579,0.2670528873223102,2.4120763497663334e-06,-0.2070804151478873,5.432064818510193e-06,0.2825377691219425,1.0393397056026922e-21,0.33232516237078713,-0.028911297808407004,0.3400084503501287,1.8612435314934626,length;ortho_n;bg_mean,676,-0.04195021351566863,0.10746104856351811
Qwen2.5-3B,Qwen,rf2_ex20,kvdist_low,behavior,behavior,lm_logprob,750,0.9979854136465629,0.9890594920634922,False,0.1518906157774465,0.03504979490224674,0.08319428010352731,0.2205869514513657,1.4671295951742372e-05,-0.27355475218274267,1.6227467046044171e-12,0.25408197406468236,8.651983785713826e-17,0.4021983797292944,-0.017020601155277742,0.5036983418218393,1.9726744099717353,length;ortho_n;bg_mean,676,-0.042839065358984144,0.049691394794710506
Qwen2.5-3B,Qwen,rf2_ex20,kvdist_high,frozen,middle,hal_log_freq,750,0.1845625728980137,0.9958496507936507,False,0.02420528092792772,0.008563941918232676,0.007420263202498809,0.04099029865335663,0.004707177122919651,0.08195866835935671,3.182719692237554e-14,-0.012956421710328911,0.05993771050025155,2.8682072464985584,0.0014539281180523528,0.862442407304709,1.8612435314934626,length;ortho_n;bg_mean,714,0.003979449310306983,0.4796021156373309
Qwen2.5-3B,Qwen,rf2_ex20,kvdist_high,frozen,middle,lm_logprob,750,0.1845625728980137,0.9958496507936507,False,0.03220365451612485,0.007738873950318562,0.017035740292605253,0.047371568739644446,3.164628466853538e-05,0.08035428501040072,7.981542016683587e-17,0.0021858483406101,0.7399085191080342,-13.732794548379497,0.014460685804773936,0.049075399729789956,1.9726744099717353,length;ortho_n;bg_mean,714,0.010036781217730205,0.01604046349288587
Qwen2.5-3B,Qwen,rf2_ex20,kvdist_high,frozen,late,hal_log_freq,750,0.6750226778288696,0.9958496507936507,False,0.0273102407149727,0.013714223544000714,0.0004308564928000372,0.05418962493714536,0.04643904434555596,0.09869185040730849,4.6946662060660207e-07,-0.01743862198707732,0.084295924450154,2.566077912303542,0.02851644099667931,0.05385417616328316,1.8612435314934626,length;ortho_n;bg_mean,708,-0.03054878047306951,0.00994047675355951
Qwen2.5-3B,Qwen,rf2_ex20,kvdist_high,frozen,late,lm_logprob,750,0.6750226778288696,0.9958496507936507,False,0.056492800031521344,0.01363119115530867,0.02977615630073542,0.08320944376230727,3.407382476387666e-05,0.10786130314694635,3.853443932070507e-11,0.016199246411021908,0.16808348806415296,-2.4873721035000647,0.06038237641351204,3.106366851687287e-05,1.9726744099717353,length;ortho_n;bg_mean,708,-0.021806955204939173,0.059391424397082435
Qwen2.5-3B,Qwen,rf2_ex20,kvdist_high,frozen,all,hal_log_freq,750,0.2762952591622125,0.9958496507936507,False,0.016558560528075156,0.006154410089939872,0.004496138405703091,0.02862098265044722,0.007134085966855902,0.058066238174999486,1.5400671570597635e-11,-0.009769835474166233,0.03143693089562487,2.6948658523329208,0.012787436804931576,0.04873381156934631,1.8612435314934626,length;ortho_n;bg_mean,719,-0.009383398398053466,0.08809136876831579
Qwen2.5-3B,Qwen,rf2_ex20,kvdist_high,frozen,all,lm_logprob,750,0.2762952591622125,0.9958496507936507,False,0.028509574676029176,0.005664990891065259,0.0174063965567938,0.03961275279526455,4.83898122761555e-07,0.06049786762200439,4.263376481190674e-18,0.005909494741596052,0.2283122491091334,-3.8243675513161106,0.02649650989495359,5.676123180665602e-06,1.9726744099717353,length;ortho_n;bg_mean,719,-0.0012806500371304046,0.7849086069568579
Qwen2.5-3B,Qwen,rf2_ex20,kvdist_high,behavior,behavior,hal_log_freq,750,0.156788651595258,0.9958496507936507,False,0.23530361180364404,0.034850156150352904,0.1669985608933553,0.3036086627139328,1.4595485938023297e-11,-0.09016288868650205,0.02412924549837198,0.27618527234604,8.172722356678907e-27,0.14802259438068166,-0.017558784961748997,0.23602039769020078,1.8612435314934626,length;ortho_n;bg_mean,676,0.0694414658953372,0.0039040690539935696
Qwen2.5-3B,Qwen,rf2_ex20,kvdist_high,behavior,behavior,lm_logprob,750,0.156788651595258,0.9958496507936507,False,0.1763530492301414,0.029975365921853757,0.11760241159989876,0.23510368686038402,4.022488161124851e-09,-0.18021854293185807,8.698485408921345e-08,0.24367696718003018,3.4889905520803925e-20,0.27628346958270134,-0.021165010622062982,0.1252473186254078,1.9726744099717353,length;ortho_n;bg_mean,676,0.05469445413038906,0.004214384803458151
Qwen2.5-3B,Qwen,rf2_ex20,fidelity_high,frozen,early,hal_log_freq,750,0.02316468775104617,0.995208761904762,False,0.0022338365875415574,0.0008802420878875335,0.0005085937976056509,0.003959079377477464,0.01115668438013045,-0.009551024055533692,4.928957328132686e-18,0.00656446229129677,1.6838007120772907e-21,0.6597076061350523,0.0005496665206445325,0.5227948905258804,1.8612435314934626,length;ortho_n;bg_mean,713,-0.00015262025099660456,0.8092049802867574
Qwen2.5-3B,Qwen,rf2_ex20,fidelity_high,frozen,early,lm_logprob,750,0.02316468775104617,0.995208761904762,False,0.0015659070950045065,0.0008183070529512375,-3.794525707502983e-05,0.003169759447084043,0.05567211038398146,-0.010464941486593642,1.6225571921252592e-28,0.00547527652243468,1.6408175656355704e-13,0.7140040163107236,0.0004139086513883345,0.6202323162481596,1.9726744099717353,length;ortho_n;bg_mean,713,-0.0003794808594614346,0.4925532715182782
Qwen2.5-3B,Qwen,rf2_ex20,fidelity_high,frozen,middle,hal_log_freq,750,0.3479383998380804,0.995208761904762,False,0.07152457503926146,0.009937536708597835,0.052047360995365,0.09100178908315792,6.136481150320448e-13,0.0799220961139444,3.5409260324320955e-09,0.03528629506880005,1.3847711972940227e-05,-1.026978885139548,0.040627208308674945,1.2441589656203339e-05,1.8612435314934626,length;ortho_n;bg_mean,714,0.01680238846025561,0.01124011687442545
Qwen2.5-3B,Qwen,rf2_ex20,fidelity_high,frozen,middle,lm_logprob,750,0.3479383998380804,0.995208761904762,False,0.07270715275217281,0.010093847068247206,0.05292357603295307,0.09249072947139254,5.885180199673128e-13,0.06295228612391054,3.956954499412399e-07,0.04919018009877291,2.3602080289098493e-08,-0.47808267028456264,0.046953786971879866,8.555476025392928e-07,1.9726744099717353,length;ortho_n;bg_mean,714,0.016955248383202448,0.008785305793891626
Qwen2.5-3B,Qwen,rf2_ex20,fidelity_high,frozen,late,hal_log_freq,750,0.5004544634805806,0.995208761904762,False,0.0608593274827445,0.01420162116446235,0.033024661478316515,0.0886939934871725,1.8242801184553748e-05,0.036612149426104156,0.0647081775963103,0.04425864524673338,3.155597111592127e-05,-0.37508337960788296,0.045592852164397006,0.001985808146780098,1.8612435314934626,length;ortho_n;bg_mean,708,-0.0015336597666858816,0.8955909313631288
Qwen2.5-3B,Qwen,rf2_ex20,fidelity_high,frozen,late,lm_logprob,750,0.5004544634805806,0.995208761904762,False,0.06974367354271396,0.014985704837601723,0.040372231778066925,0.099115115307361,3.255353781009104e-06,0.026463759431863545,0.12858765781054474,0.059857654381466896,2.8597409691574103e-06,-0.16515881324457604,0.05652706753072292,0.00024528660728061435,1.9726744099717353,length;ortho_n;bg_mean,708,-0.0028791074709186323,0.8016524169217081
Qwen2.5-3B,Qwen,rf2_ex20,fidelity_high,frozen,all,hal_log_freq,750,0.28097080883494324,0.995208761904762,False,0.043349767449052494,0.00648598106326862,0.030637478160637194,0.056062056737467794,2.331268285002401e-11,0.034046356046610694,0.00024127547618186772,0.02791246734831319,1.8738035347230986e-08,-0.5530611073575411,0.03207397245551577,1.0335550499730778e-06,1.8612435314934626,length;ortho_n;bg_mean,719,0.006193053102376365,0.22450564916132476
Qwen2.5-3B,Qwen,rf2_ex20,fidelity_high,frozen,all,lm_logprob,750,0.28097080883494324,0.995208761904762,False,0.04634701812871524,0.0066313572245898025,0.03334979679989973,0.05934423945753074,2.767148499071336e-12,0.025003392683429587,0.0020774821792069777,0.03700654555523236,1.1083815125390039e-10,-0.25240055328974687,0.03677649744235052,2.5475427824241377e-08,1.9726744099717353,length;ortho_n;bg_mean,719,0.005651182650997035,0.2619829231856189
Qwen2.5-3B,Qwen,rf2_ex20,fidelity_high,behavior,behavior,hal_log_freq,750,0.08220660512465781,0.995208761904762,False,0.2759371374983856,0.03820265060156994,0.20106131820534112,0.3508129567914301,5.085896641225021e-13,-0.15342582057945955,0.00043319381969057254,0.3455034791134696,2.148376221664615e-35,0.20134773112440107,-0.001100016306084303,0.9367326354528283,1.8612435314934626,length;ortho_n;bg_mean,676,0.09238177224729144,0.00019494935368310682
Qwen2.5-3B,Qwen,rf2_ex20,fidelity_high,behavior,behavior,lm_logprob,750,0.08220660512465781,0.995208761904762,False,0.19602349492766033,0.03278892786459393,0.1317583772213744,0.26028861263394626,2.254171322658967e-09,-0.26490609561912276,7.251210779859737e-13,0.29498399008952936,3.159970833515132e-24,0.3354775122942568,-0.02175471551954247,0.07935974920430446,1.9726744099717353,length;ortho_n;bg_mean,676,0.05721910841700195,0.004580835890599244
Qwen2.5-3B,Qwen,rf2_ex20,random_same_ratio_mean,frozen,early,hal_log_freq,750,0.0981584132845778,0.9928525295238095,False,0.017983159220729298,0.00467219920141634,0.008825817057356468,0.02714050138410213,0.00011861504873022308,-0.028437477561725565,2.8602404433042115e-06,0.030877281417753675,3.329470052025925e-17,0.4175925342187209,0.0038239782771080743,0.37630411194696867,1.8612435314934626,length;ortho_n;bg_mean,713,0.006453444609113678,0.07588059632115543
Qwen2.5-3B,Qwen,rf2_ex20,random_same_ratio_mean,frozen,early,lm_logprob,750,0.0981584132845778,0.9928525295238095,False,0.026020092521553954,0.004407319340879707,0.01738190534506292,0.03465827969804499,3.5514427341786363e-09,-0.0284885737327092,6.797670663921567e-08,0.0366625179306611,9.648310806104182e-22,0.29028081020607743,0.016738196209336646,8.583253779026934e-05,1.9726744099717353,length;ortho_n;bg_mean,713,0.011929822104065502,0.00010504211784286909
Qwen2.5-3B,Qwen,rf2_ex20,random_same_ratio_mean,frozen,middle,hal_log_freq,750,0.373184865400131,0.9928525295238095,False,0.07575669878648478,0.010760938000171215,0.054665647866280725,0.09684774970668883,1.9227890648717687e-12,0.008683980551031546,0.5198312561959185,0.07181920798271921,2.416619888151076e-18,-0.05482503795799287,0.02318117149691122,0.007849623972414677,1.8612435314934626,length;ortho_n;bg_mean,714,0.01768088772195234,0.009255644241186375
Qwen2.5-3B,Qwen,rf2_ex20,random_same_ratio_mean,frozen,middle,lm_logprob,750,0.373184865400131,0.9928525295238095,False,0.08151743720537545,0.009610460245131337,0.06268128125006406,0.10035359316068684,2.210561001284855e-17,-0.006834443970442524,0.570173413195233,0.08407056818520563,1.2447948452193903e-24,0.0303689035883008,0.03987276600667888,4.3335642114584975e-07,1.9726744099717353,length;ortho_n;bg_mean,714,0.021481558720502412,0.00021797185059650332
Qwen2.5-3B,Qwen,rf2_ex20,random_same_ratio_mean,frozen,late,hal_log_freq,750,0.6135650413886314,0.9928525295238095,False,0.08360108566944764,0.011516772673306063,0.06102862601163268,0.1061735453272626,3.8975407679534747e-13,-0.10708161840648191,5.042496799922433e-12,0.13215403730840206,1.0995062302485601e-41,0.367396657929175,0.02283794487922036,0.024372745588302214,1.8612435314934626,length;ortho_n;bg_mean,708,0.004417131442853632,0.5668487504980266
Qwen2.5-3B,Qwen,rf2_ex20,random_same_ratio_mean,frozen,late,lm_logprob,750,0.6135650413886314,0.9928525295238095,False,0.09284118811389346,0.01159844406903234,0.07010865546188788,0.11557372076589903,1.1983188542998334e-15,-0.12263671392404464,3.604489637542945e-20,0.13865436544597395,1.743637288119279e-34,0.33041280153513375,0.0412045855595796,8.08240362438974e-05,1.9726744099717353,length;ortho_n;bg_mean,708,0.007337573757227931,0.32929945376317526
Qwen2.5-3B,Qwen,rf2_ex20,random_same_ratio_mean,frozen,all,hal_log_freq,750,0.3522261890694514,0.9928525295238095,False,0.057644701868238724,0.007547859112250997,0.0428511698478443,0.07243823388863314,2.2195262308730905e-14,-0.04178405415415389,1.4308413068729201e-05,0.07659042934991528,1.6210967830303873e-36,0.24736416341420486,0.02006554590697642,0.0017652083877531552,1.8612435314934626,length;ortho_n;bg_mean,719,0.011494671095463769,0.025029951544594718
Qwen2.5-3B,Qwen,rf2_ex20,random_same_ratio_mean,frozen,all,lm_logprob,750,0.3522261890694514,0.9928525295238095,False,0.06533673403889144,0.00689803291292974,0.05181683796537723,0.07885663011240565,2.750829426953642e-21,-0.05179021994205273,5.578799144845217e-10,0.08468391364240098,9.097247026274572e-41,0.2284634562971174,0.036271836367213664,2.587403743673564e-09,1.9726744099717353,length;ortho_n;bg_mean,719,0.016008914205210792,0.00040705376859386574
Llama-3.2-3B,Llama,rf2_ex20,full,frozen,early,hal_log_freq,750,1.4950079996429249,0.9612391111111109,False,0.10470189861666365,0.019804686841057077,0.06588542568309745,0.14351837155022984,1.2452680826499212e-07,-0.2598386531496516,3.603169668784342e-26,0.22251795097044866,5.176951412358792e-44,0.5294676309932024,-0.01936314027012658,0.17253061232017974,1.8612435314934626,length;ortho_n;bg_mean,727,-0.056311711719047565,6.058040269039552e-05
Llama-3.2-3B,Llama,rf2_ex20,full,frozen,early,lm_logprob,750,1.4950079996429249,0.9612391111111109,False,0.051381281778066744,0.02080799162108301,0.01059836761013283,0.09216419594600066,0.013537570550071047,-0.3175921877779609,1.7859299655925928e-46,0.1584830492168732,1.3223620190476622e-15,0.6757932029200486,-0.020959600304356438,0.10815467790845681,1.982156142828481,length;ortho_n;bg_mean,727,-0.03741081397727452,0.00022824536708592147
Llama-3.2-3B,Llama,rf2_ex20,full,frozen,middle,hal_log_freq,750,2.1490864747219356,0.9612391111111109,False,0.221623103772505,0.027497717659287057,0.16772856750325132,0.27551764004175866,7.648763043619477e-16,-0.26358600264620685,7.068895048283284e-14,0.34113827948273606,2.988588791631325e-54,0.35034231834507257,0.024413112203431883,0.12371710660473993,1.8612435314934626,length;ortho_n;bg_mean,722,-0.022070286352532498,0.07292721093931832
Llama-3.2-3B,Llama,rf2_ex20,full,frozen,middle,lm_logprob,750,2.1490864747219356,0.9612391111111109,False,0.08664990000648812,0.02916916322114391,0.029479390633875703,0.14382040937910054,0.002972191624346719,-0.39661609885506893,2.3354507840747208e-37,0.22040093928507476,8.750474436824834e-15,0.606853308849052,-0.026205454660380916,0.07425685847475526,1.982156142828481,length;ortho_n;bg_mean,722,-0.04455083422058781,6.949306298912567e-05
Llama-3.2-3B,Llama,rf2_ex20,full,frozen,late,hal_log_freq,750,2.0899545476610846,0.9612391111111109,False,0.2452719976373444,0.031852879899374485,0.18284150023069057,0.3077024950439982,1.3590511333933639e-14,-0.2642843991143031,7.139249484922079e-11,0.3651038403016702,1.1418721319434722e-46,0.3282130436242843,0.0010619807555590829,0.9519682388558812,1.8612435314934626,length;ortho_n;bg_mean,716,-0.044345763435897904,0.007850346699736992
Llama-3.2-3B,Llama,rf2_ex20,full,frozen,late,lm_logprob,750,2.0899545476610846,0.9612391111111109,False,0.12370918633666807,0.03257002631381452,0.05987310778606976,0.18754526488726636,0.00014571979268938914,-0.39794510890460233,1.7374651744108088e-28,0.25790840831850315,5.1225415713411767e-17,0.5203367461215386,-0.02258186636055104,0.17613832167699373,1.982156142828481,length;ortho_n;bg_mean,716,-0.0350225245190851,0.00837211841106265
Llama-3.2-3B,Llama,rf2_ex20,full,frozen,all,hal_log_freq,750,1.89242505244657,0.9612391111111109,False,0.18663094994555718,0.022694358313965105,0.14215082499793844,0.23111107489317592,1.9736604601004073e-16,-0.26244554716003565,5.099753629708803e-20,0.3056290202842924,3.5309758934990113e-62,0.38935461766047175,8.38977222291492e-05,0.9944648146781842,1.8612435314934626,length;ortho_n;bg_mean,724,-0.03247361297590111,0.0011582257455513
Llama-3.2-3B,Llama,rf2_ex20,full,frozen,all,lm_logprob,750,1.89242505244657,0.9612391111111109,False,0.08561653902848303,0.024509722702169945,0.0375783652611662,0.13365471279579985,0.00047732902810361505,-0.36830299802460864,5.052633850179664e-46,0.20981953758909236,9.397890213263484e-19,0.5919515407752292,-0.02316767978863122,0.041331815266678854,1.982156142828481,length;ortho_n;bg_mean,724,-0.031303970212610485,0.00018129991666996061
Llama-3.2-3B,Llama,rf2_ex20,full,behavior,behavior,hal_log_freq,750,5.318077413815402,0.9612391111111109,False,0.2806756830351726,0.04164562527688452,0.19905175737882802,0.36229960869151717,1.5880155353503454e-11,0.024380436932121042,0.6436914459589189,0.2696211043603499,3.6855588259330604e-16,-0.04100042057556519,0.0055494699704878095,0.6230369814429124,1.8612435314934626,length;ortho_n;bg_mean,671,-0.26303026891283426,3.5296527945537476e-10
Llama-3.2-3B,Llama,rf2_ex20,full,behavior,behavior,lm_logprob,750,5.318077413815402,0.9612391111111109,False,0.23870482005129637,0.04039827521066553,0.15952565560085466,0.31788398450173805,3.4463510555033295e-09,-0.08119783709394031,0.08097748836716012,0.26608720601555497,3.863283261031243e-13,0.10290756317933558,0.005633412656092865,0.6000937488902729,1.982156142828481,length;ortho_n;bg_mean,671,-0.21084727317154506,4.1104684142221495e-06
Llama-3.2-3B,Llama,rf4_ex20,full,frozen,early,hal_log_freq,750,1.711134560761664,0.9523109090909091,False,0.0942746522677394,0.01951980594965366,0.056016535621207564,0.13253276891427124,1.3674434571970432e-06,-0.10727311394643424,2.8052629209360187e-05,0.14291443182196753,3.2061855802412254e-20,0.34034197200475913,-0.03719476342241117,0.007202498098299651,1.8612435314934626,length;ortho_n;bg_mean,727,-0.07433209033582586,2.761925136504422e-07
Llama-3.2-3B,Llama,rf4_ex20,full,frozen,early,lm_logprob,750,1.711134560761664,0.9523109090909091,False,0.06735571965032883,0.020644972009769315,0.026892318049343472,0.10781912125131418,0.0011040589623119536,-0.14898844431770694,1.2528411724387207e-10,0.11759916495050313,2.411071628395335e-10,0.42724321487590067,-0.006152663132842363,0.6464657992592127,1.982156142828481,length;ortho_n;bg_mean,727,-0.03579896026853211,0.0008927636765489592
Llama-3.2-3B,Llama,rf4_ex20,full,frozen,middle,hal_log_freq,750,1.9895947777275256,0.9523109090909091,False,0.18194796806953142,0.02887944350538851,0.12534529890541077,0.23855063723365208,2.971490800423341e-10,-0.20064718793671932,4.76849893924943e-08,0.27292542393317976,1.7408258408980262e-31,0.33334181386459005,-0.045050357025499664,0.0015743716539498764,1.8612435314934626,length;ortho_n;bg_mean,722,-0.032245236508542295,0.0013493438180777117
Llama-3.2-3B,Llama,rf4_ex20,full,frozen,middle,lm_logprob,750,1.9895947777275256,0.9523109090909091,False,0.08782936504727333,0.030620578754156316,0.027814133503354592,0.14784459659119206,0.004126687262553448,-0.3017214721175759,3.2778055651792413e-20,0.1895790433505172,4.7371945758824254e-11,0.5367137448579508,-0.03666001211657498,0.008999807127870015,1.982156142828481,length;ortho_n;bg_mean,722,-0.03450179594150168,0.002196025265112868
Llama-3.2-3B,Llama,rf4_ex20,full,frozen,late,hal_log_freq,750,2.277072974957527,0.9523109090909091,False,0.22175496127931038,0.03403832419207451,0.1550410717687459,0.28846885078987483,7.275685115900748e-11,-0.261296852869455,1.3049058190320295e-09,0.3402321906075298,7.619152004295539e-36,0.34822463188054775,-0.059287859504453554,1.9324835954161813e-05,1.8612435314934626,length;ortho_n;bg_mean,716,-0.07096795629897727,7.277909331713461e-07
Llama-3.2-3B,Llama,rf4_ex20,full,frozen,late,lm_logprob,750,2.277072974957527,0.9523109090909091,False,0.11008238124970962,0.03481411823839151,0.04184796334894322,0.17831679915047602,0.001566874101174034,-0.3830029771526867,6.133352198954738e-24,0.2392426608975713,2.5910931656186283e-13,0.5398714391625998,-0.05687638061435565,5.911509687940791e-05,1.982156142828481,length;ortho_n;bg_mean,716,-0.04774580648260063,4.288926146207597e-05
Llama-3.2-3B,Llama,rf4_ex20,full,frozen,all,hal_log_freq,750,1.9798068524949402,0.9523109090909091,False,0.16273262379926398,0.024095526591016325,0.1155062594923448,0.20995898810618316,1.4417663975964741e-11,-0.18599059987339508,6.326295513200891e-10,0.24706448892548682,6.832726762665725e-37,0.34133543631863994,-0.048344636937047825,1.4327346631093205e-05,1.8612435314934626,length;ortho_n;bg_mean,724,-0.054239612106387156,1.319444875227621e-07
Llama-3.2-3B,Llama,rf4_ex20,full,frozen,all,lm_logprob,750,1.9798068524949402,0.9523109090909091,False,0.08746490824006874,0.025608596739573334,0.03727298093589515,0.13765683554424232,0.0006367647668930832,-0.2720444863378861,6.3717947258609425e-24,0.1792066022427566,8.817661410470214e-14,0.5119325563597978,-0.03203498726591897,0.002936081111613954,1.982156142828481,length;ortho_n;bg_mean,724,-0.03335662356891897,3.3544435074486627e-05
Llama-3.2-3B,Llama,rf4_ex20,full,behavior,behavior,hal_log_freq,750,2.3356472879574817,0.9523109090909091,False,0.25248846931922336,0.04086173559807371,0.17240093920120064,0.3325759994372461,6.447086221081484e-10,0.17551022178123468,0.000888373538084839,0.1729086176406781,8.40822027965925e-08,-0.460242252609528,-0.024043691456160164,0.0006132328772816018,1.8612435314934626,length;ortho_n;bg_mean,671,-0.05994588699345023,1.558027857855586e-11
Llama-3.2-3B,Llama,rf4_ex20,full,behavior,behavior,lm_logprob,750,2.3356472879574817,0.9523109090909091,False,0.21509973643057284,0.039750989625101464,0.13718922841554862,0.2930102444455971,6.26110053573955e-08,0.08071384480018257,0.08328908090934202,0.18788056742215636,8.639947355065019e-08,-0.14487484992131527,-0.018143454590433008,0.012217211204391943,1.982156142828481,length;ortho_n;bg_mean,671,-0.0448401855862118,4.767219159092754e-07
Llama-3.2-3B,Llama,rf2_ex00,full,frozen,early,hal_log_freq,750,2.169341697591169,0.7812073333333334,False,0.15470778270289373,0.027395887440203368,0.10101282999558192,0.20840273541020554,1.6316076088858156e-08,0.038930387580417544,0.2537177520155718,0.1370559648315704,4.673512630876542e-12,-0.12879277376227916,-0.05242972102184278,0.0002522009252510716,1.8612435314934626,length;ortho_n;bg_mean,723,-0.09734184252972095,3.2374364107573594e-08
Llama-3.2-3B,Llama,rf2_ex00,full,frozen,early,lm_logprob,750,2.169341697591169,0.7812073333333334,False,0.06960396372426836,0.026438879233502147,0.0177847126350002,0.12142321481353652,0.008472492087908201,-0.049487313715535386,0.07807043567400314,0.08629259451778795,0.0001625873400314714,0.19339586307234602,-0.059192553406717446,3.994190759677367e-06,1.982156142828481,length;ortho_n;bg_mean,723,-0.0679516490600874,1.5150605616268095e-05
Llama-3.2-3B,Llama,rf2_ex00,full,frozen,middle,hal_log_freq,750,2.273859419866596,0.7812073333333334,False,0.24707508109221604,0.03494827468405573,0.1785777213896539,0.3155724407947782,1.5522855385124284e-12,-0.14469719509198636,0.0006822790479923838,0.3126836889946934,1.4502263685012348e-32,0.20982420961392334,-0.024462135405141944,0.023007185721182318,1.8612435314934626,length;ortho_n;bg_mean,725,-0.022530020250638425,0.0011985980331188036
Llama-3.2-3B,Llama,rf2_ex00,full,frozen,middle,lm_logprob,750,2.273859419866596,0.7812073333333334,False,0.11066500902348894,0.03630708245842554,0.039504435021248924,0.18182558302572896,0.0023034835564537653,-0.28614581216547985,1.6678902874776365e-14,0.2071620999707063,1.8586677936462345e-10,0.46580475367290886,-0.04158581749167698,5.519999190315688e-05,1.982156142828481,length;ortho_n;bg_mean,725,-0.026852284197183406,4.5302439512465574e-05
Llama-3.2-3B,Llama,rf2_ex00,full,frozen,late,hal_log_freq,750,1.5888356760463134,0.7812073333333334,False,0.2842346430622797,0.034794060909203575,0.21603953680434773,0.35242974932021165,3.108110536150966e-16,-0.11339159014349863,0.0071706011623017835,0.33564866233496726,3.0744141506019253e-35,0.15317808483138817,0.0004857454955572386,0.9695827899087284,1.8612435314934626,length;ortho_n;bg_mean,714,0.02021477454290832,0.028465114956336874
Llama-3.2-3B,Llama,rf2_ex00,full,frozen,late,lm_logprob,750,1.5888356760463134,0.7812073333333334,False,0.15251501905327036,0.0346864041032824,0.08453091625763451,0.22049912184890622,1.0977337303032456e-05,-0.2638204369670005,3.086864730802916e-13,0.24148331289996428,7.675241501185076e-14,0.36842418955693845,-0.016923877722687948,0.1433309338088514,1.982156142828481,length;ortho_n;bg_mean,714,0.0020045305465423917,0.8016742851876798
Llama-3.2-3B,Llama,rf2_ex00,full,frozen,all,hal_log_freq,750,2.016345458540281,0.7812073333333334,False,0.22603090515783558,0.029035921527867787,0.1691215447052835,0.28294026561038765,6.997468922576594e-15,-0.06905339968982814,0.04920424910931252,0.25734110036723745,8.290152393804137e-33,0.12166807076180519,-0.027215030609893963,0.005940338558590649,1.8612435314934626,length;ortho_n;bg_mean,726,-0.02969875257851603,0.00016836612753290043
Llama-3.2-3B,Llama,rf2_ex00,full,frozen,all,lm_logprob,750,2.016345458540281,0.7812073333333334,False,0.10945213892619701,0.02948396676512295,0.05166462594518011,0.1672396519072139,0.00020541712918591866,-0.19444890640527424,7.451781727472336e-11,0.17502623789335414,3.19307719275518e-11,0.3746529649292486,-0.04130701456703983,3.587036244046444e-06,1.982156142828481,length;ortho_n;bg_mean,726,-0.026197599684266364,7.728550418725074e-05
Llama-3.2-3B,Llama,rf2_ex00,full,behavior,behavior,hal_log_freq,750,2.1405718884146063,0.7812073333333334,False,0.27135591662148223,0.039922856416587084,0.19310855588500775,0.3496032773579567,1.0681524219619495e-11,0.08040662581232977,0.10436848276166406,0.23489794117607915,1.0813134680925076e-13,-0.15520772665297322,0.0011023623537224827,0.7741029541401785,1.8612435314934626,length;ortho_n;bg_mean,671,-0.030395577179641423,1.002852028969418e-07
Llama-3.2-3B,Llama,rf2_ex00,full,behavior,behavior,lm_logprob,750,2.1405718884146063,0.7812073333333334,False,0.23431214436027176,0.037997243463795335,0.15983891565943292,0.3087853730611106,6.979320012325952e-10,-0.01994264356302288,0.6441759531052627,0.2410374117163291,2.317852696995503e-12,0.027901342402282925,0.007061952276393261,0.05925805850642302,1.982156142828481,length;ortho_n;bg_mean,671,-0.019810116113986788,0.003658711186639968
Llama-3.2-3B,Llama,rf2_ex20,cka_high,frozen,early,hal_log_freq,750,1.0560898429432306,0.9928780606060605,False,0.07030962603816879,0.01734077575064416,0.036322330102920714,0.10429692197341686,5.0223673588064703e-05,-0.12545895933577786,5.448635868964825e-09,0.1271952323257074,1.1372369928967905e-20,0.4472306488805514,-0.021855893153725093,0.13273347333682298,1.8612435314934626,length;ortho_n;bg_mean,727,-0.04354135356741556,0.002036370007302479
Llama-3.2-3B,Llama,rf2_ex20,cka_high,frozen,early,lm_logprob,750,1.0560898429432306,0.9928780606060605,False,0.04234049324153705,0.017657482650765756,0.007732463188395322,0.07694852329467877,0.016490346245918455,-0.16041962262703466,4.4853020410322773e-17,0.09643888034428826,1.4714956065416822e-09,0.5609603399543748,-0.010552258820243653,0.41777125010451044,1.982156142828481,length;ortho_n;bg_mean,727,-0.024936626468821586,0.005253708858058181
Llama-3.2-3B,Llama,rf2_ex20,cka_high,frozen,middle,hal_log_freq,750,1.0644653203941883,0.9928780606060605,False,0.18072351867758168,0.02136223816088549,0.13885430125307896,0.2225927361020844,2.6748661016753574e-17,-0.1788642260179766,7.527110019854195e-11,0.2618241430893635,1.3438334589544852e-48,0.30975227668023453,0.06312104805199206,0.00038209396148307145,1.8612435314934626,length;ortho_n;bg_mean,722,0.027555269785791828,0.01702250740333776
Llama-3.2-3B,Llama,rf2_ex20,cka_high,frozen,middle,lm_logprob,750,1.0644653203941883,0.9928780606060605,False,0.09171205159846456,0.02338566429913776,0.04587699181761042,0.1375471113793187,8.791874594759161e-05,-0.27707642025542023,8.535479664960747e-28,0.18515066711541833,1.1692174884675552e-15,0.5046625916757106,0.023918376895918435,0.17720333543486544,1.982156142828481,length;ortho_n;bg_mean,722,0.006482955967081091,0.5546055941974947
Llama-3.2-3B,Llama,rf2_ex20,cka_high,frozen,late,hal_log_freq,750,0.8524250844997827,0.9928780606060605,False,0.16024852554935518,0.0255053218938786,0.1102590132232522,0.21023803787545814,3.3221938502559433e-10,-0.015355817464983365,0.6449498038905639,0.1672111609096442,3.841576523071416e-17,0.0416397764503974,0.02380675544373127,0.25932643581686443,1.8612435314934626,length;ortho_n;bg_mean,716,0.02060500118385263,0.15332564094667206
Llama-3.2-3B,Llama,rf2_ex20,cka_high,frozen,late,lm_logprob,750,0.8524250844997827,0.9928780606060605,False,0.10520920704272686,0.024146647335632977,0.05788264791749617,0.15253576616795755,1.3180080252050508e-05,-0.09079085834759917,0.0016424749505705239,0.13582665221462273,8.106721329063206e-10,0.22541559165808311,0.022842285805569677,0.23386124475431014,1.982156142828481,length;ortho_n;bg_mean,716,0.02043518981040046,0.10147768913857826
Llama-3.2-3B,Llama,rf2_ex20,cka_high,frozen,all,hal_log_freq,750,0.9939523444456201,0.9928780606060605,False,0.13405824172245043,0.017907695626583297,0.09895980324824173,0.16915668019665914,7.096719767404236e-14,-0.10741872632122458,2.284976389786606e-06,0.18276404484539607,9.000216445040714e-37,0.26649554163756284,0.02024798348063899,0.16171877727199568,1.8612435314934626,length;ortho_n;bg_mean,724,0.004835444146406926,0.6593420495353626
Llama-3.2-3B,Llama,rf2_ex20,cka_high,frozen,all,lm_logprob,750,0.9939523444456201,0.9928780606060605,False,0.07805330711002895,0.018649827204138745,0.041500317472021674,0.11460629674803621,2.8491174806299975e-05,-0.17538308778351888,5.6416646753457704e-18,0.13719783082111794,9.322310236948212e-15,0.43108935000731274,0.011568492568950973,0.3797822969174395,1.982156142828481,length;ortho_n;bg_mean,724,0.0047978653365797486,0.6029265020035965
Llama-3.2-3B,Llama,rf2_ex20,cka_high,behavior,behavior,hal_log_freq,750,1.4449380520884967,0.9928780606060605,False,0.27394948299790367,0.038749055474122655,0.19800272983367864,0.3498962361621287,1.5511645755899422e-12,0.08120494654792815,0.09698151665743601,0.2371295329330964,6.564266365846841e-15,-0.15527357393815477,0.02347182506614058,0.007977010930897257,1.8612435314934626,length;ortho_n;bg_mean,671,0.01982509993354841,0.002068426383103508
Llama-3.2-3B,Llama,rf2_ex20,cka_high,behavior,behavior,lm_logprob,750,1.4449380520884967,0.9928780606060605,False,0.2218285171232016,0.03740389106196609,0.14851823776008843,0.29513879648631475,3.0178050730691425e-09,-0.027284067076914116,0.5288760031510054,0.2310295362896411,4.0884499241385705e-12,0.03982615952145707,0.011717612587263657,0.18645718659108712,1.982156142828481,length;ortho_n;bg_mean,671,0.0123160861366952,0.043805889952347035
Llama-3.2-3B,Llama,rf2_ex20,cka_low,frozen,middle,hal_log_freq,750,0.21791373326440272,0.9966927676767677,False,0.009719733645766674,0.0024881834300056254,0.00484298373602631,0.014596483555507038,9.369791283658835e-05,-0.008259730022109491,0.022269270790262065,0.01346486075798473,1.4007996158285129e-11,0.27814079770540334,0.003344584163565983,0.19858370011542614,1.8612435314934626,length;ortho_n;bg_mean,722,-0.008991463568689333,0.0011567692027029122
Llama-3.2-3B,Llama,rf2_ex20,cka_low,frozen,middle,lm_logprob,750,0.21791373326440272,0.9966927676767677,False,0.003930735602580969,0.0025527239020238747,-0.0010725113078603786,0.008933982513022316,0.12360420831460692,-0.014030376929002311,1.011022707337946e-05,0.00866220641564572,0.0002306234489708803,0.5462200490303193,0.0002934297226604087,0.9056694883956163,1.982156142828481,length;ortho_n;bg_mean,722,-0.0057232941615164125,0.02484613551485785
Llama-3.2-3B,Llama,rf2_ex20,cka_low,frozen,late,hal_log_freq,750,1.2020613384493852,0.9966927676767677,False,0.07100809729478354,0.015835087794658212,0.03997189552522365,0.10204429906434342,7.317939840020227e-06,-0.08719195532947233,4.138482225005773e-06,0.11054267711732273,3.3912333320322443e-18,0.3576408754835907,-0.002757131039500825,0.8459509422334484,1.8612435314934626,length;ortho_n;bg_mean,716,-0.052368965520650165,0.0006343481562349367
Llama-3.2-3B,Llama,rf2_ex20,cka_low,frozen,late,lm_logprob,750,1.2020613384493852,0.9966927676767677,False,0.020700423013704203,0.01431291782352152,-0.007352380434079393,0.0487532264614878,0.1480999323146646,-0.13325915180618883,1.1654433596297754e-16,0.06563947137536374,2.140575670389768e-06,0.6846345258430337,-0.023750889377438123,0.048829491767155335,1.982156142828481,length;ortho_n;bg_mean,716,-0.034338014014938044,0.007778408875792669
Llama-3.2-3B,Llama,rf2_ex20,cka_low,frozen,all,hal_log_freq,750,0.45181025009075076,0.9966927676767677,False,0.025686128026538694,0.005525537641394401,0.014856273254185271,0.036515982798892115,3.341622433184671e-06,-0.030370990793685115,4.52909745059401e-06,0.039456943869416006,1.1223775911444464e-18,0.34900867863593943,0.001969269027474238,0.7159586222289314,1.8612435314934626,length;ortho_n;bg_mean,724,-0.018156905155123047,0.00018659502713939505
Llama-3.2-3B,Llama,rf2_ex20,cka_low,frozen,all,lm_logprob,750,0.45181025009075076,0.9966927676767677,False,0.007837186832454348,0.005059055233594747,-0.002078379221190226,0.01775275288609892,0.12134797370940806,-0.04686485005210631,1.5643200100736598e-16,0.023641442933503003,1.3949485918248294e-06,0.6684979485178533,-0.00597037918137132,0.19212081841119932,1.982156142828481,length;ortho_n;bg_mean,724,-0.013547567622284505,0.0009975064576849576
Llama-3.2-3B,Llama,rf2_ex20,cka_low,behavior,behavior,hal_log_freq,750,1.1180963944602313,0.9966927676767677,False,0.027987241249693283,0.012009018494456493,0.004449997510883135,0.05152448498850343,0.019778756888591105,0.08973686397234551,1.040298814462632e-07,-0.012701251150016007,0.20412775660315186,3.2035027037204924,-0.03228440572357201,0.0002369972506214342,1.8612435314934626,length;ortho_n;bg_mean,671,-0.06798680361667041,2.3444404207537837e-11
Llama-3.2-3B,Llama,rf2_ex20,cka_low,behavior,behavior,lm_logprob,750,1.1180963944602313,0.9966927676767677,False,0.029771923712563843,0.012110263933778145,0.006036242559084321,0.05350760486604336,0.013955600478714426,0.08212076434753184,8.254512167702222e-08,0.002078298543183272,0.8492761099910836,-13.325142944556474,-0.022916516976597856,0.012061089988442469,1.982156142828481,length;ortho_n;bg_mean,671,-0.05207465034255213,1.5344621478727382e-06
Llama-3.2-3B,Llama,rf2_ex20,kvdist_low,frozen,early,hal_log_freq,750,0.21570606701122097,0.9938948686868687,False,0.03184888364990488,0.004268535444634314,0.02348270791168896,0.040215059388120804,8.566377084875696e-14,-0.06567008909615252,1.2379125237750316e-30,0.06162501803655433,9.044474035599633e-63,0.4831825666807438,0.015823800756213605,0.0002662282466265621,1.8612435314934626,length;ortho_n;bg_mean,727,0.00432563956338173,0.09758177947333184
Llama-3.2-3B,Llama,rf2_ex20,kvdist_low,frozen,early,lm_logprob,750,0.21570606701122097,0.9938948686868687,False,0.01356811793824304,0.00442567128296779,0.004893961616212998,0.02224227426027308,0.0021710571191861003,-0.08424327204097884,1.2851785870857601e-57,0.04197751740598129,3.155541189677654e-21,0.6767765514329881,0.0033396457117344618,0.42580884101932936,1.982156142828481,length;ortho_n;bg_mean,727,0.00012865197963493375,0.9579541028516708
Llama-3.2-3B,Llama,rf2_ex20,kvdist_low,frozen,middle,hal_log_freq,750,1.4849845732534321,0.9938948686868687,False,0.13796348283096693,0.01689367429107442,0.10485248965391084,0.17107447600802303,3.172643395509785e-16,-0.1846784418197343,4.277333772710257e-16,0.22170038920077445,1.5314485716410723e-54,0.37770301924898475,0.03212640401874273,0.017309419074094994,1.8612435314934626,length;ortho_n;bg_mean,722,-0.023873857406988372,0.09116672828670332
Llama-3.2-3B,Llama,rf2_ex20,kvdist_low,frozen,middle,lm_logprob,750,1.4849845732534321,0.9938948686868687,False,0.04425168713666892,0.01834762920171153,0.008290994699618935,0.0802123795737189,0.0158719103532977,-0.272217006164383,3.819754856336526e-42,0.13605156008407623,4.1421072729605297e-13,0.6747432582961742,-0.01640520303120007,0.21512565524496186,1.982156142828481,length;ortho_n;bg_mean,722,-0.03737712843659832,0.0014222048655767603
Llama-3.2-3B,Llama,rf2_ex20,kvdist_low,frozen,late,hal_log_freq,750,1.3909000793967885,0.9938948686868687,False,0.15747354832313903,0.023723672917865046,0.11097600382311529,0.20397109282316278,3.183492100015518e-11,-0.06019668107777942,0.045973231496368325,0.1847679298303396,2.968931721640502e-23,0.14772250537343368,0.007351937737649963,0.6597874811575606,1.8612435314934626,length;ortho_n;bg_mean,716,-0.03633354398934251,0.017720546667504635
Llama-3.2-3B,Llama,rf2_ex20,kvdist_low,frozen,late,lm_logprob,750,1.3909000793967885,0.9938948686868687,False,0.08232911017163927,0.02227875096912223,0.03866356065162287,0.12599465969165566,0.00021953258370217198,-0.14459574634864572,7.035006536845178e-09,0.13109120380632408,7.557861983671782e-10,0.37197075180365713,-0.007840022873625348,0.612505966195761,1.982156142828481,length;ortho_n;bg_mean,716,-0.021009731935358378,0.0902609180835423
Llama-3.2-3B,Llama,rf2_ex20,kvdist_low,frozen,all,hal_log_freq,750,0.993492777483696,0.9938948686868687,False,0.1055841039671809,0.012384995589759558,0.08130995866256477,0.12985824927179704,1.5259501386997462e-17,-0.10179484422962803,4.0799301040090913e-10,0.15173992625046515,3.5796490000858464e-50,0.3041771761975056,0.017791958644820426,0.07156316658787559,1.8612435314934626,length;ortho_n;bg_mean,724,-0.009995579708397165,0.1214220233350404
Llama-3.2-3B,Llama,rf2_ex20,kvdist_low,frozen,all,lm_logprob,750,0.993492777483696,0.9938948686868687,False,0.04520956930291372,0.012861697769435534,0.020001104894780925,0.07041803371104652,0.0004396636621165618,-0.16325615654177414,3.441529215494932e-31,0.10026452211275688,6.422427940904759e-15,0.5490970449939281,-0.006010450694384637,0.5125033732004498,1.982156142828481,length;ortho_n;bg_mean,724,-0.014771610722465356,0.011682482545573976
Llama-3.2-3B,Llama,rf2_ex20,kvdist_low,behavior,behavior,hal_log_freq,750,2.628534215738307,0.9938948686868687,False,0.2550960229529039,0.03815032879678187,0.18032275251285013,0.3298692933929577,2.2841367749667817e-11,0.17823132919441062,0.0002474594227114812,0.17428236664381191,5.9159022218536156e-09,-0.4636938197784186,0.014413728342664267,0.216091600321221,1.8612435314934626,length;ortho_n;bg_mean,671,-0.07178897531046312,1.1683530201144286e-06
Llama-3.2-3B,Llama,rf2_ex20,kvdist_low,behavior,behavior,lm_logprob,750,2.628534215738307,0.9938948686868687,False,0.20902419551255114,0.03657279018244855,0.13734284394081192,0.28070554708429035,1.095154456497612e-08,0.07840943477195288,0.06569420149873227,0.18258214381502913,2.003350233180595e-08,-0.14482276933011584,0.00525277420977667,0.6549043950922727,1.982156142828481,length;ortho_n;bg_mean,671,-0.060983631897288705,3.398254382714949e-05
Llama-3.2-3B,Llama,rf2_ex20,kvdist_high,frozen,early,hal_log_freq,750,1.5195711696461982,0.984463191919192,False,0.08406511227012975,0.01958223891948482,0.04568462925128096,0.12244559528897854,1.7633339660898378e-05,-0.23301237629709204,5.807560885128223e-22,0.18971759311595288,2.719420759665208e-34,0.5568934283350819,-0.03505895325241646,0.014288084606194204,1.8612435314934626,length;ortho_n;bg_mean,727,-0.06947582032097882,8.883946013805996e-07
Llama-3.2-3B,Llama,rf2_ex20,kvdist_high,frozen,early,lm_logprob,750,1.5195711696461982,0.984463191919192,False,0.037065617418852316,0.020404497495945566,-0.002926462795838712,0.07705769763354334,0.06928734094873205,-0.28142538854613824,3.323858186866144e-39,0.13197083762066955,6.496922992022822e-12,0.7191378179670884,-0.03202913478638409,0.015227002282683708,1.982156142828481,length;ortho_n;bg_mean,727,-0.04535774247216345,1.343933270245444e-05
Llama-3.2-3B,Llama,rf2_ex20,kvdist_high,frozen,middle,hal_log_freq,750,1.6996054065413744,0.984463191919192,False,0.16418562584758398,0.02545073008668609,0.11430311149742928,0.21406814019773868,1.1102907479623277e-10,-0.12360258006784718,6.61547370875654e-05,0.22022951257428006,2.601540712342959e-26,0.25447945677940564,0.019089530018321865,0.3580515876962489,1.8612435314934626,length;ortho_n;bg_mean,722,-0.017483849329159945,0.26511332652732145
Llama-3.2-3B,Llama,rf2_ex20,kvdist_high,frozen,middle,lm_logprob,750,1.6996054065413744,0.984463191919192,False,0.08184657883385853,0.028227797314520305,0.02652111273450227,0.13717204493321478,0.003737549442023288,-0.21354581841087494,2.02651230274673e-14,0.15386073869399056,9.920054378760553e-09,0.4680476674647912,0.0003956020275948796,0.9848824533141627,1.982156142828481,length;ortho_n;bg_mean,722,-0.020415022489875635,0.15574287231930725
Llama-3.2-3B,Llama,rf2_ex20,kvdist_high,frozen,late,hal_log_freq,750,2.172000385748494,0.984463191919192,False,0.13682533520859655,0.029615002695146695,0.07878099652405239,0.1948696738931407,3.834888910638062e-06,-0.0799304198784619,0.0267536088087801,0.17306738934069377,9.775762881231021e-13,0.20941007008982215,-0.04176045874105185,0.06786317402262426,1.8612435314934626,length;ortho_n;bg_mean,716,-0.10378440001537742,1.1838578489750954e-05
Llama-3.2-3B,Llama,rf2_ex20,kvdist_high,frozen,late,lm_logprob,750,2.172000385748494,0.984463191919192,False,0.08205745287814757,0.028801932216311606,0.025606703049012927,0.1385082027072822,0.004385330066335563,-0.1481305176521371,4.4919107670403365e-06,0.1320115791530074,1.0146518657211956e-06,0.37840715636740274,-0.02323346748230265,0.2700032923236796,1.982156142828481,length;ortho_n;bg_mean,716,-0.04557489990368703,0.024914423648102906
Llama-3.2-3B,Llama,rf2_ex20,kvdist_high,frozen,all,hal_log_freq,750,1.7844459046908483,0.984463191919192,False,0.12634534661610475,0.021354622610703988,0.08449105539568022,0.16819963783652928,3.287969159130361e-09,-0.14949227318185912,2.9336405771842506e-09,0.19412813901511083,2.6974706078760807e-29,0.34916520986032795,-0.022408148896343114,0.14270482240846125,1.8612435314934626,length;ortho_n;bg_mean,724,-0.05912450501666752,3.96434255117552e-06
Llama-3.2-3B,Llama,rf2_ex20,kvdist_high,frozen,all,lm_logprob,750,1.7844459046908483,0.984463191919192,False,0.06562968915158458,0.022573179370104623,0.02138707056961698,0.1098723077335522,0.0036442478336837876,-0.21741533912773592,7.830740948289098e-22,0.1389487693588337,9.05205863951049e-11,0.5276698782261495,-0.019965139887986455,0.16600911181094513,1.982156142828481,length;ortho_n;bg_mean,724,-0.03609487055755056,0.0010459605671853704
Llama-3.2-3B,Llama,rf2_ex20,kvdist_high,behavior,behavior,hal_log_freq,750,2.719007141073745,0.984463191919192,False,0.2749436394142602,0.04264568158862263,0.191359639404397,0.3585276394241234,1.1396357471700374e-10,0.2206008521218118,0.00011954392068964269,0.17491879234924718,3.8655438307993926e-07,-0.5718359115200209,0.007405949604906167,0.6854428082979291,1.8612435314934626,length;ortho_n;bg_mean,671,-0.05992313759461724,0.000668118369599018
Llama-3.2-3B,Llama,rf2_ex20,kvdist_high,behavior,behavior,lm_logprob,750,2.719007141073745,0.984463191919192,False,0.2949345736821949,0.04108037944057255,0.214418509507433,0.37545063785695676,6.999187211078373e-13,0.14698010096634695,0.003927820674911983,0.2453684029839547,2.724029333588702e-11,-0.20200714556340582,0.0698068853991389,5.5447269170054816e-05,1.982156142828481,length;ortho_n;bg_mean,671,-0.01441154672331232,0.41871674343057763
Llama-3.2-3B,Llama,rf2_ex20,fidelity_high,frozen,early,hal_log_freq,750,1.0560898429432306,0.9930840404040405,False,0.07030962603816879,0.01734077575064416,0.036322330102920714,0.10429692197341686,5.0223673588064703e-05,-0.12545895933577786,5.448635868964825e-09,0.1271952323257074,1.1372369928967905e-20,0.4472306488805514,-0.021855893153725093,0.13273347333682298,1.8612435314934626,length;ortho_n;bg_mean,727,-0.04354135356741556,0.002036370007302479
Llama-3.2-3B,Llama,rf2_ex20,fidelity_high,frozen,early,lm_logprob,750,1.0560898429432306,0.9930840404040405,False,0.04234049324153705,0.017657482650765756,0.007732463188395322,0.07694852329467877,0.016490346245918455,-0.16041962262703466,4.4853020410322773e-17,0.09643888034428826,1.4714956065416822e-09,0.5609603399543748,-0.010552258820243653,0.41777125010451044,1.982156142828481,length;ortho_n;bg_mean,727,-0.024936626468821586,0.005253708858058181
Llama-3.2-3B,Llama,rf2_ex20,fidelity_high,frozen,middle,hal_log_freq,750,0.8998206441416626,0.9930840404040405,False,0.16625263997632242,0.020664167231095196,0.12575161643286306,0.20675366351978178,8.59251510094128e-16,-0.17713815093672503,3.763712142122859e-11,0.24657062735672236,5.193394932766867e-46,0.32574028886336526,0.06540201054425544,0.0003473311941567308,1.8612435314934626,length;ortho_n;bg_mean,722,0.03160462744232078,0.005066831994259788
Llama-3.2-3B,Llama,rf2_ex20,fidelity_high,frozen,middle,lm_logprob,750,0.8998206441416626,0.9930840404040405,False,0.08352790737458049,0.022942385674008248,0.03856165773409663,0.12849415701506434,0.0002718258221319171,-0.2678962681295514,6.347131802983313e-26,0.1738706957400015,4.002657984935884e-15,0.5195975548433739,0.025178654108576764,0.17227142110993043,1.982156142828481,length;ortho_n;bg_mean,722,0.008852413763635098,0.41731291744168675
Llama-3.2-3B,Llama,rf2_ex20,fidelity_high,frozen,late,hal_log_freq,750,0.8125504501641659,0.9930840404040405,False,0.11345995331068018,0.022428884209500392,0.06950014804664029,0.15741975857472007,4.222273217064232e-07,-0.013814495481602341,0.6350105824753294,0.11972372239650678,1.6884838637914313e-11,0.05231852936448089,0.01186189710145377,0.5593090703485304,1.8612435314934626,length;ortho_n;bg_mean,716,-0.005813982596159538,0.6962499941256545
Llama-3.2-3B,Llama,rf2_ex20,fidelity_high,frozen,late,lm_logprob,750,0.8125504501641659,0.9930840404040405,False,0.061780382781389497,0.021891155106526367,0.018874507192617726,0.10468625837016127,0.004770109706847196,-0.07342335994242356,0.003956496944825949,0.08654097804712403,1.7267058163920768e-05,0.28611411408190557,0.0006881784761123442,0.970480829754148,1.982156142828481,length;ortho_n;bg_mean,716,-0.007345569000384078,0.5519964285784309
Llama-3.2-3B,Llama,rf2_ex20,fidelity_high,frozen,all,hal_log_freq,750,0.928878018349393,0.9930840404040405,False,0.11456659824156223,0.016791967822865173,0.08165494607919103,0.14747825040393342,8.93436541147142e-12,-0.10637909998247791,3.5407817352321516e-07,0.162801013949012,1.7921933483686322e-32,0.2962783494859338,0.017388327613312694,0.2272483835460506,1.8612435314934626,length;ortho_n;bg_mean,724,0.0012674281317590907,0.9185867681251321
Llama-3.2-3B,Llama,rf2_ex20,fidelity_high,frozen,all,lm_logprob,750,0.928878018349393,0.9930840404040405,False,0.06163099895564031,0.017677073907415693,0.026984570745052824,0.0962774271662278,0.0004893977239084507,-0.16693610806909556,1.4393453116259947e-18,0.11792694360291747,1.916655272698926e-12,0.47737983303320697,0.004821828538662639,0.712115790891811,1.982156142828481,length;ortho_n;bg_mean,724,0.0009470242450094757,0.9265999741219149
Llama-3.2-3B,Llama,rf2_ex20,fidelity_high,behavior,behavior,hal_log_freq,750,2.4024614337863164,0.9930840404040405,False,0.25476952466849573,0.03869099707671766,0.1789365638721846,0.33060248546480686,4.557321492179691e-11,0.09776748227260805,0.050373064782785935,0.2104397890025198,3.099884807819661e-12,-0.21065282319516632,0.0010664847593812345,0.9092056844359075,1.8612435314934626,length;ortho_n;bg_mean,671,-0.059203422105726225,2.9916849826471544e-08
Llama-3.2-3B,Llama,rf2_ex20,fidelity_high,behavior,behavior,lm_logprob,750,2.4024614337863164,0.9930840404040405,False,0.22394598594064127,0.03650631409822366,0.15239492509981606,0.2954970467814665,8.545685531057962e-10,0.005481339030177489,0.9000690445701683,0.22209751132238745,7.352709348953126e-12,-0.0083228065332559,0.012017456074367187,0.1746817104590147,1.982156142828481,length;ortho_n;bg_mean,671,-0.0367933872908882,0.0013137395955083162
Llama-3.2-3B,Llama,rf2_ex20,random_same_ratio_mean,frozen,early,hal_log_freq,750,0.6603514970580338,0.9929628024242423,False,0.04759322907598466,0.009093016281981907,0.02977124465246381,0.0654152134995055,1.658427476079817e-07,-0.13832184866009511,5.384289908539817e-32,0.11031112714800184,4.3266486348490986e-47,0.5685545936618892,-0.0044697483610193385,0.5548370390896122,1.8612435314934626,length;ortho_n;bg_mean,727,-0.021620608035413633,0.001296258733479278
Llama-3.2-3B,Llama,rf2_ex20,random_same_ratio_mean,frozen,early,lm_logprob,750,0.6603514970580338,0.9929628024242423,False,0.021003833597730365,0.009729068523050336,0.0019352096894294096,0.04007245750603132,0.030859939338002833,-0.1657213582851779,8.220979636936615e-53,0.07689012758652077,3.5411786740951284e-16,0.7268331545672653,-0.009476677379919822,0.17501786672405306,1.982156142828481,length;ortho_n;bg_mean,727,-0.015197501613001823,0.0021766552317554724
Llama-3.2-3B,Llama,rf2_ex20,random_same_ratio_mean,frozen,middle,hal_log_freq,750,0.9379932107919722,0.9929628024242423,False,0.11057057051917218,0.012953486691376076,0.08518220312985617,0.1359589379084882,1.3898472781364032e-17,-0.13711226334925458,3.788880210534313e-15,0.17274001837186692,6.441641709730492e-54,0.35990182494284073,0.03297045099762112,0.001917127229943858,1.8612435314934626,length;ortho_n;bg_mean,722,-0.0004087029450856607,0.9599348688815538
Llama-3.2-3B,Llama,rf2_ex20,random_same_ratio_mean,frozen,middle,lm_logprob,750,0.9379932107919722,0.9929628024242423,False,0.03991416071623028,0.015201085195310288,0.010120581207497103,0.06970774022496345,0.008645977493241537,-0.2051001872715422,3.3042264000616107e-35,0.10908019629318211,4.881115728351222e-13,0.6340842602725949,-0.0043076493941222906,0.7073289479063251,1.982156142828481,length;ortho_n;bg_mean,722,-0.014828836462282788,0.05109318547172352
Llama-3.2-3B,Llama,rf2_ex20,random_same_ratio_mean,frozen,late,hal_log_freq,750,1.0519180729569455,0.9929628024242423,False,0.11278842164993806,0.017029457660021768,0.07941129796004565,0.14616554533983048,3.516561406606712e-11,-0.07080253718918963,0.001829769719559565,0.14489171085325023,6.817720779974275e-27,0.22156746589752907,0.001915960758946557,0.877080422791135,1.8612435314934626,length;ortho_n;bg_mean,716,-0.019426871320260164,0.08003391642552468
Llama-3.2-3B,Llama,rf2_ex20,random_same_ratio_mean,frozen,late,lm_logprob,750,1.0519180729569455,0.9929628024242423,False,0.05205324098399671,0.017020642352834243,0.01869339497870451,0.08541308698928891,0.002226398021949676,-0.13462428919161204,2.3410348058959218e-11,0.0974526552879,5.985630252317032e-10,0.46586123456340756,-0.01458030555644865,0.2170879443080026,1.982156142828481,length;ortho_n;bg_mean,716,-0.013479238953143428,0.12298690694565555
Llama-3.2-3B,Llama,rf2_ex20,random_same_ratio_mean,frozen,all,hal_log_freq,750,0.8732814073957589,0.9929628024242423,False,0.08837539899052947,0.010903498835505752,0.06700493396746378,0.10974586401359517,5.26445147516598e-16,-0.11645356332044858,9.231869479364981e-16,0.14117777826181063,1.233090508565489e-53,0.37401338880231194,0.010590831973126378,0.21157200941949006,1.8612435314934626,length;ortho_n;bg_mean,724,-0.010719223932767724,0.09530437038562946
Llama-3.2-3B,Llama,rf2_ex20,random_same_ratio_mean,frozen,all,lm_logprob,750,0.8732814073957589,0.9929628024242423,False,0.0369001127583378,0.012199370905174822,0.012989785150149352,0.06081044036652625,0.002488342970477913,-0.16835646370561375,8.497451675983036e-36,0.0936750446254427,3.1352213579466852e-15,0.6060838518318088,-0.008504927017429371,0.30711140719228347,1.982156142828481,length;ortho_n;bg_mean,724,-0.012149819135532893,0.029218852796690942
SmolLM3-3B-Base,SmolLM,rf2_ex20,full,frozen,early,hal_log_freq,750,0.6188413410500582,0.9825808888888888,False,0.06338653070166385,0.018559357858287804,0.027010857723229323,0.09976220368009837,0.000637022726989948,-0.09841628358449497,8.337002851988619e-06,0.10801044588405109,5.114234811615842e-12,0.4131444400321326,-0.011104844516497788,0.45039456825659396,1.8612435314934626,length;ortho_n;bg_mean,717,-0.009916401350843002,0.32000970125109796
SmolLM3-3B-Base,SmolLM,rf2_ex20,full,frozen,early,lm_logprob,750,0.6188413410500582,0.9825808888888888,False,0.04941015185620125,0.017063672048353584,0.015965969197425413,0.08285433451497709,0.0037839323395634367,-0.12984447267686117,1.3484184309225775e-11,0.08296122383285233,9.883994467114586e-07,0.404418720295746,0.009498676919418417,0.5041363479682759,1.9602202597937277,length;ortho_n;bg_mean,717,0.0014735984841332344,0.8594909217229523
SmolLM3-3B-Base,SmolLM,rf2_ex20,full,frozen,middle,hal_log_freq,750,1.352031207531821,0.9825808888888888,False,0.16679189752709517,0.02863977041163649,0.11065897899479177,0.22292481605939857,5.752918979118239e-09,-0.05359255742461094,0.15135699363852073,0.19109183702714588,1.8127352819912147e-15,0.12716367102901804,0.030177742018966836,0.15182270441534584,1.8612435314934626,length;ortho_n;bg_mean,720,0.008948042262114621,0.5799300273141763
SmolLM3-3B-Base,SmolLM,rf2_ex20,full,frozen,middle,lm_logprob,750,1.352031207531821,0.9825808888888888,False,0.08890695584305677,0.026934944702059847,0.03611543430144154,0.141698477384672,0.0009640842812492381,-0.15185453894284634,3.2430726877549563e-06,0.12814530354486486,1.4293514456224546e-06,0.30620199583100893,0.01373344744276639,0.48990993947137706,1.9602202597937277,length;ortho_n;bg_mean,720,0.003026293231287863,0.7968801382717874
SmolLM3-3B-Base,SmolLM,rf2_ex20,full,frozen,late,hal_log_freq,750,1.3897810147239549,0.9825808888888888,False,0.060206160031769415,0.035465850810367745,-0.009305630237622056,0.1297179503011609,0.08958684181793532,-0.19874995201542398,1.1378692848631784e-05,0.15032337110919616,6.341016235444369e-07,0.5994890243112287,-0.0932732421335703,0.0005207982510525337,1.8612435314934626,length;ortho_n;bg_mean,714,-0.06172500666902066,0.0020868686292174823
SmolLM3-3B-Base,SmolLM,rf2_ex20,full,frozen,late,lm_logprob,750,1.3897810147239549,0.9825808888888888,False,0.06235312395267191,0.032450736900374096,-0.0012491516438462719,0.1259553995491901,0.05467245565944526,-0.22276246959435178,6.470503833454121e-09,0.11991367695100162,0.00022751673535377037,0.480016579108401,-0.030055586102487628,0.25594061414421054,1.9602202597937277,length;ortho_n;bg_mean,714,-0.0340732138607434,0.04764233361668461
SmolLM3-3B-Base,SmolLM,rf2_ex20,full,frozen,all,hal_log_freq,750,1.102311550385806,0.9825808888888888,False,0.09560170803737203,0.02312245841460332,0.05028252231072441,0.14092089376401964,3.556007562973653e-05,-0.11625876502875945,6.436318989462686e-05,0.14831576185955678,9.901771069727462e-14,0.3554177463087218,-0.02225187923424044,0.1805486670343459,1.8612435314934626,length;ortho_n;bg_mean,720,-0.012990453284154976,0.2594178578179249
SmolLM3-3B-Base,SmolLM,rf2_ex20,full,frozen,all,lm_logprob,750,1.102311550385806,0.9825808888888888,False,0.06626579416869899,0.020990500702038565,0.02512516877524068,0.1074064195621573,0.0015943303147723411,-0.16678563584297848,3.397936637517481e-11,0.10936225224254724,2.9917094509982467e-07,0.39407068883573737,0.00012796601374928332,0.9935987912380823,1.9602202597937277,length;ortho_n;bg_mean,720,-0.004488496052782736,0.6395327398440784
SmolLM3-3B-Base,SmolLM,rf2_ex20,full,behavior,behavior,hal_log_freq,750,0.8868208028124919,0.9825808888888888,False,0.4946684985523871,0.05051804796681838,0.39565494396815615,0.593682053136618,1.2196210984987716e-22,0.2743009203360356,5.771381761202067e-06,0.370294964440859,3.4065502850574987e-20,-0.3358769253028613,-0.003272802974809145,0.7950197640264802,1.8612435314934626,length;ortho_n;bg_mean,568,0.0318014485734778,0.013114825628382606
SmolLM3-3B-Base,SmolLM,rf2_ex20,full,behavior,behavior,lm_logprob,750,0.8868208028124919,0.9825808888888888,False,0.4561624595621864,0.04613338492748535,0.36574268661939213,0.5465822325049806,4.6976235611396054e-23,0.05575139572675617,0.26123276960651776,0.4417566165388774,1.4199158920803814e-23,-0.0326103616425204,-0.025578640572803926,0.027040823690222975,1.9602202597937277,length;ortho_n;bg_mean,568,0.022567055133631886,0.05213929616447823
SmolLM3-3B-Base,SmolLM,rf4_ex20,full,frozen,early,hal_log_freq,750,1.1387113582838981,0.9605864761904763,False,0.0871010673827405,0.02222007421333451,0.043550522190797684,0.1306516125746833,8.857581877015186e-05,0.006014442998339682,0.8253100657974012,0.08437399840134802,1.2399320518414973e-06,-0.03232120123572235,-0.021414229281420047,0.1360149900015455,1.8612435314934626,length;ortho_n;bg_mean,717,-0.016991164851866733,0.09265361727011277
SmolLM3-3B-Base,SmolLM,rf4_ex20,full,frozen,early,lm_logprob,750,1.1387113582838981,0.9605864761904763,False,0.051357681119841896,0.01947632724711783,0.013184781164374812,0.08953058107530898,0.008366047946223679,-0.04343314317787801,0.05629602575028676,0.06258055786531355,0.0005978198080836487,0.17933487856764774,-0.006788234671126201,0.6207809068423974,1.9602202597937277,length;ortho_n;bg_mean,717,-0.00440781140980476,0.5919400106289477
SmolLM3-3B-Base,SmolLM,rf4_ex20,full,frozen,middle,hal_log_freq,750,1.9602245684332351,0.9605864761904763,False,0.14882232484745192,0.03148189144835983,0.08711895144346712,0.21052569825143672,2.275968900065204e-06,-0.16595258211892572,3.51301730214112e-05,0.22406855117355773,5.098262430192039e-19,0.3358178822150817,-0.044059903787756656,0.005566018004950306,1.8612435314934626,length;ortho_n;bg_mean,720,-0.04184303734318047,0.00035838303311617407
SmolLM3-3B-Base,SmolLM,rf4_ex20,full,frozen,middle,lm_logprob,750,1.9602245684332351,0.9605864761904763,False,0.08351424031746946,0.027794450926212088,0.02903811753202782,0.1379903631029111,0.002658349417713065,-0.25204342103219357,6.873699767690783e-14,0.14864082434494222,3.808256123203859e-08,0.43814735497118373,-0.020343005839211285,0.14758324479669083,1.9602202597937277,length;ortho_n;bg_mean,720,-0.012380502246769398,0.12194945571146996
SmolLM3-3B-Base,SmolLM,rf4_ex20,full,frozen,late,hal_log_freq,750,2.4444011652439896,0.9605864761904763,False,0.18961387876770855,0.03565790618587301,0.11972566687928944,0.25950209065612767,1.0515467243495198e-07,-0.3249960638787578,3.787009117161908e-14,0.33697360686274747,1.0041492782271147e-28,0.4373034715299229,-0.017139242032447252,0.35375441103599736,1.8612435314934626,length;ortho_n;bg_mean,714,-0.07308847564858711,0.001237181762198804
SmolLM3-3B-Base,SmolLM,rf4_ex20,full,frozen,late,lm_logprob,750,2.4444011652439896,0.9605864761904763,False,0.07282703393370703,0.03130303356512806,0.011474215539207577,0.13417985232820648,0.019990996519841254,-0.44739666003942635,4.047891815392271e-35,0.18843178193443605,1.0268920605074641e-08,0.6135098167301372,-0.05598614457339779,0.0011414703345055395,1.9602202597937277,length;ortho_n;bg_mean,714,-0.06730569276872968,4.6494092729521184e-05
SmolLM3-3B-Base,SmolLM,rf4_ex20,full,frozen,all,hal_log_freq,750,1.8224551852119288,0.9605864761904763,False,0.1398905895129947,0.025195393566873423,0.09050852554561063,0.1892726534803788,2.820501070457073e-08,-0.15565690657127693,3.7266704409829646e-07,0.2104685502264365,7.7021814564959345e-25,0.33533732539854144,-0.02647692746182186,0.02177300724311332,1.8612435314934626,length;ortho_n;bg_mean,720,-0.02957510546901157,0.0027061061998807185
SmolLM3-3B-Base,SmolLM,rf4_ex20,full,frozen,all,lm_logprob,750,1.8224551852119288,0.9605864761904763,False,0.06859458140925029,0.02171968543369332,0.02602478020367216,0.11116438261482842,0.0015875987435837221,-0.2403318629079773,3.609830893150942e-21,0.13069496554169785,2.1903172612121167e-09,0.4751551360456544,-0.025443025505730736,0.018028302894309105,1.9602202597937277,length;ortho_n;bg_mean,720,-0.020682490888994084,0.0057734383137232415
SmolLM3-3B-Base,SmolLM,rf4_ex20,full,behavior,behavior,hal_log_freq,750,1.3811734409521483,0.9605864761904763,False,0.533262961755515,0.05742917530636101,0.4207038464932104,0.6458220770178196,1.6083513110864806e-20,0.11284368269667182,0.0834875870873197,0.4820973746989662,7.068096055006745e-26,-0.10613122937767061,0.005860082729128595,0.8012946385493894,1.8612435314934626,length;ortho_n;bg_mean,568,-0.032482893205689735,0.17777453472294202
SmolLM3-3B-Base,SmolLM,rf4_ex20,full,behavior,behavior,lm_logprob,750,1.3811734409521483,0.9605864761904763,False,0.4833319196723202,0.05235899301155932,0.3807101791028795,0.5859536602417609,2.678275683015668e-20,-0.1259453432792569,0.019534413254624867,0.5158754788271442,1.1478773283205432e-24,0.06308413656104117,-0.027796760894766646,0.19275116581670515,1.9602202597937277,length;ortho_n;bg_mean,568,-0.030266948554760163,0.12772103878178165
SmolLM3-3B-Base,SmolLM,rf2_ex00,full,frozen,early,hal_log_freq,750,1.9562614521875688,0.834796962962963,False,0.12491634969616783,0.03171438347880968,0.06275730028580875,0.1870753991065269,8.189299576610593e-05,0.38224795069971673,9.794286000335133e-16,-0.04840253117806197,0.05196989995590987,3.580781348740396,-0.025773906918319163,0.3003540623802866,1.8612435314934626,length;ortho_n;bg_mean,702,-0.058154502088926176,0.07113311486628177
SmolLM3-3B-Base,SmolLM,rf2_ex00,full,frozen,early,lm_logprob,750,1.9562614521875688,0.834796962962963,False,0.020132768814326997,0.028646146311101617,-0.0360126462512971,0.07627818387995108,0.4821748013791409,0.29106910038580236,7.25566992054041e-15,-0.05507782841707449,0.039228851983280674,1.3655330900461884,-0.06398013539955762,0.004295279897055123,1.9602202597937277,length;ortho_n;bg_mean,702,-0.03838158475260281,0.07178765556311857
SmolLM3-3B-Base,SmolLM,rf2_ex00,full,frozen,middle,hal_log_freq,750,2.5061880812880575,0.834796962962963,False,0.21011571155809913,0.040469826567210064,0.13079630902578515,0.2894351140904131,2.0814722637338397e-07,0.4435167860228117,3.507559021640498e-18,0.009016312956494084,0.7863964662027993,-22.3039505806818,-0.022199128428745628,0.3430236179621452,1.8612435314934626,length;ortho_n;bg_mean,719,-0.011156898942908734,0.5574113319926632
SmolLM3-3B-Base,SmolLM,rf2_ex00,full,frozen,middle,lm_logprob,750,2.5061880812880575,0.834796962962963,False,0.0847388626437399,0.034803342694451234,0.01652556442101029,0.1529521608664695,0.014900396789860562,0.3094103156049751,2.5345593293564544e-13,0.004788999895128623,0.886419710495003,-16.694479953932845,-0.040934612016642585,0.06479345544192817,1.9602202597937277,length;ortho_n;bg_mean,719,-0.01574324121204197,0.31054921431470284
SmolLM3-3B-Base,SmolLM,rf2_ex00,full,frozen,late,hal_log_freq,750,2.3686133772264344,0.834796962962963,False,0.10551890706342228,0.04286373332596165,0.02150753350160818,0.18953028062523636,0.013826899240476658,0.24839182030400697,2.5234305525319254e-06,-0.007106921890263738,0.8364302596621485,15.847343011885341,-0.11734317561239176,0.00022364755205939586,1.8612435314934626,length;ortho_n;bg_mean,716,-0.10898310155603182,0.00031514023813121564
SmolLM3-3B-Base,SmolLM,rf2_ex00,full,frozen,late,lm_logprob,750,2.3686133772264344,0.834796962962963,False,0.05157444405337914,0.03855749074208456,-0.02399684913534316,0.12714573724210143,0.18102733446196306,0.18445893000762334,2.7851269892889167e-05,0.003911307457463985,0.9154051876862775,-12.185985661893987,-0.08099103300529435,0.0031898843881962772,1.9602202597937277,length;ortho_n;bg_mean,716,-0.07099032334258072,0.0012599631613843358
SmolLM3-3B-Base,SmolLM,rf2_ex00,full,frozen,all,hal_log_freq,750,2.2770209702340205,0.834796962962963,False,0.146850322772563,0.03395696461772269,0.08029589509752559,0.21340475044760038,1.5280819024687436e-05,0.35805218567551184,4.989031344122976e-16,-0.015497713370610613,0.5716577275072222,10.475612257163396,-0.05804061465416606,0.010542591912945652,1.8612435314934626,length;ortho_n;bg_mean,718,-0.050229382539823106,0.012824571596402146
SmolLM3-3B-Base,SmolLM,rf2_ex00,full,frozen,all,lm_logprob,750,2.2770209702340205,0.834796962962963,False,0.05214869183714857,0.030031415696754177,-0.006711801333240473,0.11100918500753762,0.08248053249968389,0.2616461153328001,2.942286260037848e-13,-0.015459173688160606,0.5889571463570169,4.373316898372556,-0.06337612506142176,0.0025988916228429607,1.9602202597937277,length;ortho_n;bg_mean,718,-0.04097266960429609,0.006824783499018464
SmolLM3-3B-Base,SmolLM,rf2_ex00,full,behavior,behavior,hal_log_freq,750,0.2513532548791594,0.834796962962963,False,0.47282336508109546,0.04979272483964145,0.3752314177032853,0.5704153124589056,2.184591435138324e-21,0.17045204832298805,0.0028961679107746482,0.39553699061137787,1.4382194592370825e-23,-0.19539607243877932,-0.02619985142560094,0.0012466081866465862,1.8612435314934626,length;ortho_n;bg_mean,568,0.07454777102545795,0.0005556116005552293
SmolLM3-3B-Base,SmolLM,rf2_ex00,full,behavior,behavior,lm_logprob,750,0.2513532548791594,0.834796962962963,False,0.44372388490329795,0.045742539585820655,0.35407015475369175,0.5333776150529042,3.001289022666447e-22,-0.03552855984811515,0.45029414704733384,0.4529042623511496,4.607294286474589e-25,0.020270017774162263,-0.03684239236995488,1.8415226353874588e-06,1.9602202597937277,length;ortho_n;bg_mean,568,0.07597528896423719,2.0325524460581056e-05
SmolLM3-3B-Base,SmolLM,rf2_ex20,cka_high,frozen,early,hal_log_freq,750,0.33807382944834874,0.9941440634920633,False,0.02323803350633103,0.008399002527762062,0.006776291045856513,0.039699775966805545,0.005661622671055421,-0.05689353079326759,2.8882804039003073e-07,0.04903470048132028,2.370713154947933e-13,0.5260900285261549,-0.012234237999017437,0.07139736638290864,1.8612435314934626,length;ortho_n;bg_mean,717,-0.006802594096922161,0.11643956856303124
SmolLM3-3B-Base,SmolLM,rf2_ex20,cka_high,frozen,early,lm_logprob,750,0.33807382944834874,0.9941440634920633,False,-0.0012597058079955778,0.007791972795970115,-0.01653169185661287,0.014012280240621714,0.8715679976090231,-0.07575029913042512,4.889471577547548e-16,0.01831373991504789,0.014478140796751762,1.0687847383352056,-0.02058457587590571,0.0012860845991092306,1.9602202597937277,length;ortho_n;bg_mean,717,-0.009893891082814035,0.005797613992496381
SmolLM3-3B-Base,SmolLM,rf2_ex20,cka_high,frozen,middle,hal_log_freq,750,0.8278724224438985,0.9941440634920633,False,0.08007346167649756,0.022907647245344897,0.03517529810507339,0.12497162524792174,0.00047319142466903017,0.1303537819194547,3.316177119491175e-06,0.020968444740117692,0.2651609768143006,-2.818760173628792,-0.021095862609139458,0.2384736473258554,1.8612435314934626,length;ortho_n;bg_mean,720,-0.0029879944889842944,0.7987473838202145
SmolLM3-3B-Base,SmolLM,rf2_ex20,cka_high,frozen,middle,lm_logprob,750,0.8278724224438985,0.9941440634920633,False,0.0205827478210225,0.021000909845578546,-0.02057827911888408,0.06174377476092908,0.32704249186815104,0.07481323990009763,0.0017562030799426807,0.001251432864387207,0.9508601103764281,-15.447344805109715,-0.03395000688325734,0.04270703045961891,1.9602202597937277,length;ortho_n;bg_mean,720,-0.016581400084313178,0.10598960513381536
SmolLM3-3B-Base,SmolLM,rf2_ex20,cka_high,frozen,late,hal_log_freq,750,0.0003234440301119328,0.9941440634920633,False,0.08652590019697175,0.027226197291311583,0.03316353407001907,0.13988826632392443,0.0014827511680995803,0.24207935461577992,4.6897675426520874e-11,-0.02323773031552505,0.2862004001935018,4.7235090958588195,0.006348846780816844,0.7961500183180668,1.8612435314934626,length;ortho_n;bg_mean,714,0.06001868301326402,0.009591844295336457
SmolLM3-3B-Base,SmolLM,rf2_ex20,cka_high,frozen,late,lm_logprob,750,0.0003234440301119328,0.9941440634920633,False,0.03979042543970937,0.025863644267160195,-0.010901385832880452,0.09048223671229919,0.12393388331896567,0.18870733949674337,3.846543414379333e-09,-0.008970475963726583,0.7097632248849395,5.435709498649538,-0.010034820463541178,0.6749308893985916,1.9602202597937277,length;ortho_n;bg_mean,714,0.008309290794878256,0.6605264100870527
SmolLM3-3B-Base,SmolLM,rf2_ex20,cka_high,frozen,all,hal_log_freq,750,0.38694646759819934,0.9941440634920633,False,0.06184909256873338,0.01599806539572399,0.030493460570797833,0.09320472456666892,0.00011061873515968537,0.09939153288872977,8.59532182678616e-07,0.016782979808376303,0.196092899738754,-2.6852271333762077,-0.007475621678836515,0.5645479885486505,1.8612435314934626,length;ortho_n;bg_mean,720,0.0074032968273126595,0.42249491881523904
SmolLM3-3B-Base,SmolLM,rf2_ex20,cka_high,frozen,all,lm_logprob,750,0.38694646759819934,0.9941440634920633,False,0.018955767902379708,0.01467498891227854,-0.009806681839210855,0.04771821764397027,0.19645905733277336,0.05764936511668994,0.0009079765734791081,0.004059500402015151,0.7719001123078341,-3.669482947450872,-0.02037292317895123,0.10082519117773293,1.9602202597937277,length;ortho_n;bg_mean,720,-0.008068116511594801,0.31238827473539166
SmolLM3-3B-Base,SmolLM,rf2_ex20,cka_high,behavior,behavior,hal_log_freq,750,1.1248242432422202,0.9941440634920633,False,0.4973229251767849,0.04865954654109105,0.4019519664521959,0.5926938839013739,1.6057786424433387e-24,0.19877475930551192,0.0002999469935473018,0.4071944659769087,9.460395490496812e-26,-0.22134008865677268,0.019336521582396175,0.05347290796732245,1.8612435314934626,length;ortho_n;bg_mean,568,0.01951467226851398,0.05401157396383856
SmolLM3-3B-Base,SmolLM,rf2_ex20,cka_high,behavior,behavior,lm_logprob,750,1.1248242432422202,0.9941440634920633,False,0.46534917744891613,0.0440101170218965,0.3790909331306058,0.5516074217672264,3.9466910145379995e-26,-0.01839617082979653,0.6838246313429363,0.4701026431828118,5.343043265137089e-29,0.010111548622046662,0.004967192466948057,0.6022453682425557,1.9602202597937277,length;ortho_n;bg_mean,568,0.005057688379920128,0.5832525096899339
SmolLM3-3B-Base,SmolLM,rf2_ex20,cka_low,frozen,early,hal_log_freq,750,0.016194957091900837,0.9972008888888888,False,0.015998291365567293,0.009673316939224972,-0.002961061446354881,0.034957644177489464,0.09815639411850535,-0.004396240444320356,0.7260741809096236,0.01799163488112793,0.02198157246111787,0.110792795025622,-0.0010099278558607329,0.9147201270942314,1.8612435314934626,length;ortho_n;bg_mean,717,-0.0014955082444889811,0.8178027615559212
SmolLM3-3B-Base,SmolLM,rf2_ex20,cka_low,frozen,early,lm_logprob,750,0.016194957091900837,0.9972008888888888,False,0.033603541978755896,0.008986783289149857,0.01598977039515577,0.05121731356235602,0.00018459358470590933,-0.004327633083841,0.677710834791309,0.034721777711791905,6.22099335797046e-05,0.03220560140433837,0.02479607228984979,0.00528884309438736,1.9602202597937277,length;ortho_n;bg_mean,717,0.012178526283117703,0.025719202010690848
SmolLM3-3B-Base,SmolLM,rf2_ex20,cka_low,frozen,middle,hal_log_freq,750,0.012660161429797407,0.9972008888888888,False,0.04231642815700657,0.012276140934845753,0.018255634055571027,0.06637722225844211,0.0005667511086884842,-0.03329668664289782,0.02902824529909868,0.05741381312716289,1.7072501327488308e-09,0.26295736422727933,0.029837300182732493,0.014308607696844769,1.8612435314934626,length;ortho_n;bg_mean,720,0.01398351010734107,0.1348713724398592
SmolLM3-3B-Base,SmolLM,rf2_ex20,cka_low,frozen,middle,lm_logprob,750,0.012660161429797407,0.9972008888888888,False,0.058563029415344366,0.009898374567543682,0.039162571757471516,0.07796348707321721,3.2900658510810948e-09,-0.04459446016550525,0.00026901771688957155,0.07008598385404642,1.0446535501265756e-13,0.16441168126709227,0.051876467592490386,1.1926727243275476e-07,1.9602202597937277,length;ortho_n;bg_mean,720,0.024234167301034087,0.00011773244936293922
SmolLM3-3B-Base,SmolLM,rf2_ex20,cka_low,frozen,late,hal_log_freq,750,0.336253329902746,0.9972008888888888,False,0.015532209405216843,0.01481023861010865,-0.013495324873040658,0.044559743683474345,0.2942940761135697,-0.03518910198780608,0.06590721555923748,0.03148765341565927,0.010817602936240268,0.5067206437970875,-0.02146568973882939,0.12601774395455814,1.8612435314934626,length;ortho_n;bg_mean,714,-0.005673270397187234,0.6006157532450241
SmolLM3-3B-Base,SmolLM,rf2_ex20,cka_low,frozen,late,lm_logprob,750,0.336253329902746,0.9972008888888888,False,0.03055570617582095,0.01343472093288536,0.004224137005019286,0.056887275346622614,0.02294294507705096,-0.035905760024012245,0.030936149290814913,0.03983355000010164,0.0019726137640436606,0.23291531445871683,0.008060444761548961,0.5242368019689485,1.9602202597937277,length;ortho_n;bg_mean,714,0.0042855880392838105,0.6331820834038058
SmolLM3-3B-Base,SmolLM,rf2_ex20,cka_low,frozen,all,hal_log_freq,750,0.11793467831828214,0.9972008888888888,False,0.024307880418417242,0.0096011661716572,0.005489940512384821,0.043125820324449664,0.011349056520922787,-0.02358337507569787,0.054131256309694245,0.035001055274881385,5.330309489219447e-06,0.3055100702674566,0.004984907921647146,0.5832791426137168,1.8612435314934626,length;ortho_n;bg_mean,720,0.0019411875561071335,0.7837591394180103
SmolLM3-3B-Base,SmolLM,rf2_ex20,cka_low,frozen,all,lm_logprob,750,0.11793467831828214,0.9972008888888888,False,0.04064657286100167,0.008046660115981905,0.02487540883784224,0.0564177368841611,4.3867659580635243e-07,-0.02742065401943101,0.006899100022058981,0.04773191363590185,4.88377451097787e-10,0.1484403250401195,0.030071965845714362,0.0001077363375011347,1.9602202597937277,length;ortho_n;bg_mean,720,0.01298705488458918,0.01304315929750515
SmolLM3-3B-Base,SmolLM,rf2_ex20,cka_low,behavior,behavior,hal_log_freq,750,-0.028829047154598924,0.9972008888888888,False,0.2169128797114559,0.03079781457338189,0.1565502723450846,0.27727548707782723,1.879744876116647e-12,0.0683106155670171,0.06595425219169483,0.18593947770829927,5.076287134413322e-14,-0.16657786923413598,0.039147124567411797,0.18051378983838196,1.8612435314934626,length;ortho_n;bg_mean,568,0.0894809309669657,0.004253231875051434
SmolLM3-3B-Base,SmolLM,rf2_ex20,cka_low,behavior,behavior,lm_logprob,750,-0.028829047154598924,0.9972008888888888,False,0.2328694370234378,0.02725885721395475,0.17944305862436666,0.2862958154225089,1.3090523647099468e-17,-0.015089917686739967,0.6251400462323464,0.23676858578188759,1.9660581666146141e-19,0.01646818451685017,0.06449250838935518,0.01007527905434515,1.9602202597937277,length;ortho_n;bg_mean,568,0.11354004672164689,2.8368794307011747e-06
SmolLM3-3B-Base,SmolLM,rf2_ex20,kvdist_low,frozen,early,hal_log_freq,750,0.016194957091900837,0.9966149206349205,False,0.015998291365567293,0.009673316939224972,-0.002961061446354881,0.034957644177489464,0.09815639411850535,-0.004396240444320356,0.7260741809096236,0.01799163488112793,0.02198157246111787,0.110792795025622,-0.0010099278558607329,0.9147201270942314,1.8612435314934626,length;ortho_n;bg_mean,717,-0.0014955082444889811,0.8178027615559212
SmolLM3-3B-Base,SmolLM,rf2_ex20,kvdist_low,frozen,early,lm_logprob,750,0.016194957091900837,0.9966149206349205,False,0.033603541978755896,0.008986783289149857,0.01598977039515577,0.05121731356235602,0.00018459358470590933,-0.004327633083841,0.677710834791309,0.034721777711791905,6.22099335797046e-05,0.03220560140433837,0.02479607228984979,0.00528884309438736,1.9602202597937277,length;ortho_n;bg_mean,717,0.012178526283117703,0.025719202010690848
SmolLM3-3B-Base,SmolLM,rf2_ex20,kvdist_low,frozen,middle,hal_log_freq,750,0.1893776007281096,0.9966149206349205,False,0.07029327059908336,0.012742821345059264,0.04531779970133895,0.09526874149682776,3.4620408445874794e-08,-0.032771363058507676,0.04099311908339987,0.08515246332889757,3.727903957139905e-17,0.17450103201854827,0.05351541658568736,1.4541750296317631e-05,1.8612435314934626,length;ortho_n;bg_mean,720,0.021060043170798397,0.020125231650474865
SmolLM3-3B-Base,SmolLM,rf2_ex20,kvdist_low,frozen,middle,lm_logprob,750,0.1893776007281096,0.9966149206349205,False,0.0629329557637199,0.010590950811602828,0.04217507361094311,0.0836908379164967,2.8131796948229043e-09,-0.06454263657163212,1.7537943149440322e-06,0.07961040533499882,7.847405494173818e-15,0.20948831375874266,0.05318938577939913,3.0036310836610534e-07,1.9602202597937277,length;ortho_n;bg_mean,720,0.021529282519573423,0.0008153163795793095
SmolLM3-3B-Base,SmolLM,rf2_ex20,kvdist_low,frozen,late,hal_log_freq,750,0.6734593503740252,0.9966149206349205,False,0.019353235297880765,0.01786270764988893,-0.015657028362269648,0.05436349895803118,0.2786115964671686,0.0225217027122856,0.3287378924181671,0.009141443966285455,0.5326853465124912,-1.1170873408246442,-0.01645910417834527,0.34172526876110787,1.8612435314934626,length;ortho_n;bg_mean,714,-0.024534400087095218,0.06239263163907809
SmolLM3-3B-Base,SmolLM,rf2_ex20,kvdist_low,frozen,late,lm_logprob,750,0.6734593503740252,0.9966149206349205,False,0.01727040749185144,0.015837266304139775,-0.013770064077832288,0.04831087906153517,0.2754966064861333,0.013753050087614979,0.4843631495749854,0.01371669770447842,0.36941785019680096,-0.2590791066433398,-0.00465058498862241,0.762152243471198,1.9602202597937277,length;ortho_n;bg_mean,714,-0.01518727789689834,0.1650691568769117
SmolLM3-3B-Base,SmolLM,rf2_ex20,kvdist_low,frozen,all,hal_log_freq,750,0.2831243618156508,0.9966149206349205,False,0.03452862381172675,0.010265045799261418,0.014409503745520198,0.0546477438779333,0.0007690266820834595,-0.004864619555685853,0.7049064027493508,0.03673433980242594,7.643990146066055e-06,0.06004506961503986,0.01474147669048164,0.1316434336740748,1.8612435314934626,length;ortho_n;bg_mean,720,-0.00018669791562106117,0.9792235365392906
SmolLM3-3B-Base,SmolLM,rf2_ex20,kvdist_low,frozen,all,lm_logprob,750,0.2831243618156508,0.9966149206349205,False,0.037780917467417886,0.008670173027866778,0.02078769059306841,0.05477414434176736,1.3151225482342941e-05,-0.01787080747123445,0.09591232664239488,0.04239863230261479,3.3876047860659675e-07,0.10891188192672252,0.026561718136763942,0.001680693997146487,1.9602202597937277,length;ortho_n;bg_mean,720,0.006154238680590447,0.2726529091515043
SmolLM3-3B-Base,SmolLM,rf2_ex20,kvdist_low,behavior,behavior,hal_log_freq,750,0.6994319963075988,0.9966149206349205,False,0.21855349855247735,0.034234728695952336,0.15145466328791088,0.2856523338170438,1.7255432971555543e-10,-0.018785760479840676,0.6537829637513483,0.22707133880976912,2.305872731424365e-17,0.03751173662840668,0.023152294256351864,0.47927604904103793,1.8612435314934626,length;ortho_n;bg_mean,568,0.011506396886819023,0.7069571221333993
SmolLM3-3B-Base,SmolLM,rf2_ex20,kvdist_low,behavior,behavior,lm_logprob,750,0.6994319963075988,0.9966149206349205,False,0.24945821769686313,0.029966581382395746,0.19072479744757898,0.3081916379461473,8.46517776946616e-17,-0.09720342709143028,0.004854979099583751,0.2745750294601019,7.625636253225209e-22,0.09147522195527424,0.06533634414964616,0.020989549712709894,1.9602202597937277,length;ortho_n;bg_mean,568,0.03329024252866064,0.17887772989264106
SmolLM3-3B-Base,SmolLM,rf2_ex20,kvdist_high,frozen,early,hal_log_freq,750,0.4409164414439915,0.9896361269841271,False,0.07413378150995151,0.014252381974846294,0.046199626145344924,0.10206793687455809,1.9768522829922873e-07,-0.13432351827895544,8.394268495608341e-13,0.13503875646294078,1.254280475926073e-28,0.45101848201411465,0.015117880497508673,0.18959992834518125,1.8612435314934626,length;ortho_n;bg_mean,717,0.00949051473159832,0.24662990494094905
SmolLM3-3B-Base,SmolLM,rf2_ex20,kvdist_high,frozen,early,lm_logprob,750,0.4409164414439915,0.9896361269841271,False,0.03196357908918653,0.013844402401251668,0.00482904899525342,0.05909810918311964,0.020956194572418006,-0.18085737072998412,1.278873581008927e-27,0.07869609328692717,2.2708581887656932e-08,0.5938352495765344,-0.0008062564707157487,0.9452737076047717,1.9602202597937277,length;ortho_n;bg_mean,717,0.0003782634250281276,0.9570082711639876
SmolLM3-3B-Base,SmolLM,rf2_ex20,kvdist_high,frozen,middle,hal_log_freq,750,0.9555741067389806,0.9896361269841271,False,0.16565499775891251,0.026835888945384904,0.11305762193284152,0.2182523735849835,6.705275078848756e-10,-0.10424661211948584,0.0035919383596226522,0.21292250073546315,1.1674915712556246e-22,0.2219939311875555,0.053688228171066665,0.011903082606807178,1.8612435314934626,length;ortho_n;bg_mean,720,0.03237733931543723,0.04537811433062633
SmolLM3-3B-Base,SmolLM,rf2_ex20,kvdist_high,frozen,middle,lm_logprob,750,0.9555741067389806,0.9896361269841271,False,0.07302118087714313,0.02497243476707707,0.024076108127396176,0.12196625362689008,0.003454855534896493,-0.20762371365996019,2.3739354316055588e-11,0.12666996559207605,1.8453414606878165e-07,0.4235320066929028,0.010615698787233936,0.5876765000556725,1.9602202597937277,length;ortho_n;bg_mean,720,0.004877873650830852,0.6822700127932326
SmolLM3-3B-Base,SmolLM,rf2_ex20,kvdist_high,frozen,late,hal_log_freq,750,0.8262629391916874,0.9896361269841271,False,0.06468333865093179,0.03067363379827536,0.004564121131341539,0.12480255617052204,0.034965284189725034,-0.17247663305541838,1.230387451581101e-05,0.14288770040983578,4.478453559402825e-08,0.5473134603929894,-0.04575287833454415,0.06911308783461156,1.8612435314934626,length;ortho_n;bg_mean,714,-0.029470557298288128,0.11603325810018866
SmolLM3-3B-Base,SmolLM,rf2_ex20,kvdist_high,frozen,late,lm_logprob,750,0.8262629391916874,0.9896361269841271,False,0.031972350981029136,0.02794898351976226,-0.022806650122208408,0.08675135208426668,0.25264272207763483,-0.21153244956365164,4.593169254429753e-10,0.08663113078423086,0.0017321146425967908,0.6309369311978443,-0.03508524736774179,0.13726173470651556,1.9602202597937277,length;ortho_n;bg_mean,714,-0.02392341345052376,0.1264496199783339
SmolLM3-3B-Base,SmolLM,rf2_ex20,kvdist_high,frozen,all,hal_log_freq,750,0.7302034938505688,0.9896361269841271,False,0.10051367295671838,0.01963497819838029,0.062029822850663864,0.1389975230627729,3.0697593139541263e-07,-0.13691944247727475,1.795725109486976e-07,0.16259569196203916,2.806832579848132e-22,0.3818183511271315,0.010132634155330915,0.5079433096080281,1.8612435314934626,length;ortho_n;bg_mean,720,0.010005131239880487,0.33374082981386144
SmolLM3-3B-Base,SmolLM,rf2_ex20,kvdist_high,frozen,all,lm_logprob,750,0.7302034938505688,0.9896361269841271,False,0.04516348491483629,0.018186515719870285,0.009518569099618991,0.08080840073005358,0.013015311442053902,-0.19932068486829796,4.1400871834307804e-18,0.09666681429485836,1.2129257345683927e-07,0.5327922488779223,-0.006442536828785865,0.6591410002228317,1.9602202597937277,length;ortho_n;bg_mean,720,-0.004874239928486081,0.5762252080242364
SmolLM3-3B-Base,SmolLM,rf2_ex20,kvdist_high,behavior,behavior,hal_log_freq,750,0.8914891428346855,0.9896361269841271,False,0.4307890211237895,0.04855002135098729,0.3356327278272037,0.5259453144203752,7.113968305381081e-19,0.2919933822200581,2.2711043152435114e-07,0.2983933702473825,1.3981314366733747e-14,-0.44369501496177555,-0.05184400152538004,5.512233197543883e-05,1.8612435314934626,length;ortho_n;bg_mean,568,-0.018163863586574264,0.13176138514245586
SmolLM3-3B-Base,SmolLM,rf2_ex20,kvdist_high,behavior,behavior,lm_logprob,750,0.8914891428346855,0.9896361269841271,False,0.42549882251119786,0.04415574701870323,0.33895514864407766,0.5120424963783181,5.616649219986667e-22,0.11235934737193039,0.01585916479071751,0.39646580729531805,3.3191193003080672e-21,-0.0732295564501324,-0.03619117057007758,0.0015879742671364321,1.9602202597937277,length;ortho_n;bg_mean,568,0.0028685904957637,0.7878854161882594
SmolLM3-3B-Base,SmolLM,rf2_ex20,fidelity_high,frozen,early,hal_log_freq,750,0.5506195883519686,0.9924059047619048,False,0.06101799369382642,0.018558821278185218,0.024643372393067783,0.09739261499458506,0.001009677255794505,-0.08965888845145395,4.7285311807699444e-05,0.10167113042977947,8.063145822275171e-11,0.3998493629814679,-0.013058731473083665,0.37544714380735855,1.8612435314934626,length;ortho_n;bg_mean,717,-0.008309083416172059,0.40607016199819346
SmolLM3-3B-Base,SmolLM,rf2_ex20,fidelity_high,frozen,early,lm_logprob,750,0.5506195883519686,0.9924059047619048,False,0.046527216495511683,0.016988562761765937,0.013230245333352132,0.07982418765767124,0.006167556701209276,-0.12030518771138546,3.4698754741515354e-10,0.07761339158526198,4.036316367914176e-06,0.4005259202672604,0.0068739467150447636,0.6268115223626006,1.9602202597937277,length;ortho_n;bg_mean,717,0.0016020421159230226,0.8464959044344811
SmolLM3-3B-Base,SmolLM,rf2_ex20,fidelity_high,frozen,middle,hal_log_freq,750,0.9706824126960516,0.9924059047619048,False,0.10906113677459547,0.026068243858028733,0.05796831767265169,0.16015395587653924,2.8683038476487173e-05,-0.0031269089348611332,0.930028446195033,0.11047893994710101,1.2119475570385492e-07,0.012833243812661488,0.025385761177388434,0.3046956104044549,1.8612435314934626,length;ortho_n;bg_mean,720,0.0044898278243512965,0.8023839638163268
SmolLM3-3B-Base,SmolLM,rf2_ex20,fidelity_high,frozen,middle,lm_logprob,750,0.9706824126960516,0.9924059047619048,False,0.02269232853500347,0.025166446427088703,-0.026633000080947114,0.07201765715095405,0.3672216625373085,-0.08079622138782877,0.007481787485664759,0.04356961182122188,0.0726233466840592,0.47917074340445487,-0.02395788741796831,0.2739167061379105,1.9602202597937277,length;ortho_n;bg_mean,720,-0.02239970976557001,0.09316851715975705
SmolLM3-3B-Base,SmolLM,rf2_ex20,fidelity_high,frozen,late,hal_log_freq,750,0.864918705652788,0.9924059047619048,False,0.025665043848521807,0.02908696893656187,-0.031344367686574774,0.0826744553836184,0.37758465109594697,-0.058098351329065843,0.13161917867762654,0.05200800059834588,0.025839780144953837,0.5065173905312929,-0.03689193800745742,0.17499746010832362,1.8612435314934626,length;ortho_n;bg_mean,714,-0.037091212231161956,0.09441726452331839
SmolLM3-3B-Base,SmolLM,rf2_ex20,fidelity_high,frozen,late,lm_logprob,750,0.864918705652788,0.9924059047619048,False,-0.029243430836723712,0.02662158156214633,-0.08142077191002607,0.022933910236578647,0.2719923900472989,-0.08946934270871448,0.004947956218822153,-0.006125062414571549,0.8129751592898578,-3.7743890359636936,-0.06823419934193543,0.006227927096108721,1.9602202597937277,length;ortho_n;bg_mean,714,-0.06667805818895155,0.001697146108691428
SmolLM3-3B-Base,SmolLM,rf2_ex20,fidelity_high,frozen,all,hal_log_freq,750,0.7866644981664015,0.9924059047619048,False,0.06509698437665422,0.019988135136004604,0.02592095939196558,0.10427300936134286,0.0011268322307670365,-0.051700579531781525,0.04488400763056716,0.08853906318595768,7.874514064626634e-08,0.26476538112977666,-0.0030183260246879375,0.8652464632739587,1.8612435314934626,length;ortho_n;bg_mean,720,-0.008322292661792484,0.5195782785935628
SmolLM3-3B-Base,SmolLM,rf2_ex20,fidelity_high,frozen,all,lm_logprob,750,0.7866644981664015,0.9924059047619048,False,0.014511151579986932,0.01850840003155252,-0.021764645893316004,0.05078694905328987,0.4330221680439664,-0.09769435549938371,8.34775373400724e-06,0.03975481644687401,0.03009572344131923,0.6349838113482733,-0.02435344291311997,0.13089058233350842,1.9602202597937277,length;ortho_n;bg_mean,720,-0.02345892889026605,0.028928157501195834
SmolLM3-3B-Base,SmolLM,rf2_ex20,fidelity_high,behavior,behavior,hal_log_freq,750,1.214259809983192,0.9924059047619048,False,0.41691603313228554,0.05002191532073242,0.31887488066593767,0.5149571855986335,7.771626483788906e-17,0.31746967659833325,2.521422962484255e-08,0.27296891985462246,9.073201804039967e-12,-0.5273388389942939,-0.052820856194747114,0.00011708194040883823,1.8612435314934626,length;ortho_n;bg_mean,568,-0.06352322367117713,3.00603909589016e-06
SmolLM3-3B-Base,SmolLM,rf2_ex20,fidelity_high,behavior,behavior,lm_logprob,750,1.214259809983192,0.9924059047619048,False,0.41185726189499516,0.04388585695058247,0.32584256284117674,0.4978719609488136,6.307315785063039e-21,0.14364363574184064,0.0019620353957546383,0.3747405648003394,2.425089629784284e-19,-0.09904638190005244,-0.03795749329033782,0.005693275163015507,1.9602202597937277,length;ortho_n;bg_mean,568,-0.0463367015468977,0.00012166700653803366
SmolLM3-3B-Base,SmolLM,rf2_ex20,random_same_ratio_mean,frozen,early,hal_log_freq,750,0.16318053578813135,0.9951760806349208,False,0.025242587520518733,0.00642114149331418,0.012657381453987199,0.03782779358705027,8.453408746467057e-05,-0.03870515237459271,1.718596477722658e-06,0.04279227923593837,1.0624631381969994e-15,0.41011350712725825,0.00020538722507457241,0.9681947841753801,1.8612435314934626,length;ortho_n;bg_mean,717,0.0003638221582642079,0.9181203992300507
SmolLM3-3B-Base,SmolLM,rf2_ex20,random_same_ratio_mean,frozen,early,lm_logprob,750,0.16318053578813135,0.9951760806349208,False,0.018236692637789514,0.005882062093940322,0.006708062778838227,0.0297653224967408,0.001932653032842242,-0.05176608328706257,7.205009722876866e-14,0.03161275363220611,6.392142257042829e-08,0.4231222989948421,0.00462615741753815,0.3511338171957372,1.9602202597937277,length;ortho_n;bg_mean,717,0.0023065829210390204,0.43984247901834717
SmolLM3-3B-Base,SmolLM,rf2_ex20,random_same_ratio_mean,frozen,middle,hal_log_freq,750,0.4536779824728571,0.9951760806349208,False,0.07034562766488306,0.01350507159235725,0.04387617373522785,0.09681508159453828,1.9003469998522424e-07,-0.02583025102887906,0.12511101633388613,0.08205758110460906,4.320250141473298e-14,0.14272847532265553,0.015608459473175436,0.16046364144096448,1.8612435314934626,length;ortho_n;bg_mean,720,0.009171743885229424,0.23019395366050943
SmolLM3-3B-Base,SmolLM,rf2_ex20,random_same_ratio_mean,frozen,middle,lm_logprob,750,0.4536779824728571,0.9951760806349208,False,0.03143960129316555,0.01239294105522548,0.0071498831623957974,0.0557293194239353,0.01118402069399572,-0.06956628586756651,1.1803199144616698e-06,0.049415133221271564,4.512422311806705e-05,0.3637657283572423,0.0010216842154345373,0.9160943626440983,1.9602202597937277,length;ortho_n;bg_mean,720,0.00010842030036724119,0.9852276758961375
SmolLM3-3B-Base,SmolLM,rf2_ex20,random_same_ratio_mean,frozen,late,hal_log_freq,750,0.45739024281958707,0.9951760806349208,False,0.04580792413518289,0.01786191598088887,0.010799212117760276,0.08081663615260551,0.010330723489326251,-0.04288044818876838,0.05162359960341959,0.06525077864325349,9.407282310471038e-06,0.29797122597372805,-0.021087194903585404,0.16062736012845424,1.8612435314934626,length;ortho_n;bg_mean,714,-0.006941679745664767,0.5066236604887022
SmolLM3-3B-Base,SmolLM,rf2_ex20,random_same_ratio_mean,frozen,late,lm_logprob,750,0.45739024281958707,0.9951760806349208,False,0.020585441664175665,0.01631267858047601,-0.01138682084493529,0.05255770417328662,0.20697434683625282,-0.07131805263239108,0.00013481052981681896,0.03901362014396976,0.01443216587569767,0.4723524351698106,-0.020778110085971635,0.13367657971833707,1.9602202597937277,length;ortho_n;bg_mean,714,-0.01548399425543294,0.07829084467306786
SmolLM3-3B-Base,SmolLM,rf2_ex20,random_same_ratio_mean,frozen,all,hal_log_freq,750,0.3511221209111897,0.9951760806349208,False,0.04635028005020651,0.010572451452269262,0.02562865597546057,0.06707190412495245,1.1648672887379618e-05,-0.03590885059659834,0.00593803999836657,0.06263207250321953,8.748393248312119e-13,0.25995934354840444,0.00043526656871410415,0.9600416297632379,1.8612435314934626,length;ortho_n;bg_mean,720,0.002646036334177683,0.6598447600718111
SmolLM3-3B-Base,SmolLM,rf2_ex20,random_same_ratio_mean,frozen,all,lm_logprob,750,0.3511221209111897,0.9951760806349208,False,0.023235439749784512,0.009601544596671143,0.004416758144353914,0.04205412135521511,0.015521832614680684,-0.06377213854893729,9.90623698239323e-09,0.03971379702175833,3.126180633592773e-05,0.41492777089397126,-0.003090018044239158,0.6945327686926874,1.9602202597937277,length;ortho_n;bg_mean,720,-0.0027263829095256487,0.5777424021594846
Qwen3-4B-Base,Qwen,rf2_ex20,full,frozen,early,hal_log_freq,750,0.6453981754581494,0.9352112380952381,False,0.0873136729263647,0.012683212428108801,0.06245503335900064,0.11217231249372876,5.811633824958137e-12,-0.05868327409822391,0.00017662566178002967,0.11392184538123777,1.3896698841971455e-31,0.2335651460510424,0.03260193524476524,0.001203719818006777,1.8612435314934626,length;ortho_n;bg_mean,717,0.007092518541294115,0.260657109520839
Qwen3-4B-Base,Qwen,rf2_ex20,full,frozen,early,lm_logprob,750,0.6453981754581494,0.9352112380952381,False,0.04265793944327654,0.011812260351537781,0.01950633457825205,0.06580954430830102,0.00030463379812998176,-0.10291756211080044,1.0625314828653227e-12,0.0809452557559623,4.365104592357039e-15,0.4730025985477917,-0.005094620700277075,0.589924585533551,1.8890239087837861,length;ortho_n;bg_mean,717,-0.01287302514770927,0.04297207837052966
Qwen3-4B-Base,Qwen,rf2_ex20,full,frozen,middle,hal_log_freq,750,2.903486569327085,0.9352112380952381,False,0.20852243685311037,0.029750051233131878,0.15021340789795046,0.2668314658082703,2.397780521721615e-12,-0.1969944147985168,1.7981545228676673e-08,0.29784365217644504,2.258920020686163e-37,0.299892962870399,-0.006406517810179636,0.7298909939310991,1.8612435314934626,length;ortho_n;bg_mean,719,-0.08537235721313188,0.0007758261798702391
Qwen3-4B-Base,Qwen,rf2_ex20,full,frozen,middle,lm_logprob,750,2.903486569327085,0.9352112380952381,False,0.1384757284525113,0.027005284434166485,0.08554634356928487,0.19140511333573773,2.9326114332647173e-07,-0.2813347475030249,2.1662509948570402e-20,0.24313767580607668,7.679344161699111e-23,0.430463715697613,-0.04175032633881838,0.012701097790762873,1.8890239087837861,length;ortho_n;bg_mean,719,-0.10419243710066915,5.858328714227282e-08
Qwen3-4B-Base,Qwen,rf2_ex20,full,frozen,late,hal_log_freq,750,2.384206218045591,0.9352112380952381,False,0.3254962251500602,0.04252617281786664,0.24214645802671536,0.40884599227340507,1.9479025613160808e-14,-0.06007117656253788,0.28384049946514833,0.3527337003950127,6.928356728709866e-25,0.0772182391828461,0.05051814722647172,0.1307098938145734,1.8612435314934626,length;ortho_n;bg_mean,706,-0.03908266002626349,0.12325059038537878
Qwen3-4B-Base,Qwen,rf2_ex20,full,frozen,late,lm_logprob,750,2.384206218045591,0.9352112380952381,False,0.22397336172569768,0.040513137024496895,0.14456907225694754,0.3033776511944478,3.2314022730513726e-08,-0.1871739178384771,0.00017474479167693045,0.2936056659776305,4.59095270577049e-16,0.23716267198071728,-0.0006086481173839513,0.9846417455308311,1.8890239087837861,length;ortho_n;bg_mean,706,-0.06036851597956942,0.00901196331070268
Qwen3-4B-Base,Qwen,rf2_ex20,full,frozen,all,hal_log_freq,750,1.9301148871762708,0.9352112380952381,False,0.20283231026043513,0.02347546824208134,0.15682123798574188,0.2488433825351284,5.612370852416883e-18,-0.10358653797256194,0.0003408093516163881,0.24980052239126785,3.688841248171864e-41,0.18802287393645,0.03638347762260951,0.023084559560049723,1.8612435314934626,length;ortho_n;bg_mean,718,-0.03689758151678167,0.024099688963358634
Qwen3-4B-Base,Qwen,rf2_ex20,full,frozen,all,lm_logprob,750,1.9301148871762708,0.9352112380952381,False,0.13173647164416588,0.02201758372464932,0.08858280051725795,0.17489014277107381,2.1874306267428985e-09,-0.18734834318505444,9.698316698752865e-14,0.20143366548617822,1.0864507589900242e-23,0.3460056871516085,-0.009898413754762728,0.5040983934406396,1.8890239087837861,length;ortho_n;bg_mean,718,-0.055611124287764414,0.00012212666772826956
Qwen3-4B-Base,Qwen,rf2_ex20,full,behavior,behavior,hal_log_freq,750,1.4484644850656483,0.9352112380952381,False,0.4397775444649959,0.06606634934198889,0.31028987916465617,0.5692652097653357,2.8022631474513846e-11,-0.7169172004218735,3.552472861176112e-16,0.7648421697406889,9.079644095237782e-47,0.42500876407730304,-0.14774170071450188,0.0008593557201472973,1.8612435314934626,length;ortho_n;bg_mean,557,-0.1643969691462145,0.0003678274109344272
Qwen3-4B-Base,Qwen,rf2_ex20,full,behavior,behavior,lm_logprob,750,1.4484644850656483,0.9352112380952381,False,0.3678724034877387,0.06585434172865232,0.23880026547398694,0.4969445415014905,2.3215523419681923e-08,-0.8506652105976704,4.815183935592897e-28,0.6843362540333443,4.540368454750789e-29,0.4624391133458581,-0.15907746916259938,0.00015116505722094506,1.8890239087837861,length;ortho_n;bg_mean,557,-0.1645684770242167,0.00012659232277582733
Qwen3-4B-Base,Qwen,rf4_ex20,full,frozen,early,hal_log_freq,750,0.9594561357201172,0.9019025396825399,False,0.07137429499492719,0.014520855117153031,0.042913941940583095,0.09983464804927128,8.86486069138299e-07,-0.07358182364975022,0.00017803109804499852,0.10473776837474433,1.588756384958343e-19,0.3185429086138726,0.017457864882415797,0.15936070404108282,1.8612435314934626,length;ortho_n;bg_mean,717,-0.017481828912854266,0.0722960597107793
Qwen3-4B-Base,Qwen,rf4_ex20,full,frozen,early,lm_logprob,750,0.9594561357201172,0.9019025396825399,False,0.043902449843863184,0.012995343381372046,0.01843204484964301,0.06937285483808336,0.0007292972340457975,-0.10448478981410485,4.9894116344340074e-09,0.08277280506244351,1.668894081763762e-12,0.46960297152255104,-0.00101368139424898,0.9273804035749882,1.8890239087837861,length;ortho_n;bg_mean,717,-0.0303189537675402,0.0014629237760781465
Qwen3-4B-Base,Qwen,rf4_ex20,full,frozen,middle,hal_log_freq,750,2.6770276257250845,0.9019025396825399,False,0.26106845780385274,0.028369821586063052,0.20546462924734216,0.3166722863603633,3.502710112303244e-20,-0.42329725044554145,4.174177558755379e-31,0.45299991378697124,1.265601672540346e-85,0.42368982894194684,0.06416863760105466,0.0004899913633718403,1.8612435314934626,length;ortho_n;bg_mean,719,-0.05362266469799139,0.004193649575130141
Qwen3-4B-Base,Qwen,rf4_ex20,full,frozen,middle,lm_logprob,750,2.6770276257250845,0.9019025396825399,False,0.1870699954808627,0.027241628404440055,0.13367738492793685,0.24046260603378855,6.553684595758411e-12,-0.5209180784154527,2.5415710879232219e-57,0.38086155867215427,3.6897432522725206e-48,0.5088241613748878,0.020658555775480383,0.23743263079056165,1.8890239087837861,length;ortho_n;bg_mean,719,-0.05598198220436089,0.00013761524324033437
Qwen3-4B-Base,Qwen,rf4_ex20,full,frozen,late,hal_log_freq,750,3.0111968337115385,0.9019025396825399,False,0.3512049773409895,0.04038518980921218,0.2720514598061196,0.43035849487585937,3.4263813019815306e-18,-0.38881113641922427,3.538743425791488e-14,0.527499738142875,2.669871928350881e-52,0.3342082432543986,0.10581354816468022,0.002849359591912954,1.8612435314934626,length;ortho_n;bg_mean,706,-0.10997156854282386,0.0011361518427298511
Qwen3-4B-Base,Qwen,rf4_ex20,full,frozen,late,lm_logprob,750,3.0111968337115385,0.9019025396825399,False,0.23166291095276903,0.041165342340884356,0.15098032255337393,0.31234549935216416,1.8271286734366723e-08,-0.5317728612955109,6.080351207958764e-29,0.42949266254563656,2.5240186232441925e-29,0.46061264567435245,0.026435246759448437,0.43323763871072873,1.8890239087837861,length;ortho_n;bg_mean,706,-0.0921770160113933,0.0003772221902348955
Qwen3-4B-Base,Qwen,rf4_ex20,full,frozen,all,hal_log_freq,750,2.171020767576099,0.9019025396825399,False,0.22229299522331616,0.02265937295440346,0.1778814403204244,0.2667045501262079,1.0176600577241946e-22,-0.28731406136715687,6.907636707984695e-22,0.3525669482541448,4.861981685854292e-76,0.36950132074468256,0.07129276914669054,7.396762161494511e-05,1.8612435314934626,length;ortho_n;bg_mean,718,-0.04307421859165046,0.012068382981628637
Qwen3-4B-Base,Qwen,rf4_ex20,full,frozen,all,lm_logprob,750,2.171020767576099,0.9019025396825399,False,0.15027216629790424,0.022549172078515967,0.10607660114281675,0.19446773145299173,2.661129880006084e-11,-0.3756809412692755,2.223284951177976e-42,0.290032715770877,2.3283898916278792e-42,0.48187856704890575,0.021354040467710143,0.19506774157010354,1.8890239087837861,length;ortho_n;bg_mean,718,-0.05776461588225154,6.277574886341771e-05
Qwen3-4B-Base,Qwen,rf4_ex20,full,behavior,behavior,hal_log_freq,750,2.903373328004446,0.9019025396825399,False,0.4563480930420561,0.1105753050458658,0.23962447757262903,0.6730717085114831,3.67471364313032e-05,-0.14866662588113141,0.31617095477871093,0.52375652040942,6.552797402842927e-09,0.1287018390046406,-0.13244522618270335,0.23786223164892495,1.8612435314934626,length;ortho_n;bg_mean,557,-0.36047022721776534,0.005849360617836315
Qwen3-4B-Base,Qwen,rf4_ex20,full,behavior,behavior,lm_logprob,750,2.903373328004446,0.9019025396825399,False,0.41791671487116333,0.1185092377361534,0.18564287707300756,0.6501905526693191,0.0004211731860080558,-0.26639688633851916,0.04966245491822971,0.5170214900209736,9.296031255070088e-07,0.1916840538790564,-0.10699631874003883,0.3659679589571475,1.8890239087837861,length;ortho_n;bg_mean,557,-0.4141191887452653,0.0006692851078550741
Qwen3-4B-Base,Qwen,rf2_ex00,full,frozen,early,hal_log_freq,750,1.5814687448378515,0.8312001481481482,False,0.09921148174924076,0.02984904961446652,0.0407084195321372,0.15771454396634432,0.000888082753983814,0.4485830613985676,1.1260267779581252e-27,-0.10418506763294863,3.424236139004057e-05,1.9522620083980733,0.02082715111408056,0.4481716383634424,1.8612435314934626,length;ortho_n;bg_mean,691,-0.0031525085229615977,0.91737696925554
Qwen3-4B-Base,Qwen,rf2_ex00,full,frozen,early,lm_logprob,750,1.5814687448378515,0.8312001481481482,False,0.0686643147749908,0.027861620193990196,0.014056542643836142,0.12327208690614545,0.013721347093065323,0.4100731383763709,7.633945331097269e-28,-0.08389079475479641,0.0005705643825905164,1.818496415198939,-0.007809283958131855,0.7616882384024962,1.8890239087837861,length;ortho_n;bg_mean,691,-0.0517385226093209,0.08547704867233233
Qwen3-4B-Base,Qwen,rf2_ex00,full,frozen,middle,hal_log_freq,750,3.106413918501216,0.8312001481481482,False,0.18783806849211268,0.03614899360828548,0.11698734294250453,0.25868879404172085,2.0338321984691832e-07,0.04480549881053757,0.34820249019415705,0.1675223574552357,1.012350593498388e-09,-0.12127164006933011,-0.05608731545071382,0.011986888504830248,1.8612435314934626,length;ortho_n;bg_mean,721,-0.09469560029415856,6.911747993161754e-05
Qwen3-4B-Base,Qwen,rf2_ex00,full,frozen,middle,lm_logprob,750,3.106413918501216,0.8312001481481482,False,0.13428040368924088,0.033510221050388304,0.06860157731650382,0.19995923006197794,6.145644533975492e-05,-0.02561631106854411,0.5497132601353492,0.1438101650295806,2.6758623444752835e-07,0.06626625689762289,-0.06342850565284854,0.0034820061266862554,1.8890239087837861,length;ortho_n;bg_mean,721,-0.12068660506326465,1.5805366232221807e-06
Qwen3-4B-Base,Qwen,rf2_ex00,full,frozen,late,hal_log_freq,750,3.327013375544218,0.8312001481481482,False,0.21000323112483396,0.043555391432898855,0.1246362325838078,0.29537022966586013,1.4246777378798999e-06,-0.004136499627263701,0.9397896696701309,0.21187880294888609,5.845016396381588e-10,0.008852097510219537,-0.08642103878664478,0.006587808386613587,1.8612435314934626,length;ortho_n;bg_mean,712,-0.18726167064175683,1.0796549108594171e-08
Qwen3-4B-Base,Qwen,rf2_ex00,full,frozen,late,lm_logprob,750,3.327013375544218,0.8312001481481482,False,0.14459757355968592,0.04210644831617616,0.062070451343083435,0.2271246957762884,0.0005945342285120658,-0.08608535056765901,0.06847129151223923,0.17662298282388889,2.854139351789754e-06,0.1813207361362228,-0.09702011291956976,0.0012722518948301326,1.8890239087837861,length;ortho_n;bg_mean,712,-0.18896980678391234,4.1192518673305766e-09
Qwen3-4B-Base,Qwen,rf2_ex00,full,frozen,all,hal_log_freq,750,2.671632012961095,0.8312001481481482,False,0.1656842604553959,0.030776456945805473,0.10536351326986956,0.2260050076409222,7.306174348472936e-08,0.16308402019394708,6.141611043627767e-05,0.091738697590391,0.00012967345713884055,-0.8060454836100723,-0.04165355943198848,0.059391914280434825,1.8612435314934626,length;ortho_n;bg_mean,717,-0.0857928654319822,0.0004992039172951525
Qwen3-4B-Base,Qwen,rf2_ex00,full,frozen,all,lm_logprob,750,2.671632012961095,0.8312001481481482,False,0.11584743067463922,0.029187697435941577,0.05864059490854165,0.1730542664407368,7.215973912665833e-05,0.0994571589133892,0.005794013453220072,0.07884745103289101,0.0013660324512612062,-0.4692603141516112,-0.06280376288612448,0.0033685285764441654,1.8890239087837861,length;ortho_n;bg_mean,717,-0.13629819082384187,4.8149568014014205e-08
Qwen3-4B-Base,Qwen,rf2_ex00,full,behavior,behavior,hal_log_freq,750,-2.95117900892602,0.8312001481481482,False,0.4100119504390251,0.06670534051050588,0.2792718854619529,0.5407520154160973,7.915465913035845e-10,-0.8584265990303139,6.850365043482287e-22,0.7992397728099653,1.2379211716676701e-48,0.4869975639506702,-0.06910501188268227,0.21130343073793378,1.8612435314934626,length;ortho_n;bg_mean,557,0.4634931783773763,1.775721056990621e-05
Qwen3-4B-Base,Qwen,rf2_ex00,full,behavior,behavior,lm_logprob,750,-2.95117900892602,0.8312001481481482,False,0.35000197728652926,0.07233603123777624,0.20822596127592352,0.491777993297135,1.3078549016441861e-06,-0.9790318269472292,5.311494842492792e-33,0.7142206827214634,4.3872271430578086e-27,0.5099526158317298,-0.08065656276369473,0.17835631281262265,1.8890239087837861,length;ortho_n;bg_mean,557,0.4642195604433804,6.037914269534563e-06
Qwen3-4B-Base,Qwen,rf2_ex20,cka_high,frozen,early,hal_log_freq,750,0.12079880822981073,0.9939975238095239,False,0.012701778620054194,0.0031458194830497155,0.006536085731412341,0.018867471508696047,5.39848921462946e-05,-0.03746252316172851,5.11389450548571e-18,0.029688037348793307,4.8010002219292544e-32,0.5721583589098231,0.002858118259007552,0.3185304382821338,1.8612435314934626,length;ortho_n;bg_mean,717,-0.00026750341956457925,0.8817099147148312
Qwen3-4B-Base,Qwen,rf2_ex20,cka_high,frozen,early,lm_logprob,750,0.12079880822981073,0.9939975238095239,False,0.01015167068603253,0.002981201131922696,0.004308623836794002,0.015994717535271055,0.0006610874308658369,-0.041600928356410105,3.620740250931098e-27,0.025628017678866112,4.05429181792216e-21,0.6038838893729965,0.0015464589641133904,0.584668218041645,1.8890239087837861,length;ortho_n;bg_mean,717,-0.0012741235512587876,0.5056293677224155
Qwen3-4B-Base,Qwen,rf2_ex20,cka_high,frozen,middle,hal_log_freq,750,0.7404466074008829,0.9939975238095239,False,0.14723193115184832,0.017299257100845233,0.11332601027489288,0.18113785202880378,1.7261564120267804e-17,-0.2174162897567063,1.220339548872253e-25,0.24581283382374206,4.1808498836916693e-63,0.4010405036157726,0.06887024888357542,1.1738723327451138e-05,1.8612435314934626,length;ortho_n;bg_mean,719,0.03232926222914179,0.0003757030488431344
Qwen3-4B-Base,Qwen,rf2_ex20,cka_high,frozen,middle,lm_logprob,750,0.7404466074008829,0.9939975238095239,False,0.1000579250725591,0.015980883590383507,0.06873596879428029,0.13137988135083792,3.8226900347216973e-10,-0.2756374378762035,4.724367247733183e-48,0.20260036345856278,1.9096868119494857e-39,0.5061315618368887,0.031231584442896608,0.022208466489286375,1.8890239087837861,length;ortho_n;bg_mean,719,0.0170989454324951,0.021863331747912215
Qwen3-4B-Base,Qwen,rf2_ex20,cka_high,frozen,late,hal_log_freq,750,0.3040565075446115,0.9939975238095239,False,0.1848219452120427,0.02282321256494865,0.14008927057324133,0.22955461985084408,5.5878723073069825e-16,-0.2450379622344039,5.246643390421769e-16,0.2959270677076024,3.7767070037213096e-50,0.37544765119404244,0.10510402221648302,2.9074278663653397e-06,1.8612435314934626,length;ortho_n;bg_mean,706,0.08235862188835927,6.131855645512413e-08
Qwen3-4B-Base,Qwen,rf2_ex20,cka_high,frozen,late,lm_logprob,750,0.3040565075446115,0.9939975238095239,False,0.1171174669435242,0.022886566019519106,0.07226062181546854,0.16197431207157986,3.099373726292102e-07,-0.32306243032264625,9.859795955028508e-30,0.237302916392779,1.9127578136450737e-28,0.5064642747598023,0.04649730510845609,0.03062398328433695,1.8890239087837861,length;ortho_n;bg_mean,706,0.05118544661237735,0.0001851618878596464
Qwen3-4B-Base,Qwen,rf2_ex20,cka_high,frozen,all,hal_log_freq,750,0.37887557560026985,0.9939975238095239,False,0.11126795262412717,0.012506929550974792,0.08675482114703686,0.13578108410121748,5.763322756857161e-19,-0.16202548212633142,4.866653206068824e-25,0.18473355311678682,3.183887560249705e-65,0.39768411992928754,0.063878573407401,2.2057016929286e-07,1.8612435314934626,length;ortho_n;bg_mean,718,0.036452115232360464,1.524875943434779e-07
Qwen3-4B-Base,Qwen,rf2_ex20,cka_high,frozen,all,lm_logprob,750,0.37887557560026985,0.9939975238095239,False,0.07343197267875269,0.011830191506034475,0.05024522339671346,0.09661872196079192,5.394830932544504e-10,-0.20729671776263364,1.0359135358779677e-45,0.15055034626609778,4.268980322965429e-40,0.5122430834601891,0.03092746422335502,0.0040460581410175275,1.8890239087837861,length;ortho_n;bg_mean,718,0.01925557790864664,0.0015835529976938097
Qwen3-4B-Base,Qwen,rf2_ex20,cka_high,behavior,behavior,hal_log_freq,750,2.550406366048606,0.9939975238095239,False,0.21838794798682074,0.0478499915815155,0.12460368782650558,0.31217220814713587,5.01851473110656e-06,0.2278990336485558,0.00011693298160138273,0.11505395916626172,0.001780995585143629,-0.8981350104713348,-0.12116975198996614,0.001016023527793496,1.8612435314934626,length;ortho_n;bg_mean,557,-0.3995876935289831,1.77290333042229e-12
Qwen3-4B-Base,Qwen,rf2_ex20,cka_high,behavior,behavior,lm_logprob,750,2.550406366048606,0.9939975238095239,False,0.17452114214561246,0.04325972031340946,0.08973364835005414,0.25930863594117076,5.477365598212522e-05,0.15673285438216542,0.0017772495154197946,0.11621350009459314,0.002090751012674955,-0.5017286460140968,-0.13205509093043466,0.00019566651017412107,1.8890239087837861,length;ortho_n;bg_mean,557,-0.37748681409198404,5.450356692307714e-14
Qwen3-4B-Base,Qwen,rf2_ex20,cka_low,frozen,early,hal_log_freq,750,0.352728250127576,0.9921938412698414,False,0.05411427166092094,0.01065930152091048,0.03322242457958338,0.0750061187422585,3.840094424763779e-07,-0.04215843319173993,0.0022343871699096007,0.07322975010057756,2.826704348846293e-18,0.2610343257132849,0.01539518751181374,0.10723147114382414,1.8612435314934626,length;ortho_n;bg_mean,717,0.007770105264045169,0.15856366267773347
Qwen3-4B-Base,Qwen,rf2_ex20,cka_low,frozen,early,lm_logprob,750,0.352728250127576,0.9921938412698414,False,0.02230581109907299,0.010419523665971719,0.0018839199777056712,0.04272770222044031,0.03229253289781805,-0.0719782733878717,1.6234965407916362e-08,0.0490831158109304,8.749942764432368e-08,0.545550221689356,-0.011834677763975709,0.19277920193420506,1.8890239087837861,length;ortho_n;bg_mean,717,-0.00532316523775607,0.2967866096839168
Qwen3-4B-Base,Qwen,rf2_ex20,cka_low,frozen,middle,hal_log_freq,750,0.510576461513296,0.9921938412698414,False,0.10669226939019227,0.017621929169645806,0.07215392287957068,0.14123061590081387,1.4083961853713e-09,-0.1777941941550387,4.158562223631728e-15,0.18730771991250073,3.043488554117233e-36,0.43039043217208184,0.024277686923948702,0.1270310744225903,1.8612435314934626,length;ortho_n;bg_mean,719,0.02186424177697331,0.03198661648476512
Qwen3-4B-Base,Qwen,rf2_ex20,cka_low,frozen,middle,lm_logprob,750,0.510576461513296,0.9921938412698414,False,0.10647052398022415,0.016854098286666147,0.07343709834646027,0.13950394961398804,2.663637840524375e-10,-0.20021907418071638,1.7518286688949776e-23,0.1809558777698636,7.182020950361856e-30,0.41162163234271165,0.03977134822229876,0.00592499234971921,1.8890239087837861,length;ortho_n;bg_mean,719,0.032054394228880026,0.0007308064400577737
Qwen3-4B-Base,Qwen,rf2_ex20,cka_low,frozen,late,hal_log_freq,750,0.5204627049455239,0.9921938412698414,False,0.050797411381780865,0.02123353786096563,0.009180441909920574,0.09241438085364115,0.01674225079875367,-0.2096317428101963,5.031117450883961e-14,0.1458486444703263,5.875370006955931e-18,0.6517114604235086,-0.037732069773513205,0.06691726773686958,1.8612435314934626,length;ortho_n;bg_mean,706,-0.01417445209723447,0.27594481233172075
Qwen3-4B-Base,Qwen,rf2_ex20,cka_low,frozen,late,lm_logprob,750,0.5204627049455239,0.9921938412698414,False,0.04169278503309392,0.020833548647219598,0.0008597800143803416,0.08252579005180749,0.04536728637420114,-0.22554561574748247,3.4264394307690317e-20,0.12560010032459273,3.665532049368231e-11,0.6680513397254795,-0.029137631490406,0.11429362590512558,1.8890239087837861,length;ortho_n;bg_mean,706,-0.010536607450952891,0.31084452914631877
Qwen3-4B-Base,Qwen,rf2_ex20,cka_low,frozen,all,hal_log_freq,750,0.4573798214073264,0.9921938412698414,False,0.06994820869846317,0.013273296651238295,0.04393302530592001,0.09596339209100634,1.3653941740434672e-07,-0.13958634873587553,3.602458837532221e-16,0.1332394564446864,2.224413462491088e-34,0.47501880775458005,0.004224753384572861,0.7290013878324793,1.8612435314934626,length;ortho_n;bg_mean,718,0.0034894287837028025,0.6396245428338403
Qwen3-4B-Base,Qwen,rf2_ex20,cka_low,frozen,all,lm_logprob,750,0.4573798214073264,0.9921938412698414,False,0.05559028186109262,0.013028435864342883,0.0300550167920906,0.08112554693009463,1.9825915878547262e-05,-0.16255946225830376,1.07339061517234e-25,0.11606553431997897,3.25119648779739e-22,0.5210440189088625,0.0014011311700508422,0.8976686980845933,1.8890239087837861,length;ortho_n;bg_mean,718,0.00520678278474765,0.4335148286554462
Qwen3-4B-Base,Qwen,rf2_ex20,cka_low,behavior,behavior,hal_log_freq,750,-0.2950832486321938,0.9921938412698414,False,0.4667285485447331,0.04219365295484583,0.38403050837705327,0.549426588712413,1.9266907555883316e-28,-0.10917662856370025,0.03272971317300683,0.5162314197717573,4.992872982810325e-53,0.09589279019264474,0.04207614775626907,0.05440762188587719,1.8612435314934626,length;ortho_n;bg_mean,557,0.20518304257060063,9.648526149524657e-09
Qwen3-4B-Base,Qwen,rf2_ex20,cka_low,behavior,behavior,lm_logprob,750,-0.2950832486321938,0.9921938412698414,False,0.3851076441130009,0.04249695951747751,0.30181513400628834,0.4684001542197135,1.2807475592268753e-19,-0.25421091033563475,5.914263524112137e-09,0.47967900136763264,2.0145360671363717e-34,0.1971555081314701,-0.002454366726751573,0.9026920429481499,1.8890239087837861,length;ortho_n;bg_mean,557,0.15342188722750655,1.9834914474387603e-07
Qwen3-4B-Base,Qwen,rf2_ex20,kvdist_low,frozen,early,hal_log_freq,750,0.176003908570228,0.9931604444444444,False,0.026267971868021642,0.0047031186297652305,0.01705002873866242,0.035485914997380866,2.333989486162926e-08,-0.0070645649434006195,0.21678778812297406,0.029471187183138903,3.27043715064003e-15,0.10868972787597408,0.014463388669370286,0.000668722834658289,1.8612435314934626,length;ortho_n;bg_mean,717,0.0016851952680060013,0.5979017867727452
Qwen3-4B-Base,Qwen,rf2_ex20,kvdist_low,frozen,early,lm_logprob,750,0.176003908570228,0.9931604444444444,False,0.009023984878540219,0.0041943125818652,0.0008032832781812195,0.017244686478899218,0.03143823416101631,-0.022589262103632362,1.4209885018223661e-05,0.017427625673109487,3.827258079300479e-06,0.4822022777053294,-0.001177760502366974,0.7621517224483799,1.8890239087837861,length;ortho_n;bg_mean,717,-0.007132699989607724,0.026995267134338218
Qwen3-4B-Base,Qwen,rf2_ex20,kvdist_low,frozen,middle,hal_log_freq,750,0.6582603472307239,0.9931604444444444,False,0.16567134674835113,0.016275737809574017,0.13377148681976922,0.19757120667693304,2.459821019648504e-24,-0.164400141743392,1.3744851091137525e-17,0.240213665498186,4.2521746722332685e-71,0.3103167282146061,0.08902372362513557,2.343342237355054e-10,1.8612435314934626,length;ortho_n;bg_mean,719,0.04707809416559098,3.675942343181815e-08
Qwen3-4B-Base,Qwen,rf2_ex20,kvdist_low,frozen,middle,lm_logprob,750,0.6582603472307239,0.9931604444444444,False,0.10390744508177407,0.016161528128583538,0.07223143201461932,0.13558345814892883,1.281860019712267e-10,-0.23496544030183136,5.525697111123337e-38,0.19131911662623247,3.107838428713727e-37,0.4568893746003898,0.035214503476642116,0.010943404265284104,1.8890239087837861,length;ortho_n;bg_mean,719,0.020028924491251366,0.0075355553657133634
Qwen3-4B-Base,Qwen,rf2_ex20,kvdist_low,frozen,late,hal_log_freq,750,0.7228812775798829,0.9931604444444444,False,0.23504633411189976,0.024705750670578463,0.1866239525865397,0.28346871563725984,1.8376753319518485e-21,-0.2198199004171519,1.691831007775926e-13,0.33471708202420164,3.6780730676524307e-60,0.2977761018635291,0.12803458366769496,1.6268350960680985e-08,1.8612435314934626,length;ortho_n;bg_mean,706,0.07626602527824201,8.022880651624188e-08
Qwen3-4B-Base,Qwen,rf2_ex20,kvdist_low,frozen,late,lm_logprob,750,0.7228812775798829,0.9931604444444444,False,0.1885273432875677,0.023866856766453545,0.14174916360114267,0.23530552297399274,2.8086259729546426e-15,-0.29601071531986195,4.1359389179594284e-27,0.2986490334729066,4.9173243808993504e-42,0.3687327861227755,0.09852574231895889,3.3963304224296316e-06,1.8890239087837861,length;ortho_n;bg_mean,706,0.05686228354344799,1.408293211867737e-05
Qwen3-4B-Base,Qwen,rf2_ex20,kvdist_low,frozen,all,hal_log_freq,750,0.5067969181784908,0.9931604444444444,False,0.13818353022937405,0.01273185058094108,0.11322956163418417,0.16313749882456394,1.921978956634815e-27,-0.12602235817424653,1.8728496631223347e-17,0.19532459284045983,1.3127927596885055e-77,0.2925441275987112,0.07940417241620477,6.514878931465814e-13,1.8612435314934626,length;ortho_n;bg_mean,718,0.03870450586160636,4.7114348817898865e-09
Qwen3-4B-Base,Qwen,rf2_ex20,kvdist_low,frozen,all,lm_logprob,750,0.5067969181784908,0.9931604444444444,False,0.09721974800390992,0.01249308380022907,0.07273375369962015,0.1217057423081997,7.145150894102158e-15,-0.17873850077255582,7.192670248078391e-37,0.1637139145579767,4.616565797914506e-46,0.40616075141565877,0.04517273246468223,2.2861803103991028e-05,1.8890239087837861,length;ortho_n;bg_mean,718,0.019101703074585256,0.0022412637564844943
Qwen3-4B-Base,Qwen,rf2_ex20,kvdist_low,behavior,behavior,hal_log_freq,750,2.6764892572526193,0.9931604444444444,False,0.46776113359297733,0.055042244112634905,0.3598803175039511,0.5756419496820036,1.9251895980341728e-17,-0.07686174364983862,0.23725817266920124,0.502611788428527,3.2088478512745304e-31,0.06933911149301586,-0.029573696795964534,0.39614505834864155,1.8612435314934626,length;ortho_n;bg_mean,557,-0.3097060727196605,2.4058822845682577e-09
Qwen3-4B-Base,Qwen,rf2_ex20,kvdist_low,behavior,behavior,lm_logprob,750,2.6764892572526193,0.9931604444444444,False,0.4109885027640065,0.052208684776249716,0.30866136092235247,0.5133156446056606,3.48923377613906e-15,-0.20765098773760593,0.00020960142206557277,0.48823867160877565,3.959206403495513e-26,0.15822214285121095,-0.03609220333044614,0.2757476898265597,1.8890239087837861,length;ortho_n;bg_mean,557,-0.2824974106841879,1.5600118893849346e-09
Qwen3-4B-Base,Qwen,rf2_ex20,kvdist_high,frozen,early,hal_log_freq,750,0.352728250127576,0.9922483174603175,False,0.05411427166092094,0.01065930152091048,0.03322242457958338,0.0750061187422585,3.840094424763779e-07,-0.04215843319173993,0.0022343871699096007,0.07322975010057756,2.826704348846293e-18,0.2610343257132849,0.01539518751181374,0.10723147114382414,1.8612435314934626,length;ortho_n;bg_mean,717,0.007770105264045169,0.15856366267773347
Qwen3-4B-Base,Qwen,rf2_ex20,kvdist_high,frozen,early,lm_logprob,750,0.352728250127576,0.9922483174603175,False,0.02230581109907299,0.010419523665971719,0.0018839199777056712,0.04272770222044031,0.03229253289781805,-0.0719782733878717,1.6234965407916362e-08,0.0490831158109304,8.749942764432368e-08,0.545550221689356,-0.011834677763975709,0.19277920193420506,1.8890239087837861,length;ortho_n;bg_mean,717,-0.00532316523775607,0.2967866096839168
Qwen3-4B-Base,Qwen,rf2_ex20,kvdist_high,frozen,middle,hal_log_freq,750,0.4240052952493294,0.9922483174603175,False,0.10018091391005,0.017273422983596184,0.06632562697247507,0.13403620084762494,6.6428097666265785e-09,-0.1506551832549905,3.2115034998143272e-12,0.16849099304025655,3.344760591463586e-31,0.40542273445967303,0.03129777997215232,0.05396801888117609,1.8612435314934626,length;ortho_n;bg_mean,719,0.02668857322232573,0.01108148166244076
Qwen3-4B-Base,Qwen,rf2_ex20,kvdist_high,frozen,middle,lm_logprob,750,0.4240052952493294,0.9922483174603175,False,0.09526228224553313,0.01599446318110577,0.06391371045851388,0.12661085403255237,2.585595214387772e-09,-0.1744527864866343,5.650219581047212e-20,0.16016208050010372,5.871143171470906e-26,0.40521325679537834,0.03893203915871522,0.006195013530108658,1.8890239087837861,length;ortho_n;bg_mean,719,0.030057162562533126,0.0011412294850460128
Qwen3-4B-Base,Qwen,rf2_ex20,kvdist_high,frozen,late,hal_log_freq,750,0.004709253333654871,0.9922483174603175,False,0.08578600857597396,0.01773759373018747,0.05102096369240305,0.12055105345954487,1.3221510171957763e-06,-0.12007105181953899,3.86208912044939e-07,0.1402286296251117,2.2045062799920104e-22,0.38824183902163967,0.02738272482100169,0.12030584212327876,1.8612435314934626,length;ortho_n;bg_mean,706,0.056999830245787565,5.0195768433195245e-05
Qwen3-4B-Base,Qwen,rf2_ex20,kvdist_high,frozen,late,lm_logprob,750,0.004709253333654871,0.9922483174603175,False,0.07056096600445967,0.017750314609014245,0.03577098865653658,0.10535094335238276,7.032154481838654e-05,-0.14685847293757248,3.0373041889078343e-12,0.12519514788009867,9.288661930248928e-15,0.43639216695492866,0.021679820864420322,0.18530622338923952,1.8890239087837861,length;ortho_n;bg_mean,706,0.04281235982703425,0.0012269632231921796
Qwen3-4B-Base,Qwen,rf2_ex20,kvdist_high,frozen,all,hal_log_freq,750,0.2637754799472364,0.9922483174603175,False,0.07910160782083658,0.012488451824381751,0.05462469202238482,0.10357852361928835,2.389160337721734e-10,-0.10207573027100598,1.0353835733250151e-10,0.12538478946407464,4.035200393185267e-34,0.36912915706174354,0.025310362420999502,0.033719310650155335,1.8612435314934626,length;ortho_n;bg_mean,718,0.023198318118462947,0.0026704173471843824
Qwen3-4B-Base,Qwen,rf2_ex20,kvdist_high,frozen,all,lm_logprob,750,0.2637754799472364,0.9922483174603175,False,0.06126669090145232,0.011956026202375045,0.037833310146580035,0.08470007165632461,2.9858871659783345e-07,-0.1289851453105921,1.193173271987599e-19,0.10925165048325447,6.162037107975049e-23,0.43921496260742565,0.016208178315932735,0.1142225655698834,1.8890239087837861,length;ortho_n;bg_mean,718,0.01862987404168958,0.006103247040375423
Qwen3-4B-Base,Qwen,rf2_ex20,kvdist_high,behavior,behavior,hal_log_freq,750,1.50375409167262,0.9922483174603175,False,0.21754721014638095,0.03986158888725864,0.13941993156081198,0.2956744887319499,4.8270861884561504e-08,-0.20650466864507175,3.754399026952938e-05,0.31118056514370823,2.152820113265177e-23,0.3008971815257353,-0.026490069570191274,0.4778014938270613,1.8612435314934626,length;ortho_n;bg_mean,557,-0.13578639110934998,0.0038280189487095483
Qwen3-4B-Base,Qwen,rf2_ex20,kvdist_high,behavior,behavior,lm_logprob,750,1.50375409167262,0.9922483174603175,False,0.16205906882542015,0.037833753914700376,0.08790627375265614,0.23621186389818416,1.840158122453868e-05,-0.28425836425275025,6.363916964669353e-11,0.2678086579475818,7.418765646423364e-15,0.39486994159412137,-0.06595433345924293,0.04827311524093944,1.8890239087837861,length;ortho_n;bg_mean,557,-0.18994395334097128,9.44316622592942e-06
Qwen3-4B-Base,Qwen,rf2_ex20,fidelity_high,frozen,early,hal_log_freq,750,0.3140899423769913,0.9933729523809521,False,0.04481168056020815,0.006082871366464337,0.0328894717593481,0.0567338893610682,1.746897206700105e-13,-0.050361328892798124,5.627160238157692e-11,0.0676465162919914,6.387563757746601e-45,0.33756114850346897,0.024587074832308792,2.562685065750714e-06,1.8612435314934626,length;ortho_n;bg_mean,717,0.003556561993644314,0.31492750908718414
Qwen3-4B-Base,Qwen,rf2_ex20,fidelity_high,frozen,early,lm_logprob,750,0.3140899423769913,0.9933729523809521,False,0.025289562379578703,0.0054213907912896995,0.014663831682533787,0.03591529307662362,3.089565248280386e-06,-0.0710869575670185,4.856123976295693e-24,0.051735280430543686,9.955818200775695e-25,0.5111737644192192,0.007333055038898697,0.12796689205615383,1.8890239087837861,length;ortho_n;bg_mean,717,-0.00698732901650518,0.06195715219734619
Qwen3-4B-Base,Qwen,rf2_ex20,fidelity_high,frozen,middle,hal_log_freq,750,0.8894866757416375,0.9933729523809521,False,0.1281015369058936,0.016791016333349906,0.095191749628704,0.1610113241830832,2.3626785151617824e-14,-0.31473134531622393,9.800837994370287e-45,0.27080703590567984,4.768392618430898e-75,0.5269637789229729,0.0504069919051914,0.0011590640682813632,1.8612435314934626,length;ortho_n;bg_mean,719,-0.000983333494917808,0.9185886755194048
Qwen3-4B-Base,Qwen,rf2_ex20,fidelity_high,frozen,middle,lm_logprob,750,0.8894866757416375,0.9933729523809521,False,0.08111579877519484,0.016603103021806797,0.04857431482084538,0.11365728272954431,1.031244839207328e-06,-0.3688451871505739,2.058881466985279e-69,0.21833331599195543,1.3032232747193358e-41,0.6284772280095651,0.01298941334297039,0.3740256185396952,1.8890239087837861,length;ortho_n;bg_mean,719,-0.008275295072580931,0.37123715107090505
Qwen3-4B-Base,Qwen,rf2_ex20,fidelity_high,frozen,late,hal_log_freq,750,0.5657179725606528,0.9933729523809521,False,0.0737260038613973,0.022578201288365077,0.0294735425005059,0.11797846522228869,0.0010932420440786213,-0.2806829194679681,1.1782291347789788e-22,0.20099326427090053,1.1574381158764314e-25,0.6331916687415517,-0.026335534386918998,0.2094269229698329,1.8612435314934626,length;ortho_n;bg_mean,706,-0.020740675241020287,0.18542080644741654
Qwen3-4B-Base,Qwen,rf2_ex20,fidelity_high,frozen,late,lm_logprob,750,0.5657179725606528,0.9933729523809521,False,0.06313919114201208,0.02010194348826113,0.023740105885760802,0.10253827639826335,0.001684010157794569,-0.3022508355447801,9.374103565494144e-35,0.17558232629729092,4.497698634266566e-20,0.6404012153529244,-0.016172945954565407,0.3871892743034052,1.8890239087837861,length;ortho_n;bg_mean,706,-0.009197285432063725,0.5094957107098183
Qwen3-4B-Base,Qwen,rf2_ex20,fidelity_high,frozen,all,hal_log_freq,750,0.5799193306603759,0.9933729523809521,False,0.08087730973241784,0.01258571288021546,0.05620976576743367,0.10554485369740202,1.309015008170876e-10,-0.20936934542806124,1.9008511246712925e-37,0.1758095665896121,2.1634669758535194e-57,0.5399720771668374,0.022680724204213937,0.052220513063374906,1.8612435314934626,length;ortho_n;bg_mean,718,-0.0033264690696171145,0.6410596238351527
Qwen3-4B-Base,Qwen,rf2_ex20,fidelity_high,frozen,all,lm_logprob,750,0.5799193306603759,0.9933729523809521,False,0.05539966189466605,0.0117645488104959,0.032341569931730554,0.07845775385760155,2.4889339447125435e-06,-0.24109763499744194,6.550525894560156e-60,0.14509262803245196,8.374239141113282e-37,0.6181772799492256,0.005773691571564827,0.5861179835698722,1.8890239087837861,length;ortho_n;bg_mean,718,-0.009147602402054571,0.22563982198587063
Qwen3-4B-Base,Qwen,rf2_ex20,fidelity_high,behavior,behavior,hal_log_freq,750,1.6339439174435393,0.9933729523809521,False,0.07307107056173223,0.053667002410489294,-0.03211432132105105,0.1782564624445155,0.17333545179568766,-0.42919217930357717,3.005923133611136e-10,0.2676754054200351,9.693258909128307e-11,0.7270161207113166,-0.3384821389875527,8.508046617898329e-17,1.8612435314934626,length;ortho_n;bg_mean,557,-0.4257047422880874,8.913414687628284e-20
Qwen3-4B-Base,Qwen,rf2_ex20,fidelity_high,behavior,behavior,lm_logprob,750,1.6339439174435393,0.9933729523809521,False,0.06742505979576517,0.05112940359694493,-0.03278672980525958,0.1676368493967899,0.18726474809824367,-0.4477478590534111,4.88743953270365e-14,0.23399589140417082,2.904059695034899e-07,0.711853659518727,-0.2927979696486783,2.3004424085675176e-13,1.8890239087837861,length;ortho_n;bg_mean,557,-0.3395084213438271,1.4795943011066288e-14
Qwen3-4B-Base,Qwen,rf2_ex20,random_same_ratio_mean,frozen,early,hal_log_freq,750,0.2089342147458462,0.9923087644444446,False,0.027169947236849547,0.004399017710163705,0.018548030957574825,0.03579186351612427,6.559347055111066e-10,-0.033190912475249155,2.977057251462688e-10,0.0422193720797411,1.6627146136023297e-33,0.3564578083839621,0.008665253781431301,0.015478094499666318,1.8612435314934626,length;ortho_n;bg_mean,717,0.0012138044432760274,0.5855866491567607
Qwen3-4B-Base,Qwen,rf2_ex20,random_same_ratio_mean,frozen,early,lm_logprob,750,0.2089342147458462,0.9923087644444446,False,0.013615752576530098,0.004027227064226692,0.005722532573080806,0.021508972579979392,0.000722422641251709,-0.0467567691525474,7.516521922226091e-22,0.031010171697879875,2.6211134191037274e-17,0.5609262435183167,-0.002381606183683902,0.46915041873179353,1.8890239087837861,length;ortho_n;bg_mean,717,-0.00465545355780114,0.0366046781406718
Qwen3-4B-Base,Qwen,rf2_ex20,random_same_ratio_mean,frozen,middle,hal_log_freq,750,0.7311014823011559,0.9923087644444446,False,0.10966003005471839,0.012505333552738793,0.08515002667669003,0.13417003343274675,1.801627665435465e-18,-0.19852087017475709,6.847778809821652e-38,0.19967337083491957,1.8771401519195418e-76,0.4508029308255628,0.03498313043368473,0.0003994673386681378,1.8612435314934626,length;ortho_n;bg_mean,719,0.005915428358485414,0.2931509405180912
Qwen3-4B-Base,Qwen,rf2_ex20,random_same_ratio_mean,frozen,middle,lm_logprob,750,0.7311014823011559,0.9923087644444446,False,0.07949384004791064,0.011913824319171474,0.05614317346419713,0.10284450663162416,2.516479594942876e-11,-0.23899254528135128,1.777723701179432e-65,0.1684036722465175,7.774180567363314e-47,0.5279566117088962,0.016016656017901743,0.06625739210580205,1.8890239087837861,length;ortho_n;bg_mean,719,0.001468262185678435,0.7736500936189541
Qwen3-4B-Base,Qwen,rf2_ex20,random_same_ratio_mean,frozen,late,hal_log_freq,750,0.7863395334986414,0.9923087644444446,False,0.11962663803310064,0.015101501400124466,0.09002823917637548,0.1492250368898258,2.3465042146257516e-15,-0.18536668406511986,1.479339263835738e-22,0.2036756072289408,1.8271816459943632e-51,0.41266094815843724,0.018308821723615615,0.12754833509717126,1.8612435314934626,length;ortho_n;bg_mean,706,-0.010524301721901913,0.23632929169981587
Qwen3-4B-Base,Qwen,rf2_ex20,random_same_ratio_mean,frozen,late,lm_logprob,750,0.7863395334986414,0.9923087644444446,False,0.08116736093671041,0.015107829277785012,0.05155655966767202,0.1107781622057488,7.763680164485356e-08,-0.23274739848805676,4.35866827545156e-40,0.16775387818507967,2.5855340457679267e-30,0.5161521044112017,-0.00248169818807498,0.8271742781895941,1.8890239087837861,length;ortho_n;bg_mean,706,-0.014046893163991462,0.055492690089146715
Qwen3-4B-Base,Qwen,rf2_ex20,random_same_ratio_mean,frozen,all,hal_log_freq,750,0.5623682603448799,0.9923087644444446,False,0.08340283875567375,0.009249169005635287,0.06527480061770444,0.10153087689364307,1.9272352839806567e-19,-0.1352463254611209,4.5350117438501715e-33,0.1447262329775769,4.226604836987758e-71,0.4237199639639916,0.02618329848250342,0.0005332466983321686,1.8612435314934626,length;ortho_n;bg_mean,718,0.0018265987365386393,0.6836760155818251
Qwen3-4B-Base,Qwen,rf2_ex20,random_same_ratio_mean,frozen,all,lm_logprob,750,0.5623682603448799,0.9923087644444446,False,0.05650386909381749,0.009037510229839752,0.038790674533419264,0.07421706365421571,4.0484041488991985e-10,-0.1683295423375053,3.0170034554138584e-58,0.11912570253082762,2.0066391298717793e-41,0.5256786076103493,0.007664271962101731,0.2605354529575664,1.8890239087837861,length;ortho_n;bg_mean,718,-0.005215280762869547,0.27815888360747487
