model,family_model,contrast,policy_a,policy_b,readout,band,metric,is_primary_metric,descriptive_only,estimate,se,ci_low,ci_high,p_value,ci_excludes_zero,p_holm
SmolLM2-360M,SmolLM,H3a_cka_similar_vs_dissimilar,cka_high@k4,cka_low@k4,frozen,early,auc_all,False,False,0.016994370370370365,0.0018711315064609108,0.013341506172839504,0.020669896296296307,1.0620373942172308e-19,True,6.372224365303385e-19
SmolLM2-360M,SmolLM,H3a_cka_similar_vs_dissimilar,cka_high@k4,cka_low@k4,frozen,early,d_all,True,False,0.7109917372358141,0.044496820789741244,0.6270407912719156,0.8005469019169187,1.804821900198325e-57,True,1.082893140118995e-56
SmolLM2-360M,SmolLM,H3a_cka_similar_vs_dissimilar,cka_high@k4,cka_low@k4,frozen,early,sel_auc,False,True,-0.022326933258369087,0.00351668780262238,-0.029436992292735487,-0.01565873884320751,2.1692644975059163e-10,True,1.5184851482541413e-09
SmolLM2-360M,SmolLM,H3a_cka_similar_vs_dissimilar,cka_high@k4,cka_low@k4,frozen,early,sel_d,False,False,0.10371049130870469,0.041972491387455,0.028542934824674977,0.19096502939128668,0.01347675532846748,True,0.0673837766423374
SmolLM2-360M,SmolLM,H3a_cka_similar_vs_dissimilar,cka_high@k4,cka_low@k4,frozen,middle,auc_all,False,False,0.021829777777777767,0.0027487579922298457,0.016602861111111138,0.02728662777777779,1.9944845883197468e-15,True,1.196690752991848e-14
SmolLM2-360M,SmolLM,H3a_cka_similar_vs_dissimilar,cka_high@k4,cka_low@k4,frozen,middle,d_all,True,False,0.8135909414219038,0.06126711593605462,0.7002705301526587,0.934156858463405,3.0480012237298846e-40,True,1.828800734237931e-39
SmolLM2-360M,SmolLM,H3a_cka_similar_vs_dissimilar,cka_high@k4,cka_low@k4,frozen,middle,sel_auc,False,True,-0.019068189964157684,0.004658646253064234,-0.028367082279148217,-0.01016444477387729,4.256893818458343e-05,True,0.0002554136291075006
SmolLM2-360M,SmolLM,H3a_cka_similar_vs_dissimilar,cka_high@k4,cka_low@k4,frozen,middle,sel_d,False,False,0.269743034007101,0.0666871711698504,0.1432997819229019,0.4012471654284576,5.234514345479363e-05,True,0.00026172571727396817
SmolLM2-360M,SmolLM,H3a_cka_similar_vs_dissimilar,cka_high@k4,cka_low@k4,frozen,late,auc_all,False,False,0.0633991111111111,0.00522661008705328,0.05352735555555557,0.07376150555555552,7.319285435332196e-34,True,5.123499804732537e-33
SmolLM2-360M,SmolLM,H3a_cka_similar_vs_dissimilar,cka_high@k4,cka_low@k4,frozen,late,d_all,True,False,1.0926429999012057,0.06885373269140216,0.9592556309930725,1.2297760818841317,1.0380796854406064e-56,True,7.266557798084246e-56
SmolLM2-360M,SmolLM,H3a_cka_similar_vs_dissimilar,cka_high@k4,cka_low@k4,frozen,late,sel_auc,False,True,-0.01692867119966264,0.009052390130007883,-0.03502065695498634,0.0010405561485346475,0.06147305499821295,False,0.2458922199928518
SmolLM2-360M,SmolLM,H3a_cka_similar_vs_dissimilar,cka_high@k4,cka_low@k4,frozen,late,sel_d,False,False,0.43423195381674895,0.08698346261046852,0.27053384094111305,0.604601499913485,5.97198795712645e-07,True,3.58319277427587e-06
SmolLM2-360M,SmolLM,H3a_cka_similar_vs_dissimilar,cka_high@k4,cka_low@k4,frozen,all,auc_all,False,False,0.03339121777777777,0.0026147958434123747,0.028406382222222217,0.038679066666666664,2.408290122891867e-37,True,1.4449740737351202e-36
SmolLM2-360M,SmolLM,H3a_cka_similar_vs_dissimilar,cka_high@k4,cka_low@k4,frozen,all,d_all,True,False,0.8659518866282881,0.04827290115381282,0.7738188526355616,0.9639006390816346,5.884146042910909e-72,True,3.5304876257465455e-71
SmolLM2-360M,SmolLM,H3a_cka_similar_vs_dissimilar,cka_high@k4,cka_low@k4,frozen,all,sel_auc,False,True,-0.019556691545435375,0.004436639816035112,-0.028714996268184665,-0.011135855007379293,1.0433136492623458e-05,True,6.259881895574075e-05
SmolLM2-360M,SmolLM,H3a_cka_similar_vs_dissimilar,cka_high@k4,cka_low@k4,frozen,all,sel_d,False,False,0.26260777297476545,0.0532307756725413,0.16060010598867264,0.3677623687024173,8.08177003507195e-07,True,5.6572390245503655e-06
SmolLM2-360M,SmolLM,H3a_cka_similar_vs_dissimilar,cka_high@k4,cka_low@k4,retrained,early,auc_all,False,False,0.0039130864197531,0.0010730205226573719,0.0019460345679012357,0.006100256790123459,0.00026553107478108687,True,0.0015931864486865212
SmolLM2-360M,SmolLM,H3a_cka_similar_vs_dissimilar,cka_high@k4,cka_low@k4,retrained,early,d_all,True,False,0.20871569335823853,0.038464176670446375,0.13645166293910108,0.2853717778886023,5.7554906199763064e-08,True,3.4532943719857836e-07
SmolLM2-360M,SmolLM,H3a_cka_similar_vs_dissimilar,cka_high@k4,cka_low@k4,retrained,early,sel_auc,False,True,-0.00667628786281539,0.0022866811318688752,-0.011635969323213143,-0.0025397370393796673,0.003504348856019336,True,0.021026093136116017
SmolLM2-360M,SmolLM,H3a_cka_similar_vs_dissimilar,cka_high@k4,cka_low@k4,retrained,early,sel_d,False,False,-0.12547810997098763,0.04028182219855308,-0.20737232451135443,-0.04710377769541487,0.0018394129006493027,True,0.011036477403895815
SmolLM2-360M,SmolLM,H3a_cka_similar_vs_dissimilar,cka_high@k4,cka_low@k4,retrained,middle,auc_all,False,False,0.0057411111111111,0.0015454495970200356,0.0029407111111111016,0.00904158333333333,0.0002033254779580985,True,0.001219952867748591
SmolLM2-360M,SmolLM,H3a_cka_similar_vs_dissimilar,cka_high@k4,cka_low@k4,retrained,middle,d_all,True,False,0.4136124500337025,0.061821930122845155,0.2932422298283497,0.5363835026099397,2.2258579160621123e-11,True,1.3355147496372673e-10
SmolLM2-360M,SmolLM,H3a_cka_similar_vs_dissimilar,cka_high@k4,cka_low@k4,retrained,middle,sel_auc,False,True,-0.007659532468901498,0.002778026851381247,-0.013351263704406502,-0.002756682940649364,0.005830145203957609,True,0.03498087122374565
SmolLM2-360M,SmolLM,H3a_cka_similar_vs_dissimilar,cka_high@k4,cka_low@k4,retrained,middle,sel_d,False,False,-0.027299383082680873,0.06883822486214006,-0.1662098028168501,0.1058963570372364,0.6916823476172878,False,1.0
SmolLM2-360M,SmolLM,H3a_cka_similar_vs_dissimilar,cka_high@k4,cka_low@k4,retrained,late,auc_all,False,False,0.00776533333333336,0.001971447836780876,0.003913833333333305,0.011621855555555524,8.185647756051075e-05,True,0.0004911388653630645
SmolLM2-360M,SmolLM,H3a_cka_similar_vs_dissimilar,cka_high@k4,cka_low@k4,retrained,late,d_all,True,False,0.4442100307308012,0.06612910509417931,0.3177158153955291,0.5707619727431507,1.8510352088739473e-11,True,1.1106211253243683e-10
SmolLM2-360M,SmolLM,H3a_cka_similar_vs_dissimilar,cka_high@k4,cka_low@k4,retrained,late,sel_auc,False,True,-0.0052733343875184385,0.004015989983204152,-0.01332107441229181,0.002268321407864183,0.18915446039252692,False,1.0
SmolLM2-360M,SmolLM,H3a_cka_similar_vs_dissimilar,cka_high@k4,cka_low@k4,retrained,late,sel_d,False,False,0.26086667211653,0.07281149635162555,0.12321404590835772,0.40524194419650234,0.0003399730144877594,True,0.0023798111014143157
SmolLM2-360M,SmolLM,H3a_cka_similar_vs_dissimilar,cka_high@k4,cka_low@k4,retrained,all,auc_all,False,False,0.005730773333333343,0.0013060946855428842,0.0032668195555555567,0.00839903466666666,1.145468966705501e-05,True,6.872813800233006e-05
SmolLM2-360M,SmolLM,H3a_cka_similar_vs_dissimilar,cka_high@k4,cka_low@k4,retrained,all,d_all,True,False,0.34964084345360713,0.04599384705572925,0.2608481279612864,0.43922443237678643,2.918035313965842e-14,True,1.7508211883795053e-13
SmolLM2-360M,SmolLM,H3a_cka_similar_vs_dissimilar,cka_high@k4,cka_low@k4,retrained,all,sel_auc,False,True,-0.006541981024667919,0.0025619610468619316,-0.011825959434956753,-0.0017985754164031352,0.010664466596640367,True,0.0639867995798422
SmolLM2-360M,SmolLM,H3a_cka_similar_vs_dissimilar,cka_high@k4,cka_low@k4,retrained,all,sel_d,False,False,0.029569412901276182,0.04966684163050715,-0.06547151904752008,0.12859876618619678,0.5516060587426852,False,1.0
SmolLM2-360M,SmolLM,H3a_cka_similar_vs_dissimilar,cka_high@k4,cka_low@k4,behavior,behavior,auc_all,True,False,0.1560933333333333,0.01950839279371513,0.11915022222222224,0.19462326666666663,1.2306988617160202e-15,True,3.6920965851480605e-15
SmolLM2-360M,SmolLM,H3a_cka_similar_vs_dissimilar,cka_high@k4,cka_low@k4,behavior,behavior,d_all,False,False,0.5462034662700357,0.06854781803653061,0.413586359400822,0.685305252765283,1.6098804496211105e-15,True,4.829641348863332e-15
SmolLM2-360M,SmolLM,H3a_cka_similar_vs_dissimilar,cka_high@k4,cka_low@k4,behavior,behavior,sel_auc,False,True,0.2003558507273877,0.03683238144515872,0.13228447343453512,0.2780894012228546,5.338056994595921e-08,True,2.66902849729796e-07
SmolLM2-360M,SmolLM,H3a_cka_similar_vs_dissimilar,cka_high@k4,cka_low@k4,behavior,behavior,sel_d,False,False,0.674413621466074,0.1374772328485368,0.42105963653655815,0.9677550026814593,9.312384896362025e-07,True,4.656192448181012e-06
SmolLM2-360M,SmolLM,H3a_kvdist_within_cla_similar_vs_dissimilar,kvdist_low@k4,kvdist_high@k4,frozen,early,auc_all,False,False,-0.027641876543209883,0.002458526184828974,-0.03250875555555556,-0.022873629629629653,2.4994565442290354e-29,True,1.7496195809603248e-28
SmolLM2-360M,SmolLM,H3a_kvdist_within_cla_similar_vs_dissimilar,kvdist_low@k4,kvdist_high@k4,frozen,early,d_all,True,False,-0.8830032910717117,0.04852957613943615,-0.9800496288495656,-0.788155639373851,5.637665377113512e-74,True,3.946365763979458e-73
SmolLM2-360M,SmolLM,H3a_kvdist_within_cla_similar_vs_dissimilar,kvdist_low@k4,kvdist_high@k4,frozen,early,sel_auc,False,True,0.028797188839693608,0.0046064614775240455,0.01998767159791036,0.03828766878675005,4.065884988953741e-10,True,2.4395309933722444e-09
SmolLM2-360M,SmolLM,H3a_kvdist_within_cla_similar_vs_dissimilar,kvdist_low@k4,kvdist_high@k4,frozen,early,sel_d,False,False,-0.1751466291827154,0.04817121781418213,-0.27331989679095287,-0.08837603134600895,0.00027699174290968416,True,0.0019389422003677891
SmolLM2-360M,SmolLM,H3a_kvdist_within_cla_similar_vs_dissimilar,kvdist_low@k4,kvdist_high@k4,frozen,middle,auc_all,False,False,-0.04494133333333332,0.004050989596382031,-0.05340238333333335,-0.03708287222222221,1.3427982188361998e-28,True,9.399587531853399e-28
SmolLM2-360M,SmolLM,H3a_kvdist_within_cla_similar_vs_dissimilar,kvdist_low@k4,kvdist_high@k4,frozen,middle,d_all,True,False,-1.2733081786535623,0.07132395191901766,-1.4169918068493745,-1.1420729381388135,2.765679389406895e-71,True,1.9359755725848264e-70
SmolLM2-360M,SmolLM,H3a_kvdist_within_cla_similar_vs_dissimilar,kvdist_low@k4,kvdist_high@k4,frozen,middle,sel_auc,False,True,0.046289199873497805,0.0072960916301694255,0.03340437348460889,0.06189901960784312,2.2331859370777253e-10,True,1.5632301559544078e-09
SmolLM2-360M,SmolLM,H3a_kvdist_within_cla_similar_vs_dissimilar,kvdist_low@k4,kvdist_high@k4,frozen,middle,sel_d,False,False,-0.3930898058049024,0.0839148428414883,-0.5642381914612602,-0.23170730055297936,2.8079564693208713e-06,True,1.6847738815925227e-05
SmolLM2-360M,SmolLM,H3a_kvdist_within_cla_similar_vs_dissimilar,kvdist_low@k4,kvdist_high@k4,frozen,late,auc_all,False,False,-0.05988777777777779,0.005220012957309503,-0.07071151666666667,-0.0503645611111111,1.808704778443032e-30,True,1.0852228670658193e-29
SmolLM2-360M,SmolLM,H3a_kvdist_within_cla_similar_vs_dissimilar,kvdist_low@k4,kvdist_high@k4,frozen,late,d_all,True,False,-1.094355021753758,0.07052004053642223,-1.243377540306278,-0.9644624516027802,2.6064766838369525e-54,True,1.5638860103021714e-53
SmolLM2-360M,SmolLM,H3a_kvdist_within_cla_similar_vs_dissimilar,kvdist_low@k4,kvdist_high@k4,frozen,late,sel_auc,False,True,0.054513580539742826,0.009847735574045228,0.03588838281414718,0.07456590857579587,3.10082854629119e-08,True,2.170579982403833e-07
SmolLM2-360M,SmolLM,H3a_kvdist_within_cla_similar_vs_dissimilar,kvdist_low@k4,kvdist_high@k4,frozen,late,sel_d,False,False,0.1344353114963337,0.08394859691762727,-0.029625456690301536,0.3003834221589218,0.10928827788985297,False,0.4371531115594119
SmolLM2-360M,SmolLM,H3a_kvdist_within_cla_similar_vs_dissimilar,kvdist_low@k4,kvdist_high@k4,frozen,all,auc_all,False,False,-0.043496391111111116,0.00316778039456852,-0.05011786488888888,-0.037383511111111115,6.632920135199123e-43,True,4.643044094639386e-42
SmolLM2-360M,SmolLM,H3a_kvdist_within_cla_similar_vs_dissimilar,kvdist_low@k4,kvdist_high@k4,frozen,all,d_all,True,False,-1.075533408916159,0.05451326466073851,-1.1868855433264818,-0.9755050680273893,1.1974696457887298e-86,True,8.382287520521109e-86
SmolLM2-360M,SmolLM,H3a_kvdist_within_cla_similar_vs_dissimilar,kvdist_low@k4,kvdist_high@k4,frozen,all,sel_auc,False,True,0.04262387771452671,0.00587499097868548,0.03173766457938013,0.05491844126080537,4.0124878456907027e-13,True,2.808741491983492e-12
SmolLM2-360M,SmolLM,H3a_kvdist_within_cla_similar_vs_dissimilar,kvdist_low@k4,kvdist_high@k4,frozen,all,sel_d,False,False,-0.14582222468451933,0.059416878161285915,-0.2681545158015832,-0.03242163699258337,0.014118968701713476,True,0.08471381221028086
SmolLM2-360M,SmolLM,H3a_kvdist_within_cla_similar_vs_dissimilar,kvdist_low@k4,kvdist_high@k4,retrained,early,auc_all,False,False,-0.004339753086419762,0.0011339489152873237,-0.006674577777777776,-0.0022172740740740685,0.0001296538649813463,True,0.000907577054869424
SmolLM2-360M,SmolLM,H3a_kvdist_within_cla_similar_vs_dissimilar,kvdist_low@k4,kvdist_high@k4,retrained,early,d_all,True,False,-0.22527593319059364,0.04042839317582315,-0.3056538264802766,-0.14989906244617465,2.5151237552042723e-08,True,1.7605866286429905e-07
SmolLM2-360M,SmolLM,H3a_kvdist_within_cla_similar_vs_dissimilar,kvdist_low@k4,kvdist_high@k4,retrained,early,sel_auc,False,True,0.00865509874200575,0.0026459657575755957,0.0038287675990348337,0.014433155351746411,0.0010714718143226048,True,0.007500302700258234
SmolLM2-360M,SmolLM,H3a_kvdist_within_cla_similar_vs_dissimilar,kvdist_low@k4,kvdist_high@k4,retrained,early,sel_d,False,False,0.16106538981879986,0.043092037219640666,0.07720934767336936,0.24990757801206265,0.00018570651247099644,True,0.001299945587296975
SmolLM2-360M,SmolLM,H3a_kvdist_within_cla_similar_vs_dissimilar,kvdist_low@k4,kvdist_high@k4,retrained,middle,auc_all,False,False,-0.008086444444444438,0.0014666050860258045,-0.011165611111111083,-0.005489066666666667,3.5133467068225904e-08,True,2.459342694775813e-07
SmolLM2-360M,SmolLM,H3a_kvdist_within_cla_similar_vs_dissimilar,kvdist_low@k4,kvdist_high@k4,retrained,middle,d_all,True,False,-0.5535761679279523,0.061772959018127405,-0.6809022265088093,-0.4363306546398244,3.203948887321878e-19,True,2.2427642211253145e-18
SmolLM2-360M,SmolLM,H3a_kvdist_within_cla_similar_vs_dissimilar,kvdist_low@k4,kvdist_high@k4,retrained,middle,sel_auc,False,True,0.016352817309719603,0.0033164079464913757,0.010124246652962264,0.02335288148323844,8.185903844953131e-07,True,5.730132691467192e-06
SmolLM2-360M,SmolLM,H3a_kvdist_within_cla_similar_vs_dissimilar,kvdist_low@k4,kvdist_high@k4,retrained,middle,sel_d,False,False,0.1432631749683269,0.07011593897460489,0.0030707839038942885,0.2766383639667791,0.041029414265220464,True,0.28720589985654327
SmolLM2-360M,SmolLM,H3a_kvdist_within_cla_similar_vs_dissimilar,kvdist_low@k4,kvdist_high@k4,retrained,late,auc_all,False,False,-0.010188444444444458,0.0019080762211499014,-0.013979655555555555,-0.006387016666666704,9.313016206098569e-08,True,6.519111344268998e-07
SmolLM2-360M,SmolLM,H3a_kvdist_within_cla_similar_vs_dissimilar,kvdist_low@k4,kvdist_high@k4,retrained,late,d_all,True,False,-0.5182597826945172,0.06257004264895699,-0.639050244854768,-0.3974964050959675,1.202375675237075e-16,True,8.416629726659525e-16
SmolLM2-360M,SmolLM,H3a_kvdist_within_cla_similar_vs_dissimilar,kvdist_low@k4,kvdist_high@k4,retrained,late,sel_auc,False,True,0.013824304237824186,0.0044942427231401405,0.0052893657758802445,0.023295385831752072,0.002097957125224123,True,0.01468569987656886
SmolLM2-360M,SmolLM,H3a_kvdist_within_cla_similar_vs_dissimilar,kvdist_low@k4,kvdist_high@k4,retrained,late,sel_d,False,False,-0.005647660530009535,0.06969913238635067,-0.1395300012508874,0.13237048056486644,0.9354187809038901,False,1.0
SmolLM2-360M,SmolLM,H3a_kvdist_within_cla_similar_vs_dissimilar,kvdist_low@k4,kvdist_high@k4,retrained,all,auc_all,False,False,-0.007410275555555561,0.0012287135264848724,-0.00998723733333332,-0.005099687111111103,1.6302676897434446e-09,True,1.1411873828204112e-08
SmolLM2-360M,SmolLM,H3a_kvdist_within_cla_similar_vs_dissimilar,kvdist_low@k4,kvdist_high@k4,retrained,all,d_all,True,False,-0.42408684014780396,0.045595772210148905,-0.5166356485308817,-0.3374001083725355,1.3911473917672665e-20,True,9.738031742370865e-20
SmolLM2-360M,SmolLM,H3a_kvdist_within_cla_similar_vs_dissimilar,kvdist_low@k4,kvdist_high@k4,retrained,all,sel_auc,False,True,0.012772514442336083,0.0028201052645774245,0.007589063440860232,0.01868776909129244,5.9237877322153606e-06,True,4.1466514125507527e-05
SmolLM2-360M,SmolLM,H3a_kvdist_within_cla_similar_vs_dissimilar,kvdist_low@k4,kvdist_high@k4,retrained,all,sel_d,False,False,0.10202050495502946,0.049387384368076326,0.003983884891412402,0.19781256696067104,0.03885493083801845,True,0.2331295850281107
SmolLM2-360M,SmolLM,H3a_kvdist_within_cla_similar_vs_dissimilar,kvdist_low@k4,kvdist_high@k4,behavior,behavior,auc_all,True,False,0.16500088888888892,0.01834035022905679,0.12965200000000007,0.2008441555555555,2.3280509687604685e-19,True,1.1640254843802342e-18
SmolLM2-360M,SmolLM,H3a_kvdist_within_cla_similar_vs_dissimilar,kvdist_low@k4,kvdist_high@k4,behavior,behavior,d_all,False,False,0.5929817211271433,0.06655090463575374,0.46554082117854945,0.7208776824150357,5.094161857266779e-19,True,3.0564971143600674e-18
SmolLM2-360M,SmolLM,H3a_kvdist_within_cla_similar_vs_dissimilar,kvdist_low@k4,kvdist_high@k4,behavior,behavior,sel_auc,False,True,0.06399397006114277,0.03332675634581088,-0.0007852066202825436,0.13142965080118066,0.05483289727170332,False,0.19377938510491152
SmolLM2-360M,SmolLM,H3a_kvdist_within_cla_similar_vs_dissimilar,kvdist_low@k4,kvdist_high@k4,behavior,behavior,sel_d,False,False,0.22428330381259437,0.12143982384487804,-0.01955745386792824,0.46416093537299963,0.06476629834132719,False,0.20296961754429374
SmolLM2-360M,SmolLM,H3a_kvsharer_search_similar_vs_dissimilar,kvsharer_similar@k4,kvsharer_dissimilar@k4,frozen,early,auc_all,False,False,-0.00013372839506174837,0.00011909804308836346,-0.00038976296296296706,9.072098765431236e-05,0.2615042111856506,False,0.5230084223713012
SmolLM2-360M,SmolLM,H3a_kvsharer_search_similar_vs_dissimilar,kvsharer_similar@k4,kvsharer_dissimilar@k4,frozen,early,d_all,True,False,0.0038601627648837677,0.006084098511845222,-0.008026455138757289,0.01577162212870075,0.525775771085598,False,1.0
SmolLM2-360M,SmolLM,H3a_kvsharer_search_similar_vs_dissimilar,kvsharer_similar@k4,kvsharer_dissimilar@k4,frozen,early,sel_auc,False,True,0.0002746058518987201,0.0003101182388561778,-0.0002983121910652133,0.0009301341157729757,0.375893710001847,False,1.0
SmolLM2-360M,SmolLM,H3a_kvsharer_search_similar_vs_dissimilar,kvsharer_similar@k4,kvsharer_dissimilar@k4,frozen,early,sel_d,False,False,-0.01677384463234658,0.0057616969713039186,-0.028233683162133393,-0.0054667894142147126,0.0035996499546186813,True,0.02159789972771209
SmolLM2-360M,SmolLM,H3a_kvsharer_search_similar_vs_dissimilar,kvsharer_similar@k4,kvsharer_dissimilar@k4,frozen,middle,auc_all,False,False,0.0019786666666666702,0.0007309047583712984,0.0005017333333333241,0.0034295888888888934,0.006786418820418916,True,0.027145675281675663
SmolLM2-360M,SmolLM,H3a_kvsharer_search_similar_vs_dissimilar,kvsharer_similar@k4,kvsharer_dissimilar@k4,frozen,middle,d_all,True,False,0.2174844493758613,0.03789313655117473,0.145151190349301,0.2942822459380097,9.500395849735097e-09,True,4.750197924867549e-08
SmolLM2-360M,SmolLM,H3a_kvsharer_search_similar_vs_dissimilar,kvsharer_similar@k4,kvsharer_dissimilar@k4,frozen,middle,sel_auc,False,True,0.0003155940333122581,0.0015990211700869681,-0.003011232474172467,0.00333929890101198,0.8435403410753001,False,1.0
SmolLM2-360M,SmolLM,H3a_kvsharer_search_similar_vs_dissimilar,kvsharer_similar@k4,kvsharer_dissimilar@k4,frozen,middle,sel_d,False,False,0.170801294759786,0.03540083820975506,0.10262404090889672,0.24115338308993026,1.4015712260534237e-06,True,9.810998582373967e-06
SmolLM2-360M,SmolLM,H3a_kvsharer_search_similar_vs_dissimilar,kvsharer_similar@k4,kvsharer_dissimilar@k4,frozen,late,auc_all,False,False,2.2888888888891734e-05,0.0011033321730170781,-0.0021171444444444175,0.00216531111111109,0.9834488818031185,False,0.9834488818031185
SmolLM2-360M,SmolLM,H3a_kvsharer_search_similar_vs_dissimilar,kvsharer_similar@k4,kvsharer_dissimilar@k4,frozen,late,d_all,True,False,0.006031060110285369,0.039805503561203874,-0.07321048994177874,0.08124925715807857,0.8795708813492809,False,0.8795708813492809
SmolLM2-360M,SmolLM,H3a_kvsharer_search_similar_vs_dissimilar,kvsharer_similar@k4,kvsharer_dissimilar@k4,frozen,late,sel_auc,False,True,0.0020680845456462066,0.002568798575605205,-0.0029707433322791244,0.006940995018975327,0.4207743724301988,False,1.0
SmolLM2-360M,SmolLM,H3a_kvsharer_search_similar_vs_dissimilar,kvsharer_similar@k4,kvsharer_dissimilar@k4,frozen,late,sel_d,False,False,0.002490654357922173,0.0456952425334223,-0.08820610075348354,0.08922091003942932,0.9565322120085266,False,1.0
SmolLM2-360M,SmolLM,H3a_kvsharer_search_similar_vs_dissimilar,kvsharer_similar@k4,kvsharer_dissimilar@k4,frozen,all,auc_all,False,False,0.0005923555555555504,0.0004918961498765268,-0.0003722577777777751,0.0015716035555555564,0.22850112184057658,False,0.22850112184057658
SmolLM2-360M,SmolLM,H3a_kvsharer_search_similar_vs_dissimilar,kvsharer_similar@k4,kvsharer_dissimilar@k4,frozen,all,d_all,True,False,0.07291462163092509,0.02025708356817336,0.03470448821965813,0.11247161526897421,0.00031887506885180857,True,0.0009566252065554258
SmolLM2-360M,SmolLM,H3a_kvsharer_search_similar_vs_dissimilar,kvsharer_similar@k4,kvsharer_dissimilar@k4,frozen,all,sel_auc,False,True,0.0008616352519502479,0.0011344603219210722,-0.001491865401644552,0.0030093066835336297,0.44754685291265794,False,0.8763045771170814
SmolLM2-360M,SmolLM,H3a_kvsharer_search_similar_vs_dissimilar,kvsharer_similar@k4,kvsharer_dissimilar@k4,frozen,all,sel_d,False,False,0.049414839650021844,0.021938936158525487,0.006239130168985233,0.0916867858052616,0.024298214903620576,True,0.12149107451810288
SmolLM2-360M,SmolLM,H3a_kvsharer_search_similar_vs_dissimilar,kvsharer_similar@k4,kvsharer_dissimilar@k4,retrained,early,auc_all,False,False,-0.0002585679012345743,0.00013536513652040162,-0.0005387111111111074,-1.3224691358020221e-05,0.05611372619551643,True,0.28056863097758217
SmolLM2-360M,SmolLM,H3a_kvsharer_search_similar_vs_dissimilar,kvsharer_similar@k4,kvsharer_dissimilar@k4,retrained,early,d_all,True,False,-0.005257769257541314,0.006072935308268236,-0.016981865838774077,0.006601596763675552,0.3866159376451104,False,1.0
SmolLM2-360M,SmolLM,H3a_kvsharer_search_similar_vs_dissimilar,kvsharer_similar@k4,kvsharer_dissimilar@k4,retrained,early,sel_auc,False,True,0.0002738398107151966,0.0003414939674624475,-0.0003038861948602749,0.0010241766814252553,0.42261792414458343,False,1.0
SmolLM2-360M,SmolLM,H3a_kvsharer_search_similar_vs_dissimilar,kvsharer_similar@k4,kvsharer_dissimilar@k4,retrained,early,sel_d,False,False,-0.002117315126018908,0.0058882911656112265,-0.012997452703048992,0.009755772959196163,0.7191608117761499,False,1.0
SmolLM2-360M,SmolLM,H3a_kvsharer_search_similar_vs_dissimilar,kvsharer_similar@k4,kvsharer_dissimilar@k4,retrained,middle,auc_all,False,False,0.0011304444444444062,0.0004464116930116832,0.000309905555555573,0.002041827777777767,0.011331980715440962,True,0.05665990357720481
SmolLM2-360M,SmolLM,H3a_kvsharer_search_similar_vs_dissimilar,kvsharer_similar@k4,kvsharer_dissimilar@k4,retrained,middle,d_all,True,False,0.09367935504727065,0.027872604269978757,0.04248620291237151,0.15023787611002748,0.000776655458123874,True,0.0038832772906193702
SmolLM2-360M,SmolLM,H3a_kvsharer_search_similar_vs_dissimilar,kvsharer_similar@k4,kvsharer_dissimilar@k4,retrained,middle,sel_auc,False,True,-0.0015860952983343807,0.0009206723450090569,-0.0034356659155597878,0.000122154359055435,0.08493236552156684,False,0.4246618276078342
SmolLM2-360M,SmolLM,H3a_kvsharer_search_similar_vs_dissimilar,kvsharer_similar@k4,kvsharer_dissimilar@k4,retrained,middle,sel_d,False,False,-0.042355271458281274,0.029825804881702004,-0.09900260866128058,0.01628673848631714,0.15558202573885582,False,0.9334921544331349
SmolLM2-360M,SmolLM,H3a_kvsharer_search_similar_vs_dissimilar,kvsharer_similar@k4,kvsharer_dissimilar@k4,retrained,late,auc_all,False,False,-0.0005760000000000071,0.0009386838979277745,-0.0024851666666666898,0.0012531722222222184,0.5394630937944767,False,1.0
SmolLM2-360M,SmolLM,H3a_kvsharer_search_similar_vs_dissimilar,kvsharer_similar@k4,kvsharer_dissimilar@k4,retrained,late,d_all,True,False,-0.002626787338627923,0.03979769051629709,-0.07787632271635149,0.07650665122897647,0.9473750294811465,False,1.0
SmolLM2-360M,SmolLM,H3a_kvsharer_search_similar_vs_dissimilar,kvsharer_similar@k4,kvsharer_dissimilar@k4,retrained,late,sel_auc,False,True,0.00021571526460048562,0.0023130277875880066,-0.004346483238456699,0.00474297734819733,0.9256962213295442,False,1.0
SmolLM2-360M,SmolLM,H3a_kvsharer_search_similar_vs_dissimilar,kvsharer_similar@k4,kvsharer_dissimilar@k4,retrained,late,sel_d,False,False,-0.10620716239231243,0.045930186701490655,-0.19559053225562323,-0.01916297053340843,0.020757809743184034,True,0.12454685845910421
SmolLM2-360M,SmolLM,H3a_kvsharer_search_similar_vs_dissimilar,kvsharer_similar@k4,kvsharer_dissimilar@k4,retrained,all,auc_all,False,False,8.433777777776097e-05,0.00037138474413476996,-0.0006085831111111292,0.0008028622222222146,0.8203537257955288,False,1.0
SmolLM2-360M,SmolLM,H3a_kvsharer_search_similar_vs_dissimilar,kvsharer_similar@k4,kvsharer_dissimilar@k4,retrained,all,d_all,True,False,0.0272440247340508,0.017430001093963577,-0.006337707052745758,0.06325420143036761,0.11804000460001529,False,0.3541200138000459
SmolLM2-360M,SmolLM,H3a_kvsharer_search_similar_vs_dissimilar,kvsharer_similar@k4,kvsharer_dissimilar@k4,retrained,all,sel_auc,False,True,-0.0003399392789373756,0.0009009569465296866,-0.0021491137465738963,0.0013771025089605725,0.7059438902425401,False,1.0
SmolLM2-360M,SmolLM,H3a_kvsharer_search_similar_vs_dissimilar,kvsharer_similar@k4,kvsharer_dissimilar@k4,retrained,all,sel_d,False,False,-0.048302212277556794,0.020455831441291258,-0.08776422445310171,-0.008570287082669175,0.01821133405473966,True,0.12747933838317763
SmolLM2-360M,SmolLM,H3a_kvsharer_search_similar_vs_dissimilar,kvsharer_similar@k4,kvsharer_dissimilar@k4,behavior,behavior,auc_all,True,False,0.18409688888888887,0.014766164984524082,0.15467551111111114,0.21337828888888888,1.1232007842266152e-35,True,7.862405489586306e-35
SmolLM2-360M,SmolLM,H3a_kvsharer_search_similar_vs_dissimilar,kvsharer_similar@k4,kvsharer_dissimilar@k4,behavior,behavior,d_all,False,False,0.6734622339293833,0.05517387875803371,0.5647368746701631,0.7814580275981738,2.8810513055298026e-34,True,2.016735913870862e-33
SmolLM2-360M,SmolLM,H3a_kvsharer_search_similar_vs_dissimilar,kvsharer_similar@k4,kvsharer_dissimilar@k4,behavior,behavior,sel_auc,False,True,-0.04511312460468064,0.027963375937232266,-0.09993535710520768,0.009917459413873172,0.10668082043170353,False,0.19377938510491152
SmolLM2-360M,SmolLM,H3a_kvsharer_search_similar_vs_dissimilar,kvsharer_similar@k4,kvsharer_dissimilar@k4,behavior,behavior,sel_d,False,False,-0.08957451477830103,0.11092335295300589,-0.31790432876756186,0.12720559331272932,0.41935818872490327,False,0.41935818872490327
SmolLM2-360M,SmolLM,H3c_fidelity_vs_cka,fidelity_high@k4,cka_high@k4,frozen,early,auc_all,False,False,-0.00032375308641974243,0.00011395952479408813,-0.0005615950617284025,-0.0001121580246913583,0.004497964307812073,True,0.013493892923436219
SmolLM2-360M,SmolLM,H3c_fidelity_vs_cka,fidelity_high@k4,cka_high@k4,frozen,early,d_all,True,False,-0.027648347317071862,0.006033834695115002,-0.03971816802572346,-0.01565353065124636,4.6006940492211685e-06,True,1.8402776196884674e-05
SmolLM2-360M,SmolLM,H3c_fidelity_vs_cka,fidelity_high@k4,cka_high@k4,frozen,early,sel_auc,False,True,0.00034202684658092406,0.0002383732127129077,-0.0001067385269519861,0.0008274995900391064,0.15133338282986583,False,0.6053335313194633
SmolLM2-360M,SmolLM,H3c_fidelity_vs_cka,fidelity_high@k4,cka_high@k4,frozen,early,sel_d,False,False,0.0032049741842263835,0.0060635090545310705,-0.007938551668271608,0.015738732245864494,0.5971054691695146,False,1.0
SmolLM2-360M,SmolLM,H3c_fidelity_vs_cka,fidelity_high@k4,cka_high@k4,frozen,middle,auc_all,False,False,0.0013404444444444497,0.0007053559458645013,-0.00010956111111112623,0.0027174388888889043,0.057383248781521144,False,0.17214974634456343
SmolLM2-360M,SmolLM,H3c_fidelity_vs_cka,fidelity_high@k4,cka_high@k4,frozen,middle,d_all,True,False,0.0845519858975024,0.033276890206150475,0.02033970964145148,0.1514386589146052,0.01105795546129305,True,0.03317386638387915
SmolLM2-360M,SmolLM,H3c_fidelity_vs_cka,fidelity_high@k4,cka_high@k4,frozen,middle,sel_auc,False,True,-0.003257105207674499,0.001553464531783911,-0.006201288675416429,-0.00023640055081173748,0.03602264240511218,True,0.14409056962044872
SmolLM2-360M,SmolLM,H3c_fidelity_vs_cka,fidelity_high@k4,cka_high@k4,frozen,middle,sel_d,False,False,0.15163485409246508,0.04160258483133413,0.07401920371207212,0.2355481640329136,0.0002675559848782138,True,0.0010702239395128552
SmolLM2-360M,SmolLM,H3c_fidelity_vs_cka,fidelity_high@k4,cka_high@k4,frozen,late,auc_all,False,False,-0.005778000000000019,0.0014893978497937937,-0.008766044444444454,-0.002880505555555573,0.00010470577379321658,True,0.0003141173213796497
SmolLM2-360M,SmolLM,H3c_fidelity_vs_cka,fidelity_high@k4,cka_high@k4,frozen,late,d_all,True,False,-0.11619353004699784,0.04076936660740332,-0.19499935769436946,-0.0355187897507268,0.004371641322109473,True,0.013114923966328417
SmolLM2-360M,SmolLM,H3c_fidelity_vs_cka,fidelity_high@k4,cka_high@k4,frozen,late,sel_auc,False,True,-0.001213736032047233,0.0032003455886245686,-0.007251161843769785,0.005035832476807912,0.7045010727258152,False,1.0
SmolLM2-360M,SmolLM,H3c_fidelity_vs_cka,fidelity_high@k4,cka_high@k4,frozen,late,sel_d,False,False,-0.2723653632696125,0.04767768632912265,-0.36341643488266906,-0.1777008435175778,1.1123813558829846e-08,True,7.786669491180891e-08
SmolLM2-360M,SmolLM,H3c_fidelity_vs_cka,fidelity_high@k4,cka_high@k4,frozen,all,auc_all,False,False,-0.0015365688888888895,0.0005887463558282048,-0.0027020035555555644,-0.0004600035555555549,0.009056879477783256,True,0.018113758955566512
SmolLM2-360M,SmolLM,H3c_fidelity_vs_cka,fidelity_high@k4,cka_high@k4,frozen,all,d_all,True,False,-0.02007869916198441,0.019468221879431594,-0.060116057292877605,0.01836607028476235,0.3023731426462152,False,0.3023731426462152
SmolLM2-360M,SmolLM,H3c_fidelity_vs_cka,fidelity_high@k4,cka_high@k4,frozen,all,sel_auc,False,True,-0.0013075395319418217,0.0012411119495949233,-0.003620962049335861,0.0011682853889943092,0.2921015257056938,False,0.8763045771170814
SmolLM2-360M,SmolLM,H3c_fidelity_vs_cka,fidelity_high@k4,cka_high@k4,frozen,all,sel_d,False,False,-0.037479972230365685,0.023318719261043945,-0.08094150859168474,0.010025257727774356,0.1079905041223292,False,0.4319620164893168
SmolLM2-360M,SmolLM,H3c_fidelity_vs_cka,fidelity_high@k4,cka_high@k4,retrained,early,auc_all,False,False,-0.00019812345679013108,0.00011316113249976501,-0.0004241283950617261,2.15753086419706e-05,0.07997892611682407,False,0.3199157044672963
SmolLM2-360M,SmolLM,H3c_fidelity_vs_cka,fidelity_high@k4,cka_high@k4,retrained,early,d_all,True,False,-0.008793602910324704,0.005961166955201549,-0.020305877826845283,0.0025835012229979966,0.14017278516504675,False,0.7008639258252337
SmolLM2-360M,SmolLM,H3c_fidelity_vs_cka,fidelity_high@k4,cka_high@k4,retrained,early,sel_auc,False,True,0.00018588094736103776,0.0002956953932430736,-0.00039231393632721453,0.0007779383653102717,0.5295958499521933,False,1.0
SmolLM2-360M,SmolLM,H3c_fidelity_vs_cka,fidelity_high@k4,cka_high@k4,retrained,early,sel_d,False,False,0.0077288898118997,0.0069783984834106555,-0.006178082000230574,0.021542899318353837,0.26805840093334865,False,1.0
SmolLM2-360M,SmolLM,H3c_fidelity_vs_cka,fidelity_high@k4,cka_high@k4,retrained,middle,auc_all,False,False,0.0001897777777777887,0.000402483138259272,-0.0005756000000000227,0.0010042722222222255,0.63727134160823,False,1.0
SmolLM2-360M,SmolLM,H3c_fidelity_vs_cka,fidelity_high@k4,cka_high@k4,retrained,middle,d_all,True,False,0.020441051151521006,0.02746609558076601,-0.031273057802924095,0.07519546376088626,0.4567382480473784,False,1.0
SmolLM2-360M,SmolLM,H3c_fidelity_vs_cka,fidelity_high@k4,cka_high@k4,retrained,middle,sel_auc,False,True,-0.0014612270714737807,0.0009909717845460334,-0.0035236960388994555,0.00042207048545225877,0.1403363820032089,False,0.42929640791005236
SmolLM2-360M,SmolLM,H3c_fidelity_vs_cka,fidelity_high@k4,cka_high@k4,retrained,middle,sel_d,False,False,-0.001985890010828495,0.030028325443709772,-0.06024182050962903,0.054297268349310236,0.9472712285481248,False,1.0
SmolLM2-360M,SmolLM,H3c_fidelity_vs_cka,fidelity_high@k4,cka_high@k4,retrained,late,auc_all,False,False,-0.00042200000000003346,0.0008154081270070853,-0.0020309333333333453,0.0011286944444444445,0.6047846644414546,False,1.0
SmolLM2-360M,SmolLM,H3c_fidelity_vs_cka,fidelity_high@k4,cka_high@k4,retrained,late,d_all,True,False,-0.0195978314132767,0.03728478429705479,-0.09392388279929256,0.05355545004698882,0.5991484725062055,False,1.0
SmolLM2-360M,SmolLM,H3c_fidelity_vs_cka,fidelity_high@k4,cka_high@k4,retrained,late,sel_auc,False,True,0.0004412871600252971,0.0017491823761128142,-0.0029707842478388863,0.004052233950031621,0.8008231303085216,False,1.0
SmolLM2-360M,SmolLM,H3c_fidelity_vs_cka,fidelity_high@k4,cka_high@k4,retrained,late,sel_d,False,False,-0.06314862193301518,0.0425469181146738,-0.14503964490715157,0.01998752334754999,0.13775283995351448,False,0.5510113598140579
SmolLM2-360M,SmolLM,H3c_fidelity_vs_cka,fidelity_high@k4,cka_high@k4,retrained,all,auc_all,False,False,-0.0001456355555555655,0.00034914372168853814,-0.0008018560000000078,0.0005379555555555537,0.67658911510902,False,1.0
SmolLM2-360M,SmolLM,H3c_fidelity_vs_cka,fidelity_high@k4,cka_high@k4,retrained,all,d_all,True,False,-0.0028958667314787157,0.01743820933154498,-0.037895090478358096,0.03138786500057071,0.8681062263853807,False,0.885439640739101
SmolLM2-360M,SmolLM,H3c_fidelity_vs_cka,fidelity_high@k4,cka_high@k4,retrained,all,sel_auc,False,True,-0.00025946363061354113,0.0007869394144768203,-0.0018431427366645782,0.0012716696394686874,0.7416173336841759,False,1.0
SmolLM2-360M,SmolLM,H3c_fidelity_vs_cka,fidelity_high@k4,cka_high@k4,retrained,all,sel_d,False,False,-0.018060643489746085,0.01898660360333546,-0.054911907428185955,0.01924104216010857,0.3414871902653196,False,1.0
SmolLM2-360M,SmolLM,H3c_fidelity_vs_cka,fidelity_high@k4,cka_high@k4,behavior,behavior,auc_all,True,False,-0.1621333333333333,0.01756825011008775,-0.19633702222222219,-0.12795744444444448,2.7375823621228906e-20,True,1.6425494172737343e-19
SmolLM2-360M,SmolLM,H3c_fidelity_vs_cka,fidelity_high@k4,cka_high@k4,behavior,behavior,d_all,False,False,-0.5623776024170408,0.06374017577109611,-0.6880266324243683,-0.4418216878180336,1.1146409432618256e-18,True,5.5732047163091275e-18
SmolLM2-360M,SmolLM,H3c_fidelity_vs_cka,fidelity_high@k4,cka_high@k4,behavior,behavior,sel_auc,False,True,-0.21727112586970265,0.03138689860403931,-0.27767952561669823,-0.15578366961838508,4.442092309029042e-12,True,2.6652553854174253e-11
SmolLM2-360M,SmolLM,H3c_fidelity_vs_cka,fidelity_high@k4,cka_high@k4,behavior,behavior,sel_d,False,False,-0.7972489228159274,0.11807098629224222,-1.0359462925044027,-0.5743036507385625,1.4553486344490695e-11,True,8.732091806694417e-11
SmolLM2-360M,SmolLM,H3c_fidelity_vs_kvdist_within_cla,fidelity_high@k4,kvdist_high@k4,frozen,early,auc_all,False,False,0.0,0.0,0.0,0.0,1.0,False,1.0
SmolLM2-360M,SmolLM,H3c_fidelity_vs_kvdist_within_cla,fidelity_high@k4,kvdist_high@k4,frozen,early,d_all,True,False,0.0,0.0,0.0,0.0,1.0,False,1.0
SmolLM2-360M,SmolLM,H3c_fidelity_vs_kvdist_within_cla,fidelity_high@k4,kvdist_high@k4,frozen,early,sel_auc,False,True,0.0,0.0,0.0,0.0,1.0,False,1.0
SmolLM2-360M,SmolLM,H3c_fidelity_vs_kvdist_within_cla,fidelity_high@k4,kvdist_high@k4,frozen,early,sel_d,False,False,0.0,0.0,0.0,0.0,1.0,False,1.0
SmolLM2-360M,SmolLM,H3c_fidelity_vs_kvdist_within_cla,fidelity_high@k4,kvdist_high@k4,frozen,middle,auc_all,False,False,0.0,0.0,0.0,0.0,1.0,False,1.0
SmolLM2-360M,SmolLM,H3c_fidelity_vs_kvdist_within_cla,fidelity_high@k4,kvdist_high@k4,frozen,middle,d_all,True,False,0.0,0.0,0.0,0.0,1.0,False,1.0
SmolLM2-360M,SmolLM,H3c_fidelity_vs_kvdist_within_cla,fidelity_high@k4,kvdist_high@k4,frozen,middle,sel_auc,False,True,0.0,0.0,0.0,0.0,1.0,False,1.0
SmolLM2-360M,SmolLM,H3c_fidelity_vs_kvdist_within_cla,fidelity_high@k4,kvdist_high@k4,frozen,middle,sel_d,False,False,0.0,0.0,0.0,0.0,1.0,False,1.0
SmolLM2-360M,SmolLM,H3c_fidelity_vs_kvdist_within_cla,fidelity_high@k4,kvdist_high@k4,frozen,late,auc_all,False,False,-0.003261333333333352,0.0007337471427443489,-0.004720022222222237,-0.0018572000000000033,8.798815114995774e-06,True,3.5195260459983094e-05
SmolLM2-360M,SmolLM,H3c_fidelity_vs_kvdist_within_cla,fidelity_high@k4,kvdist_high@k4,frozen,late,d_all,True,False,-0.10152538059803068,0.0166590292976125,-0.13426414251991547,-0.06997453616340671,1.0990670365000144e-09,True,5.4953351825000725e-09
SmolLM2-360M,SmolLM,H3c_fidelity_vs_kvdist_within_cla,fidelity_high@k4,kvdist_high@k4,frozen,late,sel_auc,False,True,0.004272195867594364,0.00142979636516239,0.0015529798518869888,0.007039420461733098,0.0028083247794412017,True,0.01684994867664721
SmolLM2-360M,SmolLM,H3c_fidelity_vs_kvdist_within_cla,fidelity_high@k4,kvdist_high@k4,frozen,late,sel_d,False,False,-0.006651258451760678,0.018896602073656055,-0.04325365942712481,0.02893938571135559,0.7248519735952439,False,1.0
SmolLM2-360M,SmolLM,H3c_fidelity_vs_kvdist_within_cla,fidelity_high@k4,kvdist_high@k4,frozen,all,auc_all,False,False,-0.0010436266666666728,0.0002347990856781916,-0.0015104071111111158,-0.000594304000000001,8.798815114995692e-06,True,3.519526045998277e-05
SmolLM2-360M,SmolLM,H3c_fidelity_vs_kvdist_within_cla,fidelity_high@k4,kvdist_high@k4,frozen,all,d_all,True,False,-0.03248812179136982,0.0053308893752359995,-0.042964525606372955,-0.022391851572290147,1.0990670365000144e-09,True,4.396268146000058e-09
SmolLM2-360M,SmolLM,H3c_fidelity_vs_kvdist_within_cla,fidelity_high@k4,kvdist_high@k4,frozen,all,sel_auc,False,True,0.0013671026776301963,0.0004575348368519648,0.0004969535526038365,0.0022526145477545913,0.0028083247794412017,True,0.014041623897206009
SmolLM2-360M,SmolLM,H3c_fidelity_vs_kvdist_within_cla,fidelity_high@k4,kvdist_high@k4,frozen,all,sel_d,False,False,-0.002128402704563416,0.006046912663569937,-0.013841171016679936,0.00926060342763379,0.7248519735952439,False,1.0
SmolLM2-360M,SmolLM,H3c_fidelity_vs_kvdist_within_cla,fidelity_high@k4,kvdist_high@k4,retrained,early,auc_all,False,False,0.0,0.0,0.0,0.0,1.0,False,1.0
SmolLM2-360M,SmolLM,H3c_fidelity_vs_kvdist_within_cla,fidelity_high@k4,kvdist_high@k4,retrained,early,d_all,True,False,0.0,0.0,0.0,0.0,1.0,False,1.0
SmolLM2-360M,SmolLM,H3c_fidelity_vs_kvdist_within_cla,fidelity_high@k4,kvdist_high@k4,retrained,early,sel_auc,False,True,0.0,0.0,0.0,0.0,1.0,False,1.0
SmolLM2-360M,SmolLM,H3c_fidelity_vs_kvdist_within_cla,fidelity_high@k4,kvdist_high@k4,retrained,early,sel_d,False,False,0.0,0.0,0.0,0.0,1.0,False,1.0
SmolLM2-360M,SmolLM,H3c_fidelity_vs_kvdist_within_cla,fidelity_high@k4,kvdist_high@k4,retrained,middle,auc_all,False,False,0.0,0.0,0.0,0.0,1.0,False,1.0
SmolLM2-360M,SmolLM,H3c_fidelity_vs_kvdist_within_cla,fidelity_high@k4,kvdist_high@k4,retrained,middle,d_all,True,False,0.0,0.0,0.0,0.0,1.0,False,1.0
SmolLM2-360M,SmolLM,H3c_fidelity_vs_kvdist_within_cla,fidelity_high@k4,kvdist_high@k4,retrained,middle,sel_auc,False,True,0.0,0.0,0.0,0.0,1.0,False,1.0
SmolLM2-360M,SmolLM,H3c_fidelity_vs_kvdist_within_cla,fidelity_high@k4,kvdist_high@k4,retrained,middle,sel_d,False,False,0.0,0.0,0.0,0.0,1.0,False,1.0
SmolLM2-360M,SmolLM,H3c_fidelity_vs_kvdist_within_cla,fidelity_high@k4,kvdist_high@k4,retrained,late,auc_all,False,False,-0.0005175555555555628,0.0003869989465248011,-0.001284788888888892,0.00026938888888889854,0.18110629737801187,False,0.7244251895120475
SmolLM2-360M,SmolLM,H3c_fidelity_vs_kvdist_within_cla,fidelity_high@k4,kvdist_high@k4,retrained,late,d_all,True,False,-0.04013172568994228,0.01642577385015312,-0.07203057258789079,-0.00755880864619484,0.014556991841621576,True,0.07278495920810787
SmolLM2-360M,SmolLM,H3c_fidelity_vs_kvdist_within_cla,fidelity_high@k4,kvdist_high@k4,retrained,late,sel_auc,False,True,0.0012467531098461077,0.0009137672540347106,-0.0005256894370651677,0.0031310804079696525,0.1724385861776485,False,1.0
SmolLM2-360M,SmolLM,H3c_fidelity_vs_kvdist_within_cla,fidelity_high@k4,kvdist_high@k4,retrained,late,sel_d,False,False,-0.03670811599467039,0.01910098466846146,-0.07489235725225686,0.0017602595244275926,0.05463195865102947,False,0.27315979325514733
SmolLM2-360M,SmolLM,H3c_fidelity_vs_kvdist_within_cla,fidelity_high@k4,kvdist_high@k4,retrained,all,auc_all,False,False,-0.00016561777777778007,0.00012383966288793637,-0.0004111324444444454,8.620444444444754e-05,0.18110629737801198,False,0.7244251895120479
SmolLM2-360M,SmolLM,H3c_fidelity_vs_kvdist_within_cla,fidelity_high@k4,kvdist_high@k4,retrained,all,d_all,True,False,-0.01284215222078153,0.005256247632048998,-0.023049783228125054,-0.002418818766782349,0.014556991841621564,True,0.07278495920810782
SmolLM2-360M,SmolLM,H3c_fidelity_vs_kvdist_within_cla,fidelity_high@k4,kvdist_high@k4,retrained,all,sel_auc,False,True,0.00039896099515075446,0.0002924055212911074,-0.00016822061986085366,0.0010019457305502888,0.1724385861776485,False,0.8621929308882426
SmolLM2-360M,SmolLM,H3c_fidelity_vs_kvdist_within_cla,fidelity_high@k4,kvdist_high@k4,retrained,all,sel_d,False,False,-0.011746597118294524,0.006112315093907667,-0.023965554320722195,0.0005632830478168308,0.05463195865102947,False,0.27315979325514733
SmolLM2-360M,SmolLM,H3c_fidelity_vs_kvdist_within_cla,fidelity_high@k4,kvdist_high@k4,behavior,behavior,auc_all,True,False,-0.02930222222222223,0.012680576371383841,-0.05376602222222219,-0.004288822222222282,0.020844138353316662,True,0.020844138353316662
SmolLM2-360M,SmolLM,H3c_fidelity_vs_kvdist_within_cla,fidelity_high@k4,kvdist_high@k4,behavior,behavior,d_all,False,False,-0.10438757276263946,0.04416274399183184,-0.19150619768158428,-0.01781723627890224,0.01809335275219673,True,0.01809335275219673
SmolLM2-360M,SmolLM,H3c_fidelity_vs_kvdist_within_cla,fidelity_high@k4,kvdist_high@k4,behavior,behavior,sel_auc,False,True,-0.04621029938857257,0.023416052349637693,-0.09062586390470165,-0.0003645519713261911,0.04844484627622788,True,0.19377938510491152
SmolLM2-360M,SmolLM,H3c_fidelity_vs_kvdist_within_cla,fidelity_high@k4,kvdist_high@k4,behavior,behavior,sel_d,False,False,-0.15854375111899977,0.0811525099576953,-0.31473519630833824,0.0020571686541970657,0.050742404386073435,False,0.20296961754429374
SmolLM2-360M,SmolLM,C1_live_vs_clean_semantics,full,cf_prev_head,frozen,early,auc_all,False,False,-0.0062469135802469085,0.0010491887694503241,-0.008345940740740741,-0.004167407407407391,2.61600260470067e-09,True,1.308001302350335e-08
SmolLM2-360M,SmolLM,C1_live_vs_clean_semantics,full,cf_prev_head,frozen,early,d_all,True,False,-0.10591708803159763,0.013634966245517742,-0.1330260353263852,-0.08029340073072411,7.970413229476833e-15,True,3.9852066147384166e-14
SmolLM2-360M,SmolLM,C1_live_vs_clean_semantics,full,cf_prev_head,frozen,early,sel_auc,False,True,0.00515862674819033,0.0019567330620002235,0.0014589261367629787,0.009107590542788204,0.008380405792076545,True,0.041902028960382726
SmolLM2-360M,SmolLM,C1_live_vs_clean_semantics,full,cf_prev_head,frozen,early,sel_d,False,False,-0.012455158201668537,0.016596799651517852,-0.045148141181363205,0.019271538312631366,0.45298046544980564,False,1.0
SmolLM2-360M,SmolLM,C1_live_vs_clean_semantics,full,cf_prev_head,frozen,middle,auc_all,False,False,-0.015515111111111132,0.0035675309313012225,-0.022398816666666654,-0.008711216666666683,1.3677385430687402e-05,True,6.838692715343701e-05
SmolLM2-360M,SmolLM,C1_live_vs_clean_semantics,full,cf_prev_head,frozen,middle,d_all,True,False,-0.14149851043942951,0.034044097974970246,-0.21085563987923847,-0.07744881881594771,3.2340041268758165e-05,True,0.00012936016507503266
SmolLM2-360M,SmolLM,C1_live_vs_clean_semantics,full,cf_prev_head,frozen,middle,sel_auc,False,True,0.016380371073160455,0.006013729784165431,0.0047977690148640175,0.028357278687012405,0.006452992464328432,True,0.03226496232164216
SmolLM2-360M,SmolLM,C1_live_vs_clean_semantics,full,cf_prev_head,frozen,middle,sel_d,False,False,0.03391564425641677,0.043880504682161946,-0.05409327887748489,0.12320379759125465,0.4395761400230327,False,0.8791522800460654
SmolLM2-360M,SmolLM,C1_live_vs_clean_semantics,full,cf_prev_head,frozen,late,auc_all,False,False,-0.042540555555555554,0.0072657118522023644,-0.056724800000000006,-0.02873613888888887,4.770840264557416e-09,True,2.3854201322787078e-08
SmolLM2-360M,SmolLM,C1_live_vs_clean_semantics,full,cf_prev_head,frozen,late,d_all,True,False,-0.21662003254387568,0.0405078457010034,-0.29747295321854517,-0.1412630455059672,8.912480506521708e-08,True,3.5649922026086833e-07
SmolLM2-360M,SmolLM,C1_live_vs_clean_semantics,full,cf_prev_head,frozen,late,sel_auc,False,True,-0.007377870018975358,0.011716606318999461,-0.030296947079907238,0.015597985913451403,0.5288951820241743,False,1.0
SmolLM2-360M,SmolLM,C1_live_vs_clean_semantics,full,cf_prev_head,frozen,late,sel_d,False,False,-0.06063408223094535,0.056992071592430235,-0.17749111673000134,0.049178866479446866,0.28737227589522096,False,0.8621168276856629
SmolLM2-360M,SmolLM,C1_live_vs_clean_semantics,full,cf_prev_head,frozen,all,auc_all,False,False,-0.020826702222222226,0.0028838538486816155,-0.026647498666666672,-0.015200705777777778,5.129257346698676e-13,True,2.564628673349338e-12
SmolLM2-360M,SmolLM,C1_live_vs_clean_semantics,full,cf_prev_head,frozen,all,d_all,True,False,-0.15272808544603278,0.020281608093708506,-0.19327400806503395,-0.11462342154352795,5.059536170477829e-14,True,2.5297680852389146e-13
SmolLM2-360M,SmolLM,C1_live_vs_clean_semantics,full,cf_prev_head,frozen,all,sel_auc,False,True,0.004737905966687751,0.004895629267947047,-0.005026612671305094,0.014759525806451615,0.33315283867886425,False,0.8763045771170814
SmolLM2-360M,SmolLM,C1_live_vs_clean_semantics,full,cf_prev_head,frozen,all,sel_d,False,False,-0.013033757104449817,0.028350923286205015,-0.06810031459121867,0.04324935535606409,0.645710358864557,False,1.0
SmolLM2-360M,SmolLM,C1_live_vs_clean_semantics,full,cf_prev_head,retrained,early,auc_all,False,False,7.506172839510938e-06,0.000465623618025097,-0.0008898814814814884,0.0009628543209876597,0.9871381094194118,False,1.0
SmolLM2-360M,SmolLM,C1_live_vs_clean_semantics,full,cf_prev_head,retrained,early,d_all,True,False,-0.0004735233079313043,0.01631745311527212,-0.032614991892908854,0.030983607286163638,0.9768490883807736,False,1.0
SmolLM2-360M,SmolLM,C1_live_vs_clean_semantics,full,cf_prev_head,retrained,early,sel_auc,False,True,0.00085074378616438,0.0009632820262185039,-0.0009933894394077685,0.0027331260102607426,0.3771433067828144,False,1.0
SmolLM2-360M,SmolLM,C1_live_vs_clean_semantics,full,cf_prev_head,retrained,early,sel_d,False,False,0.034703517803925346,0.018568188956481657,-0.0017324769111510632,0.0732977459480886,0.061626016511307495,False,0.30813008255653745
SmolLM2-360M,SmolLM,C1_live_vs_clean_semantics,full,cf_prev_head,retrained,middle,auc_all,False,False,-0.000320222222222194,0.0010731459495710554,-0.002360038888888889,0.0018088388888889148,0.7654011098426708,False,1.0
SmolLM2-360M,SmolLM,C1_live_vs_clean_semantics,full,cf_prev_head,retrained,middle,d_all,True,False,-0.055226422832082345,0.04184931063243241,-0.13971738553254884,0.02569603349291155,0.18695206009864473,False,0.7478082403945789
SmolLM2-360M,SmolLM,C1_live_vs_clean_semantics,full,cf_prev_head,retrained,middle,sel_auc,False,True,0.002997591187012441,0.002222892830386031,-0.0014108949372759812,0.007306688606894365,0.17749469863556921,False,0.42929640791005236
SmolLM2-360M,SmolLM,C1_live_vs_clean_semantics,full,cf_prev_head,retrained,middle,sel_d,False,False,0.06908883984740288,0.04983514001780109,-0.028729532406821,0.1684245520004133,0.1656407084695416,False,0.9334921544331349
SmolLM2-360M,SmolLM,C1_live_vs_clean_semantics,full,cf_prev_head,retrained,late,auc_all,False,False,-0.004255999999999996,0.0020515703110547826,-0.008203649999999993,-0.0001394666666666575,0.03803211236715511,True,0.19016056183577557
SmolLM2-360M,SmolLM,C1_live_vs_clean_semantics,full,cf_prev_head,retrained,late,d_all,True,False,-0.11247269777711794,0.05246878079172204,-0.21270142778954879,-0.009793405362661574,0.03206400429151613,True,0.12825601716606452
SmolLM2-360M,SmolLM,C1_live_vs_clean_semantics,full,cf_prev_head,retrained,late,sel_auc,False,True,0.004587776723592618,0.004497572697226829,-0.004098222116803689,0.01338932999947288,0.30770182803491397,False,1.0
SmolLM2-360M,SmolLM,C1_live_vs_clean_semantics,full,cf_prev_head,retrained,late,sel_d,False,False,0.01556161117041932,0.06631009523765237,-0.11535469970648786,0.14545142668134667,0.8144576033616658,False,1.0
SmolLM2-360M,SmolLM,C1_live_vs_clean_semantics,full,cf_prev_head,retrained,all,auc_all,False,False,-0.0014616888888888768,0.000947423791529031,-0.003281969777777783,0.00034006933333333416,0.12287842228366316,False,0.6143921114183158
SmolLM2-360M,SmolLM,C1_live_vs_clean_semantics,full,cf_prev_head,retrained,all,d_all,True,False,-0.05383418698579936,0.02791683895273368,-0.10897327649963652,-0.0002376596330233102,0.05380826460721329,True,0.21523305842885315
SmolLM2-360M,SmolLM,C1_live_vs_clean_semantics,full,cf_prev_head,retrained,all,sel_auc,False,True,0.0027335854944127956,0.002009794793236909,-0.0011146018553657836,0.00667178665401645,0.17378826922041257,False,0.8621929308882426
SmolLM2-360M,SmolLM,C1_live_vs_clean_semantics,full,cf_prev_head,retrained,all,sel_d,False,False,0.039581410735116236,0.03454413613036179,-0.02553007422400107,0.10996379391062372,0.25186905488090927,False,1.0
SmolLM2-360M,SmolLM,C1_live_vs_clean_semantics,full,cf_prev_head,behavior,behavior,auc_all,True,False,0.15850666666666668,0.018764744284936227,0.12352675555555553,0.19730120000000007,2.987648707779907e-17,True,1.1950594831119628e-16
SmolLM2-360M,SmolLM,C1_live_vs_clean_semantics,full,cf_prev_head,behavior,behavior,d_all,False,False,0.5588242576158717,0.0692918630938941,0.43098994256928463,0.7045567090845783,7.3362441994537155e-16,True,2.9344976797814862e-15
SmolLM2-360M,SmolLM,C1_live_vs_clean_semantics,full,cf_prev_head,behavior,behavior,sel_auc,False,True,0.06052014547754592,0.03444179648716365,-0.007190386358844547,0.12942665032679745,0.07888857021743798,False,0.19377938510491152
SmolLM2-360M,SmolLM,C1_live_vs_clean_semantics,full,cf_prev_head,behavior,behavior,sel_d,False,False,0.22737914163408102,0.1272322126089892,-0.022306297112309848,0.48061995185175826,0.07391821014992168,False,0.20296961754429374
SmolLM2-360M,SmolLM,C2_previous_vs_next_head_source,cf_prev_head,cf_next_head,frozen,early,auc_all,False,False,0.00824355555555556,0.002655536215300372,0.0029194320987654264,0.013612958024691351,0.0019073602419168879,True,0.0076294409676675515
SmolLM2-360M,SmolLM,C2_previous_vs_next_head_source,cf_prev_head,cf_next_head,frozen,early,d_all,True,False,0.16352433682214518,0.03891503795668067,0.08867659261017496,0.2414378884646837,2.644665992010907e-05,True,7.933997976032721e-05
SmolLM2-360M,SmolLM,C2_previous_vs_next_head_source,cf_prev_head,cf_next_head,frozen,early,sel_auc,False,True,-0.0002569025698690502,0.004711910984003217,-0.009215657108721602,0.009242240026237492,0.9565193219062572,False,1.0
SmolLM2-360M,SmolLM,C2_previous_vs_next_head_source,cf_prev_head,cf_next_head,frozen,early,sel_d,False,False,0.07243952679499331,0.04821053233430968,-0.027120021442247757,0.1676136619188137,0.1329508891010018,False,0.5318035564040072
SmolLM2-360M,SmolLM,C2_previous_vs_next_head_source,cf_prev_head,cf_next_head,frozen,middle,auc_all,False,False,0.0017411111111111377,0.005604494933947431,-0.009506600000000006,0.01239558888888887,0.7560565701080642,False,1.0
SmolLM2-360M,SmolLM,C2_previous_vs_next_head_source,cf_prev_head,cf_next_head,frozen,middle,d_all,True,False,-0.011235620201123842,0.06011155140356166,-0.13274017024056217,0.10386793016678454,0.8517289794297744,False,1.0
SmolLM2-360M,SmolLM,C2_previous_vs_next_head_source,cf_prev_head,cf_next_head,frozen,middle,sel_auc,False,True,0.01478047912713469,0.009903967600384285,-0.0030574907099936736,0.03470663563409233,0.13559966195899284,False,0.4067989858769785
SmolLM2-360M,SmolLM,C2_previous_vs_next_head_source,cf_prev_head,cf_next_head,frozen,middle,sel_d,False,False,0.20926889662858383,0.07530791951235555,0.06999004709640906,0.36730676739220053,0.005455285885279923,True,0.01636585765583977
SmolLM2-360M,SmolLM,C2_previous_vs_next_head_source,cf_prev_head,cf_next_head,frozen,late,auc_all,False,False,0.026856555555555536,0.009461262633689979,0.009012677777777776,0.04576967777777776,0.004531468855004902,True,0.009062937710009804
SmolLM2-360M,SmolLM,C2_previous_vs_next_head_source,cf_prev_head,cf_next_head,frozen,late,d_all,True,False,0.15108851455400846,0.0551935412828362,0.04743628681510521,0.2574606820484797,0.006192109584124404,True,0.013114923966328417
SmolLM2-360M,SmolLM,C2_previous_vs_next_head_source,cf_prev_head,cf_next_head,frozen,late,sel_auc,False,True,-0.04772681846932318,0.016180975562691068,-0.0800725397954881,-0.0158383806398904,0.003182229449127985,True,0.01684994867664721
SmolLM2-360M,SmolLM,C2_previous_vs_next_head_source,cf_prev_head,cf_next_head,frozen,late,sel_d,False,False,-0.2502098547256696,0.08102104186604907,-0.4115784533422729,-0.09219885662820314,0.0020136726637406143,True,0.010068363318703071
SmolLM2-360M,SmolLM,C2_previous_vs_next_head_source,cf_prev_head,cf_next_head,frozen,all,auc_all,False,False,0.012118933333333337,0.004399001287338709,0.0035281564444444506,0.02062055822222222,0.005870499071451275,True,0.017611497214353823
SmolLM2-360M,SmolLM,C2_previous_vs_next_head_source,cf_prev_head,cf_next_head,frozen,all,d_all,True,False,0.10362168744889534,0.03869862717565157,0.025392375863053793,0.17895163382780543,0.007413888297241208,True,0.014827776594482416
SmolLM2-360M,SmolLM,C2_previous_vs_next_head_source,cf_prev_head,cf_next_head,frozen,all,sel_auc,False,True,-0.010635313514653176,0.007456081483453935,-0.024772596963946868,0.0048088170145477675,0.1537545044597574,False,0.6150180178390297
SmolLM2-360M,SmolLM,C2_previous_vs_next_head_source,cf_prev_head,cf_next_head,frozen,all,sel_d,False,False,0.012977123055130158,0.05039104224594159,-0.08400803778572631,0.11651987521986898,0.7967709162787222,False,1.0
SmolLM2-360M,SmolLM,C2_previous_vs_next_head_source,cf_prev_head,cf_next_head,retrained,early,auc_all,False,False,-0.0011630617283950502,0.0010910589376226455,-0.0033225037037036983,0.00095612345679012,0.28642658321597436,False,0.8592797496479231
SmolLM2-360M,SmolLM,C2_previous_vs_next_head_source,cf_prev_head,cf_next_head,retrained,early,d_all,True,False,0.020402001477028184,0.03795104167495772,-0.05499619902628135,0.09404397724428264,0.5908619371847943,False,1.0
SmolLM2-360M,SmolLM,C2_previous_vs_next_head_source,cf_prev_head,cf_next_head,retrained,early,sel_auc,False,True,0.0019273104223768277,0.0024602011127739572,-0.00272002576896946,0.006813815388760064,0.4333949118327065,False,1.0
SmolLM2-360M,SmolLM,C2_previous_vs_next_head_source,cf_prev_head,cf_next_head,retrained,early,sel_d,False,False,-0.011881050960157088,0.04411859685221456,-0.09469300732389775,0.07563044503163781,0.7877003525458537,False,1.0
SmolLM2-360M,SmolLM,C2_previous_vs_next_head_source,cf_prev_head,cf_next_head,retrained,middle,auc_all,False,False,-0.0024726666666667063,0.001542026803665699,-0.005581361111111067,0.00045597222222220723,0.10882049135832077,False,0.43528196543328307
SmolLM2-360M,SmolLM,C2_previous_vs_next_head_source,cf_prev_head,cf_next_head,retrained,middle,d_all,True,False,0.03757397358404396,0.06128938074014007,-0.08489446643426574,0.15868215441844027,0.5398376834714866,False,1.0
SmolLM2-360M,SmolLM,C2_previous_vs_next_head_source,cf_prev_head,cf_next_head,retrained,middle,sel_auc,False,True,0.005188902066202816,0.00322224419738201,-0.0007734373023402852,0.011541599660025307,0.10732410197751309,False,0.42929640791005236
SmolLM2-360M,SmolLM,C2_previous_vs_next_head_source,cf_prev_head,cf_next_head,retrained,middle,sel_d,False,False,0.09670696475235496,0.07111164413579928,-0.03299585938347185,0.24532668086041173,0.17385160225518093,False,0.9334921544331349
SmolLM2-360M,SmolLM,C2_previous_vs_next_head_source,cf_prev_head,cf_next_head,retrained,late,auc_all,False,False,0.0006117777777777944,0.00213796877408407,-0.003560611111111117,0.004682588888888879,0.7747639491452736,False,1.0
SmolLM2-360M,SmolLM,C2_previous_vs_next_head_source,cf_prev_head,cf_next_head,retrained,late,d_all,True,False,0.043567319584504105,0.0626913153435941,-0.08216559635754501,0.16380734348016285,0.48708673668916935,False,1.0
SmolLM2-360M,SmolLM,C2_previous_vs_next_head_source,cf_prev_head,cf_next_head,retrained,late,sel_auc,False,True,-0.0034604443390258838,0.0045190211164270536,-0.01223758815623023,0.005113143184693247,0.44382455394992015,False,1.0
SmolLM2-360M,SmolLM,C2_previous_vs_next_head_source,cf_prev_head,cf_next_head,retrained,late,sel_d,False,False,-0.07302165602574529,0.07937333736536036,-0.22376600550874456,0.08106883558944857,0.3575847045469588,False,1.0
SmolLM2-360M,SmolLM,C2_previous_vs_next_head_source,cf_prev_head,cf_next_head,retrained,all,auc_all,False,False,-0.0010141866666666698,0.0012599515177026631,-0.0034954542222222257,0.0013915040000000093,0.42085371262969506,False,1.0
SmolLM2-360M,SmolLM,C2_previous_vs_next_head_source,cf_prev_head,cf_next_head,retrained,all,d_all,True,False,0.03330993434566553,0.04339443222641689,-0.053583625500778956,0.11747091852314968,0.4427198203695505,False,0.885439640739101
SmolLM2-360M,SmolLM,C2_previous_vs_next_head_source,cf_prev_head,cf_next_head,retrained,all,sel_auc,False,True,0.0012469382247522764,0.0027373468202631927,-0.003904240818047621,0.0066675026354627775,0.6487294014940512,False,1.0
SmolLM2-360M,SmolLM,C2_previous_vs_next_head_source,cf_prev_head,cf_next_head,retrained,all,sel_d,False,False,0.003302120446858542,0.05248846750323905,-0.09665689337528494,0.10673162976816879,0.9498370952880725,False,1.0
SmolLM2-360M,SmolLM,C2_previous_vs_next_head_source,cf_prev_head,cf_next_head,behavior,behavior,auc_all,True,False,-0.12519377777777774,0.02089388149349289,-0.16620144444444443,-0.08597482222222222,2.074199836410339e-09,True,4.148399672820678e-09
SmolLM2-360M,SmolLM,C2_previous_vs_next_head_source,cf_prev_head,cf_next_head,behavior,behavior,d_all,False,False,-0.4451909683056216,0.07502592941234715,-0.5942062310571048,-0.30903447137401446,2.959516905932428e-09,True,5.919033811864856e-09
SmolLM2-360M,SmolLM,C2_previous_vs_next_head_source,cf_prev_head,cf_next_head,behavior,behavior,sel_auc,False,True,-0.2861429791271347,0.03957463969907405,-0.36353510937170574,-0.2099748263230024,4.813491352484561e-13,True,3.369443946739193e-12
SmolLM2-360M,SmolLM,C2_previous_vs_next_head_source,cf_prev_head,cf_next_head,behavior,behavior,sel_d,False,False,-0.9724219007636214,0.14204802197400554,-1.2508577484594006,-0.6988196007777984,7.608875430730424e-12,True,5.326212801511297e-11
Qwen2.5-1.5B,Qwen,H3a_cka_similar_vs_dissimilar,cka_high@k4,cka_low@k4,frozen,early,auc_all,False,False,0.006873555555555549,0.0008790909161148484,0.005295083333333347,0.008743744444444434,5.327171120733617e-15,True,3.729019784513532e-14
Qwen2.5-1.5B,Qwen,H3a_cka_similar_vs_dissimilar,cka_high@k4,cka_low@k4,frozen,early,d_all,True,False,0.6391059875605234,0.04665486399008246,0.5516016957209312,0.7377603052669813,1.0351084363835456e-42,True,7.24575905468482e-42
Qwen2.5-1.5B,Qwen,H3a_cka_similar_vs_dissimilar,cka_high@k4,cka_low@k4,frozen,early,sel_auc,False,True,-0.004646837444655258,0.0016977591297395456,-0.008085686867488931,-0.0015267645741092286,0.006199444407560016,True,0.0371966664453601
Qwen2.5-1.5B,Qwen,H3a_cka_similar_vs_dissimilar,cka_high@k4,cka_low@k4,frozen,early,sel_d,False,False,0.31364928011327775,0.03517151231501375,0.24825204654335595,0.38504580196105787,4.7603718187613035e-19,True,3.3322602731329125e-18
Qwen2.5-1.5B,Qwen,H3a_cka_similar_vs_dissimilar,cka_high@k4,cka_low@k4,frozen,middle,auc_all,False,False,0.03160533333333334,0.0029336393463354894,0.025862946031746027,0.03767626666666666,4.5959733058025186e-27,True,2.757583983481511e-26
Qwen2.5-1.5B,Qwen,H3a_cka_similar_vs_dissimilar,cka_high@k4,cka_low@k4,frozen,middle,d_all,True,False,1.57251671495161,0.08398057724737641,1.4134397782919081,1.7430690547526082,3.1103121318941684e-78,True,1.866187279136501e-77
Qwen2.5-1.5B,Qwen,H3a_cka_similar_vs_dissimilar,cka_high@k4,cka_low@k4,frozen,middle,sel_auc,False,True,-0.0021923978193428215,0.004232394795114825,-0.011056783605915504,0.005816920122887899,0.6044554148837229,False,1.0
Qwen2.5-1.5B,Qwen,H3a_cka_similar_vs_dissimilar,cka_high@k4,cka_low@k4,frozen,middle,sel_d,False,False,0.8045384398752295,0.08530990059096122,0.6424057201124141,0.9808517490553108,4.070717216287705e-21,True,2.442430329772623e-20
Qwen2.5-1.5B,Qwen,H3a_cka_similar_vs_dissimilar,cka_high@k4,cka_low@k4,frozen,late,auc_all,False,False,-0.005085968253968264,0.0026306603300326843,-0.010122393650793619,0.0002581015873015767,0.05319398047863832,False,0.15958194143591495
Qwen2.5-1.5B,Qwen,H3a_cka_similar_vs_dissimilar,cka_high@k4,cka_low@k4,frozen,late,d_all,True,False,-0.009778527822958008,0.05984577662805318,-0.12664306165408962,0.1097137999106107,0.8702070822197475,False,1.0
Qwen2.5-1.5B,Qwen,H3a_cka_similar_vs_dissimilar,cka_high@k4,cka_low@k4,frozen,late,sel_auc,False,True,-0.0111703051112918,0.004644913968772832,-0.020014776738652422,-0.0016635790337640578,0.01617925996382521,True,0.06471703985530083
Qwen2.5-1.5B,Qwen,H3a_cka_similar_vs_dissimilar,cka_high@k4,cka_low@k4,frozen,late,sel_d,False,False,-0.23628490893404097,0.0694005726947218,-0.3688575347003477,-0.09984854929276377,0.0006624803397750897,True,0.0033124016988754484
Qwen2.5-1.5B,Qwen,H3a_cka_similar_vs_dissimilar,cka_high@k4,cka_low@k4,frozen,all,auc_all,False,False,0.010937454545454544,0.001455578737021931,0.008186373737373735,0.013836860606060613,5.727659050005712e-14,True,2.2910636200022846e-13
Qwen2.5-1.5B,Qwen,H3a_cka_similar_vs_dissimilar,cka_high@k4,cka_low@k4,frozen,all,d_all,True,False,0.7296370550174885,0.046692198896520876,0.6432975970316821,0.8258932971012599,4.802525294077778e-55,True,2.8815151764466666e-54
Qwen2.5-1.5B,Qwen,H3a_cka_similar_vs_dissimilar,cka_high@k4,cka_low@k4,frozen,all,sel_auc,False,True,-0.005941528185076565,0.002428057519081561,-0.010910548847104821,-0.0013374559877714657,0.014403908071581885,True,0.04321172421474565
Qwen2.5-1.5B,Qwen,H3a_cka_similar_vs_dissimilar,cka_high@k4,cka_low@k4,frozen,all,sel_d,False,False,0.2948622253406611,0.045695285866078426,0.210137343878981,0.3911864392809645,1.0980722965886876e-10,True,6.588433779532125e-10
Qwen2.5-1.5B,Qwen,H3a_cka_similar_vs_dissimilar,cka_high@k4,cka_low@k4,retrained,early,auc_all,False,False,0.0012933333333333408,0.0004462338652624243,0.0004596055555555315,0.0022208944444444385,0.0037515472997055356,True,0.02626083109793875
Qwen2.5-1.5B,Qwen,H3a_cka_similar_vs_dissimilar,cka_high@k4,cka_low@k4,retrained,early,d_all,True,False,0.1395912931940328,0.03592884079212754,0.07463698402783822,0.21404167888591205,0.00010223911040805491,True,0.0007156737728563844
Qwen2.5-1.5B,Qwen,H3a_cka_similar_vs_dissimilar,cka_high@k4,cka_low@k4,retrained,early,sel_auc,False,True,-0.0033363720219270337,0.0010487353230240403,-0.005479187882142112,-0.0014735669012228482,0.0014660107606452326,True,0.010262075324516628
Qwen2.5-1.5B,Qwen,H3a_cka_similar_vs_dissimilar,cka_high@k4,cka_low@k4,retrained,early,sel_d,False,False,-0.1090635919937743,0.03242893144715616,-0.17162747944745682,-0.04449521203946883,0.0007705649076949248,True,0.003476881453193924
Qwen2.5-1.5B,Qwen,H3a_cka_similar_vs_dissimilar,cka_high@k4,cka_low@k4,retrained,middle,auc_all,False,False,0.0029158095238095267,0.0007994280441661766,0.0014103619047619337,0.004535199999999997,0.0002649387208822839,True,0.0018545710461759875
Qwen2.5-1.5B,Qwen,H3a_cka_similar_vs_dissimilar,cka_high@k4,cka_low@k4,retrained,middle,d_all,True,False,0.4034357819999895,0.05706061147820235,0.2918097785826126,0.517362234281899,1.5459635713484573e-12,True,1.0821744999439201e-11
Qwen2.5-1.5B,Qwen,H3a_cka_similar_vs_dissimilar,cka_high@k4,cka_low@k4,retrained,middle,sel_auc,False,True,-0.0060268847323876286,0.0018636020983375872,-0.009858411267732849,-0.002608154648956345,0.0012207047704393334,True,0.008544933393075334
Qwen2.5-1.5B,Qwen,H3a_cka_similar_vs_dissimilar,cka_high@k4,cka_low@k4,retrained,middle,sel_d,False,False,0.04314241678051034,0.05848984393890778,-0.07117407595806546,0.15907737462115812,0.46075435567284284,False,1.0
Qwen2.5-1.5B,Qwen,H3a_cka_similar_vs_dissimilar,cka_high@k4,cka_low@k4,retrained,late,auc_all,False,False,0.002563555555555557,0.0013522706774019354,3.4774603174582265e-05,0.005446101587301599,0.057994243300921074,True,0.11598848660184215
Qwen2.5-1.5B,Qwen,H3a_cka_similar_vs_dissimilar,cka_high@k4,cka_low@k4,retrained,late,d_all,True,False,0.21892979880476598,0.06299011705425536,0.09903197473748471,0.3443332938376676,0.0005096712526799096,True,0.0030580275160794574
Qwen2.5-1.5B,Qwen,H3a_cka_similar_vs_dissimilar,cka_high@k4,cka_low@k4,retrained,late,sel_auc,False,True,-0.006602313183337879,0.0029693723652220775,-0.01255313815848919,-0.0010965440046986422,0.02618406037179104,True,0.18328842260253728
Qwen2.5-1.5B,Qwen,H3a_cka_similar_vs_dissimilar,cka_high@k4,cka_low@k4,retrained,late,sel_d,False,False,-0.07748794504908885,0.07635522400141612,-0.22831426945372482,0.07017667795480331,0.31018454108989035,False,0.9305536232696711
Qwen2.5-1.5B,Qwen,H3a_cka_similar_vs_dissimilar,cka_high@k4,cka_low@k4,retrained,all,auc_all,False,False,0.0022137373737373778,0.0006341960515968905,0.0010030262626262477,0.003558272727272725,0.00048190127936936604,True,0.0033733089555855623
Qwen2.5-1.5B,Qwen,H3a_cka_similar_vs_dissimilar,cka_high@k4,cka_low@k4,retrained,all,d_all,True,False,0.24878588232661586,0.03968886580129607,0.17556699897096884,0.32772111541932714,3.647651990935718e-10,True,2.553356393655003e-09
Qwen2.5-1.5B,Qwen,H3a_cka_similar_vs_dissimilar,cka_high@k4,cka_low@k4,retrained,all,sel_auc,False,True,-0.005231607344795219,0.0014585614545120276,-0.008192005347593585,-0.00240057165583734,0.00033472646573101623,True,0.0023430852601171136
Qwen2.5-1.5B,Qwen,H3a_cka_similar_vs_dissimilar,cka_high@k4,cka_low@k4,retrained,all,sel_d,False,False,-0.05058761062864742,0.04155989551298124,-0.1266181664725164,0.032312161063323165,0.22351983977049739,False,0.6705595193114922
Qwen2.5-1.5B,Qwen,H3a_cka_similar_vs_dissimilar,cka_high@k4,cka_low@k4,behavior,behavior,auc_all,True,False,0.41833422222222216,0.01463708602826323,0.3904478222222222,0.4483723999999999,1.1764357722715452e-179,True,7.058614633629272e-179
Qwen2.5-1.5B,Qwen,H3a_cka_similar_vs_dissimilar,cka_high@k4,cka_low@k4,behavior,behavior,d_all,False,False,2.157358724663836,0.0826448717082436,2.0068837069675354,2.329143770291816,3.28696564134279e-150,True,1.972179384805674e-149
Qwen2.5-1.5B,Qwen,H3a_cka_similar_vs_dissimilar,cka_high@k4,cka_low@k4,behavior,behavior,sel_auc,False,True,0.23602361374657388,0.02439886938079895,0.18737870018975333,0.28295484108159397,3.9059983478459257e-22,True,1.5623993391383703e-21
Qwen2.5-1.5B,Qwen,H3a_cka_similar_vs_dissimilar,cka_high@k4,cka_low@k4,behavior,behavior,sel_d,False,False,1.2858068310758595,0.12122320840787186,1.0501234689668386,1.5254424669914668,2.766731726994741e-26,True,1.1066926907978964e-25
Qwen2.5-1.5B,Qwen,H3a_kvdist_within_cla_similar_vs_dissimilar,kvdist_low@k4,kvdist_high@k4,frozen,early,auc_all,False,False,0.0006628888888888795,0.0004699761802190304,-0.00021272222222224848,0.001618705555555533,0.15839995291748454,False,0.3167999058349691
Qwen2.5-1.5B,Qwen,H3a_kvdist_within_cla_similar_vs_dissimilar,kvdist_low@k4,kvdist_high@k4,frozen,early,d_all,True,False,0.07560564178292839,0.031057972263031034,0.01651048749341462,0.13811460888140115,0.014919003751561922,True,0.044757011254685765
Qwen2.5-1.5B,Qwen,H3a_kvdist_within_cla_similar_vs_dissimilar,kvdist_low@k4,kvdist_high@k4,frozen,early,sel_auc,False,True,0.0004718875184482191,0.0009723099964033217,-0.0014710637386674912,0.0022141012413029707,0.6274449713537964,False,1.0
Qwen2.5-1.5B,Qwen,H3a_kvdist_within_cla_similar_vs_dissimilar,kvdist_low@k4,kvdist_high@k4,frozen,early,sel_d,False,False,0.15594483674723958,0.02643482296955802,0.10751920664319624,0.21089028794455936,3.6522395926753017e-09,True,1.826119796337651e-08
Qwen2.5-1.5B,Qwen,H3a_kvdist_within_cla_similar_vs_dissimilar,kvdist_low@k4,kvdist_high@k4,frozen,middle,auc_all,False,False,-0.005948952380952404,0.0013019515454212648,-0.008589028571428556,-0.003476463492063495,4.894541992220764e-06,True,1.9578167968883056e-05
Qwen2.5-1.5B,Qwen,H3a_kvdist_within_cla_similar_vs_dissimilar,kvdist_low@k4,kvdist_high@k4,frozen,middle,d_all,True,False,-0.3066260470199598,0.05567843525210042,-0.4150663440086506,-0.19438881388415596,3.648177573418675e-08,True,1.45927102936747e-07
Qwen2.5-1.5B,Qwen,H3a_kvdist_within_cla_similar_vs_dissimilar,kvdist_low@k4,kvdist_high@k4,frozen,middle,sel_auc,False,True,0.004654441131291194,0.002257577617242846,0.00031555427547364987,0.009287551353874858,0.03923658686648777,True,0.11770976059946331
Qwen2.5-1.5B,Qwen,H3a_kvdist_within_cla_similar_vs_dissimilar,kvdist_low@k4,kvdist_high@k4,frozen,middle,sel_d,False,False,-0.1338422949791842,0.052768353881352884,-0.2350976587803077,-0.03103620201829852,0.011199483210599654,True,0.022398966421199307
Qwen2.5-1.5B,Qwen,H3a_kvdist_within_cla_similar_vs_dissimilar,kvdist_low@k4,kvdist_high@k4,frozen,late,auc_all,False,False,-0.03249015873015875,0.003373389480752204,-0.03932961269841269,-0.026369663492063492,5.897298681499011e-22,True,4.1281090770493076e-21
Qwen2.5-1.5B,Qwen,H3a_kvdist_within_cla_similar_vs_dissimilar,kvdist_low@k4,kvdist_high@k4,frozen,late,d_all,True,False,-0.8086055406578883,0.06080731080325813,-0.9270410517703817,-0.6870449785288308,2.3827039497001208e-40,True,1.6678927647900846e-39
Qwen2.5-1.5B,Qwen,H3a_kvdist_within_cla_similar_vs_dissimilar,kvdist_low@k4,kvdist_high@k4,frozen,late,sel_auc,False,True,-0.004269509954519388,0.006126592886972202,-0.01613832663172794,0.007810504427577483,0.4858768833979643,False,0.4858768833979643
Qwen2.5-1.5B,Qwen,H3a_kvdist_within_cla_similar_vs_dissimilar,kvdist_low@k4,kvdist_high@k4,frozen,late,sel_d,False,False,-0.5024469316254435,0.06250720961913148,-0.6246904162277034,-0.38620202463204845,9.115014146962208e-16,True,6.380509902873546e-15
Qwen2.5-1.5B,Qwen,H3a_kvdist_within_cla_similar_vs_dissimilar,kvdist_low@k4,kvdist_high@k4,frozen,all,auc_all,False,False,-0.011989575757575775,0.001342673259377426,-0.01472474343434342,-0.009532347474747484,4.27434978842484e-19,True,2.1371748942124202e-18
Qwen2.5-1.5B,Qwen,H3a_kvdist_within_cla_similar_vs_dissimilar,kvdist_low@k4,kvdist_high@k4,frozen,all,d_all,True,False,-0.32735345361279583,0.0364214944517787,-0.3995497274345019,-0.25447391108052964,2.519548868232366e-19,True,1.0078195472929465e-18
Qwen2.5-1.5B,Qwen,H3a_kvdist_within_cla_similar_vs_dissimilar,kvdist_low@k4,kvdist_high@k4,frozen,all,sel_auc,False,True,0.00029407356295401733,0.0023584541015818183,-0.004232915157265249,0.005052714598547125,0.900769672343998,False,1.0
Qwen2.5-1.5B,Qwen,H3a_kvdist_within_cla_similar_vs_dissimilar,kvdist_low@k4,kvdist_high@k4,frozen,all,sel_d,False,False,-0.1457484496479309,0.03613638519422307,-0.21787419208856426,-0.07660569469996861,5.500179613644293e-05,True,0.0002200071845457717
Qwen2.5-1.5B,Qwen,H3a_kvdist_within_cla_similar_vs_dissimilar,kvdist_low@k4,kvdist_high@k4,retrained,early,auc_all,False,False,0.0007088888888888978,0.0004339711804703889,-0.00010954999999998915,0.0016121222222222242,0.10236535011313587,False,0.6141921006788152
Qwen2.5-1.5B,Qwen,H3a_kvdist_within_cla_similar_vs_dissimilar,kvdist_low@k4,kvdist_high@k4,retrained,early,d_all,True,False,0.08120275653140785,0.03027305351713915,0.023920921350299964,0.14249463593510425,0.007310814581140778,True,0.04386488748684467
Qwen2.5-1.5B,Qwen,H3a_kvdist_within_cla_similar_vs_dissimilar,kvdist_low@k4,kvdist_high@k4,retrained,early,sel_auc,False,True,-0.0019818126713050804,0.0007674987051172216,-0.003609615551865892,-0.0005809270899219814,0.009818100845366877,True,0.05890860507220126
Qwen2.5-1.5B,Qwen,H3a_kvdist_within_cla_similar_vs_dissimilar,kvdist_low@k4,kvdist_high@k4,retrained,early,sel_d,False,False,-0.09173281464341781,0.024677317316922368,-0.13725877887101187,-0.04066231761947239,0.00020136899614287806,True,0.0012082139768572683
Qwen2.5-1.5B,Qwen,H3a_kvdist_within_cla_similar_vs_dissimilar,kvdist_low@k4,kvdist_high@k4,retrained,middle,auc_all,False,False,-0.000544761904761905,0.0005383426762270444,-0.001590393650793643,0.0005319301587301561,0.31157436598005506,False,0.873018081150847
Qwen2.5-1.5B,Qwen,H3a_kvdist_within_cla_similar_vs_dissimilar,kvdist_low@k4,kvdist_high@k4,retrained,middle,d_all,True,False,0.009256578103921902,0.0519650487059429,-0.08962884069264423,0.11687840200891107,0.858620217572851,False,1.0
Qwen2.5-1.5B,Qwen,H3a_kvdist_within_cla_similar_vs_dissimilar,kvdist_low@k4,kvdist_high@k4,retrained,middle,sel_auc,False,True,0.0011920755398933747,0.0012460027122279207,-0.0012362334718833531,0.0036506319086774246,0.338708671461708,False,0.9849049312387246
Qwen2.5-1.5B,Qwen,H3a_kvdist_within_cla_similar_vs_dissimilar,kvdist_low@k4,kvdist_high@k4,retrained,middle,sel_d,False,False,-0.16338969183513985,0.05235929064334851,-0.2638288707998966,-0.05957091969640716,0.001805147338350553,True,0.012636031368453872
Qwen2.5-1.5B,Qwen,H3a_kvdist_within_cla_similar_vs_dissimilar,kvdist_low@k4,kvdist_high@k4,retrained,late,auc_all,False,False,-0.0031446349206349605,0.0011438327930628866,-0.005325434920634924,-0.0008703873015873183,0.005973935927345833,True,0.04181755149142083
Qwen2.5-1.5B,Qwen,H3a_kvdist_within_cla_similar_vs_dissimilar,kvdist_low@k4,kvdist_high@k4,retrained,late,d_all,True,False,-0.1239505600976455,0.0583817391304318,-0.236530080925816,-0.006753748478495057,0.033745057231716204,True,0.10123517169514862
Qwen2.5-1.5B,Qwen,H3a_kvdist_within_cla_similar_vs_dissimilar,kvdist_low@k4,kvdist_high@k4,retrained,late,sel_auc,False,True,0.004351893015270598,0.0023829886443547444,-0.00025806225716094806,0.008951211710490639,0.06781514004070574,False,0.33907570020352873
Qwen2.5-1.5B,Qwen,H3a_kvdist_within_cla_similar_vs_dissimilar,kvdist_low@k4,kvdist_high@k4,retrained,late,sel_d,False,False,-0.2259223468127429,0.06547304795526954,-0.3499846805352149,-0.09646806662605682,0.0005593087503972068,True,0.0033558525023832412
Qwen2.5-1.5B,Qwen,H3a_kvdist_within_cla_similar_vs_dissimilar,kvdist_low@k4,kvdist_high@k4,retrained,all,auc_all,False,False,-0.0009161212121212216,0.0004943436132035738,-0.0018757656565656696,5.317373737373458e-05,0.06385264613199511,False,0.19155793839598534
Qwen2.5-1.5B,Qwen,H3a_kvdist_within_cla_similar_vs_dissimilar,kvdist_low@k4,kvdist_high@k4,retrained,all,d_all,True,False,-0.0069652646229455654,0.03603414451702293,-0.07357587659401706,0.0682181906963357,0.846726971364792,False,1.0
Qwen2.5-1.5B,Qwen,H3a_kvdist_within_cla_similar_vs_dissimilar,kvdist_low@k4,kvdist_high@k4,retrained,all,sel_auc,False,True,0.001043330841623053,0.0010455374674651619,-0.0010633667078757197,0.003097982193855063,0.31833295289965946,False,1.0
Qwen2.5-1.5B,Qwen,H3a_kvdist_within_cla_similar_vs_dissimilar,kvdist_low@k4,kvdist_high@k4,retrained,all,sel_d,False,False,-0.15722939944011463,0.03614426770678385,-0.22785579331847314,-0.08707711434906563,1.3610601823521238e-05,True,9.527421276464867e-05
Qwen2.5-1.5B,Qwen,H3a_kvdist_within_cla_similar_vs_dissimilar,kvdist_low@k4,kvdist_high@k4,behavior,behavior,auc_all,True,False,0.06669511111111115,0.017727681175576302,0.0321469333333334,0.09982942222222216,0.0001684241744214617,True,0.0003368483488429234
Qwen2.5-1.5B,Qwen,H3a_kvdist_within_cla_similar_vs_dissimilar,kvdist_low@k4,kvdist_high@k4,behavior,behavior,d_all,False,False,0.2863459573944826,0.06906010296728657,0.15044462258085436,0.41947482746667136,3.378472206488513e-05,True,6.756944412977026e-05
Qwen2.5-1.5B,Qwen,H3a_kvdist_within_cla_similar_vs_dissimilar,kvdist_low@k4,kvdist_high@k4,behavior,behavior,sel_auc,False,True,-0.05880569259962054,0.030099578610894975,-0.12018572949609944,-0.0002077927999157331,0.05073613285796992,True,0.15220839857390978
Qwen2.5-1.5B,Qwen,H3a_kvdist_within_cla_similar_vs_dissimilar,kvdist_low@k4,kvdist_high@k4,behavior,behavior,sel_d,False,False,-0.22584665143941574,0.1207592675964721,-0.47539439406325257,0.001805352301145571,0.0614529815255576,False,0.1843589445766728
Qwen2.5-1.5B,Qwen,H3a_kvsharer_search_similar_vs_dissimilar,kvsharer_similar@k4,kvsharer_dissimilar@k4,frozen,early,auc_all,False,False,-0.00016777777777778058,6.635112840125662e-05,-0.00030711666666667463,-5.311111111111454e-05,0.011450707841460796,True,0.045802831365843184
Qwen2.5-1.5B,Qwen,H3a_kvsharer_search_similar_vs_dissimilar,kvsharer_similar@k4,kvsharer_dissimilar@k4,frozen,early,d_all,True,False,-0.024637619329209437,0.005349276938370829,-0.035677063332042576,-0.014534294282684075,4.109128331744565e-06,True,2.0545641658722826e-05
Qwen2.5-1.5B,Qwen,H3a_kvsharer_search_similar_vs_dissimilar,kvsharer_similar@k4,kvsharer_dissimilar@k4,frozen,early,sel_auc,False,True,7.981499051233631e-05,0.000146887374811522,-0.00019802643369174407,0.00037971609477124174,0.5868713387054161,False,1.0
Qwen2.5-1.5B,Qwen,H3a_kvsharer_search_similar_vs_dissimilar,kvsharer_similar@k4,kvsharer_dissimilar@k4,frozen,early,sel_d,False,False,-0.03728899964449889,0.005227070748385666,-0.04751542459397921,-0.02724325538898524,9.761856087795633e-13,True,5.85711365267738e-12
Qwen2.5-1.5B,Qwen,H3a_kvsharer_search_similar_vs_dissimilar,kvsharer_similar@k4,kvsharer_dissimilar@k4,frozen,middle,auc_all,False,False,0.0007001904761904891,0.00035527551464768515,4.063492063494814e-05,0.0014425523809523631,0.048742411405605354,True,0.06792236135283883
Qwen2.5-1.5B,Qwen,H3a_kvsharer_search_similar_vs_dissimilar,kvsharer_similar@k4,kvsharer_dissimilar@k4,frozen,middle,d_all,True,False,0.12395712289561457,0.033394281981316914,0.06337150132094162,0.19182281455092728,0.00020568765730387306,True,0.0006170629719116191
Qwen2.5-1.5B,Qwen,H3a_kvsharer_search_similar_vs_dissimilar,kvsharer_similar@k4,kvsharer_dissimilar@k4,frozen,middle,sel_auc,False,True,-0.0030609318996415486,0.0008713320507646036,-0.004954455061594563,-0.0014940782657148653,0.00044318771663148804,True,0.0017727508665259521
Qwen2.5-1.5B,Qwen,H3a_kvsharer_search_similar_vs_dissimilar,kvsharer_similar@k4,kvsharer_dissimilar@k4,frozen,middle,sel_d,False,False,-0.3255015674298922,0.03251816419690866,-0.392840811476598,-0.2643565048813873,1.3797778879783482e-23,True,9.658445215848438e-23
Qwen2.5-1.5B,Qwen,H3a_kvsharer_search_similar_vs_dissimilar,kvsharer_similar@k4,kvsharer_dissimilar@k4,frozen,late,auc_all,False,False,0.007180444444444418,0.001350160728097317,0.004575676190476185,0.009830901587301585,1.0479045286279256e-07,True,5.239522643139629e-07
Qwen2.5-1.5B,Qwen,H3a_kvsharer_search_similar_vs_dissimilar,kvsharer_similar@k4,kvsharer_dissimilar@k4,frozen,late,d_all,True,False,0.4271437458534984,0.047772549018965944,0.33444783007939927,0.5176745742885305,3.8497929166387874e-19,True,1.9248964583193938e-18
Qwen2.5-1.5B,Qwen,H3a_kvsharer_search_similar_vs_dissimilar,kvsharer_similar@k4,kvsharer_dissimilar@k4,frozen,late,sel_auc,False,True,-0.007834908587090732,0.00282855610933509,-0.013461031670732803,-0.0025728355320622292,0.0056067966034049664,True,0.02803398301702483
Qwen2.5-1.5B,Qwen,H3a_kvsharer_search_similar_vs_dissimilar,kvsharer_similar@k4,kvsharer_dissimilar@k4,frozen,late,sel_d,False,False,-0.17667085115485492,0.04885922680533404,-0.2738390156790017,-0.08088069129729511,0.0002992876301871554,True,0.0017957257811229326
Qwen2.5-1.5B,Qwen,H3a_kvsharer_search_similar_vs_dissimilar,kvsharer_similar@k4,kvsharer_dissimilar@k4,frozen,all,auc_all,False,False,0.002446464646464641,0.00045889830921271236,0.0015598767676767633,0.003351951515151507,9.758231130475196e-08,True,2.927469339142559e-07
Qwen2.5-1.5B,Qwen,H3a_kvsharer_search_similar_vs_dissimilar,kvsharer_similar@k4,kvsharer_dissimilar@k4,frozen,all,d_all,True,False,0.1663911421186416,0.021748681120626542,0.1268948455552859,0.20955936337862635,1.9999489698336485e-14,True,5.999846909500946e-14
Qwen2.5-1.5B,Qwen,H3a_kvsharer_search_similar_vs_dissimilar,kvsharer_similar@k4,kvsharer_dissimilar@k4,frozen,all,sel_auc,False,True,-0.003437834703773967,0.0009986319165651795,-0.00542420926532883,-0.0015074422114887019,0.0005762692761665731,True,0.0028813463808328656
Qwen2.5-1.5B,Qwen,H3a_kvsharer_search_similar_vs_dissimilar,kvsharer_similar@k4,kvsharer_dissimilar@k4,frozen,all,sel_d,False,False,-0.17334176942041912,0.021247143982697888,-0.21573330883847813,-0.13152651537579574,3.3961465046714746e-16,True,2.377302553270032e-15
Qwen2.5-1.5B,Qwen,H3a_kvsharer_search_similar_vs_dissimilar,kvsharer_similar@k4,kvsharer_dissimilar@k4,retrained,early,auc_all,False,False,-0.00010866666666667357,8.457969066149519e-05,-0.00028497777777777915,4.5144444444439835e-05,0.19886763707231248,False,0.8311234876217283
Qwen2.5-1.5B,Qwen,H3a_kvsharer_search_similar_vs_dissimilar,kvsharer_similar@k4,kvsharer_dissimilar@k4,retrained,early,d_all,True,False,-0.004020090220781314,0.00574874260677131,-0.015075456089870449,0.007184203275246219,0.48436516309219624,False,0.9687303261843925
Qwen2.5-1.5B,Qwen,H3a_kvsharer_search_similar_vs_dissimilar,kvsharer_similar@k4,kvsharer_dissimilar@k4,retrained,early,sel_auc,False,True,0.0003529227282310782,0.00022794677221621358,-4.510541851148256e-05,0.0008564310562934888,0.12155774841927504,False,0.48623099367710015
Qwen2.5-1.5B,Qwen,H3a_kvsharer_search_similar_vs_dissimilar,kvsharer_similar@k4,kvsharer_dissimilar@k4,retrained,early,sel_d,False,False,0.015863591671277544,0.005365050778265068,0.005110275430039214,0.026614118317608893,0.003108103060720915,True,0.009324309182162744
Qwen2.5-1.5B,Qwen,H3a_kvsharer_search_similar_vs_dissimilar,kvsharer_similar@k4,kvsharer_dissimilar@k4,retrained,middle,auc_all,False,False,-0.00028876190476187106,0.0002734702056891056,-0.0008249587301587321,0.00023445714285714672,0.29100602705028233,False,0.873018081150847
Qwen2.5-1.5B,Qwen,H3a_kvsharer_search_similar_vs_dissimilar,kvsharer_similar@k4,kvsharer_dissimilar@k4,retrained,middle,d_all,True,False,0.0005152651396928475,0.03014826153139458,-0.05802276990983748,0.06044094449097639,0.9863639870217454,False,1.0
Qwen2.5-1.5B,Qwen,H3a_kvsharer_search_similar_vs_dissimilar,kvsharer_similar@k4,kvsharer_dissimilar@k4,retrained,middle,sel_auc,False,True,0.0007173609228637856,0.0006356122373661035,-0.00047814229993072,0.001978297039245824,0.25906066689736484,False,0.9849049312387246
Qwen2.5-1.5B,Qwen,H3a_kvsharer_search_similar_vs_dissimilar,kvsharer_similar@k4,kvsharer_dissimilar@k4,retrained,middle,sel_d,False,False,-0.05711561658668046,0.028549342433589676,-0.11324709893019708,-0.002874893412964462,0.04543626116817577,True,0.21647285749237452
Qwen2.5-1.5B,Qwen,H3a_kvsharer_search_similar_vs_dissimilar,kvsharer_similar@k4,kvsharer_dissimilar@k4,retrained,late,auc_all,False,False,0.0018664126984127005,0.0008640704650156475,0.00019306666666666126,0.0035532126984126914,0.030770833520431046,True,0.09231250056129314
Qwen2.5-1.5B,Qwen,H3a_kvsharer_search_similar_vs_dissimilar,kvsharer_similar@k4,kvsharer_dissimilar@k4,retrained,late,d_all,True,False,0.19638463340911314,0.04288223555994276,0.10996001167337163,0.2799238972290319,4.658064202390997e-06,True,3.260644941673698e-05
Qwen2.5-1.5B,Qwen,H3a_kvsharer_search_similar_vs_dissimilar,kvsharer_similar@k4,kvsharer_dissimilar@k4,retrained,late,sel_auc,False,True,0.0010877051896027088,0.001520793609723627,-0.0017669814162223974,0.0042505938827144185,0.47447181908862013,False,0.9489436381772403
Qwen2.5-1.5B,Qwen,H3a_kvsharer_search_similar_vs_dissimilar,kvsharer_similar@k4,kvsharer_dissimilar@k4,retrained,late,sel_d,False,False,0.21250576843975738,0.0448258000380783,0.1243778989418962,0.30370042420954985,2.129787921035413e-06,True,1.490851544724789e-05
Qwen2.5-1.5B,Qwen,H3a_kvsharer_search_similar_vs_dissimilar,kvsharer_similar@k4,kvsharer_dissimilar@k4,retrained,all,auc_all,False,False,0.00046246464646465535,0.0003165664227915407,-0.00016297979797979457,0.0011042989898989823,0.14404916453531788,False,0.28809832907063576
Qwen2.5-1.5B,Qwen,H3a_kvsharer_search_similar_vs_dissimilar,kvsharer_similar@k4,kvsharer_dissimilar@k4,retrained,all,d_all,True,False,0.06118811673069961,0.019280915125311042,0.02486954187138062,0.10094593383197664,0.0015060933420678881,True,0.0075304667103394405
Qwen2.5-1.5B,Qwen,H3a_kvsharer_search_similar_vs_dissimilar,kvsharer_similar@k4,kvsharer_dissimilar@k4,retrained,all,sel_auc,False,True,0.0007026747551415494,0.0006202532075985654,-0.0004389442096486779,0.0019491479069633708,0.2572630916035076,False,1.0
Qwen2.5-1.5B,Qwen,H3a_kvsharer_search_similar_vs_dissimilar,kvsharer_similar@k4,kvsharer_dissimilar@k4,retrained,all,sel_d,False,False,0.055210899833716305,0.018635495354129623,0.018514567160997152,0.09007552843370727,0.0030497926183909404,True,0.015248963091954702
Qwen2.5-1.5B,Qwen,H3a_kvsharer_search_similar_vs_dissimilar,kvsharer_similar@k4,kvsharer_dissimilar@k4,behavior,behavior,auc_all,True,False,-0.018893333333333318,0.008736343264730674,-0.03540555555555546,-0.0018178888888889704,0.030570923913832714,True,0.030570923913832714
Qwen2.5-1.5B,Qwen,H3a_kvsharer_search_similar_vs_dissimilar,kvsharer_similar@k4,kvsharer_dissimilar@k4,behavior,behavior,d_all,False,False,-0.12675842510843482,0.0700318469670778,-0.26168178655984475,0.009713578206341741,0.07029405533829329,False,0.07029405533829329
Qwen2.5-1.5B,Qwen,H3a_kvsharer_search_similar_vs_dissimilar,kvsharer_similar@k4,kvsharer_dissimilar@k4,behavior,behavior,sel_auc,False,True,0.007005154965211924,0.01344530422435348,-0.01868187565886573,0.03415107579590981,0.6023589237876447,False,1.0
Qwen2.5-1.5B,Qwen,H3a_kvsharer_search_similar_vs_dissimilar,kvsharer_similar@k4,kvsharer_dissimilar@k4,behavior,behavior,sel_d,False,False,-0.016445057164430565,0.09930185550456727,-0.21133569820446996,0.17790855824598645,0.8684664380455659,False,1.0
Qwen2.5-1.5B,Qwen,H3c_fidelity_vs_cka,fidelity_high@k4,cka_high@k4,frozen,early,auc_all,False,False,-0.003009555555555557,0.000434084335170102,-0.003926472222222232,-0.002205777777777792,4.116803797429712e-12,True,2.470082278457827e-11
Qwen2.5-1.5B,Qwen,H3c_fidelity_vs_cka,fidelity_high@k4,cka_high@k4,frozen,early,d_all,True,False,-0.2642323190317866,0.020592948122544898,-0.30510102217361906,-0.22493444094742113,1.096468209397088e-37,True,6.5788092563825286e-37
Qwen2.5-1.5B,Qwen,H3c_fidelity_vs_cka,fidelity_high@k4,cka_high@k4,frozen,early,sel_auc,False,True,0.00320780096985028,0.0006625652986742673,0.002027457173729719,0.004689192494201964,1.2887141184362762e-06,True,9.020998829053933e-06
Qwen2.5-1.5B,Qwen,H3c_fidelity_vs_cka,fidelity_high@k4,cka_high@k4,frozen,early,sel_d,False,False,-0.05641791221376252,0.0181349962710372,-0.09160976578301623,-0.019810027059143382,0.0018645706967819115,True,0.003729141393563823
Qwen2.5-1.5B,Qwen,H3c_fidelity_vs_cka,fidelity_high@k4,cka_high@k4,frozen,middle,auc_all,False,False,-0.03456330158730155,0.0031347202219220347,-0.041158704761904766,-0.02892531428571429,2.864438810642705e-28,True,2.0051071674498936e-27
Qwen2.5-1.5B,Qwen,H3c_fidelity_vs_cka,fidelity_high@k4,cka_high@k4,frozen,middle,d_all,True,False,-1.602994282952706,0.08113912550973579,-1.7630144053594807,-1.452429625737169,7.106202708658827e-87,True,4.974341896061179e-86
Qwen2.5-1.5B,Qwen,H3c_fidelity_vs_cka,fidelity_high@k4,cka_high@k4,frozen,middle,sel_auc,False,True,0.022377901268034135,0.0052635659413634425,0.01360482380048795,0.03429122933044185,2.1237041621523343e-05,True,0.00012742224972914006
Qwen2.5-1.5B,Qwen,H3c_fidelity_vs_cka,fidelity_high@k4,cka_high@k4,frozen,middle,sel_d,False,False,-0.5558399528957263,0.07079236006224758,-0.6953330101149245,-0.41607174279150966,4.104547807523712e-15,True,2.052273903761856e-14
Qwen2.5-1.5B,Qwen,H3c_fidelity_vs_cka,fidelity_high@k4,cka_high@k4,frozen,late,auc_all,False,False,-0.0070443174603174495,0.0028603440147883697,-0.012671460317460323,-0.0015641333333333229,0.013787531064885075,True,0.0551501242595403
Qwen2.5-1.5B,Qwen,H3c_fidelity_vs_cka,fidelity_high@k4,cka_high@k4,frozen,late,d_all,True,False,-0.2718973439911765,0.05625909410261381,-0.38310347402773576,-0.16618513508066413,1.3452512183802624e-06,True,5.38100487352105e-06
Qwen2.5-1.5B,Qwen,H3c_fidelity_vs_cka,fidelity_high@k4,cka_high@k4,frozen,late,sel_auc,False,True,0.011273338152465277,0.0055795002725983174,0.000737247070871394,0.022159589921990287,0.043332332927247634,True,0.08877478301403921
Qwen2.5-1.5B,Qwen,H3c_fidelity_vs_cka,fidelity_high@k4,cka_high@k4,frozen,late,sel_d,False,False,0.023874931698034035,0.06431058220565712,-0.09936432941289877,0.15030541518546264,0.7104556425288218,False,0.7104556425288218
Qwen2.5-1.5B,Qwen,H3c_fidelity_vs_cka,fidelity_high@k4,cka_high@k4,frozen,all,auc_all,False,False,-0.014333171717171704,0.0015992938761730609,-0.017491763636363636,-0.011341975757575746,3.182997873177859e-19,True,1.9097987239067152e-18
Qwen2.5-1.5B,Qwen,H3c_fidelity_vs_cka,fidelity_high@k4,cka_high@k4,frozen,all,d_all,True,False,-0.6926409064027939,0.04029170192184802,-0.7723276389915268,-0.6159239547433958,3.119663930489118e-66,True,2.1837647513423826e-65
Qwen2.5-1.5B,Qwen,H3c_fidelity_vs_cka,fidelity_high@k4,cka_high@k4,frozen,all,sel_auc,False,True,0.01187368562283173,0.0029572999371494635,0.006722204636497794,0.01823571155099378,5.943502501639749e-05,True,0.00041604517511478246
Qwen2.5-1.5B,Qwen,H3c_fidelity_vs_cka,fidelity_high@k4,cka_high@k4,frozen,all,sel_d,False,False,-0.18977720209517934,0.03638946321554582,-0.259483296766896,-0.11700873973942372,1.8364967778829516e-07,True,9.182483889414758e-07
Qwen2.5-1.5B,Qwen,H3c_fidelity_vs_cka,fidelity_high@k4,cka_high@k4,retrained,early,auc_all,False,False,-0.00031955555555555903,0.00023081986695052393,-0.0008307111111111049,4.0244444444441587e-05,0.16622469752434565,False,0.8311234876217283
Qwen2.5-1.5B,Qwen,H3c_fidelity_vs_cka,fidelity_high@k4,cka_high@k4,retrained,early,d_all,True,False,-0.02797708164424073,0.013483852694314298,-0.05461076547092188,-0.0021764941542388254,0.037999683429874836,True,0.15618441566516522
Qwen2.5-1.5B,Qwen,H3c_fidelity_vs_cka,fidelity_high@k4,cka_high@k4,retrained,early,sel_auc,False,True,0.0001509566729917533,0.00027457968596301393,-0.0003557603310140961,0.0006993973355471312,0.5824746418571674,False,1.0
Qwen2.5-1.5B,Qwen,H3c_fidelity_vs_cka,fidelity_high@k4,cka_high@k4,retrained,early,sel_d,False,False,-0.027321605026263962,0.012217916928188055,-0.05083374714129652,-0.0028678459974359667,0.025339213456866325,True,0.05067842691373265
Qwen2.5-1.5B,Qwen,H3c_fidelity_vs_cka,fidelity_high@k4,cka_high@k4,retrained,middle,auc_all,False,False,-0.0020492698412698357,0.0005971289193506702,-0.0032485650793650732,-0.0010013142857142714,0.0005994310608661875,True,0.003596586365197125
Qwen2.5-1.5B,Qwen,H3c_fidelity_vs_cka,fidelity_high@k4,cka_high@k4,retrained,middle,d_all,True,False,-0.21118493926044404,0.04950827621635983,-0.30496832291230747,-0.11277391777113034,1.9932175022761117e-05,True,0.0001195930501365667
Qwen2.5-1.5B,Qwen,H3c_fidelity_vs_cka,fidelity_high@k4,cka_high@k4,retrained,middle,sel_auc,False,True,0.003358148850938293,0.0011058655885712648,0.0012675920905996837,0.005613117526580561,0.0023920718337988806,True,0.014352431002793284
Qwen2.5-1.5B,Qwen,H3c_fidelity_vs_cka,fidelity_high@k4,cka_high@k4,retrained,middle,sel_d,False,False,-0.10738507699360139,0.05073533648681048,-0.21005923424040476,-0.011338790346708068,0.03429604729824705,True,0.2057762837894823
Qwen2.5-1.5B,Qwen,H3c_fidelity_vs_cka,fidelity_high@k4,cka_high@k4,retrained,late,auc_all,False,False,-0.003144380952380962,0.0013282619237227533,-0.005869815873015863,-0.0005401841269841227,0.017918893821747453,True,0.07167557528698981
Qwen2.5-1.5B,Qwen,H3c_fidelity_vs_cka,fidelity_high@k4,cka_high@k4,retrained,late,d_all,True,False,-0.14456548822994092,0.05981631102707199,-0.2570090577235074,-0.026177147450289553,0.015656591013023594,True,0.06262636405209437
Qwen2.5-1.5B,Qwen,H3c_fidelity_vs_cka,fidelity_high@k4,cka_high@k4,retrained,late,sel_auc,False,True,0.004792202042107191,0.002311932009172564,0.00035133090870763785,0.009441711620131929,0.03818971356477855,True,0.22913828138867132
Qwen2.5-1.5B,Qwen,H3c_fidelity_vs_cka,fidelity_high@k4,cka_high@k4,retrained,late,sel_d,False,False,-0.1293468307937459,0.06955535578980107,-0.26922403676822676,0.0028923741476134133,0.06293869689013064,False,0.25175478756052255
Qwen2.5-1.5B,Qwen,H3c_fidelity_vs_cka,fidelity_high@k4,cka_high@k4,retrained,all,auc_all,False,False,-0.0017687272727272753,0.000533821748548336,-0.002834860606060592,-0.0007555090909090903,0.0009219234403583549,True,0.00553154064215013
Qwen2.5-1.5B,Qwen,H3c_fidelity_vs_cka,fidelity_high@k4,cka_high@k4,retrained,all,d_all,True,False,-0.12336680207211911,0.03097900056496494,-0.1852540427557335,-0.061380079805072554,6.82596374393307e-05,True,0.00040955782463598424
Qwen2.5-1.5B,Qwen,H3c_fidelity_vs_cka,fidelity_high@k4,cka_high@k4,retrained,all,sel_auc,False,True,0.0026481868016023824,0.0009417366537756011,0.0008603611302781104,0.004529902272248101,0.0049230711268791515,True,0.02953842676127491
Qwen2.5-1.5B,Qwen,H3c_fidelity_vs_cka,fidelity_high@k4,cka_high@k4,retrained,all,sel_d,False,False,-0.08525891794188831,0.03361511876212351,-0.1533184292285724,-0.022757622818837614,0.011202222319111839,True,0.044808889276447356
Qwen2.5-1.5B,Qwen,H3c_fidelity_vs_cka,fidelity_high@k4,cka_high@k4,behavior,behavior,auc_all,True,False,-0.7374622222222222,0.011833420555436656,-0.7611904888888888,-0.7142740444444444,0.0,True,0.0
Qwen2.5-1.5B,Qwen,H3c_fidelity_vs_cka,fidelity_high@k4,cka_high@k4,behavior,behavior,d_all,False,False,-3.3469184260238944,0.08697538748253014,-3.525807600045457,-3.188675571453921,0.0,True,0.0
Qwen2.5-1.5B,Qwen,H3c_fidelity_vs_cka,fidelity_high@k4,cka_high@k4,behavior,behavior,sel_auc,False,True,-0.2840200611427366,0.023328686744883507,-0.3278007049862956,-0.23912127846299802,4.2388349236682284e-34,True,2.9671844465677598e-33
Qwen2.5-1.5B,Qwen,H3c_fidelity_vs_cka,fidelity_high@k4,cka_high@k4,behavior,behavior,sel_d,False,False,-1.6798613026110227,0.13587541116725738,-1.9576142645667292,-1.4256991447838967,4.131245336001269e-35,True,2.8918717352008883e-34
Qwen2.5-1.5B,Qwen,H3c_fidelity_vs_kvdist_within_cla,fidelity_high@k4,kvdist_high@k4,frozen,early,auc_all,False,False,-0.0011120000000000019,0.0005431841370985958,-0.002180661111111137,-2.3088888888918075e-05,0.0406396377431279,True,0.1219189132293837
Qwen2.5-1.5B,Qwen,H3c_fidelity_vs_kvdist_within_cla,fidelity_high@k4,kvdist_high@k4,frozen,early,d_all,True,False,-0.014127248838215367,0.029990391950113812,-0.07126183234493193,0.0459137798265277,0.6375984885179953,False,1.0
Qwen2.5-1.5B,Qwen,H3c_fidelity_vs_kvdist_within_cla,fidelity_high@k4,kvdist_high@k4,frozen,early,sel_auc,False,True,0.0020310773771874124,0.0010490596399900436,-9.789584651063127e-05,0.004037265773244791,0.05285627067196475,False,0.1878486239609792
Qwen2.5-1.5B,Qwen,H3c_fidelity_vs_kvdist_within_cla,fidelity_high@k4,kvdist_high@k4,frozen,early,sel_d,False,False,0.13404020462051996,0.027539640087450273,0.08219310307423637,0.19035405912155992,1.1320567737597584e-06,True,4.528227095039034e-06
Qwen2.5-1.5B,Qwen,H3c_fidelity_vs_kvdist_within_cla,fidelity_high@k4,kvdist_high@k4,frozen,middle,auc_all,False,False,-0.03134476190476189,0.0030578713550164713,-0.03770535873015873,-0.02573849523809526,1.1771238061893664e-24,True,5.8856190309468315e-24
Qwen2.5-1.5B,Qwen,H3c_fidelity_vs_kvdist_within_cla,fidelity_high@k4,kvdist_high@k4,frozen,middle,d_all,True,False,-1.1229949194881066,0.06891906781365177,-1.258232942920631,-0.9924984164399236,1.0815832714530752e-59,True,5.407916357265376e-59
Qwen2.5-1.5B,Qwen,H3c_fidelity_vs_kvdist_within_cla,fidelity_high@k4,kvdist_high@k4,frozen,middle,sel_auc,False,True,0.019405216710340064,0.005060179390475625,0.010438764871539987,0.03042175597120566,0.00012562197942054173,True,0.0006281098971027087
Qwen2.5-1.5B,Qwen,H3c_fidelity_vs_kvdist_within_cla,fidelity_high@k4,kvdist_high@k4,frozen,middle,sel_d,False,False,-0.2314881330280535,0.06340320261699556,-0.3564532567010441,-0.10369541839801882,0.000261172467610708,True,0.0007835174028321241
Qwen2.5-1.5B,Qwen,H3c_fidelity_vs_kvdist_within_cla,fidelity_high@k4,kvdist_high@k4,frozen,late,auc_all,False,False,-0.019076571428571443,0.0026931755624846547,-0.024332819047619046,-0.014105873015873002,1.4076112544583147e-12,True,8.445667526749887e-12
Qwen2.5-1.5B,Qwen,H3c_fidelity_vs_kvdist_within_cla,fidelity_high@k4,kvdist_high@k4,frozen,late,d_all,True,False,-0.6540890185753715,0.058901545140101305,-0.769333607888022,-0.545059208476233,1.1890262119576593e-28,True,7.134157271745956e-28
Qwen2.5-1.5B,Qwen,H3c_fidelity_vs_kvdist_within_cla,fidelity_high@k4,kvdist_high@k4,frozen,late,sel_auc,False,True,0.011327216047709428,0.005206684145567391,0.0015244628173850295,0.021483961401764992,0.02959159433801307,True,0.08877478301403921
Qwen2.5-1.5B,Qwen,H3c_fidelity_vs_kvdist_within_cla,fidelity_high@k4,kvdist_high@k4,frozen,late,sel_d,False,False,-0.18554932800571922,0.05764055905882013,-0.30036497004663004,-0.07475075122867798,0.001286044906851647,True,0.0038581347205549413
Qwen2.5-1.5B,Qwen,H3c_fidelity_vs_kvdist_within_cla,fidelity_high@k4,kvdist_high@k4,frozen,all,auc_all,False,False,-0.016447515151515154,0.001647589809907092,-0.01973547878787879,-0.013453486868686868,1.8132694413390267e-23,True,1.2692886089373187e-22
Qwen2.5-1.5B,Qwen,H3c_fidelity_vs_kvdist_within_cla,fidelity_high@k4,kvdist_high@k4,frozen,all,d_all,True,False,-0.5705729798704575,0.040276326831036165,-0.6504576673370056,-0.4928529687275373,1.477633013256496e-45,True,7.38816506628248e-45
Qwen2.5-1.5B,Qwen,H3c_fidelity_vs_kvdist_within_cla,fidelity_high@k4,kvdist_high@k4,frozen,all,sel_auc,False,True,0.01051707492381117,0.0028970277936932183,0.005348651361815487,0.016661468695493828,0.0002830939129545594,True,0.0016985634777273563
Qwen2.5-1.5B,Qwen,H3c_fidelity_vs_kvdist_within_cla,fidelity_high@k4,kvdist_high@k4,frozen,all,sel_d,False,False,-0.08395184501237496,0.037539706280824016,-0.15705961170908958,-0.009935033379124726,0.025328988098937365,True,0.07598696429681209
Qwen2.5-1.5B,Qwen,H3c_fidelity_vs_kvdist_within_cla,fidelity_high@k4,kvdist_high@k4,retrained,early,auc_all,False,False,0.000543555555555561,0.00047491765915703044,-0.000384366666666661,0.0015149111111111074,0.25240560801738343,False,0.8311234876217283
Qwen2.5-1.5B,Qwen,H3c_fidelity_vs_kvdist_within_cla,fidelity_high@k4,kvdist_high@k4,retrained,early,d_all,True,False,0.06612684557609105,0.030698959190875064,0.008716797088477545,0.1296344606190424,0.031236883133033043,True,0.15618441566516522
Qwen2.5-1.5B,Qwen,H3c_fidelity_vs_kvdist_within_cla,fidelity_high@k4,kvdist_high@k4,retrained,early,sel_auc,False,True,-0.0017714210415349096,0.0007687421415499536,-0.0033707329222011266,-0.0003345595482817029,0.02120518691249641,True,0.10602593456248205
Qwen2.5-1.5B,Qwen,H3c_fidelity_vs_kvdist_within_cla,fidelity_high@k4,kvdist_high@k4,retrained,early,sel_d,False,False,-0.08335900495047616,0.02457955743129281,-0.12842503588818366,-0.032917386655963395,0.0006953762906387848,True,0.003476881453193924
Qwen2.5-1.5B,Qwen,H3c_fidelity_vs_kvdist_within_cla,fidelity_high@k4,kvdist_high@k4,retrained,middle,auc_all,False,False,-0.0010029206349206263,0.0006187614818971734,-0.0022595999999999866,0.00020577142857142845,0.10504943541474626,False,0.5252471770737313
Qwen2.5-1.5B,Qwen,H3c_fidelity_vs_kvdist_within_cla,fidelity_high@k4,kvdist_high@k4,retrained,middle,d_all,True,False,-0.032686408110409716,0.054147919632676594,-0.1342368352694842,0.07628359100135015,0.5460761612751286,False,1.0
Qwen2.5-1.5B,Qwen,H3c_fidelity_vs_kvdist_within_cla,fidelity_high@k4,kvdist_high@k4,retrained,middle,sel_auc,False,True,0.0015886117888015733,0.0013700074712486331,-0.0009838163007138527,0.004291756648896129,0.24622623280968114,False,0.9849049312387246
Qwen2.5-1.5B,Qwen,H3c_fidelity_vs_kvdist_within_cla,fidelity_high@k4,kvdist_high@k4,retrained,middle,sel_d,False,False,-0.11520768869701759,0.05700932296068203,-0.22470971663840042,-0.008950644323854407,0.043294571498474904,True,0.21647285749237452
Qwen2.5-1.5B,Qwen,H3c_fidelity_vs_kvdist_within_cla,fidelity_high@k4,kvdist_high@k4,retrained,late,auc_all,False,False,-0.003071238095238143,0.001143504749009082,-0.005313898412698402,-0.0006980698412698352,0.007235391636116789,True,0.04341234981670074
Qwen2.5-1.5B,Qwen,H3c_fidelity_vs_kvdist_within_cla,fidelity_high@k4,kvdist_high@k4,retrained,late,d_all,True,False,-0.07754723990820171,0.05891369393640407,-0.18785056692600088,0.04293326594940249,0.1880782424323587,False,0.2206299501579586
Qwen2.5-1.5B,Qwen,H3c_fidelity_vs_kvdist_within_cla,fidelity_high@k4,kvdist_high@k4,retrained,late,sel_auc,False,True,0.0033851058703051134,0.002101900704664779,-0.0006618546128129129,0.007498981506581124,0.10728928662223393,False,0.33907570020352873
Qwen2.5-1.5B,Qwen,H3c_fidelity_vs_kvdist_within_cla,fidelity_high@k4,kvdist_high@k4,retrained,late,sel_d,False,False,-0.21409873688310183,0.07055523386187666,-0.3557970838798366,-0.07232890409855051,0.002409474381644547,True,0.012047371908222736
Qwen2.5-1.5B,Qwen,H3c_fidelity_vs_kvdist_within_cla,fidelity_high@k4,kvdist_high@k4,retrained,all,auc_all,False,False,-0.001098666666666677,0.0005061738390253342,-0.0020645939393939424,-7.782222222223421e-05,0.02996654451385596,True,0.11986617805542384
Qwen2.5-1.5B,Qwen,H3c_fidelity_vs_kvdist_within_cla,fidelity_high@k4,kvdist_high@k4,retrained,all,d_all,True,False,-0.011028216887343255,0.03665892992448986,-0.08008755407406994,0.06129574275457414,0.7635418217339546,False,1.0
Qwen2.5-1.5B,Qwen,H3c_fidelity_vs_kvdist_within_cla,fidelity_high@k4,kvdist_high@k4,retrained,all,sel_auc,False,True,0.0009383934218848876,0.0010569169832500116,-0.001197153484560978,0.0029971186245759023,0.37461651689792286,False,1.0
Qwen2.5-1.5B,Qwen,H3c_fidelity_vs_kvdist_within_cla,fidelity_high@k4,kvdist_high@k4,retrained,all,sel_d,False,False,-0.1350916826665748,0.03926077585235782,-0.21226519237894886,-0.06006138499133152,0.0005798221148785601,True,0.003478932689271361
Qwen2.5-1.5B,Qwen,H3c_fidelity_vs_kvdist_within_cla,fidelity_high@k4,kvdist_high@k4,behavior,behavior,auc_all,True,False,-0.4300977777777778,0.01642478833163687,-0.4633772444444445,-0.39785162222222226,3.8471899662463843e-151,True,1.9235949831231922e-150
Qwen2.5-1.5B,Qwen,H3c_fidelity_vs_kvdist_within_cla,fidelity_high@k4,kvdist_high@k4,behavior,behavior,d_all,False,False,-1.5709386957894091,0.07125219244821283,-1.7182560091122927,-1.4309082602639023,1.007613297943828e-107,True,5.0380664897191395e-107
Qwen2.5-1.5B,Qwen,H3c_fidelity_vs_kvdist_within_cla,fidelity_high@k4,kvdist_high@k4,behavior,behavior,sel_auc,False,True,-0.3215393421884883,0.030413624637993346,-0.3808024420198187,-0.26125301918616906,4.0091710354075795e-26,True,2.0045855177037898e-25
Qwen2.5-1.5B,Qwen,H3c_fidelity_vs_kvdist_within_cla,fidelity_high@k4,kvdist_high@k4,behavior,behavior,sel_d,False,False,-1.3436977943892843,0.11877233713101805,-1.5710019985894592,-1.1089065002776914,1.1286748899263962e-29,True,5.643374449631981e-29
Qwen2.5-1.5B,Qwen,C1_live_vs_clean_semantics,live_prev_head,cf_prev_head,frozen,early,auc_all,False,False,-0.0001131111111111055,0.0005988018395133025,-0.0012851166666666808,0.0010469944444444308,0.8501745396286133,False,0.8501745396286133
Qwen2.5-1.5B,Qwen,C1_live_vs_clean_semantics,live_prev_head,cf_prev_head,frozen,early,d_all,True,False,0.0050923156579388285,0.011789089038291612,-0.018570955365194687,0.027773189462599313,0.6657766039114856,False,1.0
Qwen2.5-1.5B,Qwen,C1_live_vs_clean_semantics,live_prev_head,cf_prev_head,frozen,early,sel_auc,False,True,-0.00222092557453088,0.0011179298062563457,-0.004393389995783252,1.9359846088960773e-05,0.0469621559902448,False,0.1878486239609792
Qwen2.5-1.5B,Qwen,C1_live_vs_clean_semantics,live_prev_head,cf_prev_head,frozen,early,sel_d,False,False,-0.04720621707331271,0.013215698700545161,-0.07308241311279229,-0.022223645179997017,0.0003542918974299741,True,0.0010628756922899222
Qwen2.5-1.5B,Qwen,C1_live_vs_clean_semantics,live_prev_head,cf_prev_head,frozen,middle,auc_all,False,False,0.007968507936507909,0.0037577866372756614,0.0008456380952380854,0.01541580317460314,0.033961180676419414,True,0.06792236135283883
Qwen2.5-1.5B,Qwen,C1_live_vs_clean_semantics,live_prev_head,cf_prev_head,frozen,middle,d_all,True,False,0.10760849401763098,0.03441694372691476,0.04177549569074425,0.17517240344644794,0.0017683200274954106,True,0.0017683200274954106
Qwen2.5-1.5B,Qwen,C1_live_vs_clean_semantics,live_prev_head,cf_prev_head,frozen,middle,sel_auc,False,True,-0.029577663323393844,0.005797849207065454,-0.04160333619469292,-0.018488882262582478,3.369918045534559e-07,True,2.3589426318741915e-06
Qwen2.5-1.5B,Qwen,C1_live_vs_clean_semantics,live_prev_head,cf_prev_head,frozen,middle,sel_d,False,False,-0.1944908369551977,0.044607989651989026,-0.28210242183759243,-0.10643232078115082,1.300624164048548e-05,True,5.202496656194192e-05
Qwen2.5-1.5B,Qwen,C1_live_vs_clean_semantics,live_prev_head,cf_prev_head,frozen,late,auc_all,False,False,0.01376101587301586,0.007916363273511305,-0.0013398730158729814,0.030332336507936514,0.08215793090456201,False,0.16431586180912403
Qwen2.5-1.5B,Qwen,C1_live_vs_clean_semantics,live_prev_head,cf_prev_head,frozen,late,d_all,True,False,0.08672521199514624,0.04300998815738174,0.005544907477567922,0.17641659987965772,0.04375847677460852,True,0.13127543032382555
Qwen2.5-1.5B,Qwen,C1_live_vs_clean_semantics,live_prev_head,cf_prev_head,frozen,late,sel_auc,False,True,0.042168525044426336,0.013094422546375765,0.015180581081895092,0.06645377044366131,0.0012803753961725855,True,0.007682252377035513
Qwen2.5-1.5B,Qwen,C1_live_vs_clean_semantics,live_prev_head,cf_prev_head,frozen,late,sel_d,False,False,0.20870786009621486,0.0666131448852521,0.0733596830855531,0.33493371750739076,0.001729508979472952,True,0.0038581347205549413
Qwen2.5-1.5B,Qwen,C1_live_vs_clean_semantics,live_prev_head,cf_prev_head,frozen,all,auc_all,False,False,0.0068728080808080705,0.0030887900400517324,0.0010950383838383999,0.01336196565656567,0.026075799916218854,True,0.026075799916218854
Qwen2.5-1.5B,Qwen,C1_live_vs_clean_semantics,live_prev_head,cf_prev_head,frozen,all,d_all,True,False,0.06368520306149777,0.02045868492256485,0.0255581618840361,0.10718818505992514,0.0018527833000369681,True,0.0022566838589637263
Qwen2.5-1.5B,Qwen,C1_live_vs_clean_semantics,live_prev_head,cf_prev_head,frozen,all,sel_auc,False,True,0.0031985739750445626,0.005010181454353365,-0.006905534879152025,0.012783031429091643,0.5232037013987654,False,1.0
Qwen2.5-1.5B,Qwen,C1_live_vs_clean_semantics,live_prev_head,cf_prev_head,frozen,all,sel_d,False,False,-0.012642298845426427,0.029573902680626107,-0.07143881296222566,0.0465043002403165,0.6690285938163292,False,0.6690285938163292
Qwen2.5-1.5B,Qwen,C1_live_vs_clean_semantics,live_prev_head,cf_prev_head,retrained,early,auc_all,False,False,-0.00022788888888888859,0.00022208951589196442,-0.000683377777777772,0.00018234166666664591,0.3048384305067774,False,0.8311234876217283
Qwen2.5-1.5B,Qwen,C1_live_vs_clean_semantics,live_prev_head,cf_prev_head,retrained,early,d_all,True,False,-0.007793073975658316,0.01426930399665562,-0.0371657785709813,0.01939352440710917,0.5849679577898897,False,0.9687303261843925
Qwen2.5-1.5B,Qwen,C1_live_vs_clean_semantics,live_prev_head,cf_prev_head,retrained,early,sel_auc,False,True,0.00047112718743411164,0.0005390376627071981,-0.0005439505587181093,0.0015605174731182865,0.3821098984303528,False,1.0
Qwen2.5-1.5B,Qwen,C1_live_vs_clean_semantics,live_prev_head,cf_prev_head,retrained,early,sel_d,False,False,-0.02183990560344684,0.014616485789475463,-0.05105920989571375,0.006734890261572928,0.13512420110710374,False,0.13512420110710374
Qwen2.5-1.5B,Qwen,C1_live_vs_clean_semantics,live_prev_head,cf_prev_head,retrained,middle,auc_all,False,False,-0.000977269841269874,0.0007358330242241907,-0.00253349206349207,0.0003707301587301614,0.18414058374688302,False,0.7365623349875321
Qwen2.5-1.5B,Qwen,C1_live_vs_clean_semantics,live_prev_head,cf_prev_head,retrained,middle,d_all,True,False,-0.05392528555470807,0.04339116734437311,-0.1371055256025814,0.032657391147331766,0.21395222232892197,False,1.0
Qwen2.5-1.5B,Qwen,C1_live_vs_clean_semantics,live_prev_head,cf_prev_head,retrained,middle,sel_auc,False,True,0.001886819674106247,0.0011595178951444211,-0.00038327151290624853,0.004153904023975181,0.10368507814365287,False,0.5184253907182643
Qwen2.5-1.5B,Qwen,C1_live_vs_clean_semantics,live_prev_head,cf_prev_head,retrained,middle,sel_d,False,False,-0.044078915277908304,0.04611438915613757,-0.13277633677711947,0.046834190171385494,0.33914280296047983,False,1.0
Qwen2.5-1.5B,Qwen,C1_live_vs_clean_semantics,live_prev_head,cf_prev_head,retrained,late,auc_all,False,False,-0.005075555555555548,0.0020520269327934737,-0.009199390476190498,-0.0012286031746032043,0.013382108684269348,True,0.06691054342134674
Qwen2.5-1.5B,Qwen,C1_live_vs_clean_semantics,live_prev_head,cf_prev_head,retrained,late,d_all,True,False,-0.2007843110022415,0.059237475705480394,-0.31897344083494417,-0.08282773669022925,0.0007002500701815003,True,0.0035012503509075014
Qwen2.5-1.5B,Qwen,C1_live_vs_clean_semantics,live_prev_head,cf_prev_head,retrained,late,sel_auc,False,True,0.008168811180386102,0.004682305806653802,-0.001083336269991886,0.01792144799855424,0.08105227126869285,False,0.33907570020352873
Qwen2.5-1.5B,Qwen,C1_live_vs_clean_semantics,live_prev_head,cf_prev_head,retrained,late,sel_d,False,False,0.04233873766181678,0.07227551197371924,-0.09774262201126167,0.18099517989086378,0.5580123159078207,False,0.9886231634034901
Qwen2.5-1.5B,Qwen,C1_live_vs_clean_semantics,live_prev_head,cf_prev_head,retrained,all,auc_all,False,False,-0.0020087676767676847,0.0008039280689633789,-0.0036273424242424337,-0.0004939686868686828,0.012465301625719696,True,0.06232650812859848
Qwen2.5-1.5B,Qwen,C1_live_vs_clean_semantics,live_prev_head,cf_prev_head,retrained,all,d_all,True,False,-0.08387780762290516,0.02858608117181827,-0.14073514970010592,-0.025536306887291277,0.0033438874129058634,True,0.013375549651623454
Qwen2.5-1.5B,Qwen,C1_live_vs_clean_semantics,live_prev_head,cf_prev_head,retrained,all,sel_auc,False,True,0.003370837885496333,0.001661855634340503,8.549018409902376e-05,0.006676739716903372,0.04252374088845913,True,0.21261870444229564
Qwen2.5-1.5B,Qwen,C1_live_vs_clean_semantics,live_prev_head,cf_prev_head,retrained,all,sel_d,False,False,-0.008495476733646146,0.032765013139924325,-0.07389772707039328,0.05514593873834785,0.7954153449319196,False,0.7954153449319196
Qwen2.5-1.5B,Qwen,C1_live_vs_clean_semantics,live_prev_head,cf_prev_head,behavior,behavior,auc_all,True,False,0.12709422222222222,0.020840395524427065,0.08902906666666671,0.1702656888888889,1.0709828238766526e-09,True,3.212948471629958e-09
Qwen2.5-1.5B,Qwen,C1_live_vs_clean_semantics,live_prev_head,cf_prev_head,behavior,behavior,d_all,False,False,0.482684464477225,0.07526155874302397,0.34131821404845175,0.6356383935259616,1.4228486385959293e-10,True,4.268545915787788e-10
Qwen2.5-1.5B,Qwen,C1_live_vs_clean_semantics,live_prev_head,cf_prev_head,behavior,behavior,sel_auc,False,True,0.011195509171410434,0.034013210111303316,-0.052621830592452006,0.07735531072106257,0.7420409563804584,False,1.0
Qwen2.5-1.5B,Qwen,C1_live_vs_clean_semantics,live_prev_head,cf_prev_head,behavior,behavior,sel_d,False,False,0.06308397882228917,0.120511078437278,-0.16161875641996912,0.2964392099280407,0.6006469651566584,False,1.0
Qwen2.5-1.5B,Qwen,C2_previous_vs_next_head_source,cf_prev_head,cf_next_head,frozen,early,auc_all,False,False,0.00595622222222221,0.0014055321072581864,0.003193894444444419,0.00875146111111111,2.2582208211990748e-05,True,0.00011291104105995374
Qwen2.5-1.5B,Qwen,C2_previous_vs_next_head_source,cf_prev_head,cf_next_head,frozen,early,d_all,True,False,0.1083169612591936,0.0315835695408593,0.04505979024154244,0.1690742415526657,0.0006046161593375251,True,0.0024184646373501006
Qwen2.5-1.5B,Qwen,C2_previous_vs_next_head_source,cf_prev_head,cf_next_head,frozen,early,sel_auc,False,True,-0.006438019186169083,0.002467307723176983,-0.011290951336179597,-0.0017666590238246327,0.009071980343467382,True,0.045359901717336906
Qwen2.5-1.5B,Qwen,C2_previous_vs_next_head_source,cf_prev_head,cf_next_head,frozen,early,sel_d,False,False,0.04723120004612613,0.03564817543611512,-0.025952213331412843,0.11459015454990307,0.18519564464552818,False,0.18519564464552818
Qwen2.5-1.5B,Qwen,C2_previous_vs_next_head_source,cf_prev_head,cf_next_head,frozen,middle,auc_all,False,False,0.020980825396825394,0.005949014054693655,0.0088026476190476,0.03257720634920638,0.00042065637973133106,True,0.001261969139193993
Qwen2.5-1.5B,Qwen,C2_previous_vs_next_head_source,cf_prev_head,cf_next_head,frozen,middle,d_all,True,False,0.17283005697101742,0.050076734194865136,0.07356395923240719,0.26875416480678227,0.0005578838104970242,True,0.0011157676209940484
Qwen2.5-1.5B,Qwen,C2_previous_vs_next_head_source,cf_prev_head,cf_next_head,frozen,middle,sel_auc,False,True,-0.00461516520586734,0.009397894797709992,-0.023485144950453292,0.012743271362308357,0.6233663272533695,False,1.0
Qwen2.5-1.5B,Qwen,C2_previous_vs_next_head_source,cf_prev_head,cf_next_head,frozen,middle,sel_d,False,False,-0.0437632534562476,0.07268104567988559,-0.18911909861951218,0.09049745480317992,0.5470892967956176,False,0.5470892967956176
Qwen2.5-1.5B,Qwen,C2_previous_vs_next_head_source,cf_prev_head,cf_next_head,frozen,late,auc_all,False,False,0.005459174603174625,0.009423280328444684,-0.012731873015873005,0.023481238095238076,0.5623675568473021,False,0.5623675568473021
Qwen2.5-1.5B,Qwen,C2_previous_vs_next_head_source,cf_prev_head,cf_next_head,frozen,late,d_all,True,False,0.03030612863886479,0.05060317949749872,-0.06897930333421483,0.1284097138094154,0.5492410944240194,False,1.0
Qwen2.5-1.5B,Qwen,C2_previous_vs_next_head_source,cf_prev_head,cf_next_head,frozen,late,sel_auc,False,True,-0.05716891208096142,0.01626672568773229,-0.08895184000481911,-0.025933389995783276,0.0004406331884421564,True,0.0030844323190950948
Qwen2.5-1.5B,Qwen,C2_previous_vs_next_head_source,cf_prev_head,cf_next_head,frozen,late,sel_d,False,False,-0.271836500852235,0.08084371193365894,-0.43193356483769196,-0.1169362565318063,0.0007724178897826805,True,0.0033124016988754484
Qwen2.5-1.5B,Qwen,C2_previous_vs_next_head_source,cf_prev_head,cf_next_head,frozen,all,auc_all,False,False,0.010578626262626263,0.004186337055413328,0.00206853434343435,0.018347994949494944,0.011506086823344606,True,0.023012173646689213
Qwen2.5-1.5B,Qwen,C2_previous_vs_next_head_source,cf_prev_head,cf_next_head,frozen,all,d_all,True,False,0.10402222678830565,0.03194392228917167,0.04067423790488562,0.16435278432090974,0.0011283419294818632,True,0.0022566838589637263
Qwen2.5-1.5B,Qwen,C2_previous_vs_next_head_source,cf_prev_head,cf_next_head,frozen,all,sel_auc,False,True,-0.021999667931688817,0.007090543802601063,-0.03536042502827131,-0.008094212751327353,0.0019177875794715192,True,0.007671150317886077
Qwen2.5-1.5B,Qwen,C2_previous_vs_next_head_source,cf_prev_head,cf_next_head,frozen,all,sel_d,False,False,-0.08324312180865315,0.04746985750431772,-0.17884313072134983,0.006458744495235193,0.07949914440117792,False,0.15899828880235584
Qwen2.5-1.5B,Qwen,C2_previous_vs_next_head_source,cf_prev_head,cf_next_head,retrained,early,auc_all,False,False,0.0002032222222222574,0.0005501613633386982,-0.0008116111111111067,0.0013477111111111011,0.7118396024425871,False,0.8311234876217283
Qwen2.5-1.5B,Qwen,C2_previous_vs_next_head_source,cf_prev_head,cf_next_head,retrained,early,d_all,True,False,0.05032835131424063,0.03313249092534787,-0.019508061807879527,0.11092743218771542,0.12876175450982671,False,0.3862852635294801
Qwen2.5-1.5B,Qwen,C2_previous_vs_next_head_source,cf_prev_head,cf_next_head,retrained,early,sel_auc,False,True,0.0007935866013071835,0.0010271715579414015,-0.0012147299968374339,0.0029588917220113487,0.43976268575376043,False,1.0
Qwen2.5-1.5B,Qwen,C2_previous_vs_next_head_source,cf_prev_head,cf_next_head,retrained,early,sel_d,False,False,0.12901396020931194,0.03235871727083332,0.0637076892143181,0.19157739186547162,6.691616495926659e-05,True,0.0004684131547148661
Qwen2.5-1.5B,Qwen,C2_previous_vs_next_head_source,cf_prev_head,cf_next_head,retrained,middle,auc_all,False,False,7.085714285715028e-05,0.0009478160324137821,-0.0017297968253968316,0.0019838730158730036,0.9404069975721586,False,0.9404069975721586
Qwen2.5-1.5B,Qwen,C2_previous_vs_next_head_source,cf_prev_head,cf_next_head,retrained,middle,d_all,True,False,0.013032630904499496,0.05925165482716752,-0.1037163908085624,0.12290878926259896,0.8259070796814726,False,1.0
Qwen2.5-1.5B,Qwen,C2_previous_vs_next_head_source,cf_prev_head,cf_next_head,retrained,middle,sel_auc,False,True,-0.0011492665883557748,0.0019844488782549863,-0.00495529426824494,0.002784502123430016,0.5624971377344716,False,0.9849049312387246
Qwen2.5-1.5B,Qwen,C2_previous_vs_next_head_source,cf_prev_head,cf_next_head,retrained,middle,sel_d,False,False,0.03313662727864848,0.06527838611521872,-0.09592189481320189,0.15485345313869908,0.611719723093527,False,1.0
Qwen2.5-1.5B,Qwen,C2_previous_vs_next_head_source,cf_prev_head,cf_next_head,retrained,late,auc_all,False,False,0.0016068571428571638,0.001980233730358943,-0.002084793650793691,0.005559187301587308,0.41710831519109626,False,0.41710831519109626
Qwen2.5-1.5B,Qwen,C2_previous_vs_next_head_source,cf_prev_head,cf_next_head,retrained,late,d_all,True,False,0.10593716956555063,0.06634428967176992,-0.01910351693264956,0.23507502234439656,0.1103149750789793,False,0.2206299501579586
Qwen2.5-1.5B,Qwen,C2_previous_vs_next_head_source,cf_prev_head,cf_next_head,retrained,late,sel_auc,False,True,-0.001967609409355174,0.004025539207252313,-0.010006989096713954,0.006128935800126535,0.6249963410123633,False,0.9489436381772403
Qwen2.5-1.5B,Qwen,C2_previous_vs_next_head_source,cf_prev_head,cf_next_head,retrained,late,sel_d,False,False,-0.05233766392064211,0.07657668617614422,-0.2023175055544524,0.09820674191538996,0.49431158170174505,False,0.9886231634034901
Qwen2.5-1.5B,Qwen,C2_previous_vs_next_head_source,cf_prev_head,cf_next_head,retrained,all,auc_all,False,False,0.0006077171717171935,0.0008859286860695343,-0.0010596636363636393,0.002456270707070704,0.4927343961409201,False,0.4927343961409201
Qwen2.5-1.5B,Qwen,C2_previous_vs_next_head_source,cf_prev_head,cf_next_head,retrained,all,d_all,True,False,0.05615524608201254,0.03911999911360986,-0.023155656941877597,0.13118487894762057,0.15115567925904916,False,0.4534670377771475
Qwen2.5-1.5B,Qwen,C2_previous_vs_next_head_source,cf_prev_head,cf_next_head,retrained,all,sel_auc,False,True,-0.0007031563260690533,0.0016864247024926753,-0.003990114211373694,0.0027036194966745396,0.6767143095412218,False,1.0
Qwen2.5-1.5B,Qwen,C2_previous_vs_next_head_source,cf_prev_head,cf_next_head,retrained,all,sel_d,False,False,0.040804746599115455,0.04204880383301041,-0.045383515151576244,0.12278602731078833,0.33184018875128896,False,0.6705595193114922
Qwen2.5-1.5B,Qwen,C2_previous_vs_next_head_source,cf_prev_head,cf_next_head,behavior,behavior,auc_all,True,False,0.2313191111111111,0.017995208894587493,0.19534042222222214,0.2654560888888889,8.116645312156388e-38,True,3.246658124862555e-37
Qwen2.5-1.5B,Qwen,C2_previous_vs_next_head_source,cf_prev_head,cf_next_head,behavior,behavior,d_all,False,False,0.853962183010118,0.0669823634580993,0.722722038778089,0.9850700482332934,3.1552610353361353e-37,True,1.2621044141344541e-36
Qwen2.5-1.5B,Qwen,C2_previous_vs_next_head_source,cf_prev_head,cf_next_head,behavior,behavior,sel_auc,False,True,0.36072556398903655,0.03352221959069385,0.2931256172253848,0.42756665770609315,5.271631489336361e-27,True,3.1629788936018164e-26
Qwen2.5-1.5B,Qwen,C2_previous_vs_next_head_source,cf_prev_head,cf_next_head,behavior,behavior,sel_d,False,False,1.5347351653024586,0.13307889488954971,1.2809302552864792,1.8089997905055641,9.045536481947129e-31,True,5.427321889168277e-30
Llama-3.2-1B,Llama,H3a_cka_similar_vs_dissimilar,cka_high@k2,cka_low@k2,frozen,early,auc_all,False,False,-0.005922222222222245,0.0009565959175480519,-0.007906166666666652,-0.004092177777777761,5.980873748235273e-10,True,3.5885242489411638e-09
Llama-3.2-1B,Llama,H3a_cka_similar_vs_dissimilar,cka_high@k2,cka_low@k2,frozen,early,d_all,True,False,-0.5785594018097509,0.04978210506622605,-0.6844739555628544,-0.48641397663119224,3.192062341093648e-31,True,1.9152374046561886e-30
Llama-3.2-1B,Llama,H3a_cka_similar_vs_dissimilar,cka_high@k2,cka_low@k2,frozen,early,sel_auc,False,True,0.0069745677841029086,0.00185394373534947,0.003416724119755463,0.010704978257431993,0.00016854861207292237,True,0.0010339993130335401
Llama-3.2-1B,Llama,H3a_cka_similar_vs_dissimilar,cka_high@k2,cka_low@k2,frozen,early,sel_d,False,False,-0.07691002781911283,0.03753560457119693,-0.1511999646346332,-0.00303425031354033,0.040463224575125974,True,0.20231612287562986
Llama-3.2-1B,Llama,H3a_cka_similar_vs_dissimilar,cka_high@k2,cka_low@k2,frozen,middle,auc_all,False,False,-0.009597333333333319,0.0015245815228388075,-0.012742666666666626,-0.00670829999999999,3.072794563269916e-10,True,1.2291178253079665e-09
Llama-3.2-1B,Llama,H3a_cka_similar_vs_dissimilar,cka_high@k2,cka_low@k2,frozen,middle,d_all,True,False,-0.5477220514318198,0.05211066727002153,-0.6518753958403984,-0.4476711205069329,7.708037739204122e-26,True,3.854018869602061e-25
Llama-3.2-1B,Llama,H3a_cka_similar_vs_dissimilar,cka_high@k2,cka_low@k2,frozen,middle,sel_auc,False,True,0.007043574741724679,0.002585615673694108,0.0022191040744254384,0.012099812882142095,0.006446949941308555,True,0.02578779976523422
Llama-3.2-1B,Llama,H3a_cka_similar_vs_dissimilar,cka_high@k2,cka_low@k2,frozen,middle,sel_d,False,False,-0.2940123976528334,0.04985100723954416,-0.39427152901180396,-0.1959423026121038,3.6832963615666997e-09,True,2.5783074530966898e-08
Llama-3.2-1B,Llama,H3a_cka_similar_vs_dissimilar,cka_high@k2,cka_low@k2,frozen,late,auc_all,False,False,-0.007329333333333299,0.0019579409635830046,-0.011266811111111174,-0.0035309000000000135,0.0001815553170190559,True,0.0005446659510571678
Llama-3.2-1B,Llama,H3a_cka_similar_vs_dissimilar,cka_high@k2,cka_low@k2,frozen,late,d_all,True,False,-0.3108385394979982,0.0570115222493791,-0.42645270081360476,-0.19860303294700585,4.9748896444256285e-08,True,9.949779288851257e-08
Llama-3.2-1B,Llama,H3a_cka_similar_vs_dissimilar,cka_high@k2,cka_low@k2,frozen,late,sel_auc,False,True,0.001721204933586351,0.0032052374405235704,-0.004706414979970561,0.007846649799704841,0.5912692458680807,False,1.0
Llama-3.2-1B,Llama,H3a_cka_similar_vs_dissimilar,cka_high@k2,cka_low@k2,frozen,late,sel_d,False,False,-0.15098980677946539,0.05229593713302209,-0.2580580849564031,-0.05016762717866529,0.0038866399177158507,True,0.019188986324986723
Llama-3.2-1B,Llama,H3a_cka_similar_vs_dissimilar,cka_high@k2,cka_low@k2,frozen,all,auc_all,False,False,-0.007616296296296288,0.0011512322364186556,-0.009932377777777774,-0.005429448148148155,3.696040034475797e-11,True,1.1088120103427392e-10
Llama-3.2-1B,Llama,H3a_cka_similar_vs_dissimilar,cka_high@k2,cka_low@k2,frozen,all,d_all,True,False,-0.47903999757985644,0.0427461922542495,-0.5657632291771804,-0.396480492357801,3.7840106988236154e-29,True,1.1352032096470846e-28
Llama-3.2-1B,Llama,H3a_cka_similar_vs_dissimilar,cka_high@k2,cka_low@k2,frozen,all,sel_auc,False,True,0.005246449153137979,0.0019205480179963696,0.0015640509698502828,0.009168040753039558,0.006299971065147834,True,0.025199884260591335
Llama-3.2-1B,Llama,H3a_cka_similar_vs_dissimilar,cka_high@k2,cka_low@k2,frozen,all,sel_d,False,False,-0.17397074408380392,0.03485428905299228,-0.2429488431392431,-0.10697071268951004,5.995171396743127e-07,True,2.9975856983715636e-06
Llama-3.2-1B,Llama,H3a_cka_similar_vs_dissimilar,cka_high@k2,cka_low@k2,retrained,early,auc_all,False,False,-0.00045866666666669054,0.0003601140971823311,-0.001193955555555571,0.00018444444444443153,0.20278025044803638,False,1.0
Llama-3.2-1B,Llama,H3a_cka_similar_vs_dissimilar,cka_high@k2,cka_low@k2,retrained,early,d_all,True,False,-0.0606680109578952,0.03853867749180263,-0.13805004117576816,0.0165648488639991,0.11543867158304219,False,0.5825495244088298
Llama-3.2-1B,Llama,H3a_cka_similar_vs_dissimilar,cka_high@k2,cka_low@k2,retrained,early,sel_auc,False,True,0.0008421990301496762,0.0008245020577873347,-0.0006331140628294554,0.0026381280307822435,0.30703473708668727,False,1.0
Llama-3.2-1B,Llama,H3a_cka_similar_vs_dissimilar,cka_high@k2,cka_low@k2,retrained,early,sel_d,False,False,0.03376219366733402,0.03161219217209898,-0.027242419515722132,0.09433516539387286,0.28551519755619403,False,1.0
Llama-3.2-1B,Llama,H3a_cka_similar_vs_dissimilar,cka_high@k2,cka_low@k2,retrained,middle,auc_all,False,False,-0.0014888888888889007,0.0007194518630628949,-0.003003577777777814,-0.00011345555555557533,0.038501372771456786,True,0.2695096094001975
Llama-3.2-1B,Llama,H3a_cka_similar_vs_dissimilar,cka_high@k2,cka_low@k2,retrained,middle,d_all,True,False,-0.22421672605463905,0.054841705137807714,-0.33354849671524917,-0.1225147346985881,4.3429390376276166e-05,True,0.00030400573263393316
Llama-3.2-1B,Llama,H3a_cka_similar_vs_dissimilar,cka_high@k2,cka_low@k2,retrained,middle,sel_auc,False,True,0.0032787950664136256,0.001232166498697556,0.0009075611427366466,0.005870178816150136,0.007790895461105598,True,0.05453626822773919
Llama-3.2-1B,Llama,H3a_cka_similar_vs_dissimilar,cka_high@k2,cka_low@k2,retrained,middle,sel_d,False,False,0.003089295163349437,0.051040159172269915,-0.09778751324400928,0.10136442750757554,0.9517361082182751,False,1.0
Llama-3.2-1B,Llama,H3a_cka_similar_vs_dissimilar,cka_high@k2,cka_low@k2,retrained,late,auc_all,False,False,-0.002023999999999998,0.0009830416446891766,-0.004126422222222198,-0.00029951111111108054,0.03950230272585532,True,0.1580092109034213
Llama-3.2-1B,Llama,H3a_cka_similar_vs_dissimilar,cka_high@k2,cka_low@k2,retrained,late,d_all,True,False,-0.28131116418146473,0.06049833620698255,-0.3969655560947524,-0.15946119663671118,3.3209732334925787e-06,True,1.992583940095547e-05
Llama-3.2-1B,Llama,H3a_cka_similar_vs_dissimilar,cka_high@k2,cka_low@k2,retrained,late,sel_auc,False,True,0.0038218321737296668,0.0017202300961954263,0.0005765356841661171,0.007356250658865731,0.02630370571308141,True,0.13151852856540705
Llama-3.2-1B,Llama,H3a_cka_similar_vs_dissimilar,cka_high@k2,cka_low@k2,retrained,late,sel_d,False,False,-0.03938073285231547,0.06236584865908715,-0.16471403352955039,0.07808759646349885,0.5277482426585686,False,1.0
Llama-3.2-1B,Llama,H3a_cka_similar_vs_dissimilar,cka_high@k2,cka_low@k2,retrained,all,auc_all,False,False,-0.0013238518518518632,0.0005945032433894492,-0.0026120666666666526,-0.0002497407407407379,0.02595929049359734,True,0.10383716197438936
Llama-3.2-1B,Llama,H3a_cka_similar_vs_dissimilar,cka_high@k2,cka_low@k2,retrained,all,d_all,True,False,-0.18873196706466633,0.04148061245928059,-0.26874690262522155,-0.1086056865595464,5.367554563029704e-06,True,3.2205327378178224e-05
Llama-3.2-1B,Llama,H3a_cka_similar_vs_dissimilar,cka_high@k2,cka_low@k2,retrained,all,sel_auc,False,True,0.0026476087567643227,0.0009784150952022062,0.0007826531203879488,0.0046368133301708065,0.006809537631779508,True,0.03404768815889754
Llama-3.2-1B,Llama,H3a_cka_similar_vs_dissimilar,cka_high@k2,cka_low@k2,retrained,all,sel_d,False,False,-0.0008430813405440052,0.038628971401793194,-0.07846173911265834,0.07160212971545228,0.9825874683980439,False,1.0
Llama-3.2-1B,Llama,H3a_cka_similar_vs_dissimilar,cka_high@k2,cka_low@k2,behavior,behavior,auc_all,True,False,-0.09245155555555551,0.016911353610012777,-0.12613191111111105,-0.05963895555555553,4.581458514516327e-08,True,1.3744375543548982e-07
Llama-3.2-1B,Llama,H3a_cka_similar_vs_dissimilar,cka_high@k2,cka_low@k2,behavior,behavior,d_all,False,False,-0.41136398797786716,0.06461928774802504,-0.5428343544593984,-0.2872413929376743,1.9406835020542831e-10,True,5.82205050616285e-10
Llama-3.2-1B,Llama,H3a_cka_similar_vs_dissimilar,cka_high@k2,cka_low@k2,behavior,behavior,sel_auc,False,True,0.1392239089184062,0.03218009777369956,0.07469861295593516,0.20022715475437486,1.5156749321314202e-05,True,7.578374660657102e-05
Llama-3.2-1B,Llama,H3a_cka_similar_vs_dissimilar,cka_high@k2,cka_low@k2,behavior,behavior,sel_d,False,False,0.49570903584804493,0.12820797451049007,0.24513495934004137,0.7416709548858441,0.00011043351755983068,True,0.0005521675877991534
Llama-3.2-1B,Llama,H3a_kvdist_within_cla_similar_vs_dissimilar,kvdist_low@k2,kvdist_high@k2,frozen,early,auc_all,False,False,0.006491111111111114,0.0009908362577657182,0.004628733333333321,0.008526855555555542,5.709792541084421e-11,True,3.9968547787590945e-10
Llama-3.2-1B,Llama,H3a_kvdist_within_cla_similar_vs_dissimilar,kvdist_low@k2,kvdist_high@k2,frozen,early,d_all,True,False,0.6726357825298158,0.05232854280199578,0.5753583080128444,0.7845666584309808,8.158056540527415e-38,True,5.71063957836919e-37
Llama-3.2-1B,Llama,H3a_kvdist_within_cla_similar_vs_dissimilar,kvdist_low@k2,kvdist_high@k2,frozen,early,sel_auc,False,True,-0.0073095087497364875,0.001926149575296797,-0.011138808375500707,-0.003677455065359477,0.00014771418757622,True,0.0010339993130335401
Llama-3.2-1B,Llama,H3a_kvdist_within_cla_similar_vs_dissimilar,kvdist_low@k2,kvdist_high@k2,frozen,early,sel_d,False,False,0.14200169956859765,0.039720301460276004,0.0653053548633799,0.22100707907527503,0.00035017324129077264,True,0.002101039447744636
Llama-3.2-1B,Llama,H3a_kvdist_within_cla_similar_vs_dissimilar,kvdist_low@k2,kvdist_high@k2,frozen,middle,auc_all,False,False,0.02096622222222222,0.0021952639581351357,0.016790988888888858,0.02530886666666663,1.2887119134258241e-21,True,9.020983393980769e-21
Llama-3.2-1B,Llama,H3a_kvdist_within_cla_similar_vs_dissimilar,kvdist_low@k2,kvdist_high@k2,frozen,middle,d_all,True,False,1.3335173990099176,0.07042874807565075,1.201724326581057,1.4736530465688953,5.9527676041923314e-80,True,4.166937322934632e-79
Llama-3.2-1B,Llama,H3a_kvdist_within_cla_similar_vs_dissimilar,kvdist_low@k2,kvdist_high@k2,frozen,middle,sel_auc,False,True,-0.021617077798861517,0.003962513026402495,-0.029368591608686507,-0.014121392446763628,4.8863818551340675e-08,True,3.420467298593847e-07
Llama-3.2-1B,Llama,H3a_kvdist_within_cla_similar_vs_dissimilar,kvdist_low@k2,kvdist_high@k2,frozen,middle,sel_d,False,False,0.11811094262307709,0.06662964285326457,-0.012256209901195424,0.2530163034617722,0.07628695442885497,False,0.15257390885770994
Llama-3.2-1B,Llama,H3a_kvdist_within_cla_similar_vs_dissimilar,kvdist_low@k2,kvdist_high@k2,frozen,late,auc_all,False,False,0.027146666666666652,0.003284217029765797,0.020769288888888914,0.033561455555555585,1.3876614167535887e-16,True,8.325968500521532e-16
Llama-3.2-1B,Llama,H3a_kvdist_within_cla_similar_vs_dissimilar,kvdist_low@k2,kvdist_high@k2,frozen,late,d_all,True,False,1.2041611854481333,0.07764340416824757,1.0557465872038263,1.3576079447031097,3.021663119485036e-54,True,2.1151641836395253e-53
Llama-3.2-1B,Llama,H3a_kvdist_within_cla_similar_vs_dissimilar,kvdist_low@k2,kvdist_high@k2,frozen,late,sel_auc,False,True,-0.0047768869913557,0.0062863518803568386,-0.016706821500105436,0.007739058744465508,0.44732499337609133,False,1.0
Llama-3.2-1B,Llama,H3a_kvdist_within_cla_similar_vs_dissimilar,kvdist_low@k2,kvdist_high@k2,frozen,late,sel_d,False,False,0.4444458561145801,0.06431052130121699,0.31895378889801046,0.5718807768807089,4.814683994361242e-12,True,2.8888103966167454e-11
Llama-3.2-1B,Llama,H3a_kvdist_within_cla_similar_vs_dissimilar,kvdist_low@k2,kvdist_high@k2,frozen,all,auc_all,False,False,0.01820133333333333,0.0017228677364998345,0.01491592962962965,0.021532944444444452,4.3502061903594184e-26,True,2.610123714215651e-25
Llama-3.2-1B,Llama,H3a_kvdist_within_cla_similar_vs_dissimilar,kvdist_low@k2,kvdist_high@k2,frozen,all,d_all,True,False,1.0701047889959556,0.05645265437723187,0.9638802029943508,1.1855930230601377,3.9555216593290606e-80,True,2.768865161530342e-79
Llama-3.2-1B,Llama,H3a_kvdist_within_cla_similar_vs_dissimilar,kvdist_low@k2,kvdist_high@k2,frozen,all,sel_auc,False,True,-0.011234491179984568,0.0032414719872243935,-0.01761396237437627,-0.004968920514442352,0.0005285365503488133,True,0.0026426827517440667
Llama-3.2-1B,Llama,H3a_kvdist_within_cla_similar_vs_dissimilar,kvdist_low@k2,kvdist_high@k2,frozen,all,sel_d,False,False,0.23485283276875157,0.04576026625687468,0.14430258855170325,0.3283782497710488,2.863086364673188e-07,True,1.7178518188039126e-06
Llama-3.2-1B,Llama,H3a_kvdist_within_cla_similar_vs_dissimilar,kvdist_low@k2,kvdist_high@k2,retrained,early,auc_all,False,False,0.00044800000000000395,0.00034407833595440903,-0.00018587777777775703,0.0011706666666666539,0.19290644411057067,False,1.0
Llama-3.2-1B,Llama,H3a_kvdist_within_cla_similar_vs_dissimilar,kvdist_low@k2,kvdist_high@k2,retrained,early,d_all,True,False,0.06254133396980932,0.03769548255363286,-0.010301373858274053,0.13662776566947588,0.09709158740147163,False,0.5825495244088298
Llama-3.2-1B,Llama,H3a_kvdist_within_cla_similar_vs_dissimilar,kvdist_low@k2,kvdist_high@k2,retrained,early,sel_auc,False,True,-0.0005672728231077284,0.0007230217379553651,-0.002142050126502217,0.0007643374446552995,0.4326962681927917,False,1.0
Llama-3.2-1B,Llama,H3a_kvdist_within_cla_similar_vs_dissimilar,kvdist_low@k2,kvdist_high@k2,retrained,early,sel_d,False,False,-0.0208242029469079,0.030805507214532412,-0.07894305535042884,0.04112471600994798,0.4990472388798125,False,1.0
Llama-3.2-1B,Llama,H3a_kvdist_within_cla_similar_vs_dissimilar,kvdist_low@k2,kvdist_high@k2,retrained,middle,auc_all,False,False,0.0016417777777777698,0.0008430452214056874,0.00011050000000000991,0.00342680000000002,0.05148232022055544,True,0.2695096094001975
Llama-3.2-1B,Llama,H3a_kvdist_within_cla_similar_vs_dissimilar,kvdist_low@k2,kvdist_high@k2,retrained,middle,d_all,True,False,0.24134671218352888,0.060210958240214024,0.12079243372276321,0.3566930133251924,6.114394993754243e-05,True,0.0003057197496877121
Llama-3.2-1B,Llama,H3a_kvdist_within_cla_similar_vs_dissimilar,kvdist_low@k2,kvdist_high@k2,retrained,middle,sel_auc,False,True,-0.003066071052076763,0.001260668358416238,-0.005582956989247386,-0.0006439613641155589,0.015011577341651098,True,0.06004630936660439
Llama-3.2-1B,Llama,H3a_kvdist_within_cla_similar_vs_dissimilar,kvdist_low@k2,kvdist_high@k2,retrained,middle,sel_d,False,False,-0.14088676550739554,0.052993145823364646,-0.24230829309619845,-0.03885206643291737,0.007846962886449135,True,0.05492874020514395
Llama-3.2-1B,Llama,H3a_kvdist_within_cla_similar_vs_dissimilar,kvdist_low@k2,kvdist_high@k2,retrained,late,auc_all,False,False,0.003276000000000001,0.0012535912608919396,0.0011372444444444566,0.005875755555555551,0.008967465257914009,True,0.05380479154748405
Llama-3.2-1B,Llama,H3a_kvdist_within_cla_similar_vs_dissimilar,kvdist_low@k2,kvdist_high@k2,retrained,late,d_all,True,False,0.34132208633718397,0.06779920220130707,0.21387975346042437,0.4725513518828398,4.79577320147524e-07,True,3.3570412410326686e-06
Llama-3.2-1B,Llama,H3a_kvdist_within_cla_similar_vs_dissimilar,kvdist_low@k2,kvdist_high@k2,retrained,late,sel_auc,False,True,-0.0055434693232132015,0.002149129031740004,-0.009876103072949617,-0.0014388953457726852,0.009897132290539925,True,0.05938279374323955
Llama-3.2-1B,Llama,H3a_kvdist_within_cla_similar_vs_dissimilar,kvdist_low@k2,kvdist_high@k2,retrained,late,sel_d,False,False,-0.0395831046583629,0.06644559556752627,-0.16645510901489227,0.09403568320361816,0.5513609428403512,False,1.0
Llama-3.2-1B,Llama,H3a_kvdist_within_cla_similar_vs_dissimilar,kvdist_low@k2,kvdist_high@k2,retrained,all,auc_all,False,False,0.0017885925925925916,0.0007176800800299238,0.000523399999999973,0.0032895407407407535,0.012695936077290857,True,0.07617561646374514
Llama-3.2-1B,Llama,H3a_kvdist_within_cla_similar_vs_dissimilar,kvdist_low@k2,kvdist_high@k2,retrained,all,d_all,True,False,0.2150700441635074,0.04511683766208178,0.12339207155115176,0.30598282390081843,1.8702881469140903e-06,True,1.3092017028398632e-05
Llama-3.2-1B,Llama,H3a_kvdist_within_cla_similar_vs_dissimilar,kvdist_low@k2,kvdist_high@k2,retrained,all,sel_auc,False,True,-0.003058937732799231,0.0011051134450382667,-0.005291257467144567,-0.000955538293274298,0.005640400563531849,True,0.03384240338119109
Llama-3.2-1B,Llama,H3a_kvdist_within_cla_similar_vs_dissimilar,kvdist_low@k2,kvdist_high@k2,retrained,all,sel_d,False,False,-0.0670980243708888,0.04021519462926117,-0.1449151354030902,0.013476662449252363,0.09522158162642178,False,0.6665510713849524
Llama-3.2-1B,Llama,H3a_kvdist_within_cla_similar_vs_dissimilar,kvdist_low@k2,kvdist_high@k2,behavior,behavior,auc_all,True,False,0.47226488888888896,0.015230864122072125,0.44114853333333337,0.5009489333333332,4.32478289514259e-211,True,3.0273480265998127e-210
Llama-3.2-1B,Llama,H3a_kvdist_within_cla_similar_vs_dissimilar,kvdist_low@k2,kvdist_high@k2,behavior,behavior,d_all,False,False,2.496357277720977,0.08450334378125299,2.335612214066067,2.664812139530491,8.439179969908487e-192,True,5.907425978935941e-191
Llama-3.2-1B,Llama,H3a_kvdist_within_cla_similar_vs_dissimilar,kvdist_low@k2,kvdist_high@k2,behavior,behavior,sel_auc,False,True,-0.05201060510225597,0.031058410263974653,-0.11330609450769566,0.009632122601728884,0.09401153015337457,False,0.09401153015337457
Llama-3.2-1B,Llama,H3a_kvdist_within_cla_similar_vs_dissimilar,kvdist_low@k2,kvdist_high@k2,behavior,behavior,sel_d,False,False,1.1276781870871933,0.17542708522728168,0.7934773079658712,1.4881719989093996,1.2913444369558922e-10,True,7.748066621735353e-10
Llama-3.2-1B,Llama,H3a_kvsharer_search_similar_vs_dissimilar,kvsharer_similar@k2,kvsharer_dissimilar@k2,frozen,early,auc_all,False,False,0.0009675555555555548,0.0002672128874338146,0.0004688888888888798,0.0015129222222222028,0.00029356124487711535,True,0.000880683734631346
Llama-3.2-1B,Llama,H3a_kvsharer_search_similar_vs_dissimilar,kvsharer_similar@k2,kvsharer_dissimilar@k2,frozen,early,d_all,True,False,0.19467113768410071,0.02316886836458106,0.14924010185808978,0.24137404758244596,4.379214383305017e-17,True,1.313764314991505e-16
Llama-3.2-1B,Llama,H3a_kvsharer_search_similar_vs_dissimilar,kvsharer_similar@k2,kvsharer_dissimilar@k2,frozen,early,sel_auc,False,True,-0.0019598566308244025,0.0006833154259035556,-0.0033711058401855176,-0.0007378636938646509,0.004128692457682254,True,0.012386077373046762
Llama-3.2-1B,Llama,H3a_kvsharer_search_similar_vs_dissimilar,kvsharer_similar@k2,kvsharer_dissimilar@k2,frozen,early,sel_d,False,False,-0.019161602714498405,0.019211546685803712,-0.05594272789991544,0.01927799181817604,0.31857023855217215,False,0.6371404771043443
Llama-3.2-1B,Llama,H3a_kvsharer_search_similar_vs_dissimilar,kvsharer_similar@k2,kvsharer_dissimilar@k2,frozen,middle,auc_all,False,False,0.003331111111111118,0.0006782004725977965,0.0020993777777777714,0.0047593111111111286,9.029430266571195e-07,True,1.805886053314239e-06
Llama-3.2-1B,Llama,H3a_kvsharer_search_similar_vs_dissimilar,kvsharer_similar@k2,kvsharer_dissimilar@k2,frozen,middle,d_all,True,False,0.43977517666984745,0.044265852672400574,0.3554746581102121,0.5279369052512882,2.9357957894975426e-23,True,5.871591578995085e-23
Llama-3.2-1B,Llama,H3a_kvsharer_search_similar_vs_dissimilar,kvsharer_similar@k2,kvsharer_dissimilar@k2,frozen,middle,sel_auc,False,True,-0.0027956620282521827,0.0013261137487752298,-0.005573564463419775,-0.0003306531994518501,0.03501701711843868,True,0.07003403423687736
Llama-3.2-1B,Llama,H3a_kvsharer_search_similar_vs_dissimilar,kvsharer_similar@k2,kvsharer_dissimilar@k2,frozen,middle,sel_d,False,False,0.11161012008863491,0.03924441569736077,0.03378864280448247,0.18647242557869326,0.0044554604356564715,True,0.022277302178282356
Llama-3.2-1B,Llama,H3a_kvsharer_search_similar_vs_dissimilar,kvsharer_similar@k2,kvsharer_dissimilar@k2,frozen,late,auc_all,False,False,0.0015857777777777693,0.0012930185519950052,-0.0008471444444444108,0.004095777777777768,0.22004241895314258,False,0.22004241895314258
Llama-3.2-1B,Llama,H3a_kvsharer_search_similar_vs_dissimilar,kvsharer_similar@k2,kvsharer_dissimilar@k2,frozen,late,d_all,True,False,0.3206392766314128,0.055043550081846616,0.21353491316436332,0.4255317202909377,5.7046796402156595e-09,True,1.711403892064698e-08
Llama-3.2-1B,Llama,H3a_kvsharer_search_similar_vs_dissimilar,kvsharer_similar@k2,kvsharer_dissimilar@k2,frozen,late,sel_auc,False,True,0.004878700189753282,0.0021846744337021677,0.0006514217004005785,0.009316255007379294,0.02553922091562499,True,0.17877454640937493
Llama-3.2-1B,Llama,H3a_kvsharer_search_similar_vs_dissimilar,kvsharer_similar@k2,kvsharer_dissimilar@k2,frozen,late,sel_d,False,False,0.41950094128934534,0.04704822543377653,0.3269825556961775,0.5126073652599843,4.816780345111747e-19,True,3.3717462415782228e-18
Llama-3.2-1B,Llama,H3a_kvsharer_search_similar_vs_dissimilar,kvsharer_similar@k2,kvsharer_dissimilar@k2,frozen,all,auc_all,False,False,0.0019614814814814807,0.0005898527568077824,0.0008475518518518245,0.0031568555555555517,0.0008829975386619025,True,0.001765995077323805
Llama-3.2-1B,Llama,H3a_kvsharer_search_similar_vs_dissimilar,kvsharer_similar@k2,kvsharer_dissimilar@k2,frozen,all,d_all,True,False,0.318361863661787,0.03251513604233107,0.257629500945118,0.3827435934900086,1.228419264612176e-22,True,2.456838529224352e-22
Llama-3.2-1B,Llama,H3a_kvsharer_search_similar_vs_dissimilar,kvsharer_similar@k2,kvsharer_dissimilar@k2,frozen,all,sel_auc,False,True,4.106051022556567e-05,0.0009945947399415418,-0.001988451182444282,0.0020140851869421754,0.9670697600818247,False,1.0
Llama-3.2-1B,Llama,H3a_kvsharer_search_similar_vs_dissimilar,kvsharer_similar@k2,kvsharer_dissimilar@k2,frozen,all,sel_d,False,False,0.17064981955449396,0.027712311447184033,0.11602283737393922,0.2250685938600211,7.371290577637194e-10,True,5.159903404346035e-09
Llama-3.2-1B,Llama,H3a_kvsharer_search_similar_vs_dissimilar,kvsharer_similar@k2,kvsharer_dissimilar@k2,retrained,early,auc_all,False,False,0.00012755555555554743,0.00016982466426360772,-0.00019646666666666633,0.00046896666666668444,0.4525915890580928,False,1.0
Llama-3.2-1B,Llama,H3a_kvsharer_search_similar_vs_dissimilar,kvsharer_similar@k2,kvsharer_dissimilar@k2,retrained,early,d_all,True,False,0.012303142012416668,0.021303291891898925,-0.03062516119646021,0.053369793044338865,0.5635861752724705,False,1.0
Llama-3.2-1B,Llama,H3a_kvsharer_search_similar_vs_dissimilar,kvsharer_similar@k2,kvsharer_dissimilar@k2,retrained,early,sel_auc,False,True,-0.0003442546911237576,0.0004104957411677032,-0.0012171659550917389,0.00041162977018762754,0.40167608477204053,False,1.0
Llama-3.2-1B,Llama,H3a_kvsharer_search_similar_vs_dissimilar,kvsharer_similar@k2,kvsharer_dissimilar@k2,retrained,early,sel_d,False,False,-0.013249242346322965,0.01796078190657941,-0.04840652428287982,0.02179846379599191,0.46071120428655454,False,1.0
Llama-3.2-1B,Llama,H3a_kvsharer_search_similar_vs_dissimilar,kvsharer_similar@k2,kvsharer_dissimilar@k2,retrained,middle,auc_all,False,False,0.00041511111111108834,0.0003212645738415961,-0.00023068888888890665,0.0010334555555555798,0.19631695955248119,False,0.5889508786574436
Llama-3.2-1B,Llama,H3a_kvsharer_search_similar_vs_dissimilar,kvsharer_similar@k2,kvsharer_dissimilar@k2,retrained,middle,d_all,True,False,0.1010787738266331,0.036179228826312304,0.03233453188074709,0.17300084456408463,0.005208714552546009,True,0.010417429105092017
Llama-3.2-1B,Llama,H3a_kvsharer_search_similar_vs_dissimilar,kvsharer_similar@k2,kvsharer_dissimilar@k2,retrained,middle,sel_auc,False,True,-0.0002765232974910048,0.0006134187429267006,-0.0014959138467214035,0.0008765376607631942,0.6521406009803001,False,0.6521406009803001
Llama-3.2-1B,Llama,H3a_kvsharer_search_similar_vs_dissimilar,kvsharer_similar@k2,kvsharer_dissimilar@k2,retrained,middle,sel_d,False,False,0.024138794726641932,0.033877134455881745,-0.04257394130805774,0.09307323351347997,0.47613079197247077,False,1.0
Llama-3.2-1B,Llama,H3a_kvsharer_search_similar_vs_dissimilar,kvsharer_similar@k2,kvsharer_dissimilar@k2,retrained,late,auc_all,False,False,-0.00015511111111113363,0.0006845085718719028,-0.0015375000000000013,0.0011429444444444297,0.8207331236946567,False,0.8207331236946567
Llama-3.2-1B,Llama,H3a_kvsharer_search_similar_vs_dissimilar,kvsharer_similar@k2,kvsharer_dissimilar@k2,retrained,late,d_all,True,False,0.053253217918293294,0.04952305973170232,-0.03935768240036962,0.15165291013796559,0.2822307499642631,False,0.8466922498927894
Llama-3.2-1B,Llama,H3a_kvsharer_search_similar_vs_dissimilar,kvsharer_similar@k2,kvsharer_dissimilar@k2,retrained,late,sel_auc,False,True,-0.0007978441914400225,0.0013442823976331643,-0.003670850068522049,0.0016436393105629125,0.5528403178230297,False,1.0
Llama-3.2-1B,Llama,H3a_kvsharer_search_similar_vs_dissimilar,kvsharer_similar@k2,kvsharer_dissimilar@k2,retrained,late,sel_d,False,False,0.06424646120776312,0.04751165280814488,-0.030274641889017146,0.1567416863540753,0.17630323748992305,False,1.0
Llama-3.2-1B,Llama,H3a_kvsharer_search_similar_vs_dissimilar,kvsharer_similar@k2,kvsharer_dissimilar@k2,retrained,all,auc_all,False,False,0.0001291851851851674,0.00030221097314296435,-0.0004971111111111282,0.0007218259259259316,0.6690392953468282,False,1.0
Llama-3.2-1B,Llama,H3a_kvsharer_search_similar_vs_dissimilar,kvsharer_similar@k2,kvsharer_dissimilar@k2,retrained,all,d_all,True,False,0.05554504458578102,0.0280799798673367,0.0019272843029513244,0.11435482692484647,0.047917280333724124,True,0.1437518410011724
Llama-3.2-1B,Llama,H3a_kvsharer_search_similar_vs_dissimilar,kvsharer_similar@k2,kvsharer_dissimilar@k2,retrained,all,sel_auc,False,True,-0.0004728740600182616,0.0005693769264482723,-0.0016423210960011209,0.0005805040322580565,0.40624967363769005,False,1.0
Llama-3.2-1B,Llama,H3a_kvsharer_search_similar_vs_dissimilar,kvsharer_similar@k2,kvsharer_dissimilar@k2,retrained,all,sel_d,False,False,0.025045337862694028,0.02601241948984354,-0.027651595728988367,0.07496407857322242,0.3356367018891441,False,1.0
Llama-3.2-1B,Llama,H3a_kvsharer_search_similar_vs_dissimilar,kvsharer_similar@k2,kvsharer_dissimilar@k2,behavior,behavior,auc_all,True,False,0.04523377777777782,0.007713225831121296,0.03037982222222226,0.06009362222222222,4.506412650734122e-09,True,1.8025650602936488e-08
Llama-3.2-1B,Llama,H3a_kvsharer_search_similar_vs_dissimilar,kvsharer_similar@k2,kvsharer_dissimilar@k2,behavior,behavior,d_all,False,False,0.3315052402015979,0.05254801469202127,0.2323419579916507,0.4392968575749745,2.815418877487771e-10,True,5.82205050616285e-10
Llama-3.2-1B,Llama,H3a_kvsharer_search_similar_vs_dissimilar,kvsharer_similar@k2,kvsharer_dissimilar@k2,behavior,behavior,sel_auc,False,True,-0.07176124815517593,0.014392215258077252,-0.10067564568838291,-0.04298018026565474,6.160531221220118e-07,True,3.696318732732071e-06
Llama-3.2-1B,Llama,H3a_kvsharer_search_similar_vs_dissimilar,kvsharer_similar@k2,kvsharer_dissimilar@k2,behavior,behavior,sel_d,False,False,-0.20429859626707225,0.11172246074827438,-0.41497889517805087,0.02090857854381668,0.06745565530729455,False,0.06745565530729455
Llama-3.2-1B,Llama,H3c_fidelity_vs_cka,fidelity_high@k2,cka_high@k2,frozen,early,auc_all,False,False,0.005922222222222245,0.0009565959175480519,0.0040921777777777595,0.007906166666666648,5.980873748235273e-10,True,3.5885242489411638e-09
Llama-3.2-1B,Llama,H3c_fidelity_vs_cka,fidelity_high@k2,cka_high@k2,frozen,early,d_all,True,False,0.5785594018097509,0.04978210506622605,0.4864139766311922,0.6844739555628542,3.192062341093648e-31,True,1.9152374046561886e-30
Llama-3.2-1B,Llama,H3c_fidelity_vs_cka,fidelity_high@k2,cka_high@k2,frozen,early,sel_auc,False,True,-0.0069745677841029086,0.00185394373534947,-0.010704978257431993,-0.003416724119755465,0.00016854861207292237,True,0.0010339993130335401
Llama-3.2-1B,Llama,H3c_fidelity_vs_cka,fidelity_high@k2,cka_high@k2,frozen,early,sel_d,False,False,0.07691002781911283,0.03753560457119693,0.003034250313540296,0.15119996463463303,0.040463224575125974,True,0.20231612287562986
Llama-3.2-1B,Llama,H3c_fidelity_vs_cka,fidelity_high@k2,cka_high@k2,frozen,middle,auc_all,False,False,0.009597333333333319,0.0015245815228388075,0.006708299999999989,0.012742666666666626,3.072794563269916e-10,True,1.2291178253079665e-09
Llama-3.2-1B,Llama,H3c_fidelity_vs_cka,fidelity_high@k2,cka_high@k2,frozen,middle,d_all,True,False,0.5477220514318198,0.05211066727002153,0.44767112050693286,0.6518753958403984,7.708037739204122e-26,True,3.854018869602061e-25
Llama-3.2-1B,Llama,H3c_fidelity_vs_cka,fidelity_high@k2,cka_high@k2,frozen,middle,sel_auc,False,True,-0.007043574741724679,0.002585615673694108,-0.012099812882142104,-0.002219104074425442,0.006446949941308555,True,0.02578779976523422
Llama-3.2-1B,Llama,H3c_fidelity_vs_cka,fidelity_high@k2,cka_high@k2,frozen,middle,sel_d,False,False,0.2940123976528334,0.04985100723954416,0.1959423026121038,0.39427152901180396,3.6832963615666997e-09,True,2.5783074530966898e-08
Llama-3.2-1B,Llama,H3c_fidelity_vs_cka,fidelity_high@k2,cka_high@k2,frozen,late,auc_all,False,False,0.00854177777777776,0.0017670759891623823,0.005115099999999961,0.01204738888888887,1.3391845755048645e-06,True,5.356738302019458e-06
Llama-3.2-1B,Llama,H3c_fidelity_vs_cka,fidelity_high@k2,cka_high@k2,frozen,late,d_all,True,False,0.3527976133826358,0.05183081588305908,0.2524496184132663,0.455509480756996,9.985217517335784e-12,True,3.994087006934314e-11
Llama-3.2-1B,Llama,H3c_fidelity_vs_cka,fidelity_high@k2,cka_high@k2,frozen,late,sel_auc,False,True,-0.0060454459203036215,0.0031114225798742406,-0.01199940016866961,0.00016708096141681834,0.052018028225613966,False,0.3121081693536838
Llama-3.2-1B,Llama,H3c_fidelity_vs_cka,fidelity_high@k2,cka_high@k2,frozen,late,sel_d,False,False,0.03090390163689083,0.05307262966486884,-0.06957434219060912,0.13577931146387476,0.5603683132541355,False,0.5603683132541355
Llama-3.2-1B,Llama,H3c_fidelity_vs_cka,fidelity_high@k2,cka_high@k2,frozen,all,auc_all,False,False,0.008020444444444441,0.001117623210279791,0.005817166666666684,0.010265437037037034,7.160221989371975e-13,True,2.86408879574879e-12
Llama-3.2-1B,Llama,H3c_fidelity_vs_cka,fidelity_high@k2,cka_high@k2,frozen,all,d_all,True,False,0.49302635554140223,0.0410168161916249,0.41682241937991243,0.5738949354804532,2.7862391804638593e-33,True,1.3931195902319296e-32
Llama-3.2-1B,Llama,H3c_fidelity_vs_cka,fidelity_high@k2,cka_high@k2,frozen,all,sel_auc,False,True,-0.00668786281537707,0.0018912746440711973,-0.010611057479443417,-0.003146533048703328,0.00040597810345978553,True,0.0024358686207587134
Llama-3.2-1B,Llama,H3c_fidelity_vs_cka,fidelity_high@k2,cka_high@k2,frozen,all,sel_d,False,False,0.133942109036279,0.03541058355031076,0.06690610756194248,0.20581167794630129,0.00015523331263333145,True,0.0006209332505333258
Llama-3.2-1B,Llama,H3c_fidelity_vs_cka,fidelity_high@k2,cka_high@k2,retrained,early,auc_all,False,False,0.00045866666666669054,0.0003601140971823311,-0.00018444444444443153,0.00119395555555557,0.20278025044803638,False,1.0
Llama-3.2-1B,Llama,H3c_fidelity_vs_cka,fidelity_high@k2,cka_high@k2,retrained,early,d_all,True,False,0.0606680109578952,0.03853867749180263,-0.016564848863999105,0.1380500411757681,0.11543867158304219,False,0.5825495244088298
Llama-3.2-1B,Llama,H3c_fidelity_vs_cka,fidelity_high@k2,cka_high@k2,retrained,early,sel_auc,False,True,-0.0008421990301496762,0.0008245020577873347,-0.002638128030782247,0.0006331140628294552,0.30703473708668727,False,1.0
Llama-3.2-1B,Llama,H3c_fidelity_vs_cka,fidelity_high@k2,cka_high@k2,retrained,early,sel_d,False,False,-0.03376219366733402,0.03161219217209898,-0.09433516539387302,0.02724241951572213,0.28551519755619403,False,1.0
Llama-3.2-1B,Llama,H3c_fidelity_vs_cka,fidelity_high@k2,cka_high@k2,retrained,middle,auc_all,False,False,0.0014888888888889007,0.0007194518630628949,0.0001134555555555736,0.003003577777777814,0.038501372771456786,True,0.2695096094001975
Llama-3.2-1B,Llama,H3c_fidelity_vs_cka,fidelity_high@k2,cka_high@k2,retrained,middle,d_all,True,False,0.22421672605463905,0.054841705137807714,0.12251473469858801,0.3335484967152491,4.3429390376276166e-05,True,0.00030400573263393316
Llama-3.2-1B,Llama,H3c_fidelity_vs_cka,fidelity_high@k2,cka_high@k2,retrained,middle,sel_auc,False,True,-0.0032787950664136256,0.001232166498697556,-0.005870178816150136,-0.0009075611427366477,0.007790895461105598,True,0.05453626822773919
Llama-3.2-1B,Llama,H3c_fidelity_vs_cka,fidelity_high@k2,cka_high@k2,retrained,middle,sel_d,False,False,-0.003089295163349437,0.051040159172269915,-0.10136442750757561,0.0977875132440092,0.9517361082182751,False,1.0
Llama-3.2-1B,Llama,H3c_fidelity_vs_cka,fidelity_high@k2,cka_high@k2,retrained,late,auc_all,False,False,0.001956444444444455,0.0008924001737302899,0.00029509999999999606,0.0038510555555555286,0.02835497784829799,True,0.14177488924148995
Llama-3.2-1B,Llama,H3c_fidelity_vs_cka,fidelity_high@k2,cka_high@k2,retrained,late,d_all,True,False,0.25262460911806683,0.057100393046250544,0.14211171217559723,0.3639580640154862,9.679206842330266e-06,True,4.839603421165133e-05
Llama-3.2-1B,Llama,H3c_fidelity_vs_cka,fidelity_high@k2,cka_high@k2,retrained,late,sel_auc,False,True,-0.0033897269660552176,0.0016892958024619137,-0.006891888177313924,-8.50026354627987e-05,0.04479315391984416,True,0.17917261567937665
Llama-3.2-1B,Llama,H3c_fidelity_vs_cka,fidelity_high@k2,cka_high@k2,retrained,late,sel_d,False,False,0.06256691421674732,0.05930596830410953,-0.05007042737184723,0.18306431694081096,0.29143212919104566,False,1.0
Llama-3.2-1B,Llama,H3c_fidelity_vs_cka,fidelity_high@k2,cka_high@k2,retrained,all,auc_all,False,False,0.0013013333333333488,0.0005599254480084696,0.00028494444444442655,0.002484085185185207,0.020119120718179014,True,0.10059560359089506
Llama-3.2-1B,Llama,H3c_fidelity_vs_cka,fidelity_high@k2,cka_high@k2,retrained,all,d_all,True,False,0.1791697820435337,0.040616758957731355,0.10191263442223958,0.25857024022933983,1.0278604269409252e-05,True,5.1393021347046256e-05
Llama-3.2-1B,Llama,H3c_fidelity_vs_cka,fidelity_high@k2,cka_high@k2,retrained,all,sel_auc,False,True,-0.0025035736875395065,0.00094787517398066,-0.004477553807365246,-0.0007665124481692551,0.008260115875841514,True,0.03404768815889754
Llama-3.2-1B,Llama,H3c_fidelity_vs_cka,fidelity_high@k2,cka_high@k2,retrained,all,sel_d,False,False,0.008571808462021269,0.03788358379490489,-0.0637938953523676,0.0845056104042714,0.8209936889692929,False,1.0
Llama-3.2-1B,Llama,H3c_fidelity_vs_cka,fidelity_high@k2,cka_high@k2,behavior,behavior,auc_all,True,False,0.09438400000000002,0.017288225266107706,0.06001106666666658,0.12868277777777778,4.7764315559287505e-08,True,1.3744375543548982e-07
Llama-3.2-1B,Llama,H3c_fidelity_vs_cka,fidelity_high@k2,cka_high@k2,behavior,behavior,d_all,False,False,0.42158335798093477,0.06475818519742589,0.29588933281746127,0.5496697177461958,7.509232757364607e-11,True,3.003693102945843e-10
Llama-3.2-1B,Llama,H3c_fidelity_vs_cka,fidelity_high@k2,cka_high@k2,behavior,behavior,sel_auc,False,True,-0.13033070841239736,0.032697924642260574,-0.18988648402909558,-0.06305381562302342,6.722438406036965e-05,True,0.0002688975362414786
Llama-3.2-1B,Llama,H3c_fidelity_vs_cka,fidelity_high@k2,cka_high@k2,behavior,behavior,sel_d,False,False,-0.47999828913495945,0.1277805734457109,-0.7159461047657733,-0.23003819962201444,0.00017235709323071914,True,0.0006894283729228766
Llama-3.2-1B,Llama,H3c_fidelity_vs_kvdist_within_cla,fidelity_high@k2,kvdist_high@k2,frozen,early,auc_all,False,False,0.005922222222222245,0.0009565959175480519,0.0040921777777777595,0.007906166666666648,5.980873748235273e-10,True,3.5885242489411638e-09
Llama-3.2-1B,Llama,H3c_fidelity_vs_kvdist_within_cla,fidelity_high@k2,kvdist_high@k2,frozen,early,d_all,True,False,0.5785594018097509,0.04978210506622605,0.4864139766311922,0.6844739555628542,3.192062341093648e-31,True,1.9152374046561886e-30
Llama-3.2-1B,Llama,H3c_fidelity_vs_kvdist_within_cla,fidelity_high@k2,kvdist_high@k2,frozen,early,sel_auc,False,True,-0.0069745677841029086,0.00185394373534947,-0.010704978257431993,-0.003416724119755465,0.00016854861207292237,True,0.0010339993130335401
Llama-3.2-1B,Llama,H3c_fidelity_vs_kvdist_within_cla,fidelity_high@k2,kvdist_high@k2,frozen,early,sel_d,False,False,0.07691002781911283,0.03753560457119693,0.003034250313540296,0.15119996463463303,0.040463224575125974,True,0.20231612287562986
Llama-3.2-1B,Llama,H3c_fidelity_vs_kvdist_within_cla,fidelity_high@k2,kvdist_high@k2,frozen,middle,auc_all,False,False,0.018305777777777782,0.0020381033930886626,0.014328477777777803,0.022509433333333353,2.664431307999293e-19,True,1.5986587847995757e-18
Llama-3.2-1B,Llama,H3c_fidelity_vs_kvdist_within_cla,fidelity_high@k2,kvdist_high@k2,frozen,middle,d_all,True,False,0.8344967851024881,0.05295946220866024,0.7388931258106436,0.9434119521277642,6.121661992135303e-56,True,3.672997195281182e-55
Llama-3.2-1B,Llama,H3c_fidelity_vs_kvdist_within_cla,fidelity_high@k2,kvdist_high@k2,frozen,middle,sel_auc,False,True,-0.019711453721273503,0.0037957239808122465,-0.02732728099304236,-0.012672610952983353,2.0685630001719888e-07,True,1.2411378001031934e-06
Llama-3.2-1B,Llama,H3c_fidelity_vs_kvdist_within_cla,fidelity_high@k2,kvdist_high@k2,frozen,middle,sel_d,False,False,0.1507940042997521,0.05691640147260062,0.042554326850064,0.2724212691949466,0.008063613016893978,True,0.03225445206757591
Llama-3.2-1B,Llama,H3c_fidelity_vs_kvdist_within_cla,fidelity_high@k2,kvdist_high@k2,frozen,late,auc_all,False,False,0.024515111111111126,0.003015441610293521,0.018722222222222216,0.03050015555555553,4.2979477149049983e-16,True,2.148973857452499e-15
Llama-3.2-1B,Llama,H3c_fidelity_vs_kvdist_within_cla,fidelity_high@k2,kvdist_high@k2,frozen,late,d_all,True,False,0.830115416672282,0.059337001644389396,0.7204735117557521,0.9481476374582206,1.7980503886097844e-44,True,1.0788302331658706e-43
Llama-3.2-1B,Llama,H3c_fidelity_vs_kvdist_within_cla,fidelity_high@k2,kvdist_high@k2,frozen,late,sel_auc,False,True,-0.00896445814885094,0.005731634961256338,-0.019790107658654854,0.002179344428631701,0.11781014963090883,False,0.5890507481545442
Llama-3.2-1B,Llama,H3c_fidelity_vs_kvdist_within_cla,fidelity_high@k2,kvdist_high@k2,frozen,late,sel_d,False,False,0.1124589469786732,0.06310090688462339,-0.011510318537245545,0.23988393449308482,0.07471530340279484,False,0.2241459102083845
Llama-3.2-1B,Llama,H3c_fidelity_vs_kvdist_within_cla,fidelity_high@k2,kvdist_high@k2,frozen,all,auc_all,False,False,0.01624770370370372,0.0015691309819558746,0.013208288888888893,0.019308285185185178,3.9890325385103263e-25,True,1.9945162692551632e-24
Llama-3.2-1B,Llama,H3c_fidelity_vs_kvdist_within_cla,fidelity_high@k2,kvdist_high@k2,frozen,all,d_all,True,False,0.7477238678615071,0.0423654888864022,0.6673199301772448,0.8328424297491618,1.0291141791894989e-69,True,6.174685075136994e-69
Llama-3.2-1B,Llama,H3c_fidelity_vs_kvdist_within_cla,fidelity_high@k2,kvdist_high@k2,frozen,all,sel_auc,False,True,-0.011883493218075783,0.002968939020920847,-0.0177101845263195,-0.00609261697062339,6.264857712887075e-05,True,0.00043854003990209526
Llama-3.2-1B,Llama,H3c_fidelity_vs_kvdist_within_cla,fidelity_high@k2,kvdist_high@k2,frozen,all,sel_d,False,False,0.1133876596991793,0.03951706091380913,0.03826954462718443,0.19293746203503243,0.004113367480760754,True,0.012340102442282262
Llama-3.2-1B,Llama,H3c_fidelity_vs_kvdist_within_cla,fidelity_high@k2,kvdist_high@k2,retrained,early,auc_all,False,False,0.00045866666666669054,0.0003601140971823311,-0.00018444444444443153,0.00119395555555557,0.20278025044803638,False,1.0
Llama-3.2-1B,Llama,H3c_fidelity_vs_kvdist_within_cla,fidelity_high@k2,kvdist_high@k2,retrained,early,d_all,True,False,0.0606680109578952,0.03853867749180263,-0.016564848863999105,0.1380500411757681,0.11543867158304219,False,0.5825495244088298
Llama-3.2-1B,Llama,H3c_fidelity_vs_kvdist_within_cla,fidelity_high@k2,kvdist_high@k2,retrained,early,sel_auc,False,True,-0.0008421990301496762,0.0008245020577873347,-0.002638128030782247,0.0006331140628294552,0.30703473708668727,False,1.0
Llama-3.2-1B,Llama,H3c_fidelity_vs_kvdist_within_cla,fidelity_high@k2,kvdist_high@k2,retrained,early,sel_d,False,False,-0.03376219366733402,0.03161219217209898,-0.09433516539387302,0.02724241951572213,0.28551519755619403,False,1.0
Llama-3.2-1B,Llama,H3c_fidelity_vs_kvdist_within_cla,fidelity_high@k2,kvdist_high@k2,retrained,middle,auc_all,False,False,0.001339555555555566,0.0008326320001830062,-0.00024637777777778634,0.003029411111111133,0.1076555642171056,False,0.4306222568684224
Llama-3.2-1B,Llama,H3c_fidelity_vs_kvdist_within_cla,fidelity_high@k2,kvdist_high@k2,retrained,middle,d_all,True,False,0.16967648478008435,0.05738164854924322,0.05638714812285513,0.28033253242134193,0.003106665534887115,True,0.009319996604661344
Llama-3.2-1B,Llama,H3c_fidelity_vs_kvdist_within_cla,fidelity_high@k2,kvdist_high@k2,retrained,middle,sel_auc,False,True,-0.0034441440016866887,0.001318649016791121,-0.006137452561669846,-0.0008774358264811475,0.009004765062341942,True,0.05453626822773919
Llama-3.2-1B,Llama,H3c_fidelity_vs_kvdist_within_cla,fidelity_high@k2,kvdist_high@k2,retrained,middle,sel_d,False,False,-0.08151037539661465,0.05153633262036391,-0.18673256584361703,0.01683218079445758,0.11373864586643953,False,0.6824318751986371
Llama-3.2-1B,Llama,H3c_fidelity_vs_kvdist_within_cla,fidelity_high@k2,kvdist_high@k2,retrained,late,auc_all,False,False,0.003194666666666679,0.0010746913209517294,0.0012412999999999834,0.005449344444444418,0.0029525387440900858,True,0.0206677712086306
Llama-3.2-1B,Llama,H3c_fidelity_vs_kvdist_within_cla,fidelity_high@k2,kvdist_high@k2,retrained,late,d_all,True,False,0.27208386384833205,0.06232786950066519,0.14374285197807182,0.39436176190417027,1.2691100008429273e-05,True,5.076440003371709e-05
Llama-3.2-1B,Llama,H3c_fidelity_vs_kvdist_within_cla,fidelity_high@k2,kvdist_high@k2,retrained,late,sel_auc,False,True,-0.0059424256799494035,0.0021049538533673426,-0.010403832358212118,-0.0019213530465949555,0.004756663565682878,True,0.033296644959780144
Llama-3.2-1B,Llama,H3c_fidelity_vs_kvdist_within_cla,fidelity_high@k2,kvdist_high@k2,retrained,late,sel_d,False,False,0.011479576510699974,0.0630572599962648,-0.11365574463226431,0.13521158786271256,0.8555434581606716,False,1.0
Llama-3.2-1B,Llama,H3c_fidelity_vs_kvdist_within_cla,fidelity_high@k2,kvdist_high@k2,retrained,all,auc_all,False,False,0.001664296296296312,0.0006331234752407512,0.00047404814814815355,0.0029823222222222193,0.008571009997498887,True,0.059997069982492206
Llama-3.2-1B,Llama,H3c_fidelity_vs_kvdist_within_cla,fidelity_high@k2,kvdist_high@k2,retrained,all,d_all,True,False,0.16747611986210387,0.0419280483567738,0.08433050418811552,0.24789345003234284,6.486662180422871e-05,True,0.00025946648721691484
Llama-3.2-1B,Llama,H3c_fidelity_vs_kvdist_within_cla,fidelity_high@k2,kvdist_high@k2,retrained,all,sel_auc,False,True,-0.003409589570595256,0.0011249330712018995,-0.005674685193970067,-0.001250568205776948,0.0024380450649210566,True,0.017066315454447395
Llama-3.2-1B,Llama,H3c_fidelity_vs_kvdist_within_cla,fidelity_high@k2,kvdist_high@k2,retrained,all,sel_d,False,False,-0.03459766418441623,0.03891225600282364,-0.11050291186712062,0.042473919027885956,0.3739386033812231,False,1.0
Llama-3.2-1B,Llama,H3c_fidelity_vs_kvdist_within_cla,fidelity_high@k2,kvdist_high@k2,behavior,behavior,auc_all,True,False,0.2059253333333334,0.017853529191029272,0.17060322222222216,0.2418442222222222,8.875666926690417e-31,True,4.4378334633452086e-30
Llama-3.2-1B,Llama,H3c_fidelity_vs_kvdist_within_cla,fidelity_high@k2,kvdist_high@k2,behavior,behavior,d_all,False,False,0.7561131546495589,0.06611816690933806,0.6282475857759428,0.8850949084653477,2.7701922317648792e-30,True,1.3850961158824396e-29
Llama-3.2-1B,Llama,H3c_fidelity_vs_kvdist_within_cla,fidelity_high@k2,kvdist_high@k2,behavior,behavior,sel_auc,False,True,-0.09016408391313524,0.03138751648086528,-0.1495196247100991,-0.029595508644318032,0.0040709673034492,True,0.0081419346068984
Llama-3.2-1B,Llama,H3c_fidelity_vs_kvdist_within_cla,fidelity_high@k2,kvdist_high@k2,behavior,behavior,sel_d,False,False,-0.31773103903196587,0.1158886886673515,-0.5395760251125553,-0.0981872355738906,0.006112370913480221,True,0.012224741826960442
Llama-3.2-1B,Llama,C1_live_vs_clean_semantics,live_prev_head,cf_prev_head,frozen,early,auc_all,False,False,0.000832888888888883,0.0004374422554647638,-3.4677777777766813e-05,0.001694844444444427,0.05691053118555495,False,0.1138210623711099
Llama-3.2-1B,Llama,C1_live_vs_clean_semantics,live_prev_head,cf_prev_head,frozen,early,d_all,True,False,0.030980590538021713,0.009446541406300938,0.012398180509269038,0.04995716739697823,0.0010396554194369572,True,0.0015749144155666158
Llama-3.2-1B,Llama,C1_live_vs_clean_semantics,live_prev_head,cf_prev_head,frozen,early,sel_auc,False,True,0.0016459888256377675,0.0007572361224044891,0.0001789534577271601,0.0031514223592662865,0.02972919443928467,True,0.05945838887856934
Llama-3.2-1B,Llama,C1_live_vs_clean_semantics,live_prev_head,cf_prev_head,frozen,early,sel_d,False,False,0.07484254914687982,0.010314519838439003,0.05412507155960393,0.09532147057349287,3.985927918708451e-13,True,2.7901495430959155e-12
Llama-3.2-1B,Llama,C1_live_vs_clean_semantics,live_prev_head,cf_prev_head,frozen,middle,auc_all,False,False,0.002416444444444471,0.0024466626618121503,-0.0022770333333333287,0.007216388888888887,0.3233244769594391,False,0.3233244769594391
Llama-3.2-1B,Llama,C1_live_vs_clean_semantics,live_prev_head,cf_prev_head,frozen,middle,d_all,True,False,0.052911644697920646,0.039663869171415754,-0.0239789939307622,0.1297951970366229,0.18220349939241542,False,0.18220349939241542
Llama-3.2-1B,Llama,C1_live_vs_clean_semantics,live_prev_head,cf_prev_head,frozen,middle,sel_auc,False,True,-0.007206741513809928,0.00436539068228412,-0.015650711047859974,0.0009103053183639185,0.09876283040222511,False,0.09876283040222511
Llama-3.2-1B,Llama,C1_live_vs_clean_semantics,live_prev_head,cf_prev_head,frozen,middle,sel_d,False,False,0.008019176486648683,0.05029343990297484,-0.09225335774483134,0.10559512834710641,0.8733161107704501,False,0.8733161107704501
Llama-3.2-1B,Llama,C1_live_vs_clean_semantics,live_prev_head,cf_prev_head,frozen,late,auc_all,False,False,0.013723555555555517,0.005541859323356562,0.003041022222222253,0.024883199999999942,0.013273525063031729,True,0.026547050126063457
Llama-3.2-1B,Llama,C1_live_vs_clean_semantics,live_prev_head,cf_prev_head,frozen,late,d_all,True,False,0.20993950037020814,0.051663793671515336,0.1135194389072845,0.3135624484307145,4.832758630227431e-05,True,4.832758630227431e-05
Llama-3.2-1B,Llama,C1_live_vs_clean_semantics,live_prev_head,cf_prev_head,frozen,late,sel_auc,False,True,0.0005606314568838422,0.010344128633644664,-0.019732361506430526,0.0204108047385621,0.9567773853692256,False,1.0
Llama-3.2-1B,Llama,C1_live_vs_clean_semantics,live_prev_head,cf_prev_head,frozen,late,sel_d,False,False,0.21882582263573497,0.07568697763050496,0.07569328426340596,0.3689521168983048,0.0038377972649973444,True,0.019188986324986723
Llama-3.2-1B,Llama,C1_live_vs_clean_semantics,live_prev_head,cf_prev_head,frozen,all,auc_all,False,False,0.005657629629629624,0.0022127030855554953,0.0015142185185185071,0.010209888888888881,0.010561381097427226,True,0.010561381097427226
Llama-3.2-1B,Llama,C1_live_vs_clean_semantics,live_prev_head,cf_prev_head,frozen,all,d_all,True,False,0.09794391186871683,0.02494098335588067,0.050145402360198224,0.14672608109545313,8.600237547591954e-05,True,8.600237547591954e-05
Llama-3.2-1B,Llama,C1_live_vs_clean_semantics,live_prev_head,cf_prev_head,frozen,all,sel_auc,False,True,-0.0016667070770961063,0.004122067843562077,-0.009547714219200244,0.006058528094033291,0.6859644692490078,False,1.0
Llama-3.2-1B,Llama,C1_live_vs_clean_semantics,live_prev_head,cf_prev_head,frozen,all,sel_d,False,False,0.1005625160897545,0.035376519384987815,0.03288023187168923,0.17071256793511766,0.0044742341745442485,True,0.012340102442282262
Llama-3.2-1B,Llama,C1_live_vs_clean_semantics,live_prev_head,cf_prev_head,retrained,early,auc_all,False,False,2.0444444444461807e-05,7.122359747241283e-05,-0.00011023333333334481,0.0001684444444444433,0.7740771450491177,False,1.0
Llama-3.2-1B,Llama,C1_live_vs_clean_semantics,live_prev_head,cf_prev_head,retrained,early,d_all,True,False,-0.016254471615393618,0.008501901064266001,-0.03265708569710795,-0.00028729889024825506,0.05589374529143005,True,0.39125621704001035
Llama-3.2-1B,Llama,C1_live_vs_clean_semantics,live_prev_head,cf_prev_head,retrained,early,sel_auc,False,True,-0.00011065781151170517,0.00014220487339131437,-0.00040722854733290376,0.00015396676681425403,0.436476073986532,False,1.0
Llama-3.2-1B,Llama,C1_live_vs_clean_semantics,live_prev_head,cf_prev_head,retrained,early,sel_d,False,False,-0.01586792065617837,0.008272912085391443,-0.03319573249870969,-0.000258858046850457,0.055103726992895834,True,0.38572608895027083
Llama-3.2-1B,Llama,C1_live_vs_clean_semantics,live_prev_head,cf_prev_head,retrained,middle,auc_all,False,False,-0.0005280000000000007,0.0004337570076488359,-0.0013755777777777964,0.000331977777777778,0.2235009720698402,False,0.5889508786574436
Llama-3.2-1B,Llama,C1_live_vs_clean_semantics,live_prev_head,cf_prev_head,retrained,middle,d_all,True,False,-0.1286182202340388,0.03864497198183677,-0.20385930800757546,-0.055383981211592,0.0008740889175605579,True,0.0034963556702422315
Llama-3.2-1B,Llama,C1_live_vs_clean_semantics,live_prev_head,cf_prev_head,retrained,middle,sel_auc,False,True,0.001554021716213383,0.0010223798886546537,-0.000412978468269027,0.0035315297543748523,0.12850992215696436,False,0.3855297664708931
Llama-3.2-1B,Llama,C1_live_vs_clean_semantics,live_prev_head,cf_prev_head,retrained,middle,sel_d,False,False,0.017861424069578247,0.03852665232875428,-0.057881906343725316,0.09198969551413037,0.642925648745281,False,1.0
Llama-3.2-1B,Llama,C1_live_vs_clean_semantics,live_prev_head,cf_prev_head,retrained,late,auc_all,False,False,0.0010097777777777484,0.0009547812851837563,-0.0007763666666666655,0.002956444444444429,0.2902373215693167,False,0.5804746431386334
Llama-3.2-1B,Llama,C1_live_vs_clean_semantics,live_prev_head,cf_prev_head,retrained,late,d_all,True,False,0.04531657417183832,0.0596524615768135,-0.07292630292599082,0.1596214432501417,0.44744796962188516,False,0.8948959392437703
Llama-3.2-1B,Llama,C1_live_vs_clean_semantics,live_prev_head,cf_prev_head,retrained,late,sel_auc,False,True,-0.0017870809614168592,0.0019258017933567917,-0.005462786738351221,0.0019958242409866727,0.3534245669255447,False,1.0
Llama-3.2-1B,Llama,C1_live_vs_clean_semantics,live_prev_head,cf_prev_head,retrained,late,sel_d,False,False,0.014036435041122064,0.0642740082163718,-0.10774109109618484,0.14391863432392643,0.8271296880521282,False,1.0
Llama-3.2-1B,Llama,C1_live_vs_clean_semantics,live_prev_head,cf_prev_head,retrained,all,auc_all,False,False,0.00016740740740740315,0.0003963867317913045,-0.0005957074074074128,0.0009350888888888774,0.6727815880421801,False,1.0
Llama-3.2-1B,Llama,C1_live_vs_clean_semantics,live_prev_head,cf_prev_head,retrained,all,d_all,True,False,-0.03318537255919803,0.02791760212377251,-0.08879595938292568,0.02009655636038096,0.23456170406285848,False,0.46912340812571696
Llama-3.2-1B,Llama,C1_live_vs_clean_semantics,live_prev_head,cf_prev_head,retrained,all,sel_auc,False,True,-0.00011457235223839383,0.0008746759671297852,-0.0018415920391453861,0.001560101377468566,0.8957845319238821,False,1.0
Llama-3.2-1B,Llama,C1_live_vs_clean_semantics,live_prev_head,cf_prev_head,retrained,all,sel_d,False,False,0.005343312818173979,0.029195054188534394,-0.0504020535715924,0.06264165346069762,0.8547814121498255,False,1.0
Llama-3.2-1B,Llama,C1_live_vs_clean_semantics,live_prev_head,cf_prev_head,behavior,behavior,auc_all,True,False,-0.06816,0.019905456691743248,-0.10548555555555557,-0.028839400000000088,0.0006166424174663328,True,0.0006166424174663328
Llama-3.2-1B,Llama,C1_live_vs_clean_semantics,live_prev_head,cf_prev_head,behavior,behavior,d_all,False,False,-0.2667266168821403,0.07080576105142072,-0.4044717669846563,-0.12643598510314308,0.00016520871516571253,True,0.00016520871516571253
Llama-3.2-1B,Llama,C1_live_vs_clean_semantics,live_prev_head,cf_prev_head,behavior,behavior,sel_auc,False,True,0.1380604996837445,0.03575315070842927,0.07066400115960358,0.20859556557031417,0.00011269677728436801,True,0.000338090331853104
Llama-3.2-1B,Llama,C1_live_vs_clean_semantics,live_prev_head,cf_prev_head,behavior,behavior,sel_d,False,False,0.4960609707623562,0.13424082666917425,0.237190839467674,0.7598878481396059,0.00021962187254261325,True,0.0006894283729228766
Llama-3.2-1B,Llama,C2_previous_vs_next_head_source,cf_prev_head,cf_next_head,frozen,early,auc_all,False,False,0.0021835555555555497,0.0012182270416432805,-0.00014374444444445187,0.004683588888888885,0.07306820446780696,False,0.1138210623711099
Llama-3.2-1B,Llama,C2_previous_vs_next_head_source,cf_prev_head,cf_next_head,frozen,early,d_all,True,False,0.12363669936202704,0.036827695320622834,0.05203033516175197,0.1966631836617967,0.0007874572077833079,True,0.0015749144155666158
Llama-3.2-1B,Llama,C2_previous_vs_next_head_source,cf_prev_head,cf_next_head,frozen,early,sel_auc,False,True,-0.0008692494201981427,0.002012913021144177,-0.004772506720430057,0.002964775458570514,0.6658602108333163,False,0.6658602108333163
Llama-3.2-1B,Llama,C2_previous_vs_next_head_source,cf_prev_head,cf_next_head,frozen,early,sel_d,False,False,0.017275596377648528,0.03662806090281151,-0.05529412936240252,0.09265339040652705,0.6371771879008503,False,0.6371771879008503
Llama-3.2-1B,Llama,C2_previous_vs_next_head_source,cf_prev_head,cf_next_head,frozen,middle,auc_all,False,False,0.03635066666666664,0.004261737169603492,0.02832924444444443,0.045242966666666655,1.469281029266525e-17,True,7.346405146332624e-17
Llama-3.2-1B,Llama,C2_previous_vs_next_head_source,cf_prev_head,cf_next_head,frozen,middle,d_all,True,False,0.5001818810565581,0.04879612500013693,0.4084086940271346,0.5999629129690418,1.1780279917132509e-24,True,3.5340839751397524e-24
Llama-3.2-1B,Llama,C2_previous_vs_next_head_source,cf_prev_head,cf_next_head,frozen,middle,sel_auc,False,True,-0.024957584861901666,0.007343021684190197,-0.03913180819101829,-0.010781633855154927,0.0006767805297377271,True,0.003383902648688635
Llama-3.2-1B,Llama,C2_previous_vs_next_head_source,cf_prev_head,cf_next_head,frozen,middle,sel_d,False,False,0.1439701082461799,0.06383156169560342,0.023132929454905044,0.2678095690934697,0.024103906348158195,True,0.07231171904447459
Llama-3.2-1B,Llama,C2_previous_vs_next_head_source,cf_prev_head,cf_next_head,frozen,late,auc_all,False,False,0.07826444444444444,0.008108698755623938,0.06234504444444445,0.09449527777777778,4.82477684112392e-22,True,3.3773437887867444e-21
Llama-3.2-1B,Llama,C2_previous_vs_next_head_source,cf_prev_head,cf_next_head,frozen,late,d_all,True,False,0.5138438866070674,0.054164891868307835,0.40370188252132877,0.6208652074742814,2.3855653982919577e-21,True,1.1927826991459789e-20
Llama-3.2-1B,Llama,C2_previous_vs_next_head_source,cf_prev_head,cf_next_head,frozen,late,sel_auc,False,True,-0.024110441703563162,0.01556152099383229,-0.053963281678262684,0.006231908602150525,0.12129453156638695,False,0.5890507481545442
Llama-3.2-1B,Llama,C2_previous_vs_next_head_source,cf_prev_head,cf_next_head,frozen,late,sel_d,False,False,0.11239362981423995,0.08668757201841956,-0.05835364429373451,0.2848894394030235,0.19479059989436265,False,0.3895811997887253
Llama-3.2-1B,Llama,C2_previous_vs_next_head_source,cf_prev_head,cf_next_head,frozen,all,auc_all,False,False,0.03893288888888888,0.003529923144817266,0.03209070000000001,0.04583037777777781,2.7573767653553764e-28,True,1.9301637357487635e-27
Llama-3.2-1B,Llama,C2_previous_vs_next_head_source,cf_prev_head,cf_next_head,frozen,all,d_all,True,False,0.3792208223418842,0.03259580350698187,0.3137456711727831,0.4437722278329787,2.766914514414246e-31,True,1.1067658057656983e-30
Llama-3.2-1B,Llama,C2_previous_vs_next_head_source,cf_prev_head,cf_next_head,frozen,all,sel_auc,False,True,-0.016645758661887652,0.006652154993278125,-0.030308120344015727,-0.004024702719797592,0.01233855872786324,True,0.03701567618358972
Llama-3.2-1B,Llama,C2_previous_vs_next_head_source,cf_prev_head,cf_next_head,frozen,all,sel_d,False,False,0.09121311147935612,0.04641960469417284,-0.0028446741940997377,0.18065040435907936,0.04941775763210415,False,0.04941775763210415
Llama-3.2-1B,Llama,C2_previous_vs_next_head_source,cf_prev_head,cf_next_head,retrained,early,auc_all,False,False,-0.0001928888888889091,0.00036871359174621415,-0.000903188888888909,0.0005293888888889081,0.6008767172697993,False,1.0
Llama-3.2-1B,Llama,C2_previous_vs_next_head_source,cf_prev_head,cf_next_head,retrained,early,d_all,True,False,0.012808487632783194,0.03581735736517197,-0.05895543723040344,0.08438641729802052,0.7206384856164161,False,1.0
Llama-3.2-1B,Llama,C2_previous_vs_next_head_source,cf_prev_head,cf_next_head,retrained,early,sel_auc,False,True,-8.232131562307954e-05,0.0007076215377956284,-0.0015264169565675834,0.00127329551444233,0.9073868642329052,False,1.0
Llama-3.2-1B,Llama,C2_previous_vs_next_head_source,cf_prev_head,cf_next_head,retrained,early,sel_d,False,False,-0.007005774837792078,0.03202685724427564,-0.06870559741877004,0.0547961033922986,0.8268472346023963,False,1.0
Llama-3.2-1B,Llama,C2_previous_vs_next_head_source,cf_prev_head,cf_next_head,retrained,middle,auc_all,False,False,0.0003755555555555734,0.0005988801825056751,-0.0007715444444444719,0.001551255555555557,0.530596102533329,False,0.5889508786574436
Llama-3.2-1B,Llama,C2_previous_vs_next_head_source,cf_prev_head,cf_next_head,retrained,middle,d_all,True,False,0.10156422875933901,0.05624800642277626,-0.007021488779632467,0.21397265198106274,0.07097298296849777,False,0.07097298296849777
Llama-3.2-1B,Llama,C2_previous_vs_next_head_source,cf_prev_head,cf_next_head,retrained,middle,sel_auc,False,True,-0.001534582542694507,0.001447212942915532,-0.004347746679316966,0.0011813809825005793,0.28897587920776924,False,0.5779517584155385
Llama-3.2-1B,Llama,C2_previous_vs_next_head_source,cf_prev_head,cf_next_head,retrained,middle,sel_d,False,False,0.03583251385023811,0.05410831328156238,-0.06883880357255134,0.1431004600198855,0.5078195015609193,False,1.0
Llama-3.2-1B,Llama,C2_previous_vs_next_head_source,cf_prev_head,cf_next_head,retrained,late,auc_all,False,False,-0.001566222222222191,0.000988750311851197,-0.003573400000000016,0.0002924444444444563,0.11318411548794918,False,0.3395523464638476
Llama-3.2-1B,Llama,C2_previous_vs_next_head_source,cf_prev_head,cf_next_head,retrained,late,d_all,True,False,-0.04126729064930501,0.0692393417599749,-0.17330621977489477,0.09736447140100955,0.5511690232304903,False,0.8948959392437703
Llama-3.2-1B,Llama,C2_previous_vs_next_head_source,cf_prev_head,cf_next_head,retrained,late,sel_auc,False,True,-0.0006435536580222945,0.002346952794169915,-0.005328691492726087,0.0038957507115749772,0.7839246409932339,False,1.0
Llama-3.2-1B,Llama,C2_previous_vs_next_head_source,cf_prev_head,cf_next_head,retrained,late,sel_d,False,False,-0.0805745023591371,0.06965719466499859,-0.21581412821760293,0.054175161980087067,0.24738306684411115,False,1.0
Llama-3.2-1B,Llama,C2_previous_vs_next_head_source,cf_prev_head,cf_next_head,retrained,all,auc_all,False,False,-0.0004611851851851756,0.0004927186530628066,-0.0014446444444444326,0.00046922222222224775,0.3492726381503106,False,1.0
Llama-3.2-1B,Llama,C2_previous_vs_next_head_source,cf_prev_head,cf_next_head,retrained,all,d_all,True,False,0.02436847524760573,0.04048708346701015,-0.052507968502189445,0.10341390440602717,0.547252218509325,False,0.547252218509325
Llama-3.2-1B,Llama,C2_previous_vs_next_head_source,cf_prev_head,cf_next_head,retrained,all,sel_auc,False,True,-0.0007534858387799603,0.001179937176348698,-0.0029941728160798628,0.001504072361023252,0.5230953370271421,False,1.0
Llama-3.2-1B,Llama,C2_previous_vs_next_head_source,cf_prev_head,cf_next_head,retrained,all,sel_d,False,False,-0.017249254448897022,0.04053305453715079,-0.0959550925829144,0.05973836201127943,0.6704283529123143,False,1.0
Llama-3.2-1B,Llama,C2_previous_vs_next_head_source,cf_prev_head,cf_next_head,behavior,behavior,auc_all,True,False,0.3624693333333333,0.01917743228188731,0.3239681777777778,0.4015881777777778,1.1227840286094948e-79,True,6.736704171656969e-79
Llama-3.2-1B,Llama,C2_previous_vs_next_head_source,cf_prev_head,cf_next_head,behavior,behavior,d_all,False,False,1.2216376691484443,0.07984157048606086,1.06360549981067,1.3837197309365465,7.555502169703282e-53,True,4.5333013018219694e-52
Llama-3.2-1B,Llama,C2_previous_vs_next_head_source,cf_prev_head,cf_next_head,behavior,behavior,sel_auc,False,True,0.31722837866329323,0.03439400532650295,0.251595341292431,0.38749584071262905,2.879264805148071e-20,True,2.0154853636036497e-19
Llama-3.2-1B,Llama,C2_previous_vs_next_head_source,cf_prev_head,cf_next_head,behavior,behavior,sel_d,False,False,1.0871958137473552,0.1330637246430785,0.8340986224215227,1.3549852047461186,3.071397462910117e-16,True,2.149978224037082e-15
Qwen2.5-3B,Qwen,H3a_cka_similar_vs_dissimilar,cka_high@k5,cka_low@k5,frozen,early,auc_all,False,False,0.002684799999999976,0.0005293794919635196,0.001732888888888867,0.0037584355555555396,3.9448891979938494e-07,True,1.972444598996925e-06
Qwen2.5-3B,Qwen,H3a_cka_similar_vs_dissimilar,cka_high@k5,cka_low@k5,frozen,early,d_all,True,False,0.40941954763757193,0.0364605362405108,0.34103254672286104,0.48234141620473314,2.9340314640019977e-29,True,1.7604188784011986e-28
Qwen2.5-3B,Qwen,H3a_cka_similar_vs_dissimilar,cka_high@k5,cka_low@k5,frozen,early,sel_auc,False,True,-0.002655216107948544,0.0011423080565939154,-0.00507694771241831,-0.0006613377609108348,0.020102412743513192,True,0.10051206371756596
Qwen2.5-3B,Qwen,H3a_cka_similar_vs_dissimilar,cka_high@k5,cka_low@k5,frozen,early,sel_d,False,False,0.16081768599391144,0.025271370089428934,0.1141548972748756,0.21265455846288486,1.9703858387654607e-10,True,1.3792700871358225e-09
Qwen2.5-3B,Qwen,H3a_cka_similar_vs_dissimilar,cka_high@k5,cka_low@k5,frozen,middle,auc_all,False,False,0.003766123456790122,0.0008640057200950642,0.0021775160493827115,0.005532074074074058,1.3071165467056626e-05,True,7.842699280233975e-05
Qwen2.5-3B,Qwen,H3a_cka_similar_vs_dissimilar,cka_high@k5,cka_low@k5,frozen,middle,d_all,True,False,0.5884913710385165,0.06552051844697263,0.45454412856486176,0.7147999765567473,2.6640305714584983e-19,True,1.598418342875099e-18
Qwen2.5-3B,Qwen,H3a_cka_similar_vs_dissimilar,cka_high@k5,cka_low@k5,frozen,middle,sel_auc,False,True,-0.0025648347272003097,0.0017490538875440233,-0.006193830498746701,0.000606599608780164,0.1425359051059316,False,0.712679525529658
Qwen2.5-3B,Qwen,H3a_cka_similar_vs_dissimilar,cka_high@k5,cka_low@k5,frozen,middle,sel_d,False,False,0.42974181751961976,0.048554380965491674,0.33775115970174646,0.5247438532712521,8.694705214864243e-19,True,6.0862936504049696e-18
Qwen2.5-3B,Qwen,H3a_cka_similar_vs_dissimilar,cka_high@k5,cka_low@k5,frozen,late,auc_all,False,False,-0.00597491358024692,0.0016442587012410153,-0.009083861728395037,-0.002731422222222234,0.00027927322004745115,True,0.0013963661002372558
Qwen2.5-3B,Qwen,H3a_cka_similar_vs_dissimilar,cka_high@k5,cka_low@k5,frozen,late,d_all,True,False,-0.22569695285974622,0.06117631724109967,-0.34382345999707215,-0.10389506336113147,0.0002248839808750823,True,0.0011244199043754116
Qwen2.5-3B,Qwen,H3a_cka_similar_vs_dissimilar,cka_high@k5,cka_low@k5,frozen,late,sel_auc,False,True,0.004360945955443094,0.0028337360434738403,-0.0007902473821069544,0.009929309801578952,0.12381927141529506,False,0.6190963570764753
Qwen2.5-3B,Qwen,H3a_cka_similar_vs_dissimilar,cka_high@k5,cka_low@k5,frozen,late,sel_d,False,False,0.05043901631774472,0.0640217510273768,-0.0745179046820208,0.1815826223001798,0.43078920415796707,False,0.43078920415796707
Qwen2.5-3B,Qwen,H3a_cka_similar_vs_dissimilar,cka_high@k5,cka_low@k5,frozen,all,auc_all,False,False,0.0002488888888888779,0.000750337255980378,-0.0011925269841269893,0.0017335555555555774,0.7401137665640241,False,1.0
Qwen2.5-3B,Qwen,H3a_cka_similar_vs_dissimilar,cka_high@k5,cka_low@k5,frozen,all,d_all,True,False,0.26283375857088037,0.042970704932913356,0.17812241362157508,0.3452389512981844,9.560484358555556e-10,True,3.824193743422222e-09
Qwen2.5-3B,Qwen,H3a_cka_similar_vs_dissimilar,cka_high@k5,cka_low@k5,frozen,all,sel_auc,False,True,-0.00037097000090358497,0.0014848682316767885,-0.0034111189045510602,0.002426638655462178,0.8027160214083714,False,1.0
Qwen2.5-3B,Qwen,H3a_cka_similar_vs_dissimilar,cka_high@k5,cka_low@k5,frozen,all,sel_d,False,False,0.21177872730269262,0.035012771301752316,0.14432408173060265,0.2825927321900388,1.4609752060683973e-09,True,8.765851236410384e-09
Qwen2.5-3B,Qwen,H3a_cka_similar_vs_dissimilar,cka_high@k5,cka_low@k5,retrained,early,auc_all,False,False,0.0008682666666666505,0.00039845724273463145,0.00017452888888888464,0.0017304844444444374,0.02932638595276863,True,0.1759583157166118
Qwen2.5-3B,Qwen,H3a_cka_similar_vs_dissimilar,cka_high@k5,cka_low@k5,retrained,early,d_all,True,False,0.14059732454916948,0.03442757288989288,0.0729496441579718,0.20912941954789785,4.4294073088863134e-05,True,0.0002657644385331788
Qwen2.5-3B,Qwen,H3a_cka_similar_vs_dissimilar,cka_high@k5,cka_low@k5,retrained,early,sel_auc,False,True,-0.0020939321104785913,0.0010158161397682771,-0.004384895319418093,-0.00039238577904282074,0.03927158423464822,True,0.1963579211732411
Qwen2.5-3B,Qwen,H3a_cka_similar_vs_dissimilar,cka_high@k5,cka_low@k5,retrained,early,sel_d,False,False,-0.09777538727709488,0.02883842886798093,-0.15508532575243142,-0.04466912436650564,0.0006977678014730907,True,0.0034888390073654534
Qwen2.5-3B,Qwen,H3a_cka_similar_vs_dissimilar,cka_high@k5,cka_low@k5,retrained,middle,auc_all,False,False,0.0007022222222222214,0.0004747436319154837,-0.00013089876543209946,0.0017565530864197454,0.13909731441254158,False,0.6954865720627079
Qwen2.5-3B,Qwen,H3a_cka_similar_vs_dissimilar,cka_high@k5,cka_low@k5,retrained,middle,d_all,True,False,0.1967200899690115,0.06202429654129056,0.07292286408620963,0.3203170150291857,0.001515694253477325,True,0.00909416552086395
Qwen2.5-3B,Qwen,H3a_cka_similar_vs_dissimilar,cka_high@k5,cka_low@k5,retrained,middle,sel_auc,False,True,-0.001929723334973136,0.0012348236943334667,-0.004711056469182654,0.00018849134396886987,0.11811091214211315,False,0.5905545607105658
Qwen2.5-3B,Qwen,H3a_cka_similar_vs_dissimilar,cka_high@k5,cka_low@k5,retrained,middle,sel_d,False,False,-0.0059509104557041725,0.050229778608474364,-0.10176548113113741,0.09119347899362057,0.9056922895537087,False,1.0
Qwen2.5-3B,Qwen,H3a_cka_similar_vs_dissimilar,cka_high@k5,cka_low@k5,retrained,late,auc_all,False,False,0.0023004444444444504,0.0009350267121136799,0.000613081481481466,0.004182167901234551,0.013882165546668098,True,0.09717515882667668
Qwen2.5-3B,Qwen,H3a_cka_similar_vs_dissimilar,cka_high@k5,cka_low@k5,retrained,late,d_all,True,False,0.1044212572338047,0.06537677589411793,-0.026341382698781883,0.23200439223293487,0.11021611967801385,False,0.4408644787120554
Qwen2.5-3B,Qwen,H3a_cka_similar_vs_dissimilar,cka_high@k5,cka_low@k5,retrained,late,sel_auc,False,True,-0.0017373134678004705,0.002017578905036123,-0.005739676482301404,0.002167458593951307,0.38918944580375503,False,1.0
Qwen2.5-3B,Qwen,H3a_cka_similar_vs_dissimilar,cka_high@k5,cka_low@k5,retrained,late,sel_d,False,False,0.010452769152250789,0.0718464301950036,-0.13013514216589914,0.14753178084655416,0.884325856403365,False,1.0
Qwen2.5-3B,Qwen,H3a_cka_similar_vs_dissimilar,cka_high@k5,cka_low@k5,retrained,all,auc_all,False,False,0.0012752380952380912,0.0004563019090844466,0.00047365873015872803,0.002212636507936508,0.005194397108647918,True,0.03116638265188751
Qwen2.5-3B,Qwen,H3a_cka_similar_vs_dissimilar,cka_high@k5,cka_low@k5,retrained,all,d_all,True,False,0.14700876322560866,0.042856566602527034,0.06402919826044125,0.2341035946247412,0.0006030240431803586,True,0.0036181442590821514
Qwen2.5-3B,Qwen,H3a_cka_similar_vs_dissimilar,cka_high@k5,cka_low@k5,retrained,all,sel_auc,False,True,-0.0019265232974910135,0.0010975036426941836,-0.0043188211198458065,8.403568416593724e-06,0.07919630047099174,False,0.3959815023549587
Qwen2.5-3B,Qwen,H3a_cka_similar_vs_dissimilar,cka_high@k5,cka_low@k5,retrained,all,sel_d,False,False,-0.03347275516078675,0.03773754156814117,-0.10531260423006138,0.04049811963003752,0.3750852379031864,False,1.0
Qwen2.5-3B,Qwen,H3a_cka_similar_vs_dissimilar,cka_high@k5,cka_low@k5,behavior,behavior,auc_all,False,False,0.03575555555555554,0.0044751596972332055,0.027160911111111064,0.04492991111111118,1.351763110216242e-15,True,5.407052440864968e-15
Qwen2.5-3B,Qwen,H3a_cka_similar_vs_dissimilar,cka_high@k5,cka_low@k5,behavior,behavior,d_all,True,False,0.5950409883609074,0.08224597615447324,0.43896279027810126,0.7540628833635787,4.658900003577315e-13,True,1.3976700010731946e-12
Qwen2.5-3B,Qwen,H3a_cka_similar_vs_dissimilar,cka_high@k5,cka_low@k5,behavior,behavior,sel_auc,False,True,-0.02712954880877083,0.007782762351607258,-0.04225896189120809,-0.011546353310141233,0.0004905744319998006,True,0.002943446591998804
Qwen2.5-3B,Qwen,H3a_cka_similar_vs_dissimilar,cka_high@k5,cka_low@k5,behavior,behavior,sel_d,False,False,-0.48368057017031285,0.09510170519961017,-0.6672006761716933,-0.3010390196924119,3.6582989208401446e-07,True,2.194979352504087e-06
Qwen2.5-3B,Qwen,H3a_kvdist_within_cla_similar_vs_dissimilar,kvdist_low@k5,kvdist_high@k5,frozen,early,auc_all,False,False,-0.004912533333333313,0.0008032943778607743,-0.0065878577777778,-0.0034488400000000125,9.626477862863204e-10,True,6.738534504004243e-09
Qwen2.5-3B,Qwen,H3a_kvdist_within_cla_similar_vs_dissimilar,kvdist_low@k5,kvdist_high@k5,frozen,early,d_all,True,False,-0.5588120645351747,0.042442156495392444,-0.6417387359651857,-0.479770320703685,1.3690411679138812e-39,True,9.583288175397168e-39
Qwen2.5-3B,Qwen,H3a_kvdist_within_cla_similar_vs_dissimilar,kvdist_low@k5,kvdist_high@k5,frozen,early,sel_auc,False,True,0.004681650853889952,0.0017114982087421918,0.0016632176365169603,0.008372264758591584,0.00623024507340563,True,0.03738147044043378
Qwen2.5-3B,Qwen,H3a_kvdist_within_cla_similar_vs_dissimilar,kvdist_low@k5,kvdist_high@k5,frozen,early,sel_d,False,False,-0.14903241847953042,0.02844964681605007,-0.20703930964695194,-0.09394216039383771,1.6191954435589847e-07,True,9.715172661353907e-07
Qwen2.5-3B,Qwen,H3a_kvdist_within_cla_similar_vs_dissimilar,kvdist_low@k5,kvdist_high@k5,frozen,middle,auc_all,False,False,-0.0064179753086419655,0.0011554466461986459,-0.008812429629629638,-0.004346261728395045,2.783428146702409e-08,True,1.9483997026916863e-07
Qwen2.5-3B,Qwen,H3a_kvdist_within_cla_similar_vs_dissimilar,kvdist_low@k5,kvdist_high@k5,frozen,middle,d_all,True,False,-0.8461924446532213,0.07112355789250566,-0.9913928422307039,-0.7037410632729659,1.2194751954324576e-32,True,8.536326368027203e-32
Qwen2.5-3B,Qwen,H3a_kvdist_within_cla_similar_vs_dissimilar,kvdist_low@k5,kvdist_high@k5,frozen,middle,sel_auc,False,True,0.005515526975425776,0.002459815860838718,0.0011826992409867377,0.010607372794996123,0.02494509162092967,True,0.1746156413465077
Qwen2.5-3B,Qwen,H3a_kvdist_within_cla_similar_vs_dissimilar,kvdist_low@k5,kvdist_high@k5,frozen,middle,sel_d,False,False,-0.433266551455592,0.053745087808461954,-0.5406984545592884,-0.32820215073528985,7.535785833497567e-16,True,4.52147150009854e-15
Qwen2.5-3B,Qwen,H3a_kvdist_within_cla_similar_vs_dissimilar,kvdist_low@k5,kvdist_high@k5,frozen,late,auc_all,False,False,-0.009248592592592574,0.001541779357440536,-0.01238924444444445,-0.006445664197530863,1.9896638710563146e-09,True,1.1937983226337888e-08
Qwen2.5-3B,Qwen,H3a_kvdist_within_cla_similar_vs_dissimilar,kvdist_low@k5,kvdist_high@k5,frozen,late,d_all,True,False,-0.7589725903801495,0.06430460840304483,-0.8812017638217299,-0.6270728231837503,3.776650029131141e-32,True,2.2659900174786844e-31
Qwen2.5-3B,Qwen,H3a_kvdist_within_cla_similar_vs_dissimilar,kvdist_low@k5,kvdist_high@k5,frozen,late,sel_auc,False,True,0.0033841099163680124,0.0031639676022029426,-0.002810506770211066,0.00957717290978519,0.28480933401658093,False,0.95385714499491
Qwen2.5-3B,Qwen,H3a_kvdist_within_cla_similar_vs_dissimilar,kvdist_low@k5,kvdist_high@k5,frozen,late,sel_d,False,False,-0.3947784075501646,0.06771216344575746,-0.5323229837352551,-0.2671025581002529,5.534651982449067e-09,True,3.8742563877143474e-08
Qwen2.5-3B,Qwen,H3a_kvdist_within_cla_similar_vs_dissimilar,kvdist_low@k5,kvdist_high@k5,frozen,all,auc_all,False,False,-0.006790158730158714,0.0009682329521829681,-0.00877202222222222,-0.004998526984126974,2.333630441062809e-12,True,1.6335413087439663e-11
Qwen2.5-3B,Qwen,H3a_kvdist_within_cla_similar_vs_dissimilar,kvdist_low@k5,kvdist_high@k5,frozen,all,d_all,True,False,-0.71552164145186,0.05100980645817484,-0.8174340295647726,-0.6114068755181027,1.0635648704438238e-44,True,7.444954093106767e-44
Qwen2.5-3B,Qwen,H3a_kvdist_within_cla_similar_vs_dissimilar,kvdist_low@k5,kvdist_high@k5,frozen,all,sel_auc,False,True,0.004532615734465843,0.0020262102814711976,0.0007812036911538793,0.008671279197162679,0.025286877600959337,True,0.12224697044233063
Qwen2.5-3B,Qwen,H3a_kvdist_within_cla_similar_vs_dissimilar,kvdist_low@k5,kvdist_high@k5,frozen,all,sel_d,False,False,-0.3193831719945399,0.04108004683834258,-0.40232457405672056,-0.24077035336026836,7.56535898714679e-15,True,5.295751291002753e-14
Qwen2.5-3B,Qwen,H3a_kvdist_within_cla_similar_vs_dissimilar,kvdist_low@k5,kvdist_high@k5,retrained,early,auc_all,False,False,-0.0012163555555555594,0.0005178572754344317,-0.0023551066666666477,-0.00030195555555555,0.018832810402683663,True,0.13182967281878563
Qwen2.5-3B,Qwen,H3a_kvdist_within_cla_similar_vs_dissimilar,kvdist_low@k5,kvdist_high@k5,retrained,early,d_all,True,False,-0.18479164995927438,0.040085581825116116,-0.26326278417229443,-0.10807111777791659,4.028082613977995e-06,True,2.8196578297845966e-05
Qwen2.5-3B,Qwen,H3a_kvdist_within_cla_similar_vs_dissimilar,kvdist_low@k5,kvdist_high@k5,retrained,early,sel_auc,False,True,0.0033509888256377687,0.0013398434910959693,0.0010495426417878786,0.006227711891208101,0.012383267266056243,True,0.07429960359633746
Qwen2.5-3B,Qwen,H3a_kvdist_within_cla_similar_vs_dissimilar,kvdist_low@k5,kvdist_high@k5,retrained,early,sel_d,False,False,0.14949210198652163,0.03443354080632238,0.08364003386659584,0.21897006915026607,1.4153414777985483e-05,True,9.907390344589838e-05
Qwen2.5-3B,Qwen,H3a_kvdist_within_cla_similar_vs_dissimilar,kvdist_low@k5,kvdist_high@k5,retrained,middle,auc_all,False,False,-0.001582617283950606,0.0005722981515824966,-0.0028833827160493816,-0.0006020691358024826,0.005685791444140398,True,0.03980054010898278
Qwen2.5-3B,Qwen,H3a_kvdist_within_cla_similar_vs_dissimilar,kvdist_low@k5,kvdist_high@k5,retrained,middle,d_all,True,False,-0.3858488902741464,0.06757891578123515,-0.5231577602501757,-0.25503942361842474,1.1323892569634585e-08,True,7.926724798744209e-08
Qwen2.5-3B,Qwen,H3a_kvdist_within_cla_similar_vs_dissimilar,kvdist_low@k5,kvdist_high@k5,retrained,middle,sel_auc,False,True,0.0037535994565090058,0.001421702639589841,0.001302187961205965,0.006888356056879145,0.008285364917675748,True,0.05799755442373024
Qwen2.5-3B,Qwen,H3a_kvdist_within_cla_similar_vs_dissimilar,kvdist_low@k5,kvdist_high@k5,retrained,middle,sel_d,False,False,0.011783678985712143,0.05535899588767915,-0.0967548407252318,0.12327129483462154,0.8314366823543923,False,1.0
Qwen2.5-3B,Qwen,H3a_kvdist_within_cla_similar_vs_dissimilar,kvdist_low@k5,kvdist_high@k5,retrained,late,auc_all,False,False,-0.0016559012345678864,0.0007565369862698509,-0.0031727950617283893,-0.00025992592592593644,0.028612044957844175,True,0.17167226974706506
Qwen2.5-3B,Qwen,H3a_kvdist_within_cla_similar_vs_dissimilar,kvdist_low@k5,kvdist_high@k5,retrained,late,d_all,True,False,-0.36558578624667815,0.06417174189792715,-0.4908881601005874,-0.24021707175099977,1.2194091683236291e-08,True,8.535864178265403e-08
Qwen2.5-3B,Qwen,H3a_kvdist_within_cla_similar_vs_dissimilar,kvdist_low@k5,kvdist_high@k5,retrained,late,sel_auc,False,True,0.0023648394124674934,0.0016504143626985509,-0.0007690850258860539,0.005770981973434517,0.15189322823394427,False,0.9113593694036657
Qwen2.5-3B,Qwen,H3a_kvdist_within_cla_similar_vs_dissimilar,kvdist_low@k5,kvdist_high@k5,retrained,late,sel_d,False,False,-0.020852110633933163,0.06943589764738553,-0.15934399146428307,0.11845035423153835,0.763942724964585,False,1.0
Qwen2.5-3B,Qwen,H3a_kvdist_within_cla_similar_vs_dissimilar,kvdist_low@k5,kvdist_high@k5,retrained,all,auc_all,False,False,-0.0014753650793650724,0.0004975823927526704,-0.002554071428571428,-0.0006135301587301553,0.0030261712009195287,True,0.0211831984064367
Qwen2.5-3B,Qwen,H3a_kvdist_within_cla_similar_vs_dissimilar,kvdist_low@k5,kvdist_high@k5,retrained,all,d_all,True,False,-0.3075295924385773,0.04777266656978313,-0.4049406703648758,-0.2135123387856604,1.2157372921315648e-10,True,8.510161044920953e-10
Qwen2.5-3B,Qwen,H3a_kvdist_within_cla_similar_vs_dissimilar,kvdist_low@k5,kvdist_high@k5,retrained,all,sel_auc,False,True,0.003163422788470221,0.0012196793267236269,0.0010342952772506952,0.0058767389159965,0.009496276443986791,True,0.06647393510790754
Qwen2.5-3B,Qwen,H3a_kvdist_within_cla_similar_vs_dissimilar,kvdist_low@k5,kvdist_high@k5,retrained,all,sel_d,False,False,0.050475183393972445,0.04395511389144006,-0.033656428372032116,0.13973923380355122,0.250830411318833,False,1.0
Qwen2.5-3B,Qwen,H3a_kvdist_within_cla_similar_vs_dissimilar,kvdist_low@k5,kvdist_high@k5,behavior,behavior,auc_all,False,False,-0.12841422222222232,0.009519400639408359,-0.1468406,-0.10943644444444439,1.7973769839868918e-41,True,1.078426190392135e-40
Qwen2.5-3B,Qwen,H3a_kvdist_within_cla_similar_vs_dissimilar,kvdist_low@k5,kvdist_high@k5,behavior,behavior,d_all,True,False,-1.073155167692518,0.06926135168764921,-1.202175860611139,-0.9304829347293236,3.7915145501879147e-54,True,2.65406018513154e-53
Qwen2.5-3B,Qwen,H3a_kvdist_within_cla_similar_vs_dissimilar,kvdist_low@k5,kvdist_high@k5,behavior,behavior,sel_auc,False,True,-0.030663725490196136,0.019018753953545905,-0.06657013888888884,0.008063566044697395,0.10689909220800443,False,0.3206972766240133
Qwen2.5-3B,Qwen,H3a_kvdist_within_cla_similar_vs_dissimilar,kvdist_low@k5,kvdist_high@k5,behavior,behavior,sel_d,False,False,-0.4621729160960417,0.09952031745576788,-0.6547922558854513,-0.269903312233275,3.4171821740028545e-06,True,1.708591087001427e-05
Qwen2.5-3B,Qwen,H3a_kvsharer_search_similar_vs_dissimilar,kvsharer_similar@k5,kvsharer_dissimilar@k5,frozen,early,auc_all,False,False,-0.0035055999999999976,0.0006265543409329654,-0.0048578266666666715,-0.00232226222222222,2.205640110545641e-08,True,1.3233840663273845e-07
Qwen2.5-3B,Qwen,H3a_kvsharer_search_similar_vs_dissimilar,kvsharer_similar@k5,kvsharer_dissimilar@k5,frozen,early,d_all,True,False,-0.38692953394079926,0.03672193167360641,-0.4609994051281613,-0.3139779049652393,5.848994648207092e-26,True,2.924497324103546e-25
Qwen2.5-3B,Qwen,H3a_kvsharer_search_similar_vs_dissimilar,kvsharer_similar@k5,kvsharer_dissimilar@k5,frozen,early,sel_auc,False,True,0.004052262281256592,0.0011124575139610747,0.0020612681319839765,0.006357396953405027,0.00026987493677304404,True,0.0018891245574113084
Qwen2.5-3B,Qwen,H3a_kvsharer_search_similar_vs_dissimilar,kvsharer_similar@k5,kvsharer_dissimilar@k5,frozen,early,sel_d,False,False,-0.13814939057793557,0.031150605071026148,-0.2012214915470397,-0.07656212715345433,9.212091005612183e-06,True,4.6060455028060915e-05
Qwen2.5-3B,Qwen,H3a_kvsharer_search_similar_vs_dissimilar,kvsharer_similar@k5,kvsharer_dissimilar@k5,frozen,middle,auc_all,False,False,-0.001996049382716062,0.000672085809343303,-0.0034285432098765363,-0.000796128395061713,0.0029786534238027272,True,0.014893267119013636
Qwen2.5-3B,Qwen,H3a_kvsharer_search_similar_vs_dissimilar,kvsharer_similar@k5,kvsharer_dissimilar@k5,frozen,middle,d_all,True,False,-0.3049427473147284,0.05985942251595207,-0.4217909103482759,-0.18390142671266152,3.5000462140662247e-07,True,1.4000184856264899e-06
Qwen2.5-3B,Qwen,H3a_kvsharer_search_similar_vs_dissimilar,kvsharer_similar@k5,kvsharer_dissimilar@k5,frozen,middle,sel_auc,False,True,0.0025688078337667225,0.0012738790050810776,0.00020692699182418535,0.005161221917679855,0.04374519093480593,True,0.26247114560883555
Qwen2.5-3B,Qwen,H3a_kvsharer_search_similar_vs_dissimilar,kvsharer_similar@k5,kvsharer_dissimilar@k5,frozen,middle,sel_d,False,False,-0.1909630990050753,0.053973125072051084,-0.30032771933139496,-0.08805902853406274,0.0004029951904133931,True,0.0012089855712401792
Qwen2.5-3B,Qwen,H3a_kvsharer_search_similar_vs_dissimilar,kvsharer_similar@k5,kvsharer_dissimilar@k5,frozen,late,auc_all,False,False,-0.0018374320987654248,0.0008089468697896658,-0.0034474716049382554,-0.0002744938271604684,0.02312350872093991,True,0.09249403488375964
Qwen2.5-3B,Qwen,H3a_kvsharer_search_similar_vs_dissimilar,kvsharer_similar@k5,kvsharer_dissimilar@k5,frozen,late,d_all,True,False,-0.2037497980920621,0.05692175181206704,-0.3094716420936165,-0.09237420145709854,0.0003442895665657066,True,0.0013771582662628263
Qwen2.5-3B,Qwen,H3a_kvsharer_search_similar_vs_dissimilar,kvsharer_similar@k5,kvsharer_dissimilar@k5,frozen,late,sel_auc,False,True,0.0008677513060182259,0.0017372240004873757,-0.0024179457446061184,0.0044682063040269665,0.6174239767495318,False,1.0
Qwen2.5-3B,Qwen,H3a_kvsharer_search_similar_vs_dissimilar,kvsharer_similar@k5,kvsharer_dissimilar@k5,frozen,late,sel_d,False,False,-0.26429702980870956,0.06461691184369339,-0.39347791644582564,-0.14130458895251707,4.309744236553212e-05,True,0.0002154872118276606
Qwen2.5-3B,Qwen,H3a_kvsharer_search_similar_vs_dissimilar,kvsharer_similar@k5,kvsharer_dissimilar@k5,frozen,all,auc_all,False,False,-0.002484190476190477,0.0005608159021804425,-0.003635009523809523,-0.0014658793650793747,9.440775160643176e-06,True,4.720387580321588e-05
Qwen2.5-3B,Qwen,H3a_kvsharer_search_similar_vs_dissimilar,kvsharer_similar@k5,kvsharer_dissimilar@k5,frozen,all,d_all,True,False,-0.30169743743103955,0.04252861304154116,-0.3816761371886016,-0.2180275061582474,1.3030216845829013e-12,True,6.5151084229145064e-12
Qwen2.5-3B,Qwen,H3a_kvsharer_search_similar_vs_dissimilar,kvsharer_similar@k5,kvsharer_dissimilar@k5,frozen,all,sel_auc,False,True,0.002551844823951087,0.001134156818672591,0.0003984539622300563,0.004898470095027251,0.024449394088466126,True,0.12224697044233063
Qwen2.5-3B,Qwen,H3a_kvsharer_search_similar_vs_dissimilar,kvsharer_similar@k5,kvsharer_dissimilar@k5,frozen,all,sel_d,False,False,-0.19567268089655082,0.04223237512151364,-0.28060279580232955,-0.11658510381064696,3.5998880403669413e-06,True,1.4399552161467765e-05
Qwen2.5-3B,Qwen,H3a_kvsharer_search_similar_vs_dissimilar,kvsharer_similar@k5,kvsharer_dissimilar@k5,retrained,early,auc_all,False,False,-0.0009477333333333338,0.00044272899530125106,-0.00186529777777777,-0.0001466399999999947,0.03230126915329139,True,0.1759583157166118
Qwen2.5-3B,Qwen,H3a_kvsharer_search_similar_vs_dissimilar,kvsharer_similar@k5,kvsharer_dissimilar@k5,retrained,early,d_all,True,False,-0.0946623217874782,0.038468234886527425,-0.16858489620840417,-0.01850117421950233,0.01386307397483593,True,0.06931536987417966
Qwen2.5-3B,Qwen,H3a_kvsharer_search_similar_vs_dissimilar,kvsharer_similar@k5,kvsharer_dissimilar@k5,retrained,early,sel_auc,False,True,0.002872192705039023,0.0010636687773999027,0.0010437549546700557,0.005102612165296225,0.006928325964730765,True,0.04849828175311535
Qwen2.5-3B,Qwen,H3a_kvsharer_search_similar_vs_dissimilar,kvsharer_similar@k5,kvsharer_dissimilar@k5,retrained,early,sel_d,False,False,0.1313604516215597,0.03242736542523749,0.06922004174989126,0.195301430583265,5.101807140834924e-05,True,0.0003061084284500954
Qwen2.5-3B,Qwen,H3a_kvsharer_search_similar_vs_dissimilar,kvsharer_similar@k5,kvsharer_dissimilar@k5,retrained,middle,auc_all,False,False,-0.0013752098765432092,0.0005220990617195817,-0.002433925925925954,-0.00041492839506171886,0.008438503667905738,True,0.050631022007434426
Qwen2.5-3B,Qwen,H3a_kvsharer_search_similar_vs_dissimilar,kvsharer_similar@k5,kvsharer_dissimilar@k5,retrained,middle,d_all,True,False,-0.200691089819555,0.06332898746815586,-0.3219295935860966,-0.07717309688793307,0.0015295169287206896,True,0.00909416552086395
Qwen2.5-3B,Qwen,H3a_kvsharer_search_similar_vs_dissimilar,kvsharer_similar@k5,kvsharer_dissimilar@k5,retrained,middle,sel_auc,False,True,0.002462396045634486,0.0011494072760051864,0.00027782832009741747,0.004752038149788008,0.032167890931243615,True,0.1930073455874617
Qwen2.5-3B,Qwen,H3a_kvsharer_search_similar_vs_dissimilar,kvsharer_similar@k5,kvsharer_dissimilar@k5,retrained,middle,sel_d,False,False,-0.029461212388467828,0.05614889614295721,-0.14362036219611918,0.07962829935068119,0.5997931617377639,False,1.0
Qwen2.5-3B,Qwen,H3a_kvsharer_search_similar_vs_dissimilar,kvsharer_similar@k5,kvsharer_dissimilar@k5,retrained,late,auc_all,False,False,-0.0006528395061728482,0.0006187819416007432,-0.0019161185185185166,0.0005288000000000048,0.2914071740944968,False,1.0
Qwen2.5-3B,Qwen,H3a_kvsharer_search_similar_vs_dissimilar,kvsharer_similar@k5,kvsharer_dissimilar@k5,retrained,late,d_all,True,False,-0.14312481149026596,0.06133332109162762,-0.26274879765171694,-0.02673351660272764,0.019618921228062716,True,0.09809460614031358
Qwen2.5-3B,Qwen,H3a_kvsharer_search_similar_vs_dissimilar,kvsharer_similar@k5,kvsharer_dissimilar@k5,retrained,late,sel_auc,False,True,0.0005468269028041033,0.001262272319252696,-0.0018934615339564643,0.00298913498254739,0.6648634166416869,False,1.0
Qwen2.5-3B,Qwen,H3a_kvsharer_search_similar_vs_dissimilar,kvsharer_similar@k5,kvsharer_dissimilar@k5,retrained,late,sel_d,False,False,-0.1883417515403262,0.06438232130385169,-0.3221361336977984,-0.07587240940554517,0.0034405306860260253,True,0.024083714802182177
Qwen2.5-3B,Qwen,H3a_kvsharer_search_similar_vs_dissimilar,kvsharer_similar@k5,kvsharer_dissimilar@k5,retrained,all,auc_all,False,False,-0.000990349206349209,0.0004177365718872693,-0.0018161222222222257,-0.00023062539682538712,0.01775200767754948,True,0.08876003838774739
Qwen2.5-3B,Qwen,H3a_kvsharer_search_similar_vs_dissimilar,kvsharer_similar@k5,kvsharer_dissimilar@k5,retrained,all,d_all,True,False,-0.14432022605939895,0.0455066068452422,-0.23317894338736192,-0.056526088796546164,0.0015169951222120817,True,0.007584975611060409
Qwen2.5-3B,Qwen,H3a_kvsharer_search_similar_vs_dissimilar,kvsharer_similar@k5,kvsharer_dissimilar@k5,retrained,all,sel_auc,False,True,0.0019930333423691976,0.0009155449749384916,0.00033078288304570227,0.0038329667781091077,0.02948937552270831,True,0.17693625313624986
Qwen2.5-3B,Qwen,H3a_kvsharer_search_similar_vs_dissimilar,kvsharer_similar@k5,kvsharer_dissimilar@k5,retrained,all,sel_d,False,False,-0.023093648540841033,0.041536411928450694,-0.10716824890557974,0.05550204070462432,0.5782206720022499,False,1.0
Qwen2.5-3B,Qwen,H3a_kvsharer_search_similar_vs_dissimilar,kvsharer_similar@k5,kvsharer_dissimilar@k5,behavior,behavior,auc_all,False,False,-0.019630222222222216,0.003423064357182639,-0.026332777777777823,-0.01321200000000003,9.768929450596314e-09,True,2.930678835178894e-08
Qwen2.5-3B,Qwen,H3a_kvsharer_search_similar_vs_dissimilar,kvsharer_similar@k5,kvsharer_dissimilar@k5,behavior,behavior,d_all,True,False,-0.9003320092315441,0.10000435372011844,-1.1017287275908287,-0.7136396099301914,2.1977621904801135e-19,True,8.791048761920454e-19
Qwen2.5-3B,Qwen,H3a_kvsharer_search_similar_vs_dissimilar,kvsharer_similar@k5,kvsharer_dissimilar@k5,behavior,behavior,sel_auc,False,True,0.02662868437697663,0.008053033270417193,0.010761419987349825,0.042371767341345186,0.0009441368161656193,True,0.004720684080828096
Qwen2.5-3B,Qwen,H3a_kvsharer_search_similar_vs_dissimilar,kvsharer_similar@k5,kvsharer_dissimilar@k5,behavior,behavior,sel_d,False,False,0.5619031457599188,0.12829216082049896,0.30676127783116847,0.8177918139427583,1.1874945395879505e-05,True,4.749978158351802e-05
Qwen2.5-3B,Qwen,H3c_fidelity_vs_cka,fidelity_high@k5,cka_high@k5,frozen,early,auc_all,False,False,-1.9733333333338266e-05,1.4298779962480704e-05,-4.907111111111917e-05,6.5777777777722985e-06,0.1675647470970446,False,0.6686024961828814
Qwen2.5-3B,Qwen,H3c_fidelity_vs_cka,fidelity_high@k5,cka_high@k5,frozen,early,d_all,True,False,-0.010526967473974035,0.0022951520583146807,-0.015108461645568384,-0.0061703927081769895,4.505010058052763e-06,True,1.8020040232211053e-05
Qwen2.5-3B,Qwen,H3c_fidelity_vs_cka,fidelity_high@k5,cka_high@k5,frozen,early,sel_auc,False,True,1.2586970271977193e-05,3.3703541485311544e-05,-5.274061775248001e-05,8.310931899642547e-05,0.7088051023431112,False,1.0
Qwen2.5-3B,Qwen,H3c_fidelity_vs_cka,fidelity_high@k5,cka_high@k5,frozen,early,sel_d,False,False,-0.007766189080170925,0.0019014930423562253,-0.011725273830462835,-0.004314894949975684,4.4217789858278196e-05,True,0.00017687115943311278
Qwen2.5-3B,Qwen,H3c_fidelity_vs_cka,fidelity_high@k5,cka_high@k5,frozen,middle,auc_all,False,False,-0.0004604444444444362,0.0002513681142764138,-0.0010084493827160442,3.758024691348632e-06,0.06698814128923021,False,0.13397628257846042
Qwen2.5-3B,Qwen,H3c_fidelity_vs_cka,fidelity_high@k5,cka_high@k5,frozen,middle,d_all,True,False,-0.0861535195522946,0.023546168389684593,-0.13172760820207327,-0.040391001632061975,0.00025328151217752544,True,0.0007598445365325764
Qwen2.5-3B,Qwen,H3c_fidelity_vs_cka,fidelity_high@k5,cka_high@k5,frozen,middle,sel_auc,False,True,0.00040818281912523443,0.0005062704378966351,-0.0004950244219551752,0.001518550085506122,0.4200961194676034,False,1.0
Qwen2.5-3B,Qwen,H3c_fidelity_vs_cka,fidelity_high@k5,cka_high@k5,frozen,middle,sel_d,False,False,-0.08401655406584402,0.017995251498012968,-0.11803958077420423,-0.047171686479209086,3.029375965186011e-06,True,1.2117503860744044e-05
Qwen2.5-3B,Qwen,H3c_fidelity_vs_cka,fidelity_high@k5,cka_high@k5,frozen,late,auc_all,False,False,0.010017382716049374,0.001371995226694136,0.007287130864197538,0.012659609876543213,2.8494803595245846e-13,True,1.994636251667209e-12
Qwen2.5-3B,Qwen,H3c_fidelity_vs_cka,fidelity_high@k5,cka_high@k5,frozen,late,d_all,True,False,0.5929940778523609,0.04871460244048095,0.4966483005808113,0.6890152586368865,4.338317881474115e-34,True,3.0368225170318804e-33
Qwen2.5-3B,Qwen,H3c_fidelity_vs_cka,fidelity_high@k5,cka_high@k5,frozen,late,sel_auc,False,True,-0.006548897790896524,0.002316884362775912,-0.011230759188980253,-0.0021596265256401547,0.004704553113804429,True,0.028227318682826574
Qwen2.5-3B,Qwen,H3c_fidelity_vs_cka,fidelity_high@k5,cka_high@k5,frozen,late,sel_d,False,False,0.10490901206077596,0.05558762340162679,-0.0012022271902339082,0.2159138290043609,0.05912363713468253,False,0.11824727426936506
Qwen2.5-3B,Qwen,H3c_fidelity_vs_cka,fidelity_high@k5,cka_high@k5,frozen,all,auc_all,False,False,0.003064825396825395,0.0004589171350000415,0.0020992936507936576,0.003960717460317464,2.4158938000046168e-11,True,1.44953628000277e-10
Qwen2.5-3B,Qwen,H3c_fidelity_vs_cka,fidelity_high@k5,cka_high@k5,frozen,all,d_all,True,False,0.1591534053557449,0.018637950913114862,0.12313559575105619,0.19615496725245876,1.3514078567897056e-17,True,8.108447140738234e-17
Qwen2.5-3B,Qwen,H3c_fidelity_vs_cka,fidelity_high@k5,cka_high@k5,frozen,all,sel_auc,False,True,-0.00196930589440078,0.000781754273726977,-0.0035083869085268506,-0.000493052957742255,0.011766006537616466,True,0.07059603922569879
Qwen2.5-3B,Qwen,H3c_fidelity_vs_cka,fidelity_high@k5,cka_high@k5,frozen,all,sel_d,False,False,0.003941793969738511,0.019576699900902068,-0.03231902822597719,0.04403958946495361,0.840423892455877,False,0.840423892455877
Qwen2.5-3B,Qwen,H3c_fidelity_vs_cka,fidelity_high@k5,cka_high@k5,retrained,early,auc_all,False,False,2.3111111111107087e-05,1.4106180787694551e-05,-2.8488888888830715e-06,5.174222222221493e-05,0.1013450108229403,False,0.4053800432917612
Qwen2.5-3B,Qwen,H3c_fidelity_vs_cka,fidelity_high@k5,cka_high@k5,retrained,early,d_all,True,False,-0.0033812516826193574,0.0020053068929662033,-0.007367680899138855,0.00042742943778833803,0.09176657882278469,False,0.36706631529113876
Qwen2.5-3B,Qwen,H3c_fidelity_vs_cka,fidelity_high@k5,cka_high@k5,retrained,early,sel_auc,False,True,-5.281467425677366e-06,2.9949340791463612e-05,-6.6050021083702e-05,5.096795277250735e-05,0.8600215753091318,False,1.0
Qwen2.5-3B,Qwen,H3c_fidelity_vs_cka,fidelity_high@k5,cka_high@k5,retrained,early,sel_d,False,False,-0.002363410230440577,0.0015936744357175677,-0.005722879914326095,0.0006171966504189087,0.13807590415157228,False,0.46690668381885614
Qwen2.5-3B,Qwen,H3c_fidelity_vs_cka,fidelity_high@k5,cka_high@k5,retrained,middle,auc_all,False,False,-5.8666666666675996e-05,0.00017093743797897442,-0.0003993185185185038,0.0002586320987654254,0.7314438769958991,False,1.0
Qwen2.5-3B,Qwen,H3c_fidelity_vs_cka,fidelity_high@k5,cka_high@k5,retrained,middle,d_all,True,False,-0.0061487969665330565,0.02529528347528242,-0.054962667987817744,0.04292662658695746,0.8079428283774136,False,1.0
Qwen2.5-3B,Qwen,H3c_fidelity_vs_cka,fidelity_high@k5,cka_high@k5,retrained,middle,sel_auc,False,True,0.000136001592990826,0.00041594288724201096,-0.0006251042471946864,0.001037679621430395,0.7436892170940691,False,1.0
Qwen2.5-3B,Qwen,H3c_fidelity_vs_cka,fidelity_high@k5,cka_high@k5,retrained,middle,sel_d,False,False,-0.04248627143957206,0.021767089202633556,-0.08498960977657001,0.001830450713911173,0.050955042785842834,False,0.305730256715057
Qwen2.5-3B,Qwen,H3c_fidelity_vs_cka,fidelity_high@k5,cka_high@k5,retrained,late,auc_all,False,False,0.00024138271604938014,0.000493495762870956,-0.0007425827160493774,0.0011340790123456916,0.6247509064481603,False,1.0
Qwen2.5-3B,Qwen,H3c_fidelity_vs_cka,fidelity_high@k5,cka_high@k5,retrained,late,d_all,True,False,0.17219440212556902,0.04415016485802109,0.08672486221686124,0.260018337586882,9.611389395231031e-05,True,0.0005766833637138619
Qwen2.5-3B,Qwen,H3c_fidelity_vs_cka,fidelity_high@k5,cka_high@k5,retrained,late,sel_auc,False,True,-0.0017199475250076295,0.0008839452798188519,-0.0033467450277602064,5.616756858080544e-06,0.05168328226375719,False,0.3617829758463003
Qwen2.5-3B,Qwen,H3c_fidelity_vs_cka,fidelity_high@k5,cka_high@k5,retrained,late,sel_d,False,False,-0.09848581173978949,0.04693733335856757,-0.18894990397209196,-0.0030638447225852725,0.03588390952484214,True,0.21530345714905286
Qwen2.5-3B,Qwen,H3c_fidelity_vs_cka,fidelity_high@k5,cka_high@k5,retrained,all,auc_all,False,False,6.698412698412173e-05,0.000185551309593753,-0.0003107888888889028,0.0004187460317460272,0.7180990271834832,False,1.0
Qwen2.5-3B,Qwen,H3c_fidelity_vs_cka,fidelity_high@k5,cka_high@k5,retrained,all,d_all,True,False,0.05216421177161179,0.018165561671716995,0.01648773837101951,0.08917922102056096,0.004084006208575438,True,0.01633602483430175
Qwen2.5-3B,Qwen,H3c_fidelity_vs_cka,fidelity_high@k5,cka_high@k5,retrained,all,sel_auc,False,True,-0.0005110117165145715,0.0003641649085040088,-0.0011777546233547236,0.00024076001099363113,0.16054450544967858,False,0.6421780217987143
Qwen2.5-3B,Qwen,H3c_fidelity_vs_cka,fidelity_high@k5,cka_high@k5,retrained,all,sel_d,False,False,-0.04615653038995213,0.01857850989061966,-0.08086914301373671,-0.010267343803830379,0.012976837243793782,True,0.09083786070655647
Qwen2.5-3B,Qwen,H3c_fidelity_vs_cka,fidelity_high@k5,cka_high@k5,behavior,behavior,auc_all,False,False,-0.055360888888888904,0.005431193584418739,-0.06631413333333336,-0.04502828888888887,2.1278955932347784e-24,True,1.0639477966173892e-23
Qwen2.5-3B,Qwen,H3c_fidelity_vs_cka,fidelity_high@k5,cka_high@k5,behavior,behavior,d_all,True,False,-0.9190433947475101,0.06348018524783747,-1.039607979276787,-0.7906924504320886,1.6775401555396468e-47,True,8.63596436280148e-47
Qwen2.5-3B,Qwen,H3c_fidelity_vs_cka,fidelity_high@k5,cka_high@k5,behavior,behavior,sel_auc,False,True,0.015407642842082958,0.007401170874396817,0.0013827812038794268,0.03039455935062198,0.03736215774815395,True,0.1494486309926158
Qwen2.5-3B,Qwen,H3c_fidelity_vs_cka,fidelity_high@k5,cka_high@k5,behavior,behavior,sel_d,False,False,0.0071712209520966574,0.06405786821076453,-0.11348410352536056,0.13168438933505375,0.9108637618939917,False,1.0
Qwen2.5-3B,Qwen,H3c_fidelity_vs_kvdist_within_cla,fidelity_high@k5,kvdist_high@k5,frozen,early,auc_all,False,False,-1.9733333333338266e-05,1.4298779962480704e-05,-4.907111111111917e-05,6.5777777777722985e-06,0.1675647470970446,False,0.6686024961828814
Qwen2.5-3B,Qwen,H3c_fidelity_vs_kvdist_within_cla,fidelity_high@k5,kvdist_high@k5,frozen,early,d_all,True,False,-0.010526967473974035,0.0022951520583146807,-0.015108461645568384,-0.0061703927081769895,4.505010058052763e-06,True,1.8020040232211053e-05
Qwen2.5-3B,Qwen,H3c_fidelity_vs_kvdist_within_cla,fidelity_high@k5,kvdist_high@k5,frozen,early,sel_auc,False,True,1.2586970271977193e-05,3.3703541485311544e-05,-5.274061775248001e-05,8.310931899642547e-05,0.7088051023431112,False,1.0
Qwen2.5-3B,Qwen,H3c_fidelity_vs_kvdist_within_cla,fidelity_high@k5,kvdist_high@k5,frozen,early,sel_d,False,False,-0.007766189080170925,0.0019014930423562253,-0.011725273830462835,-0.004314894949975684,4.4217789858278196e-05,True,0.00017687115943311278
Qwen2.5-3B,Qwen,H3c_fidelity_vs_kvdist_within_cla,fidelity_high@k5,kvdist_high@k5,frozen,middle,auc_all,False,False,-0.0006482962962962827,0.00026802096498605715,-0.0012468493827160467,-0.00017102222222223034,0.01557065157858401,True,0.06228260631433604
Qwen2.5-3B,Qwen,H3c_fidelity_vs_kvdist_within_cla,fidelity_high@k5,kvdist_high@k5,frozen,middle,d_all,True,False,-0.13334071237077133,0.021829367196254033,-0.1768292015959945,-0.09125437116772032,1.0068670958892864e-09,True,5.034335479446432e-09
Qwen2.5-3B,Qwen,H3c_fidelity_vs_kvdist_within_cla,fidelity_high@k5,kvdist_high@k5,frozen,middle,sel_auc,False,True,0.0007063649354604278,0.0005347806589346109,-0.00021434898212573168,0.0018771853843090245,0.18655144524665346,False,0.7462057809866138
Qwen2.5-3B,Qwen,H3c_fidelity_vs_kvdist_within_cla,fidelity_high@k5,kvdist_high@k5,frozen,middle,sel_d,False,False,-0.11689523924305562,0.018035335520094987,-0.1510291980730374,-0.0789942064824311,9.084147372137329e-11,True,4.5420736860686644e-10
Qwen2.5-3B,Qwen,H3c_fidelity_vs_kvdist_within_cla,fidelity_high@k5,kvdist_high@k5,frozen,late,auc_all,False,False,-0.0013236543209876512,0.0005917713234194024,-0.0025192148148147956,-0.00019766419753087475,0.025301599686293717,True,0.09249403488375964
Qwen2.5-3B,Qwen,H3c_fidelity_vs_kvdist_within_cla,fidelity_high@k5,kvdist_high@k5,frozen,late,d_all,True,False,-0.06441465365317296,0.03334518094376441,-0.13181544310703774,0.0017878311396413633,0.05338999846411477,False,0.1601699953923443
Qwen2.5-3B,Qwen,H3c_fidelity_vs_kvdist_within_cla,fidelity_high@k5,kvdist_high@k5,frozen,late,sel_auc,False,True,0.00013938904116007726,0.0010809588127604862,-0.0020323650643052863,0.00225283400098392,0.8973976501806297,False,1.0
Qwen2.5-3B,Qwen,H3c_fidelity_vs_kvdist_within_cla,fidelity_high@k5,kvdist_high@k5,frozen,late,sel_d,False,False,-0.11235004676439338,0.03522449053386315,-0.18019282720363808,-0.04182442802523055,0.0014249766427419468,True,0.005699906570967787
Qwen2.5-3B,Qwen,H3c_fidelity_vs_kvdist_within_cla,fidelity_high@k5,kvdist_high@k5,frozen,all,auc_all,False,False,-0.0006408888888888853,0.0002359703092586671,-0.0011282984126984137,-0.00019870634920634298,0.0066081391402144736,True,0.026432556560857894
Qwen2.5-3B,Qwen,H3c_fidelity_vs_kvdist_within_cla,fidelity_high@k5,kvdist_high@k5,frozen,all,d_all,True,False,-0.06732385603411568,0.014183773873990642,-0.09614583691310515,-0.03963517541730186,2.0692538633730836e-06,True,6.20776159011925e-06
Qwen2.5-3B,Qwen,H3c_fidelity_vs_kvdist_within_cla,fidelity_high@k5,kvdist_high@k5,frozen,all,sel_auc,False,True,0.00027634483901086847,0.00044610377940084735,-0.0005708879815367046,0.0012001209489171912,0.5356113103556954,False,1.0
Qwen2.5-3B,Qwen,H3c_fidelity_vs_kvdist_within_cla,fidelity_high@k5,kvdist_high@k5,frozen,all,sel_d,False,False,-0.0764596237453125,0.01415531248639902,-0.10323775528034738,-0.0484384546969864,6.609366173471716e-08,True,3.3046830867358577e-07
Qwen2.5-3B,Qwen,H3c_fidelity_vs_kvdist_within_cla,fidelity_high@k5,kvdist_high@k5,retrained,early,auc_all,False,False,2.3111111111107087e-05,1.4106180787694551e-05,-2.8488888888830715e-06,5.174222222221493e-05,0.1013450108229403,False,0.4053800432917612
Qwen2.5-3B,Qwen,H3c_fidelity_vs_kvdist_within_cla,fidelity_high@k5,kvdist_high@k5,retrained,early,d_all,True,False,-0.0033812516826193574,0.0020053068929662033,-0.007367680899138855,0.00042742943778833803,0.09176657882278469,False,0.36706631529113876
Qwen2.5-3B,Qwen,H3c_fidelity_vs_kvdist_within_cla,fidelity_high@k5,kvdist_high@k5,retrained,early,sel_auc,False,True,-5.281467425677366e-06,2.9949340791463612e-05,-6.6050021083702e-05,5.096795277250735e-05,0.8600215753091318,False,1.0
Qwen2.5-3B,Qwen,H3c_fidelity_vs_kvdist_within_cla,fidelity_high@k5,kvdist_high@k5,retrained,early,sel_d,False,False,-0.002363410230440577,0.0015936744357175677,-0.005722879914326095,0.0006171966504189087,0.13807590415157228,False,0.46690668381885614
Qwen2.5-3B,Qwen,H3c_fidelity_vs_kvdist_within_cla,fidelity_high@k5,kvdist_high@k5,retrained,middle,auc_all,False,False,-0.00014261728395062147,0.00014311763214438995,-0.00042331358024689174,0.00012960987654320573,0.3190053549084205,False,1.0
Qwen2.5-3B,Qwen,H3c_fidelity_vs_kvdist_within_cla,fidelity_high@k5,kvdist_high@k5,retrained,middle,d_all,True,False,-0.018772018410371336,0.022059962494137355,-0.06207450886319067,0.024592209779247413,0.3947947780734832,False,1.0
Qwen2.5-3B,Qwen,H3c_fidelity_vs_kvdist_within_cla,fidelity_high@k5,kvdist_high@k5,retrained,middle,sel_auc,False,True,0.00030483285309346186,0.00033304170267142534,-0.00029823816384379784,0.0009790659334223432,0.36003450165418305,False,1.0
Qwen2.5-3B,Qwen,H3c_fidelity_vs_kvdist_within_cla,fidelity_high@k5,kvdist_high@k5,retrained,middle,sel_d,False,False,-0.038704235134375695,0.018936815549354887,-0.07534702472870766,0.0010035384448841527,0.04096719548574952,False,0.28677036840024667
Qwen2.5-3B,Qwen,H3c_fidelity_vs_kvdist_within_cla,fidelity_high@k5,kvdist_high@k5,retrained,late,auc_all,False,False,-0.00011614814814813684,0.00035363618800004186,-0.0008373827160493933,0.0005600543209876469,0.7425792628171146,False,1.0
Qwen2.5-3B,Qwen,H3c_fidelity_vs_kvdist_within_cla,fidelity_high@k5,kvdist_high@k5,retrained,late,d_all,True,False,0.0386284631202395,0.03321229471720224,-0.026793441003747302,0.10540434398775081,0.24479817715793517,False,0.7343945314738055
Qwen2.5-3B,Qwen,H3c_fidelity_vs_kvdist_within_cla,fidelity_high@k5,kvdist_high@k5,retrained,late,sel_auc,False,True,-0.0005763956239604524,0.0007178949516043376,-0.0020174779206784434,0.0008763166186426661,0.4220343337744278,False,1.0
Qwen2.5-3B,Qwen,H3c_fidelity_vs_kvdist_within_cla,fidelity_high@k5,kvdist_high@k5,retrained,late,sel_d,False,False,-0.06542135551414284,0.03583955540879909,-0.13718352638287773,0.0033076065278985637,0.06794140008463771,False,0.3397070004231886
Qwen2.5-3B,Qwen,H3c_fidelity_vs_kvdist_within_cla,fidelity_high@k5,kvdist_high@k5,retrained,all,auc_all,False,False,-7.492063492063407e-05,0.00013127587013332984,-0.00033754920634920446,0.0001713571428571482,0.568195293538482,False,1.0
Qwen2.5-3B,Qwen,H3c_fidelity_vs_kvdist_within_cla,fidelity_high@k5,kvdist_high@k5,retrained,all,d_all,True,False,0.005174838770093567,0.013868889918689085,-0.02265228949498465,0.032580012891070875,0.709054918073174,False,1.0
Qwen2.5-3B,Qwen,H3c_fidelity_vs_kvdist_within_cla,fidelity_high@k5,kvdist_high@k5,retrained,all,sel_auc,False,True,-8.917427185927456e-05,0.00028959020222520256,-0.000643813778199468,0.0005176174851661092,0.758133598169647,False,1.0
Qwen2.5-3B,Qwen,H3c_fidelity_vs_kvdist_within_cla,fidelity_high@k5,kvdist_high@k5,retrained,all,sel_d,False,False,-0.034313014933609734,0.014507812586409626,-0.06353019812596307,-0.006041135433645002,0.018023232565394235,True,0.10813939539236542
Qwen2.5-3B,Qwen,H3c_fidelity_vs_kvdist_within_cla,fidelity_high@k5,kvdist_high@k5,behavior,behavior,auc_all,False,False,-0.02683822222222232,0.00472607332150244,-0.03602584444444444,-0.017691066666666633,1.3567701969268975e-08,True,2.930678835178894e-08
Qwen2.5-3B,Qwen,H3c_fidelity_vs_kvdist_within_cla,fidelity_high@k5,kvdist_high@k5,behavior,behavior,d_all,True,False,-0.3072243019181946,0.05416157015006783,-0.40896756581941335,-0.19625693753039344,1.4083787342882794e-08,True,2.8167574685765588e-08
Qwen2.5-3B,Qwen,H3c_fidelity_vs_kvdist_within_cla,fidelity_high@k5,kvdist_high@k5,behavior,behavior,sel_auc,False,True,-0.00917473118279577,0.007147564793717981,-0.02314911026776304,0.0045666413662239025,0.19927621869019685,False,0.3985524373803937
Qwen2.5-3B,Qwen,H3c_fidelity_vs_kvdist_within_cla,fidelity_high@k5,kvdist_high@k5,behavior,behavior,sel_d,False,False,-0.2805218825221787,0.06600812611259928,-0.4058834894437319,-0.1494121723175942,2.139535389371776e-05,True,6.418606168115328e-05
Qwen2.5-3B,Qwen,C1_live_vs_clean_semantics,live_prev_head,cf_prev_head,frozen,early,auc_all,False,False,0.0005985777777777979,0.0004333069270871051,-0.0002821644444444563,0.0014451555555555445,0.16715062404572034,False,0.6686024961828814
Qwen2.5-3B,Qwen,C1_live_vs_clean_semantics,live_prev_head,cf_prev_head,frozen,early,d_all,True,False,0.024532970596167925,0.013777188015829046,-0.0020787952139792462,0.05152749267276074,0.07496228114130951,False,0.14992456228261902
Qwen2.5-3B,Qwen,C1_live_vs_clean_semantics,live_prev_head,cf_prev_head,frozen,early,sel_auc,False,True,4.773982711364644e-05,0.0006677293135604231,-0.001261224699557251,0.0013588255850727287,0.9430031842151251,False,1.0
Qwen2.5-3B,Qwen,C1_live_vs_clean_semantics,live_prev_head,cf_prev_head,frozen,early,sel_d,False,False,0.012154294762932193,0.012966830165939977,-0.012353000996410672,0.03910025950081988,0.34858503497160653,False,0.34858503497160653
Qwen2.5-3B,Qwen,C1_live_vs_clean_semantics,live_prev_head,cf_prev_head,frozen,middle,auc_all,False,False,-0.0001262222222222251,0.0016461914351549424,-0.0033331456790123377,0.0031003654320987824,0.9388818543896756,False,0.9388818543896756
Qwen2.5-3B,Qwen,C1_live_vs_clean_semantics,live_prev_head,cf_prev_head,frozen,middle,d_all,True,False,-0.05869686911377883,0.03600166747075533,-0.13136511706454235,0.011948564218513164,0.10301844860714232,False,0.10301844860714232
Qwen2.5-3B,Qwen,C1_live_vs_clean_semantics,live_prev_head,cf_prev_head,frozen,middle,sel_auc,False,True,-0.0012947197038911304,0.002560492393551747,-0.006172358036404531,0.0036805533300536264,0.6131005303559656,False,1.0
Qwen2.5-3B,Qwen,C1_live_vs_clean_semantics,live_prev_head,cf_prev_head,frozen,middle,sel_d,False,False,-0.07891023150203634,0.03668842678687225,-0.14966864210762945,-0.006179791420504762,0.03149034658838424,True,0.06298069317676848
Qwen2.5-3B,Qwen,C1_live_vs_clean_semantics,live_prev_head,cf_prev_head,frozen,late,auc_all,False,False,0.0012958024691358291,0.005065627668455347,-0.008896222222222215,0.010746380246913548,0.7981030007968745,False,1.0
Qwen2.5-3B,Qwen,C1_live_vs_clean_semantics,live_prev_head,cf_prev_head,frozen,late,d_all,True,False,-0.01300785895703892,0.039715130737786916,-0.09219434303592113,0.06273178679804048,0.7432677764000877,False,0.7432677764000877
Qwen2.5-3B,Qwen,C1_live_vs_clean_semantics,live_prev_head,cf_prev_head,frozen,late,sel_auc,False,True,-0.009744444444444444,0.008266171926236642,-0.025837987326352306,0.006410214702368401,0.2384642862487275,False,0.95385714499491
Qwen2.5-3B,Qwen,C1_live_vs_clean_semantics,live_prev_head,cf_prev_head,frozen,late,sel_d,False,False,-0.1466207337984701,0.0529086361844158,-0.2527556143898767,-0.042451097252817226,0.0055849069400364625,True,0.016754720820109387
Qwen2.5-3B,Qwen,C1_live_vs_clean_semantics,live_prev_head,cf_prev_head,frozen,all,auc_all,False,False,0.0005897142857143005,0.00185966818248645,-0.003213182539682538,0.004142798412698412,0.7511622147070733,False,1.0
Qwen2.5-3B,Qwen,C1_live_vs_clean_semantics,live_prev_head,cf_prev_head,frozen,all,d_all,True,False,-0.014286173095560017,0.021369200974813318,-0.056752213703050614,0.02784950063069799,0.5037887344302971,False,0.5037887344302971
Qwen2.5-3B,Qwen,C1_live_vs_clean_semantics,live_prev_head,cf_prev_head,frozen,all,sel_auc,False,True,-0.0035312528237101326,0.0030087777857499966,-0.009467974439775921,0.0023549259623204095,0.24053514187562997,False,0.7216054256268899
Qwen2.5-3B,Qwen,C1_live_vs_clean_semantics,live_prev_head,cf_prev_head,frozen,all,sel_d,False,False,-0.06815127643125843,0.024649818151172245,-0.11752008957849278,-0.020279638285210927,0.005696153650645142,True,0.017088460951935426
Qwen2.5-3B,Qwen,C1_live_vs_clean_semantics,live_prev_head,cf_prev_head,retrained,early,auc_all,False,False,5.031111111110098e-05,0.00019462919051352516,-0.0003370755555555527,0.00045103111111110893,0.7960231686548651,False,1.0
Qwen2.5-3B,Qwen,C1_live_vs_clean_semantics,live_prev_head,cf_prev_head,retrained,early,d_all,True,False,-0.000432112821331021,0.01578542021468557,-0.03131010263115637,0.029180171116550843,0.978161297614123,False,1.0
Qwen2.5-3B,Qwen,C1_live_vs_clean_semantics,live_prev_head,cf_prev_head,retrained,early,sel_auc,False,True,-0.00024156862745098318,0.0004365082288067233,-0.001103266234450749,0.000574439173518873,0.5799817385077118,False,1.0
Qwen2.5-3B,Qwen,C1_live_vs_clean_semantics,live_prev_head,cf_prev_head,retrained,early,sel_d,False,False,-0.004435918342072175,0.01467476387752343,-0.032452006487823745,0.023868008229720426,0.7624370277925197,False,0.7624370277925197
Qwen2.5-3B,Qwen,C1_live_vs_clean_semantics,live_prev_head,cf_prev_head,retrained,middle,auc_all,False,False,-0.00011120987654321556,0.0005256282931071966,-0.0011184740740740689,0.0009810419753086626,0.8324385103531544,False,1.0
Qwen2.5-3B,Qwen,C1_live_vs_clean_semantics,live_prev_head,cf_prev_head,retrained,middle,d_all,True,False,-0.02779054894376445,0.04066150833803679,-0.1041593374171936,0.04884827840289225,0.4943156823394709,False,1.0
Qwen2.5-3B,Qwen,C1_live_vs_clean_semantics,live_prev_head,cf_prev_head,retrained,middle,sel_auc,False,True,0.0014275563989036596,0.0013293811661635236,-0.0013282926886405495,0.004129649307751787,0.28288976983324265,False,1.0
Qwen2.5-3B,Qwen,C1_live_vs_clean_semantics,live_prev_head,cf_prev_head,retrained,middle,sel_d,False,False,0.06291531083635091,0.04109633860995029,-0.01709537366614013,0.14516541740761932,0.12578853931709924,False,0.6289426965854962
Qwen2.5-3B,Qwen,C1_live_vs_clean_semantics,live_prev_head,cf_prev_head,retrained,late,auc_all,False,False,-4.720987654318856e-05,0.0014049442222870295,-0.0028671901234568107,0.0025651456790123464,0.9731939934190131,False,1.0
Qwen2.5-3B,Qwen,C1_live_vs_clean_semantics,live_prev_head,cf_prev_head,retrained,late,d_all,True,False,-0.02466761944942666,0.05218588961685353,-0.1264230418565758,0.07574733836671212,0.6364361219512611,False,1.0
Qwen2.5-3B,Qwen,C1_live_vs_clean_semantics,live_prev_head,cf_prev_head,retrained,late,sel_auc,False,True,0.003055553212921971,0.002978627304830157,-0.002648344343711189,0.009011022676693138,0.30497362743894596,False,1.0
Qwen2.5-3B,Qwen,C1_live_vs_clean_semantics,live_prev_head,cf_prev_head,retrained,late,sel_d,False,False,0.05933440992193924,0.05500020633621696,-0.05026793284066128,0.1644177394265401,0.2806753762224925,False,1.0
Qwen2.5-3B,Qwen,C1_live_vs_clean_semantics,live_prev_head,cf_prev_head,retrained,all,auc_all,False,False,-3.2952380952379545e-05,0.0005368516408347205,-0.0011067380952380938,0.0009669206349206457,0.9510559462323183,False,1.0
Qwen2.5-3B,Qwen,C1_live_vs_clean_semantics,live_prev_head,cf_prev_head,retrained,all,d_all,True,False,-0.017015880134001078,0.027509000028279725,-0.07155837599974559,0.03660940824576957,0.5362083419347499,False,1.0
Qwen2.5-3B,Qwen,C1_live_vs_clean_semantics,live_prev_head,cf_prev_head,retrained,all,sel_auc,False,True,0.0013547250082828874,0.0011892803734452932,-0.0008672038304569365,0.0037682335434173655,0.25465592982621243,False,0.7639677894786373
Qwen2.5-3B,Qwen,C1_live_vs_clean_semantics,live_prev_head,cf_prev_head,retrained,all,sel_d,False,False,0.03771029655013891,0.027060408896671894,-0.015290144849693465,0.09003853633081473,0.16345059135520268,False,0.8172529567760134
Qwen2.5-3B,Qwen,C1_live_vs_clean_semantics,live_prev_head,cf_prev_head,behavior,behavior,auc_all,False,False,-0.2890435555555556,0.019716134680106273,-0.32962400000000003,-0.2505600222222223,1.1583766812000106e-48,True,8.108636768400074e-48
Qwen2.5-3B,Qwen,C1_live_vs_clean_semantics,live_prev_head,cf_prev_head,behavior,behavior,d_all,True,False,-1.0594307384608095,0.07312386305130522,-1.2096517571049756,-0.916054693532212,1.4393273938002466e-47,True,8.63596436280148e-47
Qwen2.5-3B,Qwen,C1_live_vs_clean_semantics,live_prev_head,cf_prev_head,behavior,behavior,sel_auc,False,True,-0.23386863799283159,0.035178404169175226,-0.3062044383828801,-0.16405307532152646,2.9695278919631675e-11,True,2.0786695243742172e-10
Qwen2.5-3B,Qwen,C1_live_vs_clean_semantics,live_prev_head,cf_prev_head,behavior,behavior,sel_d,False,False,-0.9557646624734599,0.13268020385383153,-1.228981817245607,-0.6981850433190893,5.867714963486815e-13,True,4.1074004744407705e-12
Qwen2.5-3B,Qwen,C2_previous_vs_next_head_source,cf_prev_head,cf_next_head,frozen,early,auc_all,False,False,0.0001944888888888996,0.0011157835064083378,-0.0019988755555555753,0.00240014666666669,0.8616241889313407,False,0.8616241889313407
Qwen2.5-3B,Qwen,C2_previous_vs_next_head_source,cf_prev_head,cf_next_head,frozen,early,d_all,True,False,-0.017172793512195916,0.036468128318291916,-0.08568462743215818,0.05411719213851072,0.6377130902285391,False,0.6377130902285391
Qwen2.5-3B,Qwen,C2_previous_vs_next_head_source,cf_prev_head,cf_next_head,frozen,early,sel_auc,False,True,-0.002610484925152845,0.0018288504764132417,-0.006188329749103984,0.0007807675521821733,0.1534671897240166,False,0.6138687588960664
Qwen2.5-3B,Qwen,C2_previous_vs_next_head_source,cf_prev_head,cf_next_head,frozen,early,sel_d,False,False,-0.07741036294485233,0.0319859944258318,-0.13931392912863072,-0.01747439306331061,0.015514828320213777,True,0.031029656640427554
Qwen2.5-3B,Qwen,C2_previous_vs_next_head_source,cf_prev_head,cf_next_head,frozen,middle,auc_all,False,False,0.005598024691358024,0.0027101372818868967,0.0004504641975308643,0.011267219753086415,0.03886748064201696,True,0.11660244192605089
Qwen2.5-3B,Qwen,C2_previous_vs_next_head_source,cf_prev_head,cf_next_head,frozen,middle,d_all,True,False,0.14453508703693072,0.05817389117185007,0.03174964175708198,0.263104528832643,0.012972064082829643,True,0.025944128165659285
Qwen2.5-3B,Qwen,C2_previous_vs_next_head_source,cf_prev_head,cf_next_head,frozen,middle,sel_auc,False,True,-0.0005153465926394218,0.004579688539914286,-0.010066827254199159,0.00815578220535525,0.910404181214437,False,1.0
Qwen2.5-3B,Qwen,C2_previous_vs_next_head_source,cf_prev_head,cf_next_head,frozen,middle,sel_d,False,False,0.10489499713524934,0.05547145638421367,-0.006933182926006154,0.21015926340138721,0.058628018710244596,False,0.06298069317676848
Qwen2.5-3B,Qwen,C2_previous_vs_next_head_source,cf_prev_head,cf_next_head,frozen,late,auc_all,False,False,-0.0019770864197530885,0.005839140587090995,-0.01337537777777777,0.009470879012345649,0.7349170932803922,False,1.0
Qwen2.5-3B,Qwen,C2_previous_vs_next_head_source,cf_prev_head,cf_next_head,frozen,late,d_all,True,False,0.060512197506754926,0.04629681300990829,-0.03102088766441509,0.15394516313216242,0.19119611181508445,False,0.3823922236301689
Qwen2.5-3B,Qwen,C2_previous_vs_next_head_source,cf_prev_head,cf_next_head,frozen,late,sel_auc,False,True,-0.03891516386721951,0.010283395484550454,-0.05896174022536131,-0.01871028322440086,0.0001541592604071675,True,0.0010791148228501725
Qwen2.5-3B,Qwen,C2_previous_vs_next_head_source,cf_prev_head,cf_next_head,frozen,late,sel_d,False,False,-0.27145462565234135,0.06433830519110745,-0.4026542227159736,-0.14714521572992845,2.451969394553424e-05,True,0.00014711816367320542
Qwen2.5-3B,Qwen,C2_previous_vs_next_head_source,cf_prev_head,cf_next_head,frozen,all,auc_all,False,False,0.0012333333333333363,0.002404956180242989,-0.0032882714285714216,0.005887136507936521,0.60807034273262,False,1.0
Qwen2.5-3B,Qwen,C2_previous_vs_next_head_source,cf_prev_head,cf_next_head,frozen,all,d_all,True,False,0.059774915206114686,0.03549372559575518,-0.009174312517035727,0.1315738433518036,0.09216271494552439,False,0.18432542989104878
Qwen2.5-3B,Qwen,C2_previous_vs_next_head_source,cf_prev_head,cf_next_head,frozen,all,sel_auc,False,True,-0.013606408692509243,0.003873260411253246,-0.021343300182976394,-0.006095824391584598,0.0004432303997393768,True,0.003102612798175638
Qwen2.5-3B,Qwen,C2_previous_vs_next_head_source,cf_prev_head,cf_next_head,frozen,all,sel_d,False,False,-0.08118358164651256,0.03484579841814919,-0.1533426224367038,-0.0136672528338132,0.019816966226515402,True,0.039633932453030804
Qwen2.5-3B,Qwen,C2_previous_vs_next_head_source,cf_prev_head,cf_next_head,retrained,early,auc_all,False,False,9.457777777777121e-05,0.0005387277928817181,-0.0009570933333333568,0.0011418399999999914,0.860641486894927,False,1.0
Qwen2.5-3B,Qwen,C2_previous_vs_next_head_source,cf_prev_head,cf_next_head,retrained,early,d_all,True,False,-0.021151108089583915,0.03801443148604786,-0.09711635586647838,0.05164713754557545,0.5779396249643665,False,1.0
Qwen2.5-3B,Qwen,C2_previous_vs_next_head_source,cf_prev_head,cf_next_head,retrained,early,sel_auc,False,True,0.0008201454775458306,0.0011754502988685885,-0.001485307558507257,0.0032487715053763624,0.48534683963494407,False,1.0
Qwen2.5-3B,Qwen,C2_previous_vs_next_head_source,cf_prev_head,cf_next_head,retrained,early,sel_d,False,False,0.05375559219950241,0.03426843090869687,-0.011950879450058833,0.12048891477886765,0.11672667095471403,False,0.46690668381885614
Qwen2.5-3B,Qwen,C2_previous_vs_next_head_source,cf_prev_head,cf_next_head,retrained,middle,auc_all,False,False,0.0006415802469135694,0.000862867684349437,-0.0010585234567901172,0.0023184296296296513,0.45715228251246887,False,1.0
Qwen2.5-3B,Qwen,C2_previous_vs_next_head_source,cf_prev_head,cf_next_head,retrained,middle,d_all,True,False,-0.007634030008549934,0.06472017441732897,-0.1390115700541053,0.12191525933929312,0.9061037809249248,False,1.0
Qwen2.5-3B,Qwen,C2_previous_vs_next_head_source,cf_prev_head,cf_next_head,retrained,middle,sel_auc,False,True,-0.00028622765713215426,0.001948022257092689,-0.004165501265022156,0.0035018440625951674,0.8831853489270308,False,1.0
Qwen2.5-3B,Qwen,C2_previous_vs_next_head_source,cf_prev_head,cf_next_head,retrained,middle,sel_d,False,False,-0.01097576561803547,0.062070291553598396,-0.1308029696020022,0.10716723633859208,0.8596434934866983,False,1.0
Qwen2.5-3B,Qwen,C2_previous_vs_next_head_source,cf_prev_head,cf_next_head,retrained,late,auc_all,False,False,-0.0006330864197531014,0.0016728787655754071,-0.0038738172839506194,0.002762696296296308,0.7051027903085254,False,1.0
Qwen2.5-3B,Qwen,C2_previous_vs_next_head_source,cf_prev_head,cf_next_head,retrained,late,d_all,True,False,-0.008074589971756129,0.06597415991937347,-0.13786629981689186,0.12428102384570776,0.9025900073000007,False,1.0
Qwen2.5-3B,Qwen,C2_previous_vs_next_head_source,cf_prev_head,cf_next_head,retrained,late,sel_auc,False,True,3.330053646307307e-05,0.0034030390249917297,-0.0065061253426101865,0.0070240513505282435,0.992192402238255,False,1.0
Qwen2.5-3B,Qwen,C2_previous_vs_next_head_source,cf_prev_head,cf_next_head,retrained,late,sel_d,False,False,-0.07442231667074614,0.06962150106397653,-0.21478660205672245,0.05971955335691279,0.2850895262477291,False,1.0
Qwen2.5-3B,Qwen,C2_previous_vs_next_head_source,cf_prev_head,cf_next_head,retrained,all,auc_all,False,False,3.650793650792588e-05,0.000778058903386651,-0.0014973698412698432,0.0016540444444444467,0.9625755407870825,False,1.0
Qwen2.5-3B,Qwen,C2_previous_vs_next_head_source,cf_prev_head,cf_next_head,retrained,all,d_all,True,False,-0.01260316645423549,0.04452495302109466,-0.0997229356261986,0.07901529427674954,0.7771319926445655,False,1.0
Qwen2.5-3B,Qwen,C2_previous_vs_next_head_source,cf_prev_head,cf_next_head,retrained,all,sel_auc,False,True,0.00021161109605130618,0.0016122857685697848,-0.0030474048409686407,0.003328160729345521,0.895578236065417,False,1.0
Qwen2.5-3B,Qwen,C2_previous_vs_next_head_source,cf_prev_head,cf_next_head,retrained,all,sel_d,False,False,-0.008250957807286081,0.04343209010808096,-0.0902691193861024,0.07711226651485283,0.8493296863381258,False,1.0
Qwen2.5-3B,Qwen,C2_previous_vs_next_head_source,cf_prev_head,cf_next_head,behavior,behavior,auc_all,False,False,0.0625768888888889,0.020605455544360128,0.02220446666666672,0.10202871111111109,0.002390177750570782,True,0.002390177750570782
Qwen2.5-3B,Qwen,C2_previous_vs_next_head_source,cf_prev_head,cf_next_head,behavior,behavior,d_all,True,False,0.23821798640368005,0.07409073743653603,0.09770609362796437,0.37899925306406923,0.0013034479614696616,True,0.0013034479614696616
Qwen2.5-3B,Qwen,C2_previous_vs_next_head_source,cf_prev_head,cf_next_head,behavior,behavior,sel_auc,False,True,0.019617415138098337,0.03505256971265135,-0.050667766445287754,0.08539792984398051,0.5757134344995738,False,0.5757134344995738
Qwen2.5-3B,Qwen,C2_previous_vs_next_head_source,cf_prev_head,cf_next_head,behavior,behavior,sel_d,False,False,0.04481802263844689,0.1221972036054135,-0.2008124512717102,0.2745947454136439,0.7137920871361814,False,1.0
Llama-3.2-3B,Llama,H3a_cka_similar_vs_dissimilar,cka_high@k4,cka_low@k4,frozen,early,auc_all,False,False,-0.0009744444444444861,0.00039007017623503715,-0.0017542888888888932,-0.00024093333333333113,0.012485181235189895,True,0.04994072494075958
Llama-3.2-3B,Llama,H3a_cka_similar_vs_dissimilar,cka_high@k4,cka_low@k4,frozen,early,d_all,True,False,-0.34500952460001355,0.04734113782269961,-0.441081072113125,-0.2549862857457761,3.1521622675886673e-13,True,1.5760811337943336e-12
Llama-3.2-3B,Llama,H3a_cka_similar_vs_dissimilar,cka_high@k4,cka_low@k4,frozen,early,sel_auc,False,True,0.0009970825426944968,0.0006973231372655333,-0.0004800668089816527,0.002360267301813195,0.15275387743233856,False,0.45826163229701566
Llama-3.2-3B,Llama,H3a_cka_similar_vs_dissimilar,cka_high@k4,cka_low@k4,frozen,early,sel_d,False,False,-0.044402965756832,0.04359902758018951,-0.1297576710322272,0.04144491371194425,0.30846920496099517,False,0.6169384099219903
Llama-3.2-3B,Llama,H3a_cka_similar_vs_dissimilar,cka_high@k4,cka_low@k4,frozen,middle,auc_all,False,False,-0.005272126984126967,0.0009708417812422251,-0.007352393650793666,-0.0035233714285714235,5.620588732144914e-08,True,3.93441211250144e-07
Llama-3.2-3B,Llama,H3a_cka_similar_vs_dissimilar,cka_high@k4,cka_low@k4,frozen,middle,d_all,True,False,-0.8222923919252769,0.07121198629690072,-0.9686648324451382,-0.6910755873343494,7.634770301615079e-31,True,5.3443392111305554e-30
Llama-3.2-3B,Llama,H3a_cka_similar_vs_dissimilar,cka_high@k4,cka_low@k4,frozen,middle,sel_auc,False,True,0.0025658444022770926,0.0016233303366216837,-0.00031365719406041933,0.0059042317249480844,0.1139683317624332,False,0.3419049952872996
Llama-3.2-3B,Llama,H3a_cka_similar_vs_dissimilar,cka_high@k4,cka_low@k4,frozen,middle,sel_d,False,False,-0.30478986694783716,0.056910220757967284,-0.41775675397141293,-0.19495169990939573,8.526063201995513e-08,True,5.115637921197308e-07
Llama-3.2-3B,Llama,H3a_cka_similar_vs_dissimilar,cka_high@k4,cka_low@k4,frozen,late,auc_all,False,False,-0.005603301587301569,0.0014635279199536814,-0.008549130158730173,-0.002970787301587296,0.00012886046099023246,True,0.00038658138297069735
Llama-3.2-3B,Llama,H3a_cka_similar_vs_dissimilar,cka_high@k4,cka_low@k4,frozen,late,d_all,True,False,-0.5916149329955113,0.07823571343619662,-0.7433333437099131,-0.44007180592972545,3.970562052249026e-14,True,1.1911686156747077e-13
Llama-3.2-3B,Llama,H3a_cka_similar_vs_dissimilar,cka_high@k4,cka_low@k4,frozen,late,sel_auc,False,True,0.004057757296467004,0.0022498490878034914,-0.00019245105569109117,0.00887760203005929,0.07129895338490812,False,0.3564947669245406
Llama-3.2-3B,Llama,H3a_cka_similar_vs_dissimilar,cka_high@k4,cka_low@k4,frozen,late,sel_d,False,False,0.004799068948890262,0.07443470316838038,-0.13836919050884391,0.14778816288090882,0.9485931738236028,False,1.0
Llama-3.2-3B,Llama,H3a_cka_similar_vs_dissimilar,cka_high@k4,cka_low@k4,frozen,all,auc_all,False,False,-0.0038147070707070744,0.00071999987821559,-0.005321466666666689,-0.0024922565656565554,1.169465242789675e-07,True,3.508395728369025e-07
Llama-3.2-3B,Llama,H3a_cka_similar_vs_dissimilar,cka_high@k4,cka_low@k4,frozen,all,d_all,True,False,-0.5753376123293467,0.05372406930820427,-0.6814087889383735,-0.47429062686157414,9.22323786590024e-27,True,4.61161893295012e-26
Llama-3.2-3B,Llama,H3a_cka_similar_vs_dissimilar,cka_high@k4,cka_low@k4,frozen,all,sel_auc,False,True,0.0024700851014893025,0.0012188555806006893,0.0003270878375788305,0.005052597727751926,0.042707335376750914,True,0.17082934150700366
Llama-3.2-3B,Llama,H3a_cka_similar_vs_dissimilar,cka_high@k4,cka_low@k4,frozen,all,sel_d,False,False,-0.11159815054760391,0.04703437507756871,-0.2048764615438605,-0.023269012828990156,0.017658916341472843,True,0.08829458170736422
Llama-3.2-3B,Llama,H3a_cka_similar_vs_dissimilar,cka_high@k4,cka_low@k4,retrained,early,auc_all,False,False,-7.888888888891998e-05,0.00020712602957286368,-0.0005138555555555576,0.00030626111111111076,0.7032968552431104,False,1.0
Llama-3.2-3B,Llama,H3a_cka_similar_vs_dissimilar,cka_high@k4,cka_low@k4,retrained,early,d_all,True,False,-0.00963368602716752,0.03963659393462924,-0.0858937015686733,0.06669037934533335,0.8079664320825664,False,1.0
Llama-3.2-3B,Llama,H3a_cka_similar_vs_dissimilar,cka_high@k4,cka_low@k4,retrained,early,sel_auc,False,True,0.00024338762386674762,0.00040238473026749615,-0.0005955590475437842,0.0009817736005692805,0.5452700479310854,False,1.0
Llama-3.2-3B,Llama,H3a_cka_similar_vs_dissimilar,cka_high@k4,cka_low@k4,retrained,early,sel_d,False,False,0.030572117234303198,0.03206466099456689,-0.029811687779529177,0.09089767546946854,0.34036107244906166,False,1.0
Llama-3.2-3B,Llama,H3a_cka_similar_vs_dissimilar,cka_high@k4,cka_low@k4,retrained,middle,auc_all,False,False,-5.053968253968374e-05,0.0003309899051442231,-0.000695885714285706,0.0006067492063492035,0.8786407601762585,False,1.0
Llama-3.2-3B,Llama,H3a_cka_similar_vs_dissimilar,cka_high@k4,cka_low@k4,retrained,middle,d_all,True,False,0.04020489365644776,0.05704812043404892,-0.07446407823856585,0.14994152508948813,0.48096331146050497,False,1.0
Llama-3.2-3B,Llama,H3a_cka_similar_vs_dissimilar,cka_high@k4,cka_low@k4,retrained,middle,sel_auc,False,True,0.0006038733773079397,0.0006039534302968854,-0.0005369285563687904,0.0018702412577934157,0.3173746577212483,False,1.0
Llama-3.2-3B,Llama,H3a_cka_similar_vs_dissimilar,cka_high@k4,cka_low@k4,retrained,middle,sel_d,False,False,0.07414276036263605,0.048957331525943566,-0.018742660281204106,0.16934503289372657,0.12991521663119038,False,0.7830735696723233
Llama-3.2-3B,Llama,H3a_cka_similar_vs_dissimilar,cka_high@k4,cka_low@k4,retrained,late,auc_all,False,False,3.834920634920065e-05,0.0006528278999637285,-0.0012326984126984203,0.0013618285714285731,0.95315664222629,False,1.0
Llama-3.2-3B,Llama,H3a_cka_similar_vs_dissimilar,cka_high@k4,cka_low@k4,retrained,late,d_all,True,False,0.007518393797456621,0.06924348119155677,-0.129063347875771,0.1445047926744014,0.9135363507844689,False,1.0
Llama-3.2-3B,Llama,H3a_cka_similar_vs_dissimilar,cka_high@k4,cka_low@k4,retrained,late,sel_auc,False,True,0.000850384024577552,0.0013469878720228242,-0.001686846179331963,0.0036650835065208686,0.527829545265696,False,1.0
Llama-3.2-3B,Llama,H3a_cka_similar_vs_dissimilar,cka_high@k4,cka_low@k4,retrained,late,sel_d,False,False,-0.012783814835200347,0.0716799085694142,-0.153410617724376,0.1239183743207334,0.8584513661386689,False,1.0
Llama-3.2-3B,Llama,H3a_cka_similar_vs_dissimilar,cka_high@k4,cka_low@k4,retrained,all,auc_all,False,False,-3.256565656567007e-05,0.0002726952081277922,-0.0005514101010101013,0.0005150767676767673,0.9049414699901903,False,1.0
Llama-3.2-3B,Llama,H3a_cka_similar_vs_dissimilar,cka_high@k4,cka_low@k4,retrained,all,d_all,True,False,0.011681523816363205,0.04285130610167813,-0.07232182710404542,0.09611319000194701,0.7851560873120037,False,1.0
Llama-3.2-3B,Llama,H3a_cka_similar_vs_dissimilar,cka_high@k4,cka_low@k4,retrained,all,sel_auc,False,True,0.0005512228547332919,0.0005563575464553428,-0.000510341124719696,0.0017027425823701746,0.3217974725539764,False,1.0
Llama-3.2-3B,Llama,H3a_cka_similar_vs_dissimilar,cka_high@k4,cka_low@k4,retrained,all,sel_d,False,False,0.030640434389385254,0.03870994531492165,-0.0466018951973775,0.10585500781787166,0.4286294822289499,False,1.0
Llama-3.2-3B,Llama,H3a_cka_similar_vs_dissimilar,cka_high@k4,cka_low@k4,behavior,behavior,auc_all,True,False,-0.4047342222222222,0.01468212232073354,-0.43344997777777783,-0.37547644444444456,2.8094543709913056e-167,True,1.966618059693914e-166
Llama-3.2-3B,Llama,H3a_cka_similar_vs_dissimilar,cka_high@k4,cka_low@k4,behavior,behavior,d_all,False,False,-1.82646367992431,0.0786653151912421,-1.9857483775316684,-1.6772774356813358,2.9851027425890223e-119,True,2.0895719198123155e-118
Llama-3.2-3B,Llama,H3a_cka_similar_vs_dissimilar,cka_high@k4,cka_low@k4,behavior,behavior,sel_auc,False,True,-0.16146514864010125,0.026195361391574534,-0.21356298887834715,-0.10959307136833235,7.098229800055388e-10,True,4.968760860038772e-09
Llama-3.2-3B,Llama,H3a_cka_similar_vs_dissimilar,cka_high@k4,cka_low@k4,behavior,behavior,sel_d,False,False,-0.6994695255914196,0.13041092187776554,-0.972143685836305,-0.45775241678561873,8.158809895766527e-08,True,5.711166927036569e-07
Llama-3.2-3B,Llama,H3a_kvdist_within_cla_similar_vs_dissimilar,kvdist_low@k4,kvdist_high@k4,frozen,early,auc_all,False,False,0.002473777777777797,0.0006323412379254844,0.0013466611111111072,0.003798866666666685,9.14996319909443e-05,True,0.0006404974239366102
Llama-3.2-3B,Llama,H3a_kvdist_within_cla_similar_vs_dissimilar,kvdist_low@k4,kvdist_high@k4,frozen,early,d_all,True,False,0.5998249509339098,0.056344053273605664,0.49198995217669705,0.7162731721283284,1.8249999659250243e-26,True,1.277499976147517e-25
Llama-3.2-3B,Llama,H3a_kvdist_within_cla_similar_vs_dissimilar,kvdist_low@k4,kvdist_high@k4,frozen,early,sel_auc,False,True,-0.001636008328062405,0.0009059218779065268,-0.0033821667457305505,0.00021928032099932294,0.07093326979230657,False,0.2837330791692263
Llama-3.2-3B,Llama,H3a_kvdist_within_cla_similar_vs_dissimilar,kvdist_low@k4,kvdist_high@k4,frozen,early,sel_d,False,False,0.07262918984439787,0.05286019912648597,-0.02753410626387655,0.17749647228828327,0.16944593311798284,False,0.5083377993539485
Llama-3.2-3B,Llama,H3a_kvdist_within_cla_similar_vs_dissimilar,kvdist_low@k4,kvdist_high@k4,frozen,middle,auc_all,False,False,0.004285460317460322,0.00120467229479486,0.0019372126984127048,0.006703161904761921,0.00037459201079705756,True,0.002247552064782345
Llama-3.2-3B,Llama,H3a_kvdist_within_cla_similar_vs_dissimilar,kvdist_low@k4,kvdist_high@k4,frozen,middle,d_all,True,False,0.5792752439073102,0.07492762332215898,0.43094743394827484,0.7306807416808546,1.0659556791520949e-14,True,6.395734074912569e-14
Llama-3.2-3B,Llama,H3a_kvdist_within_cla_similar_vs_dissimilar,kvdist_low@k4,kvdist_high@k4,frozen,middle,sel_auc,False,True,-0.005537378392217114,0.002175617561963947,-0.009769368543116152,-0.0010096821631878613,0.010921565723387256,True,0.04368626289354902
Llama-3.2-3B,Llama,H3a_kvdist_within_cla_similar_vs_dissimilar,kvdist_low@k4,kvdist_high@k4,frozen,middle,sel_d,False,False,-0.1567418470728943,0.07072030156232574,-0.29508629311850887,-0.017307875866430143,0.026666663807664172,True,0.053333327615328344
Llama-3.2-3B,Llama,H3a_kvdist_within_cla_similar_vs_dissimilar,kvdist_low@k4,kvdist_high@k4,frozen,late,auc_all,False,False,0.02252977777777779,0.0029586219784559485,0.01688313015873016,0.02843890793650794,2.637802131238056e-14,True,1.0551208524952224e-13
Llama-3.2-3B,Llama,H3a_kvdist_within_cla_similar_vs_dissimilar,kvdist_low@k4,kvdist_high@k4,frozen,late,d_all,True,False,0.7660180398564016,0.07531821252636084,0.6269109204469919,0.9192455711062426,2.6874055176539045e-24,True,1.343702758826952e-23
Llama-3.2-3B,Llama,H3a_kvdist_within_cla_similar_vs_dissimilar,kvdist_low@k4,kvdist_high@k4,frozen,late,sel_auc,False,True,-0.02836123008343123,0.005249141107540273,-0.03911931613505615,-0.018497948405168534,6.552705727805721e-08,True,3.931623436683433e-07
Llama-3.2-3B,Llama,H3a_kvdist_within_cla_similar_vs_dissimilar,kvdist_low@k4,kvdist_high@k4,frozen,late,sel_d,False,False,-0.09572747867730791,0.08299291645680208,-0.2561523865059914,0.06350094552084541,0.24872919310021746,False,1.0
Llama-3.2-3B,Llama,H3a_kvdist_within_cla_similar_vs_dissimilar,kvdist_low@k4,kvdist_high@k4,frozen,all,auc_all,False,False,0.009431676767676781,0.0012505422006053087,0.007008947474747463,0.01193305656565656,4.625694526213863e-14,True,2.3128472631069313e-13
Llama-3.2-3B,Llama,H3a_kvdist_within_cla_similar_vs_dissimilar,kvdist_low@k4,kvdist_high@k4,frozen,all,d_all,True,False,0.6461660269916936,0.05549657584815584,0.5403671111957359,0.7619129846542531,2.4807795894414287e-31,True,1.736545712609e-30
Llama-3.2-3B,Llama,H3a_kvdist_within_cla_similar_vs_dissimilar,kvdist_low@k4,kvdist_high@k4,frozen,all,sel_auc,False,True,-0.011380832997910803,0.0022631876863699225,-0.015775463266440477,-0.006836691679604407,4.938833163792063e-07,True,2.9632998982752378e-06
Llama-3.2-3B,Llama,H3a_kvdist_within_cla_similar_vs_dissimilar,kvdist_low@k4,kvdist_high@k4,frozen,all,sel_d,False,False,-0.05392053461346513,0.056945623147265534,-0.1668098830399823,0.054776143393825916,0.3437011566763516,False,0.6874023133527032
Llama-3.2-3B,Llama,H3a_kvdist_within_cla_similar_vs_dissimilar,kvdist_low@k4,kvdist_high@k4,retrained,early,auc_all,False,False,-0.00010399999999999299,0.00019494762808257025,-0.0004935777777777619,0.000272672222222213,0.5937036972375643,False,1.0
Llama-3.2-3B,Llama,H3a_kvdist_within_cla_similar_vs_dissimilar,kvdist_low@k4,kvdist_high@k4,retrained,early,d_all,True,False,0.006078857939164961,0.04052368582887494,-0.07173138249243181,0.0855296028653503,0.8807586759328677,False,1.0
Llama-3.2-3B,Llama,H3a_kvdist_within_cla_similar_vs_dissimilar,kvdist_low@k4,kvdist_high@k4,retrained,early,sel_auc,False,True,-0.0001216028884672149,0.0004776095736210387,-0.0009912015074846753,0.0009307089394897835,0.7990264131487254,False,1.0
Llama-3.2-3B,Llama,H3a_kvdist_within_cla_similar_vs_dissimilar,kvdist_low@k4,kvdist_high@k4,retrained,early,sel_d,False,False,-0.049636821786496754,0.03570665592427719,-0.11904679979103422,0.019992082283884376,0.16449001553097675,False,0.7637266742207269
Llama-3.2-3B,Llama,H3a_kvdist_within_cla_similar_vs_dissimilar,kvdist_low@k4,kvdist_high@k4,retrained,middle,auc_all,False,False,-0.00040558730158730364,0.00031100749241158733,-0.0010423111111111229,0.00017981587301585226,0.1921968244641905,False,0.768787297856762
Llama-3.2-3B,Llama,H3a_kvdist_within_cla_similar_vs_dissimilar,kvdist_low@k4,kvdist_high@k4,retrained,middle,d_all,True,False,0.13617400146375833,0.06332713130420344,0.015552943044482858,0.26244796146614574,0.03152940659093243,True,0.15764703295466215
Llama-3.2-3B,Llama,H3a_kvdist_within_cla_similar_vs_dissimilar,kvdist_low@k4,kvdist_high@k4,retrained,middle,sel_auc,False,True,3.343573988735999e-05,0.0008161095165510224,-0.0014057874009819004,0.0017218360892743755,0.9673200731289424,False,1.0
Llama-3.2-3B,Llama,H3a_kvdist_within_cla_similar_vs_dissimilar,kvdist_low@k4,kvdist_high@k4,retrained,middle,sel_d,False,False,0.017050044624818184,0.06253647657759992,-0.10618474567304634,0.14055376515054843,0.7851287357659844,False,1.0
Llama-3.2-3B,Llama,H3a_kvdist_within_cla_similar_vs_dissimilar,kvdist_low@k4,kvdist_high@k4,retrained,late,auc_all,False,False,-0.00014882539682540115,0.0006073176137322601,-0.001332406349206351,0.0010790095238095388,0.806414892207387,False,1.0
Llama-3.2-3B,Llama,H3a_kvdist_within_cla_similar_vs_dissimilar,kvdist_low@k4,kvdist_high@k4,retrained,late,d_all,True,False,0.3092661009050865,0.07507322149826821,0.16688444924883017,0.45576117902395585,3.7965229927911495e-05,True,0.00026575660949538046
Llama-3.2-3B,Llama,H3a_kvdist_within_cla_similar_vs_dissimilar,kvdist_low@k4,kvdist_high@k4,retrained,late,sel_auc,False,True,-0.00158797325381767,0.001351188509034823,-0.004218684075780845,0.0011392039396403762,0.23989798012032437,False,1.0
Llama-3.2-3B,Llama,H3a_kvdist_within_cla_similar_vs_dissimilar,kvdist_low@k4,kvdist_high@k4,retrained,late,sel_d,False,False,-0.06624156942587711,0.07132856340438824,-0.21003374191136465,0.07170860909800308,0.3530537918494262,False,1.0
Llama-3.2-3B,Llama,H3a_kvdist_within_cla_similar_vs_dissimilar,kvdist_low@k4,kvdist_high@k4,retrained,all,auc_all,False,False,-0.0002142222222222217,0.0002949179563693861,-0.0008056868686868586,0.00034907474747474903,0.467606436428435,False,1.0
Llama-3.2-3B,Llama,H3a_kvdist_within_cla_similar_vs_dissimilar,kvdist_low@k4,kvdist_high@k4,retrained,all,d_all,True,False,0.14394143545887425,0.04657758989404992,0.05219409952474389,0.23730153813567573,0.0019991525764113532,True,0.013994068034879473
Llama-3.2-3B,Llama,H3a_kvdist_within_cla_similar_vs_dissimilar,kvdist_low@k4,kvdist_high@k4,retrained,all,sel_auc,False,True,-0.0005388448047840857,0.0007579304399843616,-0.00192984299829414,0.0010497040135702294,0.4771199965442159,False,1.0
Llama-3.2-3B,Llama,H3a_kvdist_within_cla_similar_vs_dissimilar,kvdist_low@k4,kvdist_high@k4,retrained,all,sel_d,False,False,-0.033701602177244855,0.046106268057266156,-0.12352690624032144,0.05851562771143896,0.46480670588636797,False,1.0
Llama-3.2-3B,Llama,H3a_kvdist_within_cla_similar_vs_dissimilar,kvdist_low@k4,kvdist_high@k4,behavior,behavior,auc_all,True,False,0.14628177777777773,0.01483618741049107,0.1167530444444445,0.17574777777777778,6.217573198837221e-23,True,3.1087865994186105e-22
Llama-3.2-3B,Llama,H3a_kvdist_within_cla_similar_vs_dissimilar,kvdist_low@k4,kvdist_high@k4,behavior,behavior,d_all,False,False,0.6300197868271086,0.06248976987531633,0.5103788735235427,0.7531371990299186,6.638379619598256e-24,True,3.319189809799128e-23
Llama-3.2-3B,Llama,H3a_kvdist_within_cla_similar_vs_dissimilar,kvdist_low@k4,kvdist_high@k4,behavior,behavior,sel_auc,False,True,0.02110376344086018,0.027510791203333187,-0.03219645161290322,0.07399331910183433,0.4430169725681625,False,0.886033945136325
Llama-3.2-3B,Llama,H3a_kvdist_within_cla_similar_vs_dissimilar,kvdist_low@k4,kvdist_high@k4,behavior,behavior,sel_d,False,False,0.09405286569941074,0.10862936300675578,-0.11827900074254544,0.3032819570577928,0.38659195639691035,False,1.0
Llama-3.2-3B,Llama,H3a_kvsharer_search_similar_vs_dissimilar,kvsharer_similar@k4,kvsharer_dissimilar@k4,frozen,early,auc_all,False,False,0.0003226666666666933,0.0002216577988267998,-6.780555555556885e-05,0.0007953611111110789,0.1454763073960979,False,0.4364289221882937
Llama-3.2-3B,Llama,H3a_kvsharer_search_similar_vs_dissimilar,kvsharer_similar@k4,kvsharer_dissimilar@k4,frozen,early,d_all,True,False,0.13288942966473483,0.04155836764422607,0.0572833602586063,0.2182947482692276,0.0013854868613607473,True,0.005541947445442989
Llama-3.2-3B,Llama,H3a_kvsharer_search_similar_vs_dissimilar,kvsharer_similar@k4,kvsharer_dissimilar@k4,frozen,early,sel_auc,False,True,-0.00015507853679105899,0.000264711855266236,-0.0006769184851359702,0.0003607331198608579,0.5579836919129613,False,1.0
Llama-3.2-3B,Llama,H3a_kvsharer_search_similar_vs_dissimilar,kvsharer_similar@k4,kvsharer_dissimilar@k4,frozen,early,sel_d,False,False,0.08438924787309687,0.03595525005495836,0.01742013197962552,0.15574929759574188,0.018922039783251184,True,0.07568815913300474
Llama-3.2-3B,Llama,H3a_kvsharer_search_similar_vs_dissimilar,kvsharer_similar@k4,kvsharer_dissimilar@k4,frozen,middle,auc_all,False,False,-0.00028571428571431767,0.0006738271690208223,-0.0016696571428571401,0.0009726285714285836,0.6715532952257363,False,1.0
Llama-3.2-3B,Llama,H3a_kvsharer_search_similar_vs_dissimilar,kvsharer_similar@k4,kvsharer_dissimilar@k4,frozen,middle,d_all,True,False,-0.12802192613207547,0.05685398655602557,-0.24320229533239104,-0.020238812770546476,0.02433700524968678,True,0.07301101574906034
Llama-3.2-3B,Llama,H3a_kvsharer_search_similar_vs_dissimilar,kvsharer_similar@k4,kvsharer_dissimilar@k4,frozen,middle,sel_auc,False,True,0.0010685190205114478,0.0009682706626384495,-0.0007806557784403875,0.0029735729345502005,0.26979559348720716,False,0.4062684013125326
Llama-3.2-3B,Llama,H3a_kvsharer_search_similar_vs_dissimilar,kvsharer_similar@k4,kvsharer_dissimilar@k4,frozen,middle,sel_d,False,False,0.12695813211756926,0.04578280611687335,0.03721860951785801,0.21952809667701426,0.005553313405675022,True,0.016659940217025066
Llama-3.2-3B,Llama,H3a_kvsharer_search_similar_vs_dissimilar,kvsharer_similar@k4,kvsharer_dissimilar@k4,frozen,late,auc_all,False,False,-0.0017787936507936658,0.0011042023594611662,-0.0040425841269841325,0.00021721904761905735,0.1071947940513513,False,0.2143895881027026
Llama-3.2-3B,Llama,H3a_kvsharer_search_similar_vs_dissimilar,kvsharer_similar@k4,kvsharer_dissimilar@k4,frozen,late,d_all,True,False,-0.2557709701023195,0.06442983427312851,-0.3899396409013094,-0.12909888869944589,7.194510368367469e-05,True,0.00014389020736734937
Llama-3.2-3B,Llama,H3a_kvsharer_search_similar_vs_dissimilar,kvsharer_similar@k4,kvsharer_dissimilar@k4,frozen,late,sel_auc,False,True,0.001718174151380996,0.001602918739868557,-0.0011920882654137272,0.004999120508418389,0.2837633937290004,False,0.8433953103135069
Llama-3.2-3B,Llama,H3a_kvsharer_search_similar_vs_dissimilar,kvsharer_similar@k4,kvsharer_dissimilar@k4,frozen,late,sel_d,False,False,-0.06198555535404249,0.05517472392167726,-0.17429687979702907,0.04799302722016784,0.2612501809181861,False,1.0
Llama-3.2-3B,Llama,H3a_kvsharer_search_similar_vs_dissimilar,kvsharer_similar@k4,kvsharer_dissimilar@k4,frozen,all,auc_all,False,False,-0.0005395555555555608,0.0005285770891044259,-0.0016214202020202017,0.0004113939393939441,0.307363492390359,False,0.614726984780718
Llama-3.2-3B,Llama,H3a_kvsharer_search_similar_vs_dissimilar,kvsharer_similar@k4,kvsharer_dissimilar@k4,frozen,all,d_all,True,False,-0.07379249256013119,0.04199857301138051,-0.15978079924724103,0.005267894690435079,0.07891375172135406,False,0.110896729824558
Llama-3.2-3B,Llama,H3a_kvsharer_search_similar_vs_dissimilar,kvsharer_similar@k4,kvsharer_dissimilar@k4,frozen,all,sel_auc,False,True,0.000830282904950847,0.0007533990180633937,-0.0005946476865428544,0.0023956316006363315,0.2704402135548096,False,0.8113206406644289
Llama-3.2-3B,Llama,H3a_kvsharer_search_similar_vs_dissimilar,kvsharer_similar@k4,kvsharer_dissimilar@k4,frozen,all,sel_d,False,False,0.05136009183315737,0.03451730133802958,-0.015802945805273083,0.11760614286933578,0.13676352004858058,False,0.4102905601457417
Llama-3.2-3B,Llama,H3a_kvsharer_search_similar_vs_dissimilar,kvsharer_similar@k4,kvsharer_dissimilar@k4,retrained,early,auc_all,False,False,-7.999999999996898e-05,0.00015021665427820253,-0.00039288888888890094,0.00019289444444443786,0.5943353462708187,False,1.0
Llama-3.2-3B,Llama,H3a_kvsharer_search_similar_vs_dissimilar,kvsharer_similar@k4,kvsharer_dissimilar@k4,retrained,early,d_all,True,False,0.022530569616068696,0.038570857869981545,-0.04746873474315515,0.10004857636916528,0.5591298104509153,False,1.0
Llama-3.2-3B,Llama,H3a_kvsharer_search_similar_vs_dissimilar,kvsharer_similar@k4,kvsharer_dissimilar@k4,retrained,early,sel_auc,False,True,0.00014475015812775993,0.000350448805551513,-0.00046304593611638383,0.0008964591898587081,0.6795756697040338,False,1.0
Llama-3.2-3B,Llama,H3a_kvsharer_search_similar_vs_dissimilar,kvsharer_similar@k4,kvsharer_dissimilar@k4,retrained,early,sel_d,False,False,0.04246306700123709,0.029696501115222925,-0.013531639664361864,0.09897093023982938,0.15274533484414538,False,0.7637266742207269
Llama-3.2-3B,Llama,H3a_kvsharer_search_similar_vs_dissimilar,kvsharer_similar@k4,kvsharer_dissimilar@k4,retrained,middle,auc_all,False,False,0.00022577777777775334,0.00029883341202225266,-0.0003609714285714109,0.0008114603174603205,0.44993069774503924,False,1.0
Llama-3.2-3B,Llama,H3a_kvsharer_search_similar_vs_dissimilar,kvsharer_similar@k4,kvsharer_dissimilar@k4,retrained,middle,d_all,True,False,0.05050754879900118,0.05406705003272556,-0.05268899914298138,0.1580542689332273,0.35021875819770687,False,1.0
Llama-3.2-3B,Llama,H3a_kvsharer_search_similar_vs_dissimilar,kvsharer_similar@k4,kvsharer_dissimilar@k4,retrained,middle,sel_auc,False,True,0.00034102888467215026,0.0007244169706276309,-0.0011568628203969802,0.0016763203668564081,0.6378098136917414,False,1.0
Llama-3.2-3B,Llama,H3a_kvsharer_search_similar_vs_dissimilar,kvsharer_similar@k4,kvsharer_dissimilar@k4,retrained,middle,sel_d,False,False,0.0771926514482317,0.04855328684559108,-0.016857576060464292,0.1701734296111266,0.11186765281033191,False,0.7830735696723233
Llama-3.2-3B,Llama,H3a_kvsharer_search_similar_vs_dissimilar,kvsharer_similar@k4,kvsharer_dissimilar@k4,retrained,late,auc_all,False,False,0.00039288888888888707,0.0005016690066031157,-0.0005537015873015666,0.0014309587301587793,0.43353106621195336,False,1.0
Llama-3.2-3B,Llama,H3a_kvsharer_search_similar_vs_dissimilar,kvsharer_similar@k4,kvsharer_dissimilar@k4,retrained,late,d_all,True,False,0.014822471989678756,0.06165907156295736,-0.10754836058480241,0.13961838820038203,0.8100248148239902,False,1.0
Llama-3.2-3B,Llama,H3a_kvsharer_search_similar_vs_dissimilar,kvsharer_similar@k4,kvsharer_dissimilar@k4,retrained,late,sel_auc,False,True,0.0006354718231378977,0.0009633460407538461,-0.001270484699256021,0.0024842549923195017,0.5094780552652962,False,1.0
Llama-3.2-3B,Llama,H3a_kvsharer_search_similar_vs_dissimilar,kvsharer_similar@k4,kvsharer_dissimilar@k4,retrained,late,sel_d,False,False,-0.0033619532930225654,0.06392154810875524,-0.13169760528832894,0.11897747485764966,0.9580546074839689,False,1.0
Llama-3.2-3B,Llama,H3a_kvsharer_search_similar_vs_dissimilar,kvsharer_similar@k4,kvsharer_dissimilar@k4,retrained,all,auc_all,False,False,0.00016775757575757867,0.0002422538385931384,-0.0002907797979797933,0.0006331333333333333,0.488631697789238,False,1.0
Llama-3.2-3B,Llama,H3a_kvsharer_search_similar_vs_dissimilar,kvsharer_similar@k4,kvsharer_dissimilar@k4,retrained,all,d_all,True,False,0.028979759202241325,0.04036976315395643,-0.053046409028901106,0.10923261336582164,0.4728448199052968,False,1.0
Llama-3.2-3B,Llama,H3a_kvsharer_search_similar_vs_dissimilar,kvsharer_similar@k4,kvsharer_dissimilar@k4,retrained,all,sel_auc,False,True,0.00036334119180420066,0.0005044535442107021,-0.0006314454794625621,0.0013191244753033413,0.4713606787335024,False,1.0
Llama-3.2-3B,Llama,H3a_kvsharer_search_similar_vs_dissimilar,kvsharer_similar@k4,kvsharer_dissimilar@k4,retrained,all,sel_d,False,False,0.038932701049834574,0.03729528238363583,-0.03434542897792901,0.10891554037167125,0.2965297256323446,False,1.0
Llama-3.2-3B,Llama,H3a_kvsharer_search_similar_vs_dissimilar,kvsharer_similar@k4,kvsharer_dissimilar@k4,behavior,behavior,auc_all,True,False,-0.1425804444444444,0.01056601737032225,-0.16411437777777768,-0.12206208888888896,1.690745524980445e-41,True,1.0144473149882671e-40
Llama-3.2-3B,Llama,H3a_kvsharer_search_similar_vs_dissimilar,kvsharer_similar@k4,kvsharer_dissimilar@k4,behavior,behavior,d_all,False,False,-0.7625311517544684,0.06362758245513915,-0.8919896542327964,-0.6359647570329693,4.295286932834133e-33,True,2.57717215970048e-32
Llama-3.2-3B,Llama,H3a_kvsharer_search_similar_vs_dissimilar,kvsharer_similar@k4,kvsharer_dissimilar@k4,behavior,behavior,sel_auc,False,True,0.04147970693653813,0.017318244700662,0.008528937117857903,0.07609565201349351,0.01661379437905269,True,0.06645517751621076
Llama-3.2-3B,Llama,H3a_kvsharer_search_similar_vs_dissimilar,kvsharer_similar@k4,kvsharer_dissimilar@k4,behavior,behavior,sel_d,False,False,0.02781724156659826,0.09751583071817602,-0.17577241977327127,0.21399313312746457,0.7754459321134781,False,1.0
Llama-3.2-3B,Llama,H3c_fidelity_vs_cka,fidelity_high@k4,cka_high@k4,frozen,early,auc_all,False,False,0.0,0.0,0.0,0.0,1.0,False,1.0
Llama-3.2-3B,Llama,H3c_fidelity_vs_cka,fidelity_high@k4,cka_high@k4,frozen,early,d_all,True,False,0.0,0.0,0.0,0.0,1.0,False,1.0
Llama-3.2-3B,Llama,H3c_fidelity_vs_cka,fidelity_high@k4,cka_high@k4,frozen,early,sel_auc,False,True,0.0,0.0,0.0,0.0,1.0,False,1.0
Llama-3.2-3B,Llama,H3c_fidelity_vs_cka,fidelity_high@k4,cka_high@k4,frozen,early,sel_d,False,False,0.0,0.0,0.0,0.0,1.0,False,1.0
Llama-3.2-3B,Llama,H3c_fidelity_vs_cka,fidelity_high@k4,cka_high@k4,frozen,middle,auc_all,False,False,-0.00032457142857143594,0.00042085875747196767,-0.0011639428571428758,0.0005141142857142621,0.44058113538707777,False,1.0
Llama-3.2-3B,Llama,H3c_fidelity_vs_cka,fidelity_high@k4,cka_high@k4,frozen,middle,d_all,True,False,-0.024224223532651492,0.01808053643742358,-0.0600022580065095,0.009620654075065422,0.1803117999147571,False,0.3606235998295142
Llama-3.2-3B,Llama,H3c_fidelity_vs_cka,fidelity_high@k4,cka_high@k4,frozen,middle,sel_auc,False,True,-0.0010578356073612319,0.0008311921737082178,-0.0026891877503689254,0.000625512710460534,0.2031342006562663,False,0.4062684013125326
Llama-3.2-3B,Llama,H3c_fidelity_vs_cka,fidelity_high@k4,cka_high@k4,frozen,middle,sel_d,False,False,-0.022745835453641394,0.019516530641105753,-0.06222650686713606,0.016792326053836595,0.2438307767565382,False,0.2438307767565382
Llama-3.2-3B,Llama,H3c_fidelity_vs_cka,fidelity_high@k4,cka_high@k4,frozen,late,auc_all,False,False,0.0009719365079364931,0.0008286638911063837,-0.0006596063492063649,0.002533288888888911,0.24083754058034956,False,0.24083754058034956
Llama-3.2-3B,Llama,H3c_fidelity_vs_cka,fidelity_high@k4,cka_high@k4,frozen,late,d_all,True,False,0.11489711481259977,0.03524234378129657,0.0433480622811136,0.18315254477112722,0.0011133339143662802,True,0.0011133339143662802
Llama-3.2-3B,Llama,H3c_fidelity_vs_cka,fidelity_high@k4,cka_high@k4,frozen,late,sel_auc,False,True,-0.000707575073039963,0.0014994640384099406,-0.0036886778259691035,0.002164688864793254,0.6370086442677356,False,0.8433953103135069
Llama-3.2-3B,Llama,H3c_fidelity_vs_cka,fidelity_high@k4,cka_high@k4,frozen,late,sel_d,False,False,0.037681756536531025,0.042022471376335,-0.04375223541802003,0.11859590369048845,0.3698763983617004,False,1.0
Llama-3.2-3B,Llama,H3c_fidelity_vs_cka,fidelity_high@k4,cka_high@k4,frozen,all,auc_all,False,False,0.0002059797979797909,0.0003573268945640767,-0.000516155555555554,0.0008945595959596023,0.5643134969336218,False,0.614726984780718
Llama-3.2-3B,Llama,H3c_fidelity_vs_cka,fidelity_high@k4,cka_high@k4,frozen,all,d_all,True,False,0.028850465407256273,0.015062793931021688,-0.0014737344086622806,0.057617888853018905,0.055448364912279,False,0.110896729824558
Llama-3.2-3B,Llama,H3c_fidelity_vs_cka,fidelity_high@k4,cka_high@k4,frozen,all,sel_auc,False,True,-0.0005617215801276529,0.0006751395655081215,-0.0018869896785693775,0.0007359926350794403,0.4054043783342298,False,0.8113206406644289
Llama-3.2-3B,Llama,H3c_fidelity_vs_cka,fidelity_high@k4,cka_high@k4,frozen,all,sel_d,False,False,0.0047523385263739705,0.01794698124419002,-0.030572942318395413,0.03944769771144832,0.7911644858670774,False,0.7911644858670774
Llama-3.2-3B,Llama,H3c_fidelity_vs_cka,fidelity_high@k4,cka_high@k4,retrained,early,auc_all,False,False,0.0,0.0,0.0,0.0,1.0,False,1.0
Llama-3.2-3B,Llama,H3c_fidelity_vs_cka,fidelity_high@k4,cka_high@k4,retrained,early,d_all,True,False,0.0,0.0,0.0,0.0,1.0,False,1.0
Llama-3.2-3B,Llama,H3c_fidelity_vs_cka,fidelity_high@k4,cka_high@k4,retrained,early,sel_auc,False,True,0.0,0.0,0.0,0.0,1.0,False,1.0
Llama-3.2-3B,Llama,H3c_fidelity_vs_cka,fidelity_high@k4,cka_high@k4,retrained,early,sel_d,False,False,0.0,0.0,0.0,0.0,1.0,False,1.0
Llama-3.2-3B,Llama,H3c_fidelity_vs_cka,fidelity_high@k4,cka_high@k4,retrained,middle,auc_all,False,False,-0.0004919365079365205,0.00017256420775448923,-0.0008707238095237946,-0.000191180952380943,0.004361696889198219,True,0.026170181335189314
Llama-3.2-3B,Llama,H3c_fidelity_vs_cka,fidelity_high@k4,cka_high@k4,retrained,middle,d_all,True,False,-0.052252001487201404,0.01968729173717456,-0.09067864491649084,-0.014176550760640122,0.007952072990331942,True,0.055664510932323594
Llama-3.2-3B,Llama,H3c_fidelity_vs_cka,fidelity_high@k4,cka_high@k4,retrained,middle,sel_auc,False,True,0.00018231679768681322,0.00035335357710562565,-0.0005294918827746353,0.0008783264058311206,0.6058813860124332,False,1.0
Llama-3.2-3B,Llama,H3c_fidelity_vs_cka,fidelity_high@k4,cka_high@k4,retrained,middle,sel_d,False,False,-0.017661261098702967,0.017243467317323992,-0.05025754196396909,0.017473006719908653,0.3057270746176657,False,1.0
Llama-3.2-3B,Llama,H3c_fidelity_vs_cka,fidelity_high@k4,cka_high@k4,retrained,late,auc_all,False,False,-0.000500317460317439,0.000383300039987209,-0.001293015873015872,0.00020495873015873457,0.1917943388998885,False,1.0
Llama-3.2-3B,Llama,H3c_fidelity_vs_cka,fidelity_high@k4,cka_high@k4,retrained,late,d_all,True,False,-0.009631419671654864,0.039916257724597705,-0.08659741644460608,0.07110106355278636,0.809329859008426,False,1.0
Llama-3.2-3B,Llama,H3c_fidelity_vs_cka,fidelity_high@k4,cka_high@k4,retrained,late,sel_auc,False,True,1.4448359989110158e-05,0.000797005057248711,-0.0015436422095720132,0.0016713252612872997,0.9855364883011427,False,1.0
Llama-3.2-3B,Llama,H3c_fidelity_vs_cka,fidelity_high@k4,cka_high@k4,retrained,late,sel_d,False,False,0.050559810037330975,0.037417600548873955,-0.018829944954177173,0.12871518189530887,0.17662154787440498,False,1.0
Llama-3.2-3B,Llama,H3c_fidelity_vs_cka,fidelity_high@k4,cka_high@k4,retrained,all,auc_all,False,False,-0.000315717171717169,0.00016291832912192878,-0.0006508464646464552,-2.000202020201252e-05,0.05263711546503847,True,0.31582269279023084
Llama-3.2-3B,Llama,H3c_fidelity_vs_cka,fidelity_high@k4,cka_high@k4,retrained,all,d_all,True,False,-0.019690179459636085,0.017091431861847816,-0.05269695840408537,0.014688943759684284,0.2493006386399429,False,1.0
Llama-3.2-3B,Llama,H3c_fidelity_vs_cka,fidelity_high@k4,cka_high@k4,retrained,all,sel_auc,False,True,6.260709562415742e-05,0.00034459172155353236,-0.0006198812604220453,0.0007483336447971149,0.8558300551654584,False,1.0
Llama-3.2-3B,Llama,H3c_fidelity_vs_cka,fidelity_high@k4,cka_high@k4,retrained,all,sel_d,False,False,0.010467720116836186,0.015820742188140332,-0.018633174953438747,0.043106190720175575,0.5081985520108914,False,1.0
Llama-3.2-3B,Llama,H3c_fidelity_vs_cka,fidelity_high@k4,cka_high@k4,behavior,behavior,auc_all,True,False,0.02104622222222219,0.011924421541608108,-0.0029834666666666634,0.04466368888888887,0.07756914701012019,False,0.07756914701012019
Llama-3.2-3B,Llama,H3c_fidelity_vs_cka,fidelity_high@k4,cka_high@k4,behavior,behavior,d_all,False,False,0.0696850128201438,0.04197548770842082,-0.01280877807986303,0.15337897090940616,0.096887122205782,False,0.096887122205782
Llama-3.2-3B,Llama,H3c_fidelity_vs_cka,fidelity_high@k4,cka_high@k4,behavior,behavior,sel_auc,False,True,0.05278429264178791,0.02079986856591217,0.013724754374868168,0.09364646900695756,0.011157644522648483,True,0.055788222613242414
Llama-3.2-3B,Llama,H3c_fidelity_vs_cka,fidelity_high@k4,cka_high@k4,behavior,behavior,sel_d,False,False,0.20702146468380225,0.0720885551726723,0.07039224168470046,0.3525295150228737,0.004081850403148973,True,0.020409252015744866
Llama-3.2-3B,Llama,H3c_fidelity_vs_kvdist_within_cla,fidelity_high@k4,kvdist_high@k4,frozen,early,auc_all,False,False,0.001916444444444429,0.0005217516864987777,0.0009569944444444229,0.003021144444444447,0.00023962866542049497,True,0.0014377719925229699
Llama-3.2-3B,Llama,H3c_fidelity_vs_kvdist_within_cla,fidelity_high@k4,kvdist_high@k4,frozen,early,d_all,True,False,0.32268930104292864,0.032371263754232375,0.259641159730743,0.38722136864297113,2.096040673554322e-23,True,1.2576244041325932e-22
Llama-3.2-3B,Llama,H3c_fidelity_vs_kvdist_within_cla,fidelity_high@k4,kvdist_high@k4,frozen,early,sel_auc,False,True,-0.00109277883196289,0.0005001850777533035,-0.0021309847406704783,-0.00018725944813410546,0.028907257705517816,True,0.1445362885275891
Llama-3.2-3B,Llama,H3c_fidelity_vs_kvdist_within_cla,fidelity_high@k4,kvdist_high@k4,frozen,early,sel_d,False,False,0.07974961191566315,0.03257779621141036,0.016698815019875482,0.14426109107764648,0.014366185293762006,True,0.07183092646881004
Llama-3.2-3B,Llama,H3c_fidelity_vs_kvdist_within_cla,fidelity_high@k4,kvdist_high@k4,frozen,middle,auc_all,False,False,0.002474158730158755,0.0010973364550494191,0.00040867301587301235,0.004657523809523826,0.024152496228188318,True,0.09660998491275327
Llama-3.2-3B,Llama,H3c_fidelity_vs_kvdist_within_cla,fidelity_high@k4,kvdist_high@k4,frozen,middle,d_all,True,False,0.25987258438543887,0.05898595263494777,0.1454309717419482,0.3767308631230946,1.0545788239669686e-05,True,5.2728941198348426e-05
Llama-3.2-3B,Llama,H3c_fidelity_vs_kvdist_within_cla,fidelity_high@k4,kvdist_high@k4,frozen,middle,sel_auc,False,True,-0.005730390650884003,0.0017708399110435015,-0.009281047935303193,-0.00217969631938796,0.0012122872780113195,True,0.008486010946079236
Llama-3.2-3B,Llama,H3c_fidelity_vs_kvdist_within_cla,fidelity_high@k4,kvdist_high@k4,frozen,middle,sel_d,False,False,-0.26310447691697414,0.05343057597697135,-0.3675640287281607,-0.15941536658757044,8.469291902350571e-07,True,3.3877167609402286e-06
Llama-3.2-3B,Llama,H3c_fidelity_vs_kvdist_within_cla,fidelity_high@k4,kvdist_high@k4,frozen,late,auc_all,False,False,0.022429714285714292,0.0027515998890096224,0.017180400000000016,0.0279680634920635,3.5938605131676867e-16,True,1.7969302565838435e-15
Llama-3.2-3B,Llama,H3c_fidelity_vs_kvdist_within_cla,fidelity_high@k4,kvdist_high@k4,frozen,late,d_all,True,False,0.7769108359353699,0.06737259534532575,0.6442149592048632,0.9076014417977953,9.147559540612883e-31,True,5.4885357243677294e-30
Llama-3.2-3B,Llama,H3c_fidelity_vs_kvdist_within_cla,fidelity_high@k4,kvdist_high@k4,frozen,late,sel_auc,False,True,-0.028015466401614404,0.0046423388584574225,-0.03719970332218909,-0.019352941327068437,1.591851949339732e-09,True,1.1142963645378125e-08
Llama-3.2-3B,Llama,H3c_fidelity_vs_kvdist_within_cla,fidelity_high@k4,kvdist_high@k4,frozen,late,sel_d,False,False,-0.1324213025105333,0.06994807378594255,-0.2721106968316018,0.005247347029662536,0.05833962251601467,False,0.35003773509608804
Llama-3.2-3B,Llama,H3c_fidelity_vs_kvdist_within_cla,fidelity_high@k4,kvdist_high@k4,frozen,all,auc_all,False,False,0.008620848484848488,0.0011450302206520095,0.006391020202020189,0.010900571717171726,5.1159130240658805e-14,True,2.3128472631069313e-13
Llama-3.2-3B,Llama,H3c_fidelity_vs_kvdist_within_cla,fidelity_high@k4,kvdist_high@k4,frozen,all,d_all,True,False,0.4472271977540496,0.041384473809194675,0.36550490648844525,0.529581975492169,3.2017623877671347e-27,True,1.921057432660281e-26
Llama-3.2-3B,Llama,H3c_fidelity_vs_kvdist_within_cla,fidelity_high@k4,kvdist_high@k4,frozen,all,sel_auc,False,True,-0.011134692273781454,0.0018682749062346464,-0.014859777327353229,-0.007521912627220975,2.5242485889302573e-09,True,1.76697401225118e-08
Llama-3.2-3B,Llama,H3c_fidelity_vs_kvdist_within_cla,fidelity_high@k4,kvdist_high@k4,frozen,all,sel_d,False,False,-0.09684925275760198,0.041902476821965205,-0.18251202501592315,-0.01570884481649188,0.020816213521641033,True,0.08829458170736422
Llama-3.2-3B,Llama,H3c_fidelity_vs_kvdist_within_cla,fidelity_high@k4,kvdist_high@k4,retrained,early,auc_all,False,False,-9.422222222223164e-05,0.00013783108162171556,-0.0003964611111111294,0.0001329444444444328,0.49422368400453864,False,1.0
Llama-3.2-3B,Llama,H3c_fidelity_vs_kvdist_within_cla,fidelity_high@k4,kvdist_high@k4,retrained,early,d_all,True,False,-0.022018049230353776,0.024933745039795754,-0.07185377730593172,0.026213635511413362,0.3772026338500337,False,1.0
Llama-3.2-3B,Llama,H3c_fidelity_vs_kvdist_within_cla,fidelity_high@k4,kvdist_high@k4,retrained,early,sel_auc,False,True,-1.7799915665195343e-05,0.00018378998657156827,-0.0003922543089816672,0.00033209466582333923,0.9228461408043331,False,1.0
Llama-3.2-3B,Llama,H3c_fidelity_vs_kvdist_within_cla,fidelity_high@k4,kvdist_high@k4,retrained,early,sel_d,False,False,0.00021024023194049501,0.018496228740160606,-0.036101956120049336,0.03575763578398234,0.9909309175742251,False,1.0
Llama-3.2-3B,Llama,H3c_fidelity_vs_kvdist_within_cla,fidelity_high@k4,kvdist_high@k4,retrained,middle,auc_all,False,False,-0.0011024761904762093,0.0003539620204894501,-0.0018665333333333655,-0.0004860507936508088,0.001841485063014669,True,0.012890395441102683
Llama-3.2-3B,Llama,H3c_fidelity_vs_kvdist_within_cla,fidelity_high@k4,kvdist_high@k4,retrained,middle,d_all,True,False,-0.04687826056942246,0.05157310338764167,-0.1476296485862968,0.05516657576227648,0.363367427583984,False,1.0
Llama-3.2-3B,Llama,H3c_fidelity_vs_kvdist_within_cla,fidelity_high@k4,kvdist_high@k4,retrained,middle,sel_auc,False,True,0.0009889009367187729,0.000751236855811796,-0.0004308874732688427,0.002567249480437356,0.18805199570852793,False,1.0
Llama-3.2-3B,Llama,H3c_fidelity_vs_kvdist_within_cla,fidelity_high@k4,kvdist_high@k4,retrained,middle,sel_d,False,False,-0.004448846970935803,0.049714843873276376,-0.10326780995025674,0.09442395661771816,0.9286946490537298,False,1.0
Llama-3.2-3B,Llama,H3c_fidelity_vs_kvdist_within_cla,fidelity_high@k4,kvdist_high@k4,retrained,late,auc_all,False,False,-0.0007037460317460077,0.000555111055100881,-0.001848330158730158,0.0003539047619048002,0.20488467423858214,False,1.0
Llama-3.2-3B,Llama,H3c_fidelity_vs_kvdist_within_cla,fidelity_high@k4,kvdist_high@k4,retrained,late,d_all,True,False,0.14752982719836044,0.06404940296124445,0.022860714180449916,0.27197762817928045,0.0212577235705538,True,0.1275463414233228
Llama-3.2-3B,Llama,H3c_fidelity_vs_kvdist_within_cla,fidelity_high@k4,kvdist_high@k4,retrained,late,sel_auc,False,True,-0.000637781994518297,0.001186975335871251,-0.0030399842625221892,0.0016601842564983348,0.5910486832575423,False,1.0
Llama-3.2-3B,Llama,H3c_fidelity_vs_kvdist_within_cla,fidelity_high@k4,kvdist_high@k4,retrained,late,sel_d,False,False,-0.020180229855898568,0.06630167540664546,-0.1508406328124983,0.108530429184801,0.7608461481474049,False,1.0
Llama-3.2-3B,Llama,H3c_fidelity_vs_kvdist_within_cla,fidelity_high@k4,kvdist_high@k4,retrained,all,auc_all,False,False,-0.0006089696969696988,0.0002857253278574892,-0.0012170585858585993,-9.996161616162284e-05,0.03306348255956844,True,0.23144437791697908
Llama-3.2-3B,Llama,H3c_fidelity_vs_kvdist_within_cla,fidelity_high@k4,kvdist_high@k4,retrained,all,d_all,True,False,0.024018935116351618,0.036543315143568345,-0.04947900555337115,0.09525188284695806,0.511005381082966,False,1.0
Llama-3.2-3B,Llama,H3c_fidelity_vs_kvdist_within_cla,fidelity_high@k4,kvdist_high@k4,retrained,all,sel_auc,False,True,0.0001052469668218985,0.0005805395296119304,-0.001031597809211675,0.0012695701560193678,0.8561386630031996,False,1.0
Llama-3.2-3B,Llama,H3c_fidelity_vs_kvdist_within_cla,fidelity_high@k4,kvdist_high@k4,retrained,all,sel_d,False,False,-0.007760073451468938,0.03663184504544287,-0.08222943225938488,0.06392569545462465,0.8322322147605782,False,1.0
Llama-3.2-3B,Llama,H3c_fidelity_vs_kvdist_within_cla,fidelity_high@k4,kvdist_high@k4,behavior,behavior,auc_all,True,False,-0.10523822222222223,0.017439634146692952,-0.13873753333333336,-0.06995360000000006,1.5952641905486528e-09,True,3.1905283810973055e-09
Llama-3.2-3B,Llama,H3c_fidelity_vs_kvdist_within_cla,fidelity_high@k4,kvdist_high@k4,behavior,behavior,d_all,False,False,-0.3636946321119975,0.06448556006289242,-0.49026798853714204,-0.23343570665284663,1.7011031029885145e-08,True,5.103309308965543e-08
Llama-3.2-3B,Llama,H3c_fidelity_vs_kvdist_within_cla,fidelity_high@k4,kvdist_high@k4,behavior,behavior,sel_auc,False,True,-0.07554397006114277,0.033037499544799065,-0.1400788633248999,-0.00993944602572212,0.022218432179245726,True,0.06665529653773718
Llama-3.2-3B,Llama,H3c_fidelity_vs_kvdist_within_cla,fidelity_high@k4,kvdist_high@k4,behavior,behavior,sel_d,False,False,-0.23555005934179707,0.12062017357578546,-0.4696903756833667,0.007613671126758932,0.05084036570833955,False,0.2033614628333582
Llama-3.2-3B,Llama,C1_live_vs_clean_semantics,live_prev_head,cf_prev_head,frozen,early,auc_all,False,False,0.0002560000000000062,0.00041112329030614474,-0.0005129500000000068,0.001089616666666649,0.5334920309806399,False,1.0
Llama-3.2-3B,Llama,C1_live_vs_clean_semantics,live_prev_head,cf_prev_head,frozen,early,d_all,True,False,0.014488615577576525,0.017746286039949224,-0.01982223331006409,0.04849875041334779,0.4142537523797396,False,0.8285075047594792
Llama-3.2-3B,Llama,C1_live_vs_clean_semantics,live_prev_head,cf_prev_head,frozen,early,sel_auc,False,True,0.0022660631456883767,0.0005780516717196183,0.001141071579169273,0.0034460152461522247,8.848505113288551e-05,True,0.0006193953579301986
Llama-3.2-3B,Llama,C1_live_vs_clean_semantics,live_prev_head,cf_prev_head,frozen,early,sel_d,False,False,0.12379383625688761,0.016732347865526666,0.09230476017609253,0.15704104600449742,1.377586290392849e-13,True,8.265517742357093e-13
Llama-3.2-3B,Llama,C1_live_vs_clean_semantics,live_prev_head,cf_prev_head,frozen,middle,auc_all,False,False,7.136507936506791e-05,0.002043127883110619,-0.00374274920634917,0.004166692063492061,0.972136096313902,False,1.0
Llama-3.2-3B,Llama,C1_live_vs_clean_semantics,live_prev_head,cf_prev_head,frozen,middle,d_all,True,False,-0.013290225138044549,0.043698329471417455,-0.09818427195420393,0.07300258221091603,0.7610244552860244,False,0.7610244552860244
Llama-3.2-3B,Llama,C1_live_vs_clean_semantics,live_prev_head,cf_prev_head,frozen,middle,sel_auc,False,True,0.008933137556097688,0.0030339955048785568,0.0031618532574319938,0.014957269359356666,0.0032363623188127735,True,0.01618181159406387
Llama-3.2-3B,Llama,C1_live_vs_clean_semantics,live_prev_head,cf_prev_head,frozen,middle,sel_d,False,False,0.26713540077654696,0.05086420789094895,0.16728222993541578,0.3690363000123019,1.5051139515973913e-07,True,7.525569757986956e-07
Llama-3.2-3B,Llama,C1_live_vs_clean_semantics,live_prev_head,cf_prev_head,frozen,late,auc_all,False,False,0.06521574603174599,0.006652763305308089,0.05228459047619046,0.07823111111111113,1.0950102162774446e-22,True,6.570061297664668e-22
Llama-3.2-3B,Llama,C1_live_vs_clean_semantics,live_prev_head,cf_prev_head,frozen,late,d_all,True,False,0.40144087742279594,0.04782163941866654,0.30784178038737936,0.4980193872268485,4.677040853022763e-17,True,1.8708163412091052e-16
Llama-3.2-3B,Llama,C1_live_vs_clean_semantics,live_prev_head,cf_prev_head,frozen,late,sel_auc,False,True,-0.011722782446311877,0.010876782030600747,-0.032477811135206786,0.010384499638565085,0.2811317701045023,False,0.8433953103135069
Llama-3.2-3B,Llama,C1_live_vs_clean_semantics,live_prev_head,cf_prev_head,frozen,late,sel_d,False,False,-0.030716178293944518,0.06767732488722784,-0.15954497796959388,0.10565603698616062,0.6499280251465158,False,1.0
Llama-3.2-3B,Llama,C1_live_vs_clean_semantics,live_prev_head,cf_prev_head,frozen,all,auc_all,False,False,0.02086626262626261,0.0023804357499596328,0.016305222222222228,0.025644850505050498,1.8556642076390886e-18,True,1.1133985245834532e-17
Llama-3.2-3B,Llama,C1_live_vs_clean_semantics,live_prev_head,cf_prev_head,frozen,all,d_all,True,False,0.128771067755176,0.02498365430824675,0.08113804735755127,0.1795860854452463,2.5469874988813087e-07,True,7.640962496643926e-07
Llama-3.2-3B,Llama,C1_live_vs_clean_semantics,live_prev_head,cf_prev_head,frozen,all,sel_auc,False,True,-6.359132118147204e-05,0.0038164029347267777,-0.007576707013206039,0.007712817333678355,0.9867057576288429,False,0.9867057576288429
Llama-3.2-3B,Llama,C1_live_vs_clean_semantics,live_prev_head,cf_prev_head,frozen,all,sel_d,False,False,0.12024023851969629,0.03202032494094613,0.05831023499793496,0.184255850629028,0.00017325680661578043,True,0.0010395408396946825
Llama-3.2-3B,Llama,C1_live_vs_clean_semantics,live_prev_head,cf_prev_head,retrained,early,auc_all,False,False,-1.1111111111045124e-06,0.00011061147332946434,-0.00022201666666666654,0.00021449999999998938,0.991985248320075,False,1.0
Llama-3.2-3B,Llama,C1_live_vs_clean_semantics,live_prev_head,cf_prev_head,retrained,early,d_all,True,False,-0.004486114318059231,0.01898199324543604,-0.0432800480735133,0.032763226986433094,0.8131725278598936,False,1.0
Llama-3.2-3B,Llama,C1_live_vs_clean_semantics,live_prev_head,cf_prev_head,retrained,early,sel_auc,False,True,0.00014452350832803995,0.00023005327465409797,-0.00025927564305288503,0.000627169183533641,0.5298614243023942,False,1.0
Llama-3.2-3B,Llama,C1_live_vs_clean_semantics,live_prev_head,cf_prev_head,retrained,early,sel_d,False,False,0.021590266922826618,0.013901152412662066,-0.005298235176677166,0.04801875953968115,0.12039259446308359,False,0.7223555667785015
Llama-3.2-3B,Llama,C1_live_vs_clean_semantics,live_prev_head,cf_prev_head,retrained,middle,auc_all,False,False,2.793650793651649e-05,0.000365404626295485,-0.0007314349206349071,0.0007230476190476073,0.9390582085553774,False,1.0
Llama-3.2-3B,Llama,C1_live_vs_clean_semantics,live_prev_head,cf_prev_head,retrained,middle,d_all,True,False,0.0364167869096884,0.05700402946435662,-0.07344460611997312,0.14812593011575045,0.522923226158027,False,1.0
Llama-3.2-3B,Llama,C1_live_vs_clean_semantics,live_prev_head,cf_prev_head,retrained,middle,sel_auc,False,True,-0.00015014909189482926,0.0006316541578121234,-0.0013206189572603434,0.0011665320321677132,0.8121077683093498,False,1.0
Llama-3.2-3B,Llama,C1_live_vs_clean_semantics,live_prev_head,cf_prev_head,retrained,middle,sel_d,False,False,0.01026932669757923,0.04488473205658685,-0.07891946420116001,0.10166492857997805,0.8190295618556053,False,1.0
Llama-3.2-3B,Llama,C1_live_vs_clean_semantics,live_prev_head,cf_prev_head,retrained,late,auc_all,False,False,0.00031898412698413585,0.0009551630848539191,-0.0015237206349206426,0.0022593206349206204,0.7384114309791525,False,1.0
Llama-3.2-3B,Llama,C1_live_vs_clean_semantics,live_prev_head,cf_prev_head,retrained,late,d_all,True,False,-0.034748778895093375,0.07432682974863418,-0.18123598068514316,0.11544827948410234,0.6401327034123044,False,1.0
Llama-3.2-3B,Llama,C1_live_vs_clean_semantics,live_prev_head,cf_prev_head,retrained,late,sel_auc,False,True,-0.0016481973434535296,0.00227120663591813,-0.006341002454745348,0.0027761268485888783,0.4680273756932165,False,1.0
Llama-3.2-3B,Llama,C1_live_vs_clean_semantics,live_prev_head,cf_prev_head,retrained,late,sel_d,False,False,-0.010209138570453913,0.0709949635913142,-0.14965164209823667,0.1313775079454953,0.8856577042838399,False,1.0
Llama-3.2-3B,Llama,C1_live_vs_clean_semantics,live_prev_head,cf_prev_head,retrained,all,auc_all,False,False,0.00010997979797980592,0.00039041320285965994,-0.0006704666666666718,0.0008611979797979825,0.7781727712976748,False,1.0
Llama-3.2-3B,Llama,C1_live_vs_clean_semantics,live_prev_head,cf_prev_head,retrained,all,d_all,True,False,-0.001100584474650395,0.04004156677459246,-0.08002426704326754,0.0771521718398128,0.9780720667656193,False,1.0
Llama-3.2-3B,Llama,C1_live_vs_clean_semantics,live_prev_head,cf_prev_head,retrained,all,sel_auc,False,True,-0.0005196471354915542,0.0008364278405930104,-0.0022071126828052687,0.0011478390403081974,0.5344222949735774,False,1.0
Llama-3.2-3B,Llama,C1_live_vs_clean_semantics,live_prev_head,cf_prev_head,retrained,all,sel_d,False,False,0.007870156921476825,0.03486625825255973,-0.059485463035950925,0.07824851949046285,0.8214159645811677,False,1.0
Llama-3.2-3B,Llama,C1_live_vs_clean_semantics,live_prev_head,cf_prev_head,behavior,behavior,auc_all,True,False,-0.17014844444444444,0.019874198505278953,-0.2085301555555555,-0.1298952222222223,1.1162776567829906e-17,True,4.4651106271319625e-17
Llama-3.2-3B,Llama,C1_live_vs_clean_semantics,live_prev_head,cf_prev_head,behavior,behavior,d_all,False,False,-0.6099599610526111,0.06982682587182826,-0.7496185528986081,-0.47188284238465994,2.4295831672191262e-18,True,9.718332668876505e-18
Llama-3.2-3B,Llama,C1_live_vs_clean_semantics,live_prev_head,cf_prev_head,behavior,behavior,sel_auc,False,True,-0.1502111849040691,0.03465981045689653,-0.21831431609740665,-0.08448221299810264,1.4650932604637107e-05,True,8.790559562782264e-05
Llama-3.2-3B,Llama,C1_live_vs_clean_semantics,live_prev_head,cf_prev_head,behavior,behavior,sel_d,False,False,-0.491123932191913,0.1205481044831392,-0.7196758758486754,-0.26224678467597395,4.6194442936600035e-05,True,0.0002771666576196002
Llama-3.2-3B,Llama,C2_previous_vs_next_head_source,cf_prev_head,cf_next_head,frozen,early,auc_all,False,False,-0.0019693333333333507,0.0007063872020199346,-0.0034495777777777893,-0.0007462666666666887,0.005305173906827235,True,0.026525869534136173
Llama-3.2-3B,Llama,C2_previous_vs_next_head_source,cf_prev_head,cf_next_head,frozen,early,d_all,True,False,-0.12805062398222222,0.04205690831481239,-0.20806850088375023,-0.04467565745227296,0.0023291333562735286,True,0.006987400068820586
Llama-3.2-3B,Llama,C2_previous_vs_next_head_source,cf_prev_head,cf_next_head,frozen,early,sel_auc,False,True,-0.0038319892473118317,0.000983291021813193,-0.005744009856630859,-0.001895349462365582,9.734905575910544e-05,True,0.0006193953579301986
Llama-3.2-3B,Llama,C2_previous_vs_next_head_source,cf_prev_head,cf_next_head,frozen,early,sel_d,False,False,-0.4657324798816597,0.04418646959857562,-0.5596402229700098,-0.38270922281030095,5.640257910475803e-26,True,3.9481805373330617e-25
Llama-3.2-3B,Llama,C2_previous_vs_next_head_source,cf_prev_head,cf_next_head,frozen,middle,auc_all,False,False,-0.008047492063492059,0.0025169594990945366,-0.013090850793650785,-0.003073987301587317,0.001387172355480435,True,0.0069358617774021745
Llama-3.2-3B,Llama,C2_previous_vs_next_head_source,cf_prev_head,cf_next_head,frozen,middle,d_all,True,False,-0.2349083338956167,0.0635329251579682,-0.3622671627923448,-0.11414712695719545,0.00021779607810568476,True,0.000871184312422739
Llama-3.2-3B,Llama,C2_previous_vs_next_head_source,cf_prev_head,cf_next_head,frozen,middle,sel_auc,False,True,-0.012652389988253354,0.004202568902103633,-0.020921835788078616,-0.004420101427667878,0.0026070428345457853,True,0.015642257007274712
Llama-3.2-3B,Llama,C2_previous_vs_next_head_source,cf_prev_head,cf_next_head,frozen,middle,sel_d,False,False,-0.7355088189943703,0.08039154578552797,-0.9015501285077853,-0.5806975360803287,5.741956212653358e-20,True,4.0193693488573507e-19
Llama-3.2-3B,Llama,C2_previous_vs_next_head_source,cf_prev_head,cf_next_head,frozen,late,auc_all,False,False,-0.09393599999999999,0.007346465762606327,-0.10816352380952385,-0.07986304761904763,1.9492074454573795e-37,True,1.3644452118201656e-36
Llama-3.2-3B,Llama,C2_previous_vs_next_head_source,cf_prev_head,cf_next_head,frozen,late,d_all,True,False,-0.7556541277652915,0.059267754088492296,-0.8766678061594412,-0.6446273772227098,3.1240291139923606e-37,True,2.1868203797946526e-36
Llama-3.2-3B,Llama,C2_previous_vs_next_head_source,cf_prev_head,cf_next_head,frozen,late,sel_auc,False,True,-0.02083327911809886,0.012771929937191936,-0.046043191921930106,0.0024568696726001704,0.10285296442122781,False,0.41141185768491123
Llama-3.2-3B,Llama,C2_previous_vs_next_head_source,cf_prev_head,cf_next_head,frozen,late,sel_d,False,False,-0.546194541533926,0.09237419277439825,-0.7364685917568741,-0.366255125384168,3.3624287682467113e-09,True,2.353700137772698e-08
Llama-3.2-3B,Llama,C2_previous_vs_next_head_source,cf_prev_head,cf_next_head,frozen,all,auc_all,False,False,-0.03316541414141414,0.002794484311456633,-0.03866589898989898,-0.027965511111111112,1.7321568586392645e-32,True,1.2125098010474851e-31
Llama-3.2-3B,Llama,C2_previous_vs_next_head_source,cf_prev_head,cf_next_head,frozen,all,d_all,True,False,-0.36174282834018795,0.0399595723340502,-0.4424780075204899,-0.2864394554903347,1.3945025418149867e-19,True,5.578010167259947e-19
Llama-3.2-3B,Llama,C2_previous_vs_next_head_source,cf_prev_head,cf_next_head,frozen,all,sel_auc,False,True,-0.012047981714680005,0.004877642008150545,-0.02131559561458992,-0.002822503953194204,0.0135097104912118,True,0.067548552456059
Llama-3.2-3B,Llama,C2_previous_vs_next_head_source,cf_prev_head,cf_next_head,frozen,all,sel_d,False,False,-0.5771719710341524,0.05652849359403364,-0.6937919434965528,-0.46814427288982124,1.7834215412690887e-24,True,1.2483950788883621e-23
Llama-3.2-3B,Llama,C2_previous_vs_next_head_source,cf_prev_head,cf_next_head,retrained,early,auc_all,False,False,-0.00022800000000000598,0.00013764224147942426,-0.0005095611111111106,3.4255555555533045e-05,0.09762703385989555,False,0.6833892370192688
Llama-3.2-3B,Llama,C2_previous_vs_next_head_source,cf_prev_head,cf_next_head,retrained,early,d_all,True,False,-0.033159619382864824,0.036508852990179266,-0.10288008545762375,0.03793819549191425,0.36373958920755356,False,1.0
Llama-3.2-3B,Llama,C2_previous_vs_next_head_source,cf_prev_head,cf_next_head,retrained,early,sel_auc,False,True,0.0005550152856842044,0.0003002315138637583,-4.290006325112502e-06,0.001187777118912064,0.06451207484114219,False,0.4515845238879953
Llama-3.2-3B,Llama,C2_previous_vs_next_head_source,cf_prev_head,cf_next_head,retrained,early,sel_d,False,False,-0.05114829483372141,0.02987754655633657,-0.11037111910628286,0.0050380143191755145,0.08690940546457089,False,0.6083658382519962
Llama-3.2-3B,Llama,C2_previous_vs_next_head_source,cf_prev_head,cf_next_head,retrained,middle,auc_all,False,False,0.0005231746031745889,0.0003436272358223748,-9.860317460319131e-05,0.0012234539682539818,0.12788228861244796,False,0.6394114430622398
Llama-3.2-3B,Llama,C2_previous_vs_next_head_source,cf_prev_head,cf_next_head,retrained,middle,d_all,True,False,0.13517551400186864,0.06014972866456448,0.014609231979263818,0.2556047922215821,0.024619768573873577,True,0.14771861144324147
Llama-3.2-3B,Llama,C2_previous_vs_next_head_source,cf_prev_head,cf_next_head,retrained,middle,sel_auc,False,True,-0.00043518267522065933,0.0008065335537809881,-0.0021699493991144763,0.0010324495497123535,0.5894924423859581,False,1.0
Llama-3.2-3B,Llama,C2_previous_vs_next_head_source,cf_prev_head,cf_next_head,retrained,middle,sel_d,False,False,-0.030301981297584532,0.0545403811072347,-0.13942847686765816,0.072689411200862,0.5784925362081279,False,1.0
Llama-3.2-3B,Llama,C2_previous_vs_next_head_source,cf_prev_head,cf_next_head,retrained,late,auc_all,False,False,-0.0007890793650793577,0.000742009173795594,-0.002304571428571414,0.0006168253968254134,0.28758421482771246,False,1.0
Llama-3.2-3B,Llama,C2_previous_vs_next_head_source,cf_prev_head,cf_next_head,retrained,late,d_all,True,False,0.06779181342528824,0.07311859292987799,-0.07801335831690215,0.21552222044562913,0.35384929795634834,False,1.0
Llama-3.2-3B,Llama,C2_previous_vs_next_head_source,cf_prev_head,cf_next_head,retrained,late,sel_auc,False,True,0.0016606246799795324,0.001597808777596579,-0.0010911595283274438,0.0051101746935333136,0.2986588282399034,False,1.0
Llama-3.2-3B,Llama,C2_previous_vs_next_head_source,cf_prev_head,cf_next_head,retrained,late,sel_d,False,False,-0.028231013868107564,0.07343672180069583,-0.17183159471796874,0.11627224308580118,0.700662443906105,False,1.0
Llama-3.2-3B,Llama,C2_previous_vs_next_head_source,cf_prev_head,cf_next_head,retrained,all,auc_all,False,False,-0.0001675151515151559,0.00029128858508886023,-0.0007337636363636339,0.0004089131313131255,0.565235076070342,False,1.0
Llama-3.2-3B,Llama,C2_previous_vs_next_head_source,cf_prev_head,cf_next_head,retrained,all,d_all,True,False,0.05252246986032634,0.0423549421420879,-0.032486952719016776,0.13445517510901628,0.21495494623746014,False,1.0
Llama-3.2-3B,Llama,C2_previous_vs_next_head_source,cf_prev_head,cf_next_head,retrained,all,sel_auc,False,True,0.0005917371053993522,0.0005882383137740254,-0.0005792892875625273,0.0017843867757268842,0.3144406254640012,False,1.0
Llama-3.2-3B,Llama,C2_previous_vs_next_head_source,cf_prev_head,cf_next_head,retrained,all,sel_d,False,False,-0.03722351476498254,0.040358520463147134,-0.11715906656985474,0.0401561890198194,0.3563611140747007,False,1.0
Llama-3.2-3B,Llama,C2_previous_vs_next_head_source,cf_prev_head,cf_next_head,behavior,behavior,auc_all,True,False,-0.11339999999999995,0.018561521710499025,-0.15146428888888894,-0.07738380000000006,9.999831756605261e-10,True,2.9999495269815786e-09
Llama-3.2-3B,Llama,C2_previous_vs_next_head_source,cf_prev_head,cf_next_head,behavior,behavior,d_all,False,False,-0.34121772216805724,0.0679096494960653,-0.4764814811374965,-0.21087425167499768,5.045255663542837e-07,True,1.0090511327085674e-06
Llama-3.2-3B,Llama,C2_previous_vs_next_head_source,cf_prev_head,cf_next_head,behavior,behavior,sel_auc,False,True,0.005036632932743035,0.0291992425888505,-0.050690256694075446,0.06441635357368744,0.8630508260929588,False,0.886033945136325
Llama-3.2-3B,Llama,C2_previous_vs_next_head_source,cf_prev_head,cf_next_head,behavior,behavior,sel_d,False,False,0.09438182569607978,0.10623558226954927,-0.10880210943613577,0.30893985195125856,0.37431482201538735,False,1.0
SmolLM3-3B-Base,SmolLM,H3a_cka_similar_vs_dissimilar,cka_high@k5,cka_low@k5,frozen,early,auc_all,False,False,-0.0004853333333333376,0.0003966082601609121,-0.0013563599999999942,0.00018776888888889464,0.22106179884184352,False,0.6247560233155178
SmolLM3-3B-Base,SmolLM,H3a_cka_similar_vs_dissimilar,cka_high@k5,cka_low@k5,frozen,early,d_all,True,False,-0.15806712345271395,0.038607735952011134,-0.2345590087915284,-0.07994824663998408,4.236602100176758e-05,True,0.00012709806300530274
SmolLM3-3B-Base,SmolLM,H3a_cka_similar_vs_dissimilar,cka_high@k5,cka_low@k5,frozen,early,sel_auc,False,True,0.0018052624920936067,0.0010750768812466372,0.00011760884461312516,0.004299096668775028,0.09311426929873803,True,0.31180087966458137
SmolLM3-3B-Base,SmolLM,H3a_cka_similar_vs_dissimilar,cka_high@k5,cka_low@k5,frozen,early,sel_d,False,False,0.049171990850299,0.03565724359644489,-0.01921554079116567,0.11796135818941418,0.16788911684422325,False,0.16788911684422325
SmolLM3-3B-Base,SmolLM,H3a_cka_similar_vs_dissimilar,cka_high@k5,cka_low@k5,frozen,middle,auc_all,False,False,-0.0039674074074074195,0.0008385666877974757,-0.00576632098765432,-0.0024615654320987515,2.232218024089555e-06,True,1.3393308144537329e-05
SmolLM3-3B-Base,SmolLM,H3a_cka_similar_vs_dissimilar,cka_high@k5,cka_low@k5,frozen,middle,d_all,True,False,-0.8085415610389559,0.07397602230029249,-0.9572698288997636,-0.6709300973896357,8.305061218299002e-28,True,4.983036730979402e-27
SmolLM3-3B-Base,SmolLM,H3a_cka_similar_vs_dissimilar,cka_high@k5,cka_low@k5,frozen,middle,sel_auc,False,True,0.006994902429311002,0.001976395590478914,0.003458118923794129,0.011123466746316186,0.0004013084604193474,True,0.0028091592229354317
SmolLM3-3B-Base,SmolLM,H3a_cka_similar_vs_dissimilar,cka_high@k5,cka_low@k5,frozen,middle,sel_d,False,False,0.38395895656402174,0.07504554171393732,0.23746810613707242,0.5338060414236984,3.1151141169144263e-07,True,1.8690684701486558e-06
SmolLM3-3B-Base,SmolLM,H3a_cka_similar_vs_dissimilar,cka_high@k5,cka_low@k5,frozen,late,auc_all,False,False,-0.00500345679012346,0.0010925895147739526,-0.007297580246913567,-0.0029689481481481447,4.662048317245929e-06,True,2.3310241586229644e-05
SmolLM3-3B-Base,SmolLM,H3a_cka_similar_vs_dissimilar,cka_high@k5,cka_low@k5,frozen,late,d_all,True,False,-0.6844752647859345,0.07247067130625845,-0.8417036782409724,-0.551733551040458,3.5588348328134535e-21,True,2.1353008996880723e-20
SmolLM3-3B-Base,SmolLM,H3a_cka_similar_vs_dissimilar,cka_high@k5,cka_low@k5,frozen,late,sel_auc,False,True,0.005612275400004678,0.002421859598666867,0.0011011054887904756,0.010616324349333513,0.020485144312411947,True,0.06145543293723584
SmolLM3-3B-Base,SmolLM,H3a_cka_similar_vs_dissimilar,cka_high@k5,cka_low@k5,frozen,late,sel_d,False,False,0.18539635738815152,0.070838021951139,0.04840605262702596,0.32309554850633876,0.008865772986859106,True,0.026597318960577317
SmolLM3-3B-Base,SmolLM,H3a_cka_similar_vs_dissimilar,cka_high@k5,cka_low@k5,frozen,all,auc_all,False,False,-0.003056825396825403,0.0006024690054525191,-0.0043015746031745935,-0.0019540063492063543,3.8988712333337914e-07,True,2.339322740000275e-06
SmolLM3-3B-Base,SmolLM,H3a_cka_similar_vs_dissimilar,cka_high@k5,cka_low@k5,frozen,all,d_all,True,False,-0.5363508095339696,0.04983243581997863,-0.6330705765735608,-0.44289160843029507,5.141868246772907e-27,True,3.0851209480637443e-26
SmolLM3-3B-Base,SmolLM,H3a_cka_similar_vs_dissimilar,cka_high@k5,cka_low@k5,frozen,all,sel_auc,False,True,0.0046970437637420415,0.0014055700202728557,0.002085943345079959,0.007477192196771176,0.0008325624318282221,True,0.004995374590969333
SmolLM3-3B-Base,SmolLM,H3a_cka_similar_vs_dissimilar,cka_high@k5,cka_low@k5,frozen,all,sel_d,False,False,0.20056849050259107,0.04789017107475757,0.10691251650160126,0.2932518753977536,2.8130823973341428e-05,True,6.427125394334551e-05
SmolLM3-3B-Base,SmolLM,H3a_cka_similar_vs_dissimilar,cka_high@k5,cka_low@k5,retrained,early,auc_all,False,False,-0.0002730666666666548,0.00015655559860977731,-0.000620808888888899,-5.320000000034259e-06,0.08112155855899934,True,0.4867293513539961
SmolLM3-3B-Base,SmolLM,H3a_cka_similar_vs_dissimilar,cka_high@k5,cka_low@k5,retrained,early,d_all,True,False,-0.06752875656130301,0.021219770339882333,-0.10941437943093789,-0.023909850498454514,0.0014608467901221975,True,0.008765080740733185
SmolLM3-3B-Base,SmolLM,H3a_cka_similar_vs_dissimilar,cka_high@k5,cka_low@k5,retrained,early,sel_auc,False,True,0.0003706578115116988,0.00037271707932885675,-0.00021992947501580347,0.0012136946025721833,0.3199916784121284,False,1.0
SmolLM3-3B-Base,SmolLM,H3a_cka_similar_vs_dissimilar,cka_high@k5,cka_low@k5,retrained,early,sel_d,False,False,-0.0540066104486216,0.018980566637435112,-0.0913325399654563,-0.017142429459154233,0.004436077563981895,True,0.01774431025592758
SmolLM3-3B-Base,SmolLM,H3a_cka_similar_vs_dissimilar,cka_high@k5,cka_low@k5,retrained,middle,auc_all,False,False,-0.00024237037037036193,0.0003307788762040677,-0.000952493827160512,0.00036950123456790194,0.46372540143901564,False,1.0
SmolLM3-3B-Base,SmolLM,H3a_cka_similar_vs_dissimilar,cka_high@k5,cka_low@k5,retrained,middle,d_all,True,False,-0.03652390666864284,0.05027753982493716,-0.13572507505697398,0.05686281599587115,0.4675655345570392,False,1.0
SmolLM3-3B-Base,SmolLM,H3a_cka_similar_vs_dissimilar,cka_high@k5,cka_low@k5,retrained,middle,sel_auc,False,True,0.00035166912643193175,0.0008741164414673252,-0.0011381995103895296,0.0022776501628130087,0.6874530836109327,False,1.0
SmolLM3-3B-Base,SmolLM,H3a_cka_similar_vs_dissimilar,cka_high@k5,cka_low@k5,retrained,middle,sel_d,False,False,-0.05491380305963117,0.04695581275217323,-0.1461183688926903,0.031840093460629326,0.24221098781664718,False,1.0
SmolLM3-3B-Base,SmolLM,H3a_cka_similar_vs_dissimilar,cka_high@k5,cka_low@k5,retrained,late,auc_all,False,False,-2.133333333331766e-05,0.0005623088829838871,-0.001137787654321003,0.0011385037037037146,0.9697364644986293,False,1.0
SmolLM3-3B-Base,SmolLM,H3a_cka_similar_vs_dissimilar,cka_high@k5,cka_low@k5,retrained,late,d_all,True,False,-0.04936968454755148,0.06583462298020365,-0.17764124578793797,0.08391516597247702,0.45331218271992546,False,1.0
SmolLM3-3B-Base,SmolLM,H3a_cka_similar_vs_dissimilar,cka_high@k5,cka_low@k5,retrained,late,sel_auc,False,True,-0.0009964485674795525,0.0012955058536426192,-0.003628030020849445,0.0015914904420549507,0.4417995769072298,False,1.0
SmolLM3-3B-Base,SmolLM,H3a_cka_similar_vs_dissimilar,cka_high@k5,cka_low@k5,retrained,late,sel_d,False,False,-0.12381513817968227,0.06736204202044961,-0.2595892036562117,0.0073496758159501225,0.06605430114258903,False,0.46238010799812324
SmolLM3-3B-Base,SmolLM,H3a_cka_similar_vs_dissimilar,cka_high@k5,cka_low@k5,retrained,all,auc_all,False,False,-0.0001822857142857023,0.0002849493229092005,-0.0007527650793650815,0.00036571428571427104,0.522359366379817,False,1.0
SmolLM3-3B-Base,SmolLM,H3a_cka_similar_vs_dissimilar,cka_high@k5,cka_low@k5,retrained,all,d_all,True,False,-0.05172606737709925,0.03548838781263201,-0.12195635253606728,0.01619668296052288,0.1449648708818175,False,0.869789225290905
SmolLM3-3B-Base,SmolLM,H3a_cka_similar_vs_dissimilar,cka_high@k5,cka_low@k5,retrained,all,sel_auc,False,True,-7.48727447968429e-05,0.000717177648356195,-0.0013751570547573936,0.0014107255617300772,0.9168525884474179,False,1.0
SmolLM3-3B-Base,SmolLM,H3a_cka_similar_vs_dissimilar,cka_high@k5,cka_low@k5,retrained,all,sel_d,False,False,-0.07673666341571561,0.03360249719480247,-0.1431308217528022,-0.013748424175690948,0.02239154742251145,True,0.1343492845350687
SmolLM3-3B-Base,SmolLM,H3a_cka_similar_vs_dissimilar,cka_high@k5,cka_low@k5,behavior,behavior,auc_all,False,False,-0.3490053333333334,0.01513812173121128,-0.3783304444444444,-0.31932333333333335,1.318634152554213e-117,True,9.23043906787949e-117
SmolLM3-3B-Base,SmolLM,H3a_cka_similar_vs_dissimilar,cka_high@k5,cka_low@k5,behavior,behavior,d_all,True,False,-1.9133120242401878,0.08374036917750972,-2.083742893101575,-1.755394359319102,1.5248147606278288e-115,True,1.0673703324394802e-114
SmolLM3-3B-Base,SmolLM,H3a_cka_similar_vs_dissimilar,cka_high@k5,cka_low@k5,behavior,behavior,sel_auc,False,True,0.005482742989668998,0.02846952784461413,-0.049996936538056085,0.06008272269660558,0.8472856722820604,False,1.0
SmolLM3-3B-Base,SmolLM,H3a_cka_similar_vs_dissimilar,cka_high@k5,cka_low@k5,behavior,behavior,sel_d,False,False,0.1096920588943795,0.1524492105595443,-0.1902555155704678,0.395112911678055,0.4718132998540978,False,0.9436265997081956
SmolLM3-3B-Base,SmolLM,H3a_kvdist_within_cla_similar_vs_dissimilar,kvdist_low@k5,kvdist_high@k5,frozen,early,auc_all,False,False,0.0011230222222222142,0.0002868586954682465,0.0006078222222222202,0.00169283555555556,9.04428404928202e-05,True,0.0005426570429569212
SmolLM3-3B-Base,SmolLM,H3a_kvdist_within_cla_similar_vs_dissimilar,kvdist_low@k5,kvdist_high@k5,frozen,early,d_all,True,False,0.2787374071867239,0.042014719113134404,0.19815614936311224,0.3629463965711226,3.2609049406641716e-11,True,1.9565429643985028e-10
SmolLM3-3B-Base,SmolLM,H3a_kvdist_within_cla_similar_vs_dissimilar,kvdist_low@k5,kvdist_high@k5,frozen,early,sel_auc,False,True,-0.00031287370862324014,0.000552292074304751,-0.001430685273033947,0.0007501537001897534,0.5710536271249393,False,0.840326481692593
SmolLM3-3B-Base,SmolLM,H3a_kvdist_within_cla_similar_vs_dissimilar,kvdist_low@k5,kvdist_high@k5,frozen,early,sel_d,False,False,0.19910354740324748,0.03344729782292472,0.1397232110930523,0.26562853081263293,2.636669158851527e-09,True,1.5820014953109163e-08
SmolLM3-3B-Base,SmolLM,H3a_kvdist_within_cla_similar_vs_dissimilar,kvdist_low@k5,kvdist_high@k5,frozen,middle,auc_all,False,False,0.005669530864197549,0.0008787784071496558,0.004035081481481498,0.0074361777777777775,1.106719800426122e-10,True,7.747038602982854e-10
SmolLM3-3B-Base,SmolLM,H3a_kvdist_within_cla_similar_vs_dissimilar,kvdist_low@k5,kvdist_high@k5,frozen,middle,d_all,True,False,0.9078832650884829,0.07619652651948589,0.7641987611968453,1.059445235151497,9.884047567246514e-33,True,6.91883329707256e-32
SmolLM3-3B-Base,SmolLM,H3a_kvdist_within_cla_similar_vs_dissimilar,kvdist_low@k5,kvdist_high@k5,frozen,middle,sel_auc,False,True,-0.002797519151029622,0.0017864742801987615,-0.006592658420596411,0.0005065569142830304,0.11736166612123211,False,0.35429550397457366
SmolLM3-3B-Base,SmolLM,H3a_kvdist_within_cla_similar_vs_dissimilar,kvdist_low@k5,kvdist_high@k5,frozen,middle,sel_d,False,False,0.13550862214698967,0.06672010735537139,0.008157878525101284,0.266563671599344,0.042254866723564426,True,0.08450973344712885
SmolLM3-3B-Base,SmolLM,H3a_kvdist_within_cla_similar_vs_dissimilar,kvdist_low@k5,kvdist_high@k5,frozen,late,auc_all,False,False,0.0147944691358025,0.0021627306050735285,0.010747229629629635,0.019310064197530882,7.88382085150174e-12,True,5.518674596051218e-11
SmolLM3-3B-Base,SmolLM,H3a_kvdist_within_cla_similar_vs_dissimilar,kvdist_low@k5,kvdist_high@k5,frozen,late,d_all,True,False,0.9522748513826893,0.0744639312836867,0.8168895591178833,1.1024497718680177,1.9034222884829676e-37,True,1.3323956019380774e-36
SmolLM3-3B-Base,SmolLM,H3a_kvdist_within_cla_similar_vs_dissimilar,kvdist_low@k5,kvdist_high@k5,frozen,late,sel_auc,False,True,-0.01140780799775107,0.003976091937961418,-0.019819202508960597,-0.003957904221425735,0.00411640773641312,True,0.0205820386820656
SmolLM3-3B-Base,SmolLM,H3a_kvdist_within_cla_similar_vs_dissimilar,kvdist_low@k5,kvdist_high@k5,frozen,late,sel_d,False,False,0.22804168533883018,0.07234970040925838,0.09019027528220865,0.3748676872798969,0.001621913578587073,True,0.008109567892935364
SmolLM3-3B-Base,SmolLM,H3a_kvdist_within_cla_similar_vs_dissimilar,kvdist_low@k5,kvdist_high@k5,frozen,all,auc_all,False,False,0.006978793650793664,0.0009336150028342755,0.005220138095238084,0.008985458730158722,7.719033253305278e-14,True,5.403323277313695e-13
SmolLM3-3B-Base,SmolLM,H3a_kvdist_within_cla_similar_vs_dissimilar,kvdist_low@k5,kvdist_high@k5,frozen,all,d_all,True,False,0.6974570400038498,0.052153043983215366,0.5971224517556583,0.8032038041416408,8.663953735869255e-41,True,6.064767615108479e-40
SmolLM3-3B-Base,SmolLM,H3a_kvdist_within_cla_similar_vs_dissimilar,kvdist_low@k5,kvdist_high@k5,frozen,all,sel_auc,False,True,-0.004677738622330665,0.001759791481583303,-0.008300885891991202,-0.0014305280526188968,0.007857768490095477,True,0.03928884245047739
SmolLM3-3B-Base,SmolLM,H3a_kvdist_within_cla_similar_vs_dissimilar,kvdist_low@k5,kvdist_high@k5,frozen,all,sel_d,False,False,0.18796386576445911,0.044231879298521376,0.10296855572537712,0.2788875828557698,2.1423751314448502e-05,True,6.427125394334551e-05
SmolLM3-3B-Base,SmolLM,H3a_kvdist_within_cla_similar_vs_dissimilar,kvdist_low@k5,kvdist_high@k5,retrained,early,auc_all,False,False,0.00018044444444442753,0.0001797834965778865,-0.00015057777777777225,0.0005569866666666564,0.31553463790725766,False,1.0
SmolLM3-3B-Base,SmolLM,H3a_kvdist_within_cla_similar_vs_dissimilar,kvdist_low@k5,kvdist_high@k5,retrained,early,d_all,True,False,0.04877565794109158,0.039228648881289595,-0.026183433807256965,0.1259069853932279,0.21373215112873145,False,0.8549286045149258
SmolLM3-3B-Base,SmolLM,H3a_kvdist_within_cla_similar_vs_dissimilar,kvdist_low@k5,kvdist_high@k5,retrained,early,sel_auc,False,True,-0.0002876512755639604,0.0004088096277710194,-0.0011797673940543818,0.00042528468269026207,0.4816623746090758,False,1.0
SmolLM3-3B-Base,SmolLM,H3a_kvdist_within_cla_similar_vs_dissimilar,kvdist_low@k5,kvdist_high@k5,retrained,early,sel_d,False,False,0.026221874221063195,0.028304016510829463,-0.030955740445036208,0.0813857806976419,0.3542191786975838,False,0.3542191786975838
SmolLM3-3B-Base,SmolLM,H3a_kvdist_within_cla_similar_vs_dissimilar,kvdist_low@k5,kvdist_high@k5,retrained,middle,auc_all,False,False,-0.0002704197530864051,0.0002610891748107348,-0.0008207456790123444,0.00024168888888886016,0.3003247942890399,False,1.0
SmolLM3-3B-Base,SmolLM,H3a_kvdist_within_cla_similar_vs_dissimilar,kvdist_low@k5,kvdist_high@k5,retrained,middle,d_all,True,False,-0.01615588145392562,0.06038874694109593,-0.13357675186845985,0.10311651622812129,0.7890600993450052,False,1.0
SmolLM3-3B-Base,SmolLM,H3a_kvdist_within_cla_similar_vs_dissimilar,kvdist_low@k5,kvdist_high@k5,retrained,middle,sel_auc,False,True,0.0005070606976362981,0.0005896131928063257,-0.0006080047204066915,0.001687082659826199,0.3897952579948476,False,1.0
SmolLM3-3B-Base,SmolLM,H3a_kvdist_within_cla_similar_vs_dissimilar,kvdist_low@k5,kvdist_high@k5,retrained,middle,sel_d,False,False,0.0012710788818349195,0.052463502557072286,-0.09963767473703485,0.1056161553390167,0.9806708481821945,False,1.0
SmolLM3-3B-Base,SmolLM,H3a_kvdist_within_cla_similar_vs_dissimilar,kvdist_low@k5,kvdist_high@k5,retrained,late,auc_all,False,False,5.3925925925938735e-05,0.0006031292674044069,-0.00115917037037037,0.0012258962962962948,0.9287558944510808,False,1.0
SmolLM3-3B-Base,SmolLM,H3a_kvdist_within_cla_similar_vs_dissimilar,kvdist_low@k5,kvdist_high@k5,retrained,late,d_all,True,False,0.07235092184185331,0.0776871523772135,-0.07821584382926632,0.23175570007844856,0.3516925652503071,False,1.0
SmolLM3-3B-Base,SmolLM,H3a_kvdist_within_cla_similar_vs_dissimilar,kvdist_low@k5,kvdist_high@k5,retrained,late,sel_auc,False,True,-0.00037172909785183124,0.0015171108589397552,-0.0032513186098812375,0.0026273614332232354,0.8064375795233037,False,1.0
SmolLM3-3B-Base,SmolLM,H3a_kvdist_within_cla_similar_vs_dissimilar,kvdist_low@k5,kvdist_high@k5,retrained,late,sel_d,False,False,-0.10650786764661632,0.07963828295099604,-0.26146209884603067,0.05236159011215849,0.18109362827514086,False,0.9054681413757043
SmolLM3-3B-Base,SmolLM,H3a_kvdist_within_cla_similar_vs_dissimilar,kvdist_low@k5,kvdist_high@k5,retrained,all,auc_all,False,False,-5.142857142854356e-06,0.0002755310436521607,-0.0005381650793650872,0.00052871904761904,0.9851081460539411,False,1.0
SmolLM3-3B-Base,SmolLM,H3a_kvdist_within_cla_similar_vs_dissimilar,kvdist_low@k5,kvdist_high@k5,retrained,all,d_all,True,False,0.03548256938936661,0.04538152145375164,-0.05131058053329717,0.12560573092649832,0.4342894334210491,False,1.0
SmolLM3-3B-Base,SmolLM,H3a_kvdist_within_cla_similar_vs_dissimilar,kvdist_low@k5,kvdist_high@k5,retrained,all,sel_auc,False,True,-5.923315562783583e-05,0.0006878661351948254,-0.0014035526038372243,0.0013406612376133267,0.9313778155038568,False,1.0
SmolLM3-3B-Base,SmolLM,H3a_kvdist_within_cla_similar_vs_dissimilar,kvdist_low@k5,kvdist_high@k5,retrained,all,sel_d,False,False,-0.02446115559544288,0.04172181044144574,-0.10610562810425532,0.060868455854751466,0.5576794364561983,False,1.0
SmolLM3-3B-Base,SmolLM,H3a_kvdist_within_cla_similar_vs_dissimilar,kvdist_low@k5,kvdist_high@k5,behavior,behavior,auc_all,False,False,0.21741333333333335,0.01309108003702131,0.1920902666666666,0.24296506666666665,6.125171496218122e-62,True,3.062585748109061e-61
SmolLM3-3B-Base,SmolLM,H3a_kvdist_within_cla_similar_vs_dissimilar,kvdist_low@k5,kvdist_high@k5,behavior,behavior,d_all,True,False,1.3591468519965018,0.07743260751660032,1.206344015603944,1.5118941972940145,5.67762029734045e-69,True,2.838810148670225e-68
SmolLM3-3B-Base,SmolLM,H3a_kvdist_within_cla_similar_vs_dissimilar,kvdist_low@k5,kvdist_high@k5,behavior,behavior,sel_auc,False,True,-0.12936417878979545,0.021303086943598896,-0.17240442336074216,-0.08654733185747415,1.2589053064536465e-09,True,7.55343183872188e-09
SmolLM3-3B-Base,SmolLM,H3a_kvdist_within_cla_similar_vs_dissimilar,kvdist_low@k5,kvdist_high@k5,behavior,behavior,sel_d,False,False,-0.6017201950028472,0.11763975466200796,-0.8363332716112558,-0.36954293641847125,3.13841996062165e-07,True,1.8830519763729902e-06
SmolLM3-3B-Base,SmolLM,H3a_kvsharer_search_similar_vs_dissimilar,kvsharer_similar@k5,kvsharer_dissimilar@k5,frozen,early,auc_all,False,False,0.000993244444444441,0.0004272526227953077,0.0002437822222221961,0.0018749644444444665,0.020086720833886938,True,0.08034688333554775
SmolLM3-3B-Base,SmolLM,H3a_kvsharer_search_similar_vs_dissimilar,kvsharer_similar@k5,kvsharer_dissimilar@k5,frozen,early,d_all,True,False,0.19743154996120554,0.045392425506296505,0.11290010971178693,0.2900051826686164,1.364867332550421e-05,True,5.459469330201684e-05
SmolLM3-3B-Base,SmolLM,H3a_kvsharer_search_similar_vs_dissimilar,kvsharer_similar@k5,kvsharer_dissimilar@k5,frozen,early,sel_auc,False,True,-0.001865753742357179,0.0010584604397989666,-0.004152059456040483,-8.568964790218183e-05,0.07795021991614534,True,0.31180087966458137
SmolLM3-3B-Base,SmolLM,H3a_kvsharer_search_similar_vs_dissimilar,kvsharer_similar@k5,kvsharer_dissimilar@k5,frozen,early,sel_d,False,False,-0.12919055973857527,0.03953076058467572,-0.2082188108912982,-0.05114879315413306,0.0010827131842755548,True,0.0032481395528266644
SmolLM3-3B-Base,SmolLM,H3a_kvsharer_search_similar_vs_dissimilar,kvsharer_similar@k5,kvsharer_dissimilar@k5,frozen,middle,auc_all,False,False,0.0027196049382716015,0.0007550576248574226,0.0013794320987654542,0.004285906172839526,0.0003159596491567965,True,0.0015797982457839825
SmolLM3-3B-Base,SmolLM,H3a_kvsharer_search_similar_vs_dissimilar,kvsharer_similar@k5,kvsharer_dissimilar@k5,frozen,middle,d_all,True,False,0.3366312877029849,0.06309740732536631,0.21040611491047534,0.45514015978422534,9.548933098683629e-08,True,4.774466549341814e-07
SmolLM3-3B-Base,SmolLM,H3a_kvsharer_search_similar_vs_dissimilar,kvsharer_similar@k5,kvsharer_dissimilar@k5,frozen,middle,sel_auc,False,True,-0.0017896549300723754,0.0013622989360481065,-0.004451368800805871,0.0008548665284512551,0.18894648463239927,False,0.37789296926479854
SmolLM3-3B-Base,SmolLM,H3a_kvsharer_search_similar_vs_dissimilar,kvsharer_similar@k5,kvsharer_dissimilar@k5,frozen,middle,sel_d,False,False,0.07119165129895344,0.05644047949046615,-0.033639619288315506,0.1829084472495551,0.2071798870055157,False,0.2071798870055157
SmolLM3-3B-Base,SmolLM,H3a_kvsharer_search_similar_vs_dissimilar,kvsharer_similar@k5,kvsharer_dissimilar@k5,frozen,late,auc_all,False,False,0.0005929876543210063,0.0010063877435021204,-0.0013562024691358167,0.0026461530864197416,0.555711124395144,False,1.0
SmolLM3-3B-Base,SmolLM,H3a_kvsharer_search_similar_vs_dissimilar,kvsharer_similar@k5,kvsharer_dissimilar@k5,frozen,late,d_all,True,False,0.0010883157644667246,0.06892161584568722,-0.13315590827025287,0.131450892151526,0.9874014233398996,False,1.0
SmolLM3-3B-Base,SmolLM,H3a_kvsharer_search_similar_vs_dissimilar,kvsharer_similar@k5,kvsharer_dissimilar@k5,frozen,late,sel_auc,False,True,0.004425968093330488,0.0014820403076215181,0.0017738669852648346,0.007534134572586536,0.002822813260017091,True,0.016936879560102546
SmolLM3-3B-Base,SmolLM,H3a_kvsharer_search_similar_vs_dissimilar,kvsharer_similar@k5,kvsharer_dissimilar@k5,frozen,late,sel_d,False,False,0.35510570848270134,0.06508818038971351,0.2316107899910973,0.4848643004909435,4.876290380110251e-08,True,3.413403266077176e-07
SmolLM3-3B-Base,SmolLM,H3a_kvsharer_search_similar_vs_dissimilar,kvsharer_similar@k5,kvsharer_dissimilar@k5,frozen,all,auc_all,False,False,0.0014194920634920671,0.0005630164013379262,0.0003989158730158705,0.002582907936507934,0.01169464344784468,True,0.03508393034353404
SmolLM3-3B-Base,SmolLM,H3a_kvsharer_search_similar_vs_dissimilar,kvsharer_similar@k5,kvsharer_dissimilar@k5,frozen,all,d_all,True,False,0.1790639975292542,0.045877213189691755,0.09008622438828454,0.26734538636301186,9.496290817636644e-05,True,0.0004748145408818322
SmolLM3-3B-Base,SmolLM,H3a_kvsharer_search_similar_vs_dissimilar,kvsharer_similar@k5,kvsharer_dissimilar@k5,frozen,all,sel_auc,False,True,0.00018104575163397198,0.0010507955778437216,-0.0018120792107165636,0.002221374280895152,0.8632064173269416,False,1.0
SmolLM3-3B-Base,SmolLM,H3a_kvsharer_search_similar_vs_dissimilar,kvsharer_similar@k5,kvsharer_dissimilar@k5,frozen,all,sel_d,False,False,0.09088466573746933,0.041250131896205224,0.014523889885445495,0.17578402543765725,0.027576599067234437,True,0.027576599067234437
SmolLM3-3B-Base,SmolLM,H3a_kvsharer_search_similar_vs_dissimilar,kvsharer_similar@k5,kvsharer_dissimilar@k5,retrained,early,auc_all,False,False,0.00020088888888890598,0.0002792001805848256,-0.0002672044444444344,0.0007792888888888906,0.47182328628510184,False,1.0
SmolLM3-3B-Base,SmolLM,H3a_kvsharer_search_similar_vs_dissimilar,kvsharer_similar@k5,kvsharer_dissimilar@k5,retrained,early,d_all,True,False,0.03230428936182221,0.03975366705721456,-0.04896466322469451,0.10676979407922416,0.41644080223027957,False,1.0
SmolLM3-3B-Base,SmolLM,H3a_kvsharer_search_similar_vs_dissimilar,kvsharer_similar@k5,kvsharer_dissimilar@k5,retrained,early,sel_auc,False,True,-0.0005308876238667492,0.0007782230286871795,-0.002287853995361569,0.0006616596563356246,0.4951255959824442,False,1.0
SmolLM3-3B-Base,SmolLM,H3a_kvsharer_search_similar_vs_dissimilar,kvsharer_similar@k5,kvsharer_dissimilar@k5,retrained,early,sel_d,False,False,-0.10000765627576698,0.03064188446475588,-0.16038386766548512,-0.0410218698995988,0.0010994552843207092,True,0.006596731705924255
SmolLM3-3B-Base,SmolLM,H3a_kvsharer_search_similar_vs_dissimilar,kvsharer_similar@k5,kvsharer_dissimilar@k5,retrained,middle,auc_all,False,False,0.000258962962962967,0.00032660091816458524,-0.0003671160493827202,0.0009049827160493504,0.42783413390797187,False,1.0
SmolLM3-3B-Base,SmolLM,H3a_kvsharer_search_similar_vs_dissimilar,kvsharer_similar@k5,kvsharer_dissimilar@k5,retrained,middle,d_all,True,False,-0.03414833987701263,0.05601465638860616,-0.14778245822587605,0.07587624851165617,0.5421054566520296,False,1.0
SmolLM3-3B-Base,SmolLM,H3a_kvsharer_search_similar_vs_dissimilar,kvsharer_similar@k5,kvsharer_dissimilar@k5,retrained,middle,sel_auc,False,True,-0.0008362475695175996,0.0007397971089744677,-0.0023844443858786176,0.0005438301473516618,0.25831857830149507,False,1.0
SmolLM3-3B-Base,SmolLM,H3a_kvsharer_search_similar_vs_dissimilar,kvsharer_similar@k5,kvsharer_dissimilar@k5,retrained,middle,sel_d,False,False,-0.15521371370422093,0.051918406158961455,-0.25851156541784115,-0.052314246822448056,0.0027937035235312863,True,0.019555924664719004
SmolLM3-3B-Base,SmolLM,H3a_kvsharer_search_similar_vs_dissimilar,kvsharer_similar@k5,kvsharer_dissimilar@k5,retrained,late,auc_all,False,False,-0.000931555555555525,0.0005688208939708762,-0.0021298024691357863,0.00010077037037038855,0.10148517947230552,False,0.7103962563061387
SmolLM3-3B-Base,SmolLM,H3a_kvsharer_search_similar_vs_dissimilar,kvsharer_similar@k5,kvsharer_dissimilar@k5,retrained,late,d_all,True,False,-0.2868380825198607,0.06645229780942512,-0.4153340442993431,-0.15798587289977747,1.58557909974452e-05,True,0.0001109905369821164
SmolLM3-3B-Base,SmolLM,H3a_kvsharer_search_similar_vs_dissimilar,kvsharer_similar@k5,kvsharer_dissimilar@k5,retrained,late,sel_auc,False,True,0.0020617166818937735,0.0011658503547550929,-0.00013246919436827868,0.004483101119778875,0.07699019998528006,False,0.5389313998969605
SmolLM3-3B-Base,SmolLM,H3a_kvsharer_search_similar_vs_dissimilar,kvsharer_similar@k5,kvsharer_dissimilar@k5,retrained,late,sel_d,False,False,-0.07205900838788876,0.06898655746941726,-0.2053754048105612,0.06360181459532978,0.29623703272203605,False,0.9641459887617598
SmolLM3-3B-Base,SmolLM,H3a_kvsharer_search_similar_vs_dissimilar,kvsharer_similar@k5,kvsharer_dissimilar@k5,retrained,all,auc_all,False,False,-0.00014444444444442723,0.00028353792879606165,-0.0007130682539682548,0.0004263111111111055,0.6104466079294555,False,1.0
SmolLM3-3B-Base,SmolLM,H3a_kvsharer_search_similar_vs_dissimilar,kvsharer_similar@k5,kvsharer_dissimilar@k5,retrained,all,d_all,True,False,-0.0916369609983442,0.04065052672015055,-0.17204273767773542,-0.012857776431046576,0.024179654319646256,True,0.1692575802375238
SmolLM3-3B-Base,SmolLM,H3a_kvsharer_search_similar_vs_dissimilar,kvsharer_similar@k5,kvsharer_dissimilar@k5,retrained,all,sel_auc,False,True,0.0002042980633113597,0.0006481557159383241,-0.0011343249073822923,0.0013873492515285564,0.7526105298709515,False,1.0
SmolLM3-3B-Base,SmolLM,H3a_kvsharer_search_similar_vs_dissimilar,kvsharer_similar@k5,kvsharer_dissimilar@k5,retrained,all,sel_d,False,False,-0.10876896648523773,0.03853666671781063,-0.18088583802634825,-0.032804070230391155,0.0047653811914183,True,0.0333576683399281
SmolLM3-3B-Base,SmolLM,H3a_kvsharer_search_similar_vs_dissimilar,kvsharer_similar@k5,kvsharer_dissimilar@k5,behavior,behavior,auc_all,False,False,0.25776,0.013283309724534311,0.23189926666666666,0.2832183999999999,7.028828818526574e-84,True,4.2172972911159445e-83
SmolLM3-3B-Base,SmolLM,H3a_kvsharer_search_similar_vs_dissimilar,kvsharer_similar@k5,kvsharer_dissimilar@k5,behavior,behavior,d_all,True,False,1.3832646474582857,0.0683927669510052,1.2532569341451643,1.521119668952001,5.862546077693454e-91,True,3.5175276466160727e-90
SmolLM3-3B-Base,SmolLM,H3a_kvsharer_search_similar_vs_dissimilar,kvsharer_similar@k5,kvsharer_dissimilar@k5,behavior,behavior,sel_auc,False,True,-0.03873189964157697,0.020736859865291786,-0.07857937934851363,0.002615671779464464,0.061792691715626784,False,0.18537807514688034
SmolLM3-3B-Base,SmolLM,H3a_kvsharer_search_similar_vs_dissimilar,kvsharer_similar@k5,kvsharer_dissimilar@k5,behavior,behavior,sel_d,False,False,-0.29583397477265416,0.09837879210686086,-0.484928551259495,-0.0995273325397377,0.0026376084130004134,True,0.010550433652001654
SmolLM3-3B-Base,SmolLM,H3c_fidelity_vs_cka,fidelity_high@k5,cka_high@k5,frozen,early,auc_all,False,False,-0.003156799999999993,0.0009066031078030363,-0.0050463288888888975,-0.0014460000000000063,0.0004976673360491386,True,0.002488336680245693
SmolLM3-3B-Base,SmolLM,H3c_fidelity_vs_cka,fidelity_high@k5,cka_high@k5,frozen,early,d_all,True,False,-0.3611050022406795,0.05765037440031078,-0.47702950366775826,-0.2549933026146049,3.759336972057432e-10,True,1.879668486028716e-09
SmolLM3-3B-Base,SmolLM,H3c_fidelity_vs_cka,fidelity_high@k5,cka_high@k5,frozen,early,sel_auc,False,True,0.001821790006325097,0.0022598982324062767,-0.0022998632194813477,0.00649221373603205,0.4201632408462965,False,0.840326481692593
SmolLM3-3B-Base,SmolLM,H3c_fidelity_vs_cka,fidelity_high@k5,cka_high@k5,frozen,early,sel_d,False,False,-0.1377589566175428,0.05374675935237215,-0.24228809611688573,-0.0328390759068587,0.010373861825295956,True,0.020747723650591913
SmolLM3-3B-Base,SmolLM,H3c_fidelity_vs_cka,fidelity_high@k5,cka_high@k5,frozen,middle,auc_all,False,False,-0.0018899753086419643,0.000970740478557026,-0.0037798814814815093,2.083950617295192e-06,0.05154170094870208,False,0.15462510284610623
SmolLM3-3B-Base,SmolLM,H3c_fidelity_vs_cka,fidelity_high@k5,cka_high@k5,frozen,middle,d_all,True,False,-0.1394704193777246,0.05791638905630598,-0.25265162099457694,-0.026017862523127197,0.016034299312279867,True,0.06413719724911947
SmolLM3-3B-Base,SmolLM,H3c_fidelity_vs_cka,fidelity_high@k5,cka_high@k5,frozen,middle,sel_auc,False,True,-0.0016405509874200222,0.0021128826687539103,-0.005865995150748488,0.0024862323423993234,0.43748242726509046,False,0.43748242726509046
SmolLM3-3B-Base,SmolLM,H3c_fidelity_vs_cka,fidelity_high@k5,cka_high@k5,frozen,middle,sel_d,False,False,-0.3991329421782157,0.059694946757068906,-0.51741473456732,-0.2855365750972366,2.290245218094557e-11,True,1.60317165266619e-10
SmolLM3-3B-Base,SmolLM,H3c_fidelity_vs_cka,fidelity_high@k5,cka_high@k5,frozen,late,auc_all,False,False,-1.0074074074075926e-05,0.0012536595548325498,-0.002571644444444457,0.0024129234567900914,0.9935884813128185,False,1.0
SmolLM3-3B-Base,SmolLM,H3c_fidelity_vs_cka,fidelity_high@k5,cka_high@k5,frozen,late,d_all,True,False,0.03997544956139354,0.061117611882924854,-0.0826993152095261,0.156401960539666,0.5130640397936538,False,1.0
SmolLM3-3B-Base,SmolLM,H3c_fidelity_vs_cka,fidelity_high@k5,cka_high@k5,frozen,late,sel_auc,False,True,0.0012582191299458615,0.0027310201163777306,-0.00393517581465085,0.006722949199990642,0.6450038282657138,False,0.6450038282657138
SmolLM3-3B-Base,SmolLM,H3c_fidelity_vs_cka,fidelity_high@k5,cka_high@k5,frozen,late,sel_d,False,False,-0.10009449933065451,0.0682999503655581,-0.23803742347539672,0.029202336603024192,0.14278087180138455,False,0.14278087180138455
SmolLM3-3B-Base,SmolLM,H3c_fidelity_vs_cka,fidelity_high@k5,cka_high@k5,frozen,all,auc_all,False,False,-0.0017381587301587248,0.0008056946281427869,-0.003345815873015876,-0.00023154920634920704,0.03097903937540283,True,0.06195807875080566
SmolLM3-3B-Base,SmolLM,H3c_fidelity_vs_cka,fidelity_high@k5,cka_high@k5,frozen,all,d_all,True,False,-0.16094659824120616,0.045143703878971105,-0.24969127722046444,-0.07313303378322933,0.00036357068665937966,True,0.0014542827466375186
SmolLM3-3B-Base,SmolLM,H3c_fidelity_vs_cka,fidelity_high@k5,cka_high@k5,frozen,all,sel_auc,False,True,0.0005277469052136971,0.0018792124485402938,-0.003072294151531563,0.004317931895876627,0.7788376605171095,False,1.0
SmolLM3-3B-Base,SmolLM,H3c_fidelity_vs_cka,fidelity_high@k5,cka_high@k5,frozen,all,sel_d,False,False,-0.20966559070554502,0.043854989278695605,-0.2998324874233073,-0.12445291988268786,1.7452656187201816e-06,True,8.726328093600908e-06
SmolLM3-3B-Base,SmolLM,H3c_fidelity_vs_cka,fidelity_high@k5,cka_high@k5,retrained,early,auc_all,False,False,0.00013422222222222446,0.000258895977866464,-0.00034358222222220347,0.0006793644444444187,0.6041507965716861,False,1.0
SmolLM3-3B-Base,SmolLM,H3c_fidelity_vs_cka,fidelity_high@k5,cka_high@k5,retrained,early,d_all,True,False,0.09562579881604556,0.04211458495622497,0.016978971815575214,0.17780493882082726,0.023170596031268715,True,0.11585298015634357
SmolLM3-3B-Base,SmolLM,H3c_fidelity_vs_cka,fidelity_high@k5,cka_high@k5,retrained,early,sel_auc,False,True,0.00011993253215264454,0.000541443279859575,-0.000932836548597924,0.0012119119755429233,0.8246990447771047,False,1.0
SmolLM3-3B-Base,SmolLM,H3c_fidelity_vs_cka,fidelity_high@k5,cka_high@k5,retrained,early,sel_d,False,False,0.10063301411236206,0.03370691754721223,0.03826287040095476,0.16897045674535643,0.0028308735327861353,True,0.014154367663930677
SmolLM3-3B-Base,SmolLM,H3c_fidelity_vs_cka,fidelity_high@k5,cka_high@k5,retrained,middle,auc_all,False,False,0.00031703703703702925,0.00038038891376657836,-0.00032555061728395396,0.0011273777777777683,0.4045881743868459,False,1.0
SmolLM3-3B-Base,SmolLM,H3c_fidelity_vs_cka,fidelity_high@k5,cka_high@k5,retrained,middle,d_all,True,False,0.026711090222530882,0.06019751586171326,-0.09214939613844185,0.13832753817778123,0.6572420490608664,False,1.0
SmolLM3-3B-Base,SmolLM,H3c_fidelity_vs_cka,fidelity_high@k5,cka_high@k5,retrained,middle,sel_auc,False,True,-0.0008525546419284231,0.0010943951592492993,-0.0032174255628177363,0.000947255136224143,0.4359685120978398,False,1.0
SmolLM3-3B-Base,SmolLM,H3c_fidelity_vs_cka,fidelity_high@k5,cka_high@k5,retrained,middle,sel_d,False,False,0.047561063209535195,0.052792432549665154,-0.05418792168365873,0.15164131294920769,0.3676378579198314,False,1.0
SmolLM3-3B-Base,SmolLM,H3c_fidelity_vs_cka,fidelity_high@k5,cka_high@k5,retrained,late,auc_all,False,False,-0.0006660740740740905,0.0005504798876996501,-0.0017847259259259356,0.00042799506172839494,0.22628348660974773,False,1.0
SmolLM3-3B-Base,SmolLM,H3c_fidelity_vs_cka,fidelity_high@k5,cka_high@k5,retrained,late,d_all,True,False,-0.03660736898147575,0.06378711820485312,-0.15910138368448398,0.085974430485622,0.5660360900709782,False,1.0
SmolLM3-3B-Base,SmolLM,H3c_fidelity_vs_cka,fidelity_high@k5,cka_high@k5,retrained,late,sel_auc,False,True,0.0013004497856490024,0.001347423838810221,-0.001387949317122317,0.003949623890177318,0.3344757566826727,False,1.0
SmolLM3-3B-Base,SmolLM,H3c_fidelity_vs_cka,fidelity_high@k5,cka_high@k5,retrained,late,sel_d,False,False,0.07406209441295407,0.0631713528211204,-0.052083379929486896,0.19307215808644307,0.24103649719043996,False,0.9641459887617598
SmolLM3-3B-Base,SmolLM,H3c_fidelity_vs_cka,fidelity_high@k5,cka_high@k5,retrained,all,auc_all,False,False,-6.425396825397524e-05,0.0003340466039574131,-0.0006779825396825418,0.0006343142857142817,0.8474678113963579,False,1.0
SmolLM3-3B-Base,SmolLM,H3c_fidelity_vs_cka,fidelity_high@k5,cka_high@k5,retrained,all,d_all,True,False,0.030971124261783993,0.04439076600866229,-0.05773104143975419,0.11642913358046801,0.48536924124919945,False,1.0
SmolLM3-3B-Base,SmolLM,H3c_fidelity_vs_cka,fidelity_high@k5,cka_high@k5,retrained,all,sel_auc,False,True,0.00018679934339327353,0.00088226447744865,-0.0016354331383090976,0.0017541243674889207,0.8323199055883973,False,1.0
SmolLM3-3B-Base,SmolLM,H3c_fidelity_vs_cka,fidelity_high@k5,cka_high@k5,retrained,all,sel_d,False,False,0.07503351999021514,0.03899012938520128,0.00037152253900577404,0.14964627886895324,0.054301525233907355,True,0.2715076261695368
SmolLM3-3B-Base,SmolLM,H3c_fidelity_vs_cka,fidelity_high@k5,cka_high@k5,behavior,behavior,auc_all,False,False,0.021778666666666724,0.017825031581652502,-0.01303508888888887,0.05536804444444442,0.2217823543950418,False,0.2217823543950418
SmolLM3-3B-Base,SmolLM,H3c_fidelity_vs_cka,fidelity_high@k5,cka_high@k5,behavior,behavior,d_all,True,False,0.08307858408470109,0.06327788315858769,-0.036950405312589855,0.20082470788288478,0.1892110479541217,False,0.1892110479541217
SmolLM3-3B-Base,SmolLM,H3c_fidelity_vs_cka,fidelity_high@k5,cka_high@k5,behavior,behavior,sel_auc,False,True,0.19940002108370225,0.030553328305386273,0.13730510989879813,0.25759158285895,6.741666578828332e-11,True,4.719166605179832e-10
SmolLM3-3B-Base,SmolLM,H3c_fidelity_vs_cka,fidelity_high@k5,cka_high@k5,behavior,behavior,sel_d,False,False,0.8249005627938204,0.11707613313789007,0.5975596241784487,1.0476591326158944,1.8433625028772134e-12,True,1.2903537520140494e-11
SmolLM3-3B-Base,SmolLM,H3c_fidelity_vs_kvdist_within_cla,fidelity_high@k5,kvdist_high@k5,frozen,early,auc_all,False,False,-0.0025191111111111165,0.0005786748565104142,-0.0037621733333333403,-0.0014747688888888796,1.3413954863322014e-05,True,9.38976840432541e-05
SmolLM3-3B-Base,SmolLM,H3c_fidelity_vs_kvdist_within_cla,fidelity_high@k5,kvdist_high@k5,frozen,early,d_all,True,False,-0.24043471850666953,0.02849367978407144,-0.29867738938066474,-0.18694064561535298,3.223247757243078e-17,True,2.2562734300701546e-16
SmolLM3-3B-Base,SmolLM,H3c_fidelity_vs_kvdist_within_cla,fidelity_high@k5,kvdist_high@k5,frozen,early,sel_auc,False,True,0.0033141787897954635,0.001345016195285324,0.0011194639995782986,0.0061998358633776245,0.013737933012921316,True,0.08242759807752789
SmolLM3-3B-Base,SmolLM,H3c_fidelity_vs_kvdist_within_cla,fidelity_high@k5,kvdist_high@k5,frozen,early,sel_d,False,False,0.11051658163600363,0.0297659538168407,0.05271587359809322,0.16912215990195917,0.00020493672723867,True,0.00081974690895468
SmolLM3-3B-Base,SmolLM,H3c_fidelity_vs_kvdist_within_cla,fidelity_high@k5,kvdist_high@k5,frozen,middle,auc_all,False,False,-3.0419753086399462e-05,0.0007148248911724198,-0.0014703358024691136,0.0013496000000000022,0.9660558441718152,False,1.0
SmolLM3-3B-Base,SmolLM,H3c_fidelity_vs_kvdist_within_cla,fidelity_high@k5,kvdist_high@k5,frozen,middle,d_all,True,False,0.006633377378081858,0.0419618461739372,-0.07306668424596362,0.08831583953790388,0.874392844968298,False,0.874392844968298
SmolLM3-3B-Base,SmolLM,H3c_fidelity_vs_kvdist_within_cla,fidelity_high@k5,kvdist_high@k5,frozen,middle,sel_auc,False,True,0.002617459648136459,0.00130239856956139,0.0001754679996251948,0.005223108967601421,0.044460572188666225,True,0.26676343313199735
SmolLM3-3B-Base,SmolLM,H3c_fidelity_vs_kvdist_within_cla,fidelity_high@k5,kvdist_high@k5,frozen,middle,sel_d,False,False,0.17378336063394936,0.04431190798407267,0.08838889131984308,0.2613065989736595,8.788235812227163e-05,True,0.0003706513049469608
SmolLM3-3B-Base,SmolLM,H3c_fidelity_vs_kvdist_within_cla,fidelity_high@k5,kvdist_high@k5,frozen,late,auc_all,False,False,0.011446518518518523,0.0018472932020206399,0.008074375308641983,0.0152082074074074,5.777895081018333e-10,True,3.466737048611e-09
SmolLM3-3B-Base,SmolLM,H3c_fidelity_vs_kvdist_within_cla,fidelity_high@k5,kvdist_high@k5,frozen,late,d_all,True,False,0.5228505692414044,0.05815696392945322,0.41699040883035904,0.6432105116675517,2.4647873232304216e-19,True,1.2323936616152107e-18
SmolLM3-3B-Base,SmolLM,H3c_fidelity_vs_kvdist_within_cla,fidelity_high@k5,kvdist_high@k5,frozen,late,sel_auc,False,True,-0.008337730456579288,0.0032042850415993705,-0.014802135251950186,-0.0023641404877363355,0.009266660649615276,True,0.037066642598461104
SmolLM3-3B-Base,SmolLM,H3c_fidelity_vs_kvdist_within_cla,fidelity_high@k5,kvdist_high@k5,frozen,late,sel_d,False,False,0.18635406337105842,0.060736749659005704,0.0708180525585554,0.30982889998824414,0.00215333830255125,True,0.008613353210205
SmolLM3-3B-Base,SmolLM,H3c_fidelity_vs_kvdist_within_cla,fidelity_high@k5,kvdist_high@k5,frozen,all,auc_all,False,False,0.0027697777777777838,0.0007284605930074741,0.0014087444444444291,0.0042216253968254,0.00014339707720860433,True,0.0007169853860430216
SmolLM3-3B-Base,SmolLM,H3c_fidelity_vs_kvdist_within_cla,fidelity_high@k5,kvdist_high@k5,frozen,all,d_all,True,False,0.08432172623245286,0.02994758086985383,0.026948792177183066,0.14167059938881235,0.004867957649553526,True,0.01460387294866058
SmolLM3-3B-Base,SmolLM,H3c_fidelity_vs_kvdist_within_cla,fidelity_high@k5,kvdist_high@k5,frozen,all,sel_auc,False,True,-0.0006550231920725291,0.001304708930563917,-0.0031613700453299635,0.0019351927841029042,0.6156355453142554,False,1.0
SmolLM3-3B-Base,SmolLM,H3c_fidelity_vs_kvdist_within_cla,fidelity_high@k5,kvdist_high@k5,frozen,all,sel_d,False,False,0.15522866544303954,0.03134335146781675,0.09630735060665384,0.2184057504100971,7.325743767021709e-07,True,4.395446260213025e-06
SmolLM3-3B-Base,SmolLM,H3c_fidelity_vs_kvdist_within_cla,fidelity_high@k5,kvdist_high@k5,retrained,early,auc_all,False,False,4.1599999999997196e-05,0.00011415161423983151,-0.00018454222222223621,0.00026153333333333407,0.7155387208183281,False,1.0
SmolLM3-3B-Base,SmolLM,H3c_fidelity_vs_kvdist_within_cla,fidelity_high@k5,kvdist_high@k5,retrained,early,d_all,True,False,0.07687270019583411,0.022371946969564,0.03216804397042628,0.11926100337969946,0.0005901089710066567,True,0.004130762797046597
SmolLM3-3B-Base,SmolLM,H3c_fidelity_vs_kvdist_within_cla,fidelity_high@k5,kvdist_high@k5,retrained,early,sel_auc,False,True,0.00020293906810038288,0.0002824244241792563,-0.00030588693864644,0.0007754911975542723,0.4724116872375612,False,1.0
SmolLM3-3B-Base,SmolLM,H3c_fidelity_vs_kvdist_within_cla,fidelity_high@k5,kvdist_high@k5,retrained,early,sel_d,False,False,0.07284827788480364,0.020018989674288657,0.036018412102600546,0.11209958563380334,0.00027374262582104814,True,0.001916198380747337
SmolLM3-3B-Base,SmolLM,H3c_fidelity_vs_kvdist_within_cla,fidelity_high@k5,kvdist_high@k5,retrained,middle,auc_all,False,False,-0.00015466666666664864,0.00023895571190189264,-0.0006339111111111088,0.00032163456790124887,0.5174631634363303,False,1.0
SmolLM3-3B-Base,SmolLM,H3c_fidelity_vs_kvdist_within_cla,fidelity_high@k5,kvdist_high@k5,retrained,middle,d_all,True,False,0.006322236019226225,0.048081446918998016,-0.08903434521287479,0.09749469765599976,0.895387588750847,False,1.0
SmolLM3-3B-Base,SmolLM,H3c_fidelity_vs_kvdist_within_cla,fidelity_high@k5,kvdist_high@k5,retrained,middle,sel_auc,False,True,0.00032440087145972163,0.0006591373173814883,-0.0009880081757912263,0.0016409638180242161,0.6226064007368879,False,1.0
SmolLM3-3B-Base,SmolLM,H3c_fidelity_vs_kvdist_within_cla,fidelity_high@k5,kvdist_high@k5,retrained,middle,sel_d,False,False,0.005249636810938065,0.04624378181174525,-0.08487650387210738,0.09549708834815461,0.9096175758611396,False,1.0
SmolLM3-3B-Base,SmolLM,H3c_fidelity_vs_kvdist_within_cla,fidelity_high@k5,kvdist_high@k5,retrained,late,auc_all,False,False,-0.0005983209876543204,0.0004976618234006658,-0.0015973086419753097,0.0003645975308641791,0.22926118752225755,False,1.0
SmolLM3-3B-Base,SmolLM,H3c_fidelity_vs_kvdist_within_cla,fidelity_high@k5,kvdist_high@k5,retrained,late,d_all,True,False,-0.06324520548888997,0.06561418429196078,-0.1930026304242067,0.07179619946168242,0.3350984079620869,False,1.0
SmolLM3-3B-Base,SmolLM,H3c_fidelity_vs_kvdist_within_cla,fidelity_high@k5,kvdist_high@k5,retrained,late,sel_auc,False,True,0.000354386581394787,0.0011816284661942031,-0.0019939398997352747,0.0027976891090964904,0.7642429736351453,False,1.0
SmolLM3-3B-Base,SmolLM,H3c_fidelity_vs_kvdist_within_cla,fidelity_high@k5,kvdist_high@k5,retrained,late,sel_d,False,False,-0.11848127188837745,0.06932863550989476,-0.25507742210220274,0.01775900747476457,0.08745459979606882,False,0.5247275987764128
SmolLM3-3B-Base,SmolLM,H3c_fidelity_vs_kvdist_within_cla,fidelity_high@k5,kvdist_high@k5,retrained,all,auc_all,False,False,-0.0002271746031745982,0.00022245684714262482,-0.0006864555555555592,0.00019176190476189278,0.30715613453368373,False,1.0
SmolLM3-3B-Base,SmolLM,H3c_fidelity_vs_kvdist_within_cla,fidelity_high@k5,kvdist_high@k5,retrained,all,d_all,True,False,0.009157867026120267,0.034352544003970226,-0.057495184179214766,0.07690765850238139,0.7897888387056043,False,1.0
SmolLM3-3B-Base,SmolLM,H3c_fidelity_vs_kvdist_within_cla,fidelity_high@k5,kvdist_high@k5,retrained,all,sel_auc,False,True,0.0002906599198819431,0.0005597588586314704,-0.0008068778048854094,0.0014637085855847966,0.6035800224945915,False,1.0
SmolLM3-3B-Base,SmolLM,H3c_fidelity_vs_kvdist_within_cla,fidelity_high@k5,kvdist_high@k5,retrained,all,sel_d,False,False,-0.010378640601747076,0.03426703820066422,-0.07632929503533725,0.0570702372840281,0.7619848704622931,False,1.0
SmolLM3-3B-Base,SmolLM,H3c_fidelity_vs_kvdist_within_cla,fidelity_high@k5,kvdist_high@k5,behavior,behavior,auc_all,False,False,-0.11218133333333324,0.01433776945633994,-0.14030851111111112,-0.08398075555555558,5.1096397125439494e-15,True,2.0438558850175798e-14
SmolLM3-3B-Base,SmolLM,H3c_fidelity_vs_kvdist_within_cla,fidelity_high@k5,kvdist_high@k5,behavior,behavior,d_all,True,False,-0.46254891824856803,0.05508031255773003,-0.5728766009688763,-0.3565098124831278,4.5523984377968917e-17,True,1.8209593751187567e-16
SmolLM3-3B-Base,SmolLM,H3c_fidelity_vs_kvdist_within_cla,fidelity_high@k5,kvdist_high@k5,behavior,behavior,sel_auc,False,True,0.06438101412608066,0.025938036159564425,0.013713510963525266,0.11330846299810247,0.013060758336349529,True,0.052243033345398114
SmolLM3-3B-Base,SmolLM,H3c_fidelity_vs_kvdist_within_cla,fidelity_high@k5,kvdist_high@k5,behavior,behavior,sel_d,False,False,0.2265654981042945,0.1023724318046351,0.02584442181214821,0.4184028238057373,0.026887339141632646,True,0.08066201742489794
SmolLM3-3B-Base,SmolLM,C1_live_vs_clean_semantics,live_prev_head,cf_prev_head,frozen,early,auc_all,False,False,-0.000402844444444439,0.0003201277515912576,-0.0010613866666666697,0.00023395999999998776,0.20825200777183928,False,0.6247560233155178
SmolLM3-3B-Base,SmolLM,C1_live_vs_clean_semantics,live_prev_head,cf_prev_head,frozen,early,d_all,True,False,-0.012844897059069282,0.018479536111043044,-0.04798258338139994,0.023782449374442557,0.4870003830228732,False,0.4870003830228732
SmolLM3-3B-Base,SmolLM,C1_live_vs_clean_semantics,live_prev_head,cf_prev_head,frozen,early,sel_auc,False,True,0.002094547754585707,0.0006363751514217513,0.0008950452245414145,0.003440342504743816,0.0009969975423505524,True,0.006978982796453866
SmolLM3-3B-Base,SmolLM,C1_live_vs_clean_semantics,live_prev_head,cf_prev_head,frozen,early,sel_d,False,False,0.14925691851784886,0.02097003984246251,0.10833482146788166,0.19118711293970228,1.098011557902642e-12,True,7.686080905318494e-12
SmolLM3-3B-Base,SmolLM,C1_live_vs_clean_semantics,live_prev_head,cf_prev_head,frozen,middle,auc_all,False,False,0.0004242962962963053,0.001026725910865874,-0.0015240395061728192,0.0024089432098765217,0.6794221645707121,False,1.0
SmolLM3-3B-Base,SmolLM,C1_live_vs_clean_semantics,live_prev_head,cf_prev_head,frozen,middle,d_all,True,False,0.07277665034243243,0.036567208806984046,-0.0003822768324492457,0.14657488826403978,0.046567127559153654,False,0.13970138267746096
SmolLM3-3B-Base,SmolLM,C1_live_vs_clean_semantics,live_prev_head,cf_prev_head,frozen,middle,sel_auc,False,True,0.0037221144610771134,0.0020375174938986828,-0.00021527988614797604,0.007711600311570266,0.06773150663092417,False,0.3386575331546209
SmolLM3-3B-Base,SmolLM,C1_live_vs_clean_semantics,live_prev_head,cf_prev_head,frozen,middle,sel_d,False,False,0.190361797024335,0.04803932009588412,0.09636301132857003,0.28507813377203206,7.413026098939216e-05,True,0.0003706513049469608
SmolLM3-3B-Base,SmolLM,C1_live_vs_clean_semantics,live_prev_head,cf_prev_head,frozen,late,auc_all,False,False,0.0008327901234568157,0.0029122110599304153,-0.005199891358024726,0.006264395061728373,0.7749050107067643,False,1.0
SmolLM3-3B-Base,SmolLM,C1_live_vs_clean_semantics,live_prev_head,cf_prev_head,frozen,late,d_all,True,False,0.038112640571900336,0.047940106364569156,-0.05361254342890233,0.1298472551609272,0.426610395746438,False,1.0
SmolLM3-3B-Base,SmolLM,C1_live_vs_clean_semantics,live_prev_head,cf_prev_head,frozen,late,sel_auc,False,True,0.01525674561341861,0.004653397904796103,0.005780980275025181,0.02442738579661257,0.0010431424050869372,True,0.0073019968356085605
SmolLM3-3B-Base,SmolLM,C1_live_vs_clean_semantics,live_prev_head,cf_prev_head,frozen,late,sel_d,False,False,0.2858943429162367,0.05595997661885334,0.17506190877716638,0.3918974874754295,3.240269687754692e-07,True,1.944161812652815e-06
SmolLM3-3B-Base,SmolLM,C1_live_vs_clean_semantics,live_prev_head,cf_prev_head,frozen,all,auc_all,False,False,0.00026019047619048926,0.0011089418974156969,-0.0020318380952381006,0.00241040158730159,0.8144963156363252,False,0.8144963156363252
SmolLM3-3B-Base,SmolLM,C1_live_vs_clean_semantics,live_prev_head,cf_prev_head,frozen,all,d_all,True,False,0.03105552312993936,0.024416030607518523,-0.017081633920286814,0.07799981926397817,0.20339739027722492,False,0.20339739027722492
SmolLM3-3B-Base,SmolLM,C1_live_vs_clean_semantics,live_prev_head,cf_prev_head,frozen,all,sel_auc,False,True,0.0068484006505828065,0.0018831907679429214,0.0032035302965272025,0.01074028521354781,0.00027626662553759677,True,0.0019338663787631773
SmolLM3-3B-Base,SmolLM,C1_live_vs_clean_semantics,live_prev_head,cf_prev_head,frozen,all,sel_d,False,False,0.20638837302298696,0.030168396813783006,0.1473265034523016,0.2645839531823066,7.8526403579207e-12,True,5.49684825054449e-11
SmolLM3-3B-Base,SmolLM,C1_live_vs_clean_semantics,live_prev_head,cf_prev_head,retrained,early,auc_all,False,False,-0.00021493333333333364,8.78195540221942e-05,-0.00041122222222222173,-7.127999999999834e-05,0.014387396852497509,True,0.10071177796748255
SmolLM3-3B-Base,SmolLM,C1_live_vs_clean_semantics,live_prev_head,cf_prev_head,retrained,early,d_all,True,False,0.01061095795427942,0.019157965473398975,-0.026486066423942627,0.04783379294664841,0.5796701177662971,False,1.0
SmolLM3-3B-Base,SmolLM,C1_live_vs_clean_semantics,live_prev_head,cf_prev_head,retrained,early,sel_auc,False,True,0.0004319818680160403,0.00024738185232481936,2.58612692388735e-05,0.0010018469850305717,0.08077362263772023,True,0.5654153584640416
SmolLM3-3B-Base,SmolLM,C1_live_vs_clean_semantics,live_prev_head,cf_prev_head,retrained,early,sel_d,False,False,0.033136429345659885,0.017355434620012412,-0.0007142721589655909,0.06785140146252763,0.05622564562091393,False,0.1686769368627418
SmolLM3-3B-Base,SmolLM,C1_live_vs_clean_semantics,live_prev_head,cf_prev_head,retrained,middle,auc_all,False,False,0.00012859259259259372,0.00025774482986716947,-0.00031626172839505887,0.0006943506172839475,0.6178397288167337,False,1.0
SmolLM3-3B-Base,SmolLM,C1_live_vs_clean_semantics,live_prev_head,cf_prev_head,retrained,middle,d_all,True,False,0.06720706947579567,0.044369826015097896,-0.01897448834404252,0.15467722254703004,0.12984785761389805,False,0.9089350032972864
SmolLM3-3B-Base,SmolLM,C1_live_vs_clean_semantics,live_prev_head,cf_prev_head,retrained,middle,sel_auc,False,True,-0.0007819523508327572,0.0007004542735666744,-0.002346640370604683,0.0003928283200974481,0.26427221103753595,False,1.0
SmolLM3-3B-Base,SmolLM,C1_live_vs_clean_semantics,live_prev_head,cf_prev_head,retrained,middle,sel_d,False,False,-0.010417061321023172,0.04104770600620246,-0.08965911877828706,0.07015147002182294,0.7996660055446994,False,1.0
SmolLM3-3B-Base,SmolLM,C1_live_vs_clean_semantics,live_prev_head,cf_prev_head,retrained,late,auc_all,False,False,-5.787654320987823e-05,0.00047273209737323313,-0.000923076543209884,0.0008966271604938192,0.9025585601788819,False,1.0
SmolLM3-3B-Base,SmolLM,C1_live_vs_clean_semantics,live_prev_head,cf_prev_head,retrained,late,d_all,True,False,-0.005376812121972681,0.057578134046711506,-0.12158067971402747,0.10084708311803042,0.9255993889354235,False,1.0
SmolLM3-3B-Base,SmolLM,C1_live_vs_clean_semantics,live_prev_head,cf_prev_head,retrained,late,sel_auc,False,True,4.645910933070368e-05,0.0012739807726384097,-0.0025439885679480944,0.0024263699135567795,0.9709094578274572,False,1.0
SmolLM3-3B-Base,SmolLM,C1_live_vs_clean_semantics,live_prev_head,cf_prev_head,retrained,late,sel_d,False,False,-0.0005371927992903203,0.0635019559205837,-0.12151579660029053,0.12714509673445584,0.9932504011506246,False,0.9932504011506246
SmolLM3-3B-Base,SmolLM,C1_live_vs_clean_semantics,live_prev_head,cf_prev_head,retrained,all,auc_all,False,False,-5.403174603174632e-05,0.00022142110581426975,-0.0004587873015873015,0.0004016031746031762,0.8072133442929543,False,1.0
SmolLM3-3B-Base,SmolLM,C1_live_vs_clean_semantics,live_prev_head,cf_prev_head,retrained,all,d_all,True,False,0.02366363913311433,0.030232614090711797,-0.037242439486134364,0.08262181709388605,0.4337921876733578,False,1.0
SmolLM3-3B-Base,SmolLM,C1_live_vs_clean_semantics,live_prev_head,cf_prev_head,retrained,all,sel_auc,False,True,-8.21293033342171e-05,0.0006084668033473916,-0.0013800614251076844,0.0009774620869853396,0.892629695897228,False,1.0
SmolLM3-3B-Base,SmolLM,C1_live_vs_clean_semantics,live_prev_head,cf_prev_head,retrained,all,sel_d,False,False,0.008313428799063476,0.030251811055522645,-0.04969853727361956,0.07146570624733699,0.7834640282106182,False,1.0
SmolLM3-3B-Base,SmolLM,C1_live_vs_clean_semantics,live_prev_head,cf_prev_head,behavior,behavior,auc_all,False,False,0.12904622222222223,0.01726638087319442,0.0950662,0.16162171111111112,7.788597689262455e-14,True,2.3365793067787365e-13
SmolLM3-3B-Base,SmolLM,C1_live_vs_clean_semantics,live_prev_head,cf_prev_head,behavior,behavior,d_all,True,False,0.4528993910066407,0.06131021472600588,0.33258088106042183,0.5693819776618133,1.5016322593255835e-13,True,4.5048967779767503e-13
SmolLM3-3B-Base,SmolLM,C1_live_vs_clean_semantics,live_prev_head,cf_prev_head,behavior,behavior,sel_auc,False,True,0.1105272612270714,0.0286717711698076,0.053220214263124586,0.16463497549019607,0.0001157695074193985,True,0.0005788475370969925
SmolLM3-3B-Base,SmolLM,C1_live_vs_clean_semantics,live_prev_head,cf_prev_head,behavior,behavior,sel_d,False,False,0.3234171254056981,0.10185067021436128,0.11856076680464263,0.5175625421555464,0.001496275165898766,True,0.00748137582949383
SmolLM3-3B-Base,SmolLM,C2_previous_vs_next_head_source,cf_prev_head,cf_next_head,frozen,early,auc_all,False,False,0.0004517333333333484,0.0006372573258164555,-0.0007726844444444523,0.0017037644444444506,0.4784044398021382,False,0.6247560233155178
SmolLM3-3B-Base,SmolLM,C2_previous_vs_next_head_source,cf_prev_head,cf_next_head,frozen,early,d_all,True,False,0.05443031423684972,0.04188140324227151,-0.026946550217991076,0.13319573199421167,0.19372792589895882,False,0.38745585179791764
SmolLM3-3B-Base,SmolLM,C2_previous_vs_next_head_source,cf_prev_head,cf_next_head,frozen,early,sel_auc,False,True,-0.0028786316677208434,0.0014232097423141938,-0.005856560035842289,-0.00031118543116170075,0.043110950188863656,True,0.21555475094431828
SmolLM3-3B-Base,SmolLM,C2_previous_vs_next_head_source,cf_prev_head,cf_next_head,frozen,early,sel_d,False,False,-0.2212815859230648,0.04565288507347284,-0.3114591746252669,-0.13335039075281105,1.253140441211907e-06,True,6.265702206059535e-06
SmolLM3-3B-Base,SmolLM,C2_previous_vs_next_head_source,cf_prev_head,cf_next_head,frozen,middle,auc_all,False,False,0.0037449876543210006,0.0016163047680232752,0.0006406864197531034,0.007030661728395053,0.02050341136419089,True,0.08201364545676355
SmolLM3-3B-Base,SmolLM,C2_previous_vs_next_head_source,cf_prev_head,cf_next_head,frozen,middle,d_all,True,False,0.07292713363145885,0.050614902331195005,-0.027328746619692184,0.17251443655235899,0.14963459224459608,False,0.29926918448919215
SmolLM3-3B-Base,SmolLM,C2_previous_vs_next_head_source,cf_prev_head,cf_next_head,frozen,middle,sel_auc,False,True,-0.005189376156675276,0.0030472523314955557,-0.011391452608522526,0.0005950460913158805,0.08857387599364341,False,0.35429550397457366
SmolLM3-3B-Base,SmolLM,C2_previous_vs_next_head_source,cf_prev_head,cf_next_head,frozen,middle,sel_d,False,False,-0.17545258214859852,0.061322931885310315,-0.2952597636610096,-0.05855970137749726,0.004221403876654979,True,0.012664211629964936
SmolLM3-3B-Base,SmolLM,C2_previous_vs_next_head_source,cf_prev_head,cf_next_head,frozen,late,auc_all,False,False,0.009830913580246915,0.003696321103812936,0.0024941382716049424,0.017524014814814807,0.007822232019169168,True,0.03128892807667667
SmolLM3-3B-Base,SmolLM,C2_previous_vs_next_head_source,cf_prev_head,cf_next_head,frozen,late,d_all,True,False,0.15138641556393845,0.060909236651688146,0.034423536508179226,0.2712469319052327,0.012939042759134437,True,0.05175617103653775
SmolLM3-3B-Base,SmolLM,C2_previous_vs_next_head_source,cf_prev_head,cf_next_head,frozen,late,sel_auc,False,True,-0.010253177782463091,0.006517699409462375,-0.02332164382598917,0.0028108984585470806,0.11568909936683404,False,0.23137819873366808
SmolLM3-3B-Base,SmolLM,C2_previous_vs_next_head_source,cf_prev_head,cf_next_head,frozen,late,sel_d,False,False,-0.1494789559275913,0.07537654944290045,-0.2946289826350869,0.0006669495671864372,0.047356674389050876,False,0.09471334877810175
SmolLM3-3B-Base,SmolLM,C2_previous_vs_next_head_source,cf_prev_head,cf_next_head,frozen,all,auc_all,False,False,0.004525015873015883,0.0015374279547306917,0.0015608269841269843,0.007692403174603173,0.0032479895977117357,True,0.012991958390846943
SmolLM3-3B-Base,SmolLM,C2_previous_vs_next_head_source,cf_prev_head,cf_next_head,frozen,all,d_all,True,False,0.09154018161168118,0.035958308740008826,0.022218828107632628,0.16499453908895237,0.010904918306887302,True,0.021809836613774603
SmolLM3-3B-Base,SmolLM,C2_previous_vs_next_head_source,cf_prev_head,cf_next_head,frozen,all,sel_auc,False,True,-0.0059917607903376335,0.002626060478142212,-0.011005085068973828,-0.0006724515074847375,0.022509789477887416,True,0.09003915791154966
SmolLM3-3B-Base,SmolLM,C2_previous_vs_next_head_source,cf_prev_head,cf_next_head,frozen,all,sel_d,False,False,-0.18347141792558413,0.041458773011871584,-0.26154695551666723,-0.09896778876138412,9.626628291729426e-06,True,3.8506513166917705e-05
SmolLM3-3B-Base,SmolLM,C2_previous_vs_next_head_source,cf_prev_head,cf_next_head,retrained,early,auc_all,False,False,0.0002842666666666771,0.00017381146269095232,-3.628000000000603e-05,0.0006464844444444462,0.10194666148833982,False,0.5097333074416991
SmolLM3-3B-Base,SmolLM,C2_previous_vs_next_head_source,cf_prev_head,cf_next_head,retrained,early,d_all,True,False,0.0014601685574720414,0.04346538074061697,-0.08277204514627833,0.08818232904616372,0.9732010434306102,False,1.0
SmolLM3-3B-Base,SmolLM,C2_previous_vs_next_head_source,cf_prev_head,cf_next_head,retrained,early,sel_auc,False,True,-0.0005606219692177894,0.0004003396115371484,-0.0013784478705460821,0.00017138198397640618,0.16140375443728439,False,0.9684225266237063
SmolLM3-3B-Base,SmolLM,C2_previous_vs_next_head_source,cf_prev_head,cf_next_head,retrained,early,sel_d,False,False,-0.061321080020430414,0.03417001367204401,-0.12732195854515513,0.004662440414769569,0.07271944333667489,False,0.1686769368627418
SmolLM3-3B-Base,SmolLM,C2_previous_vs_next_head_source,cf_prev_head,cf_next_head,retrained,middle,auc_all,False,False,-0.0003464691358024963,0.00041218154181229486,-0.0012361827160493814,0.0003514469135802436,0.4005865635105349,False,1.0
SmolLM3-3B-Base,SmolLM,C2_previous_vs_next_head_source,cf_prev_head,cf_next_head,retrained,middle,d_all,True,False,-0.04356434047791957,0.05868465440914216,-0.15920816985398226,0.07018080786548986,0.45787750078696277,False,1.0
SmolLM3-3B-Base,SmolLM,C2_previous_vs_next_head_source,cf_prev_head,cf_next_head,retrained,middle,sel_auc,False,True,0.0008481809450183483,0.0011874812457084976,-0.0010649723569236456,0.003593647421931772,0.4750609078370043,False,1.0
SmolLM3-3B-Base,SmolLM,C2_previous_vs_next_head_source,cf_prev_head,cf_next_head,retrained,middle,sel_d,False,False,-0.0572670434844819,0.05705641941251112,-0.16502372257142325,0.0586111778038506,0.3155273328403546,False,1.0
SmolLM3-3B-Base,SmolLM,C2_previous_vs_next_head_source,cf_prev_head,cf_next_head,retrained,late,auc_all,False,False,-0.0007091358024691309,0.0009708545509673614,-0.002945032098765434,0.0007958320987654183,0.4651308399725671,False,1.0
SmolLM3-3B-Base,SmolLM,C2_previous_vs_next_head_source,cf_prev_head,cf_next_head,retrained,late,d_all,True,False,0.01878799180017163,0.08050764195418758,-0.14050370216606198,0.16864985228083812,0.8154748454026672,False,1.0
SmolLM3-3B-Base,SmolLM,C2_previous_vs_next_head_source,cf_prev_head,cf_next_head,retrained,late,sel_auc,False,True,0.0021106613254620785,0.002803401819199229,-0.0020264873966313016,0.008438174209946855,0.45151427500677244,False,1.0
SmolLM3-3B-Base,SmolLM,C2_previous_vs_next_head_source,cf_prev_head,cf_next_head,retrained,late,sel_d,False,False,0.08292411092710289,0.08616169865700178,-0.08610943296856077,0.25248140307488054,0.33583652135060826,False,0.9641459887617598
SmolLM3-3B-Base,SmolLM,C2_previous_vs_next_head_source,cf_prev_head,cf_next_head,retrained,all,auc_all,False,False,-0.0002377777777777812,0.00044810889726255274,-0.0012305666666666535,0.00047914285714285084,0.5956786769502225,False,1.0
SmolLM3-3B-Base,SmolLM,C2_previous_vs_next_head_source,cf_prev_head,cf_next_head,retrained,all,d_all,True,False,-0.007442337590178967,0.045409703377831206,-0.09370062331891213,0.07789973424309699,0.8698152898053686,False,1.0
SmolLM3-3B-Base,SmolLM,C2_previous_vs_next_head_source,cf_prev_head,cf_next_head,retrained,all,sel_auc,False,True,0.0007508343122194981,0.0012947094287271306,-0.001181871705671512,0.0037579600012047775,0.5619652236178506,False,1.0
SmolLM3-3B-Base,SmolLM,C2_previous_vs_next_head_source,cf_prev_head,cf_next_head,retrained,all,sel_d,False,False,-0.01365347118645412,0.04369038263529087,-0.09855407228154554,0.0730785603283596,0.7546566218208468,False,1.0
SmolLM3-3B-Base,SmolLM,C2_previous_vs_next_head_source,cf_prev_head,cf_next_head,behavior,behavior,auc_all,False,False,0.10952799999999996,0.020556245226790955,0.06832686666666671,0.15098155555555554,9.918517740921476e-08,True,1.9837035481842953e-07
SmolLM3-3B-Base,SmolLM,C2_previous_vs_next_head_source,cf_prev_head,cf_next_head,behavior,behavior,d_all,True,False,0.39029128149046244,0.07505220475403637,0.24269954029699276,0.5409638877837034,1.9900561526093918e-07,True,3.9801123052187835e-07
SmolLM3-3B-Base,SmolLM,C2_previous_vs_next_head_source,cf_prev_head,cf_next_head,behavior,behavior,sel_auc,False,True,-0.0014943284840817639,0.03434337320221887,-0.0669108538899431,0.0672649438646423,0.9652938717854387,False,1.0
SmolLM3-3B-Base,SmolLM,C2_previous_vs_next_head_source,cf_prev_head,cf_next_head,behavior,behavior,sel_d,False,False,0.021188886147137764,0.12277748923064555,-0.20995840272526323,0.2719355221690206,0.8629819126606662,False,0.9436265997081956
Qwen3-4B-Base,Qwen,H3a_cka_similar_vs_dissimilar,cka_high@k5,cka_low@k5,frozen,early,auc_all,False,False,0.0012819555555555584,0.0004568681292016722,0.00040795111111110863,0.00221953333333332,0.005016628569334562,True,0.025083142846672807
Qwen3-4B-Base,Qwen,H3a_cka_similar_vs_dissimilar,cka_high@k5,cka_low@k5,frozen,early,d_all,True,False,0.24430915371956896,0.03775199967087473,0.1705802563374308,0.31927803389474446,9.708431840023739e-11,True,6.070928781695818e-10
Qwen3-4B-Base,Qwen,H3a_cka_similar_vs_dissimilar,cka_high@k5,cka_low@k5,frozen,early,sel_auc,False,True,-0.0017503162555344899,0.0007161929397385449,-0.0032957660763229956,-0.00039581240775881326,0.014528759877427744,True,0.058115039509710975
Qwen3-4B-Base,Qwen,H3a_cka_similar_vs_dissimilar,cka_high@k5,cka_low@k5,frozen,early,sel_d,False,False,0.008312488316824879,0.02576974071585096,-0.043834793322289914,0.05661670528954858,0.7470225904582368,False,0.7470225904582368
Qwen3-4B-Base,Qwen,H3a_cka_similar_vs_dissimilar,cka_high@k5,cka_low@k5,frozen,middle,auc_all,False,False,0.0007330370370370382,0.0006629310988380835,-0.0005884543209876755,0.001982874074074055,0.26883410550182896,False,1.0
Qwen3-4B-Base,Qwen,H3a_cka_similar_vs_dissimilar,cka_high@k5,cka_low@k5,frozen,middle,d_all,True,False,0.194533712808311,0.058602962086118086,0.07699826304754066,0.3089635723076349,0.0009017230067704171,True,0.00631206104739292
Qwen3-4B-Base,Qwen,H3a_cka_similar_vs_dissimilar,cka_high@k5,cka_low@k5,frozen,middle,sel_auc,False,True,-0.002098528826106357,0.0011481787886094108,-0.004461260454002363,2.7928116288320117e-05,0.06759426718476226,False,0.2828113036746286
Qwen3-4B-Base,Qwen,H3a_cka_similar_vs_dissimilar,cka_high@k5,cka_low@k5,frozen,middle,sel_d,False,False,-0.132435371075509,0.046149857093024785,-0.22293299939534764,-0.04471032604125132,0.0041088600864613075,True,0.012326580259383923
Qwen3-4B-Base,Qwen,H3a_cka_similar_vs_dissimilar,cka_high@k5,cka_low@k5,frozen,late,auc_all,False,False,0.0034540246913580264,0.0014152795393956668,0.0008281629629629899,0.006214202469135829,0.014665942466948582,True,0.0733297123347429
Qwen3-4B-Base,Qwen,H3a_cka_similar_vs_dissimilar,cka_high@k5,cka_low@k5,frozen,late,d_all,True,False,0.23752879651495837,0.06522442851031944,0.11299301987789614,0.36858283147075016,0.0002708275338706462,True,0.001354137669353231
Qwen3-4B-Base,Qwen,H3a_cka_similar_vs_dissimilar,cka_high@k5,cka_low@k5,frozen,late,sel_auc,False,True,-0.008104448661184921,0.0026812023440556986,-0.013685519010471549,-0.0031171821046220385,0.002505371607104932,True,0.015032229642629593
Qwen3-4B-Base,Qwen,H3a_cka_similar_vs_dissimilar,cka_high@k5,cka_low@k5,frozen,late,sel_d,False,False,-0.3446171367456595,0.06112687052587151,-0.47005738811405706,-0.22336216367709838,1.723007405460763e-08,True,8.615037027303816e-08
Qwen3-4B-Base,Qwen,H3a_cka_similar_vs_dissimilar,cka_high@k5,cka_low@k5,frozen,all,auc_all,False,False,0.0018036825396825415,0.0006711643033609581,0.0005168888888889032,0.00314738730158729,0.007201207726264901,True,0.04320724635758941
Qwen3-4B-Base,Qwen,H3a_cka_similar_vs_dissimilar,cka_high@k5,cka_low@k5,frozen,all,d_all,True,False,0.22613050432518264,0.04360392832621197,0.14207367386964034,0.31124258226628654,2.1484473978295816e-07,True,1.5039131784807071e-06
Qwen3-4B-Base,Qwen,H3a_cka_similar_vs_dissimilar,cka_high@k5,cka_low@k5,frozen,all,sel_auc,False,True,-0.0039046414264630853,0.001318394058833396,-0.006575154814613993,-0.001423113046293775,0.0030598058378316652,True,0.01835883502698999
Qwen3-4B-Base,Qwen,H3a_cka_similar_vs_dissimilar,cka_high@k5,cka_low@k5,frozen,all,sel_d,False,False,-0.15036956025793813,0.03457893516974755,-0.22053123425495982,-0.08257788600247198,1.3701651849310328e-05,True,5.480660739724131e-05
Qwen3-4B-Base,Qwen,H3a_cka_similar_vs_dissimilar,cka_high@k5,cka_low@k5,retrained,early,auc_all,False,False,0.0005315555555555518,0.00031441872190755355,-6.138666666665792e-05,0.0011801999999999965,0.09091367187004076,False,0.4545683593502038
Qwen3-4B-Base,Qwen,H3a_cka_similar_vs_dissimilar,cka_high@k5,cka_low@k5,retrained,early,d_all,True,False,0.10129523184904494,0.032837553614648005,0.03986818940604066,0.16890191097655505,0.0020373190207178446,True,0.014261233145024912
Qwen3-4B-Base,Qwen,H3a_cka_similar_vs_dissimilar,cka_high@k5,cka_low@k5,retrained,early,sel_auc,False,True,-0.0010740312038794218,0.0006004282200381777,-0.0023170407442547193,2.6475015812774745e-05,0.07365100110528987,False,0.36825500552644935
Qwen3-4B-Base,Qwen,H3a_cka_similar_vs_dissimilar,cka_high@k5,cka_low@k5,retrained,early,sel_d,False,False,-0.11168520094251413,0.02537135449379683,-0.15988195680684258,-0.061125378923307556,1.072478426022535e-05,True,7.507348982157744e-05
Qwen3-4B-Base,Qwen,H3a_cka_similar_vs_dissimilar,cka_high@k5,cka_low@k5,retrained,middle,auc_all,False,False,0.0006332839506172854,0.00043437356108459594,-0.0002525629629629689,0.0014965777777777962,0.14486129519263338,False,0.7243064759631669
Qwen3-4B-Base,Qwen,H3a_cka_similar_vs_dissimilar,cka_high@k5,cka_low@k5,retrained,middle,d_all,True,False,0.22548715235619582,0.05443540647537407,0.12202437495089163,0.3343108056600946,3.4385758028529354e-05,True,0.00020631454817117613
Qwen3-4B-Base,Qwen,H3a_cka_similar_vs_dissimilar,cka_high@k5,cka_low@k5,retrained,middle,sel_auc,False,True,-0.0009240775880244364,0.000997775906285537,-0.002977545388525723,0.0008986535713448751,0.35437457756573987,False,1.0
Qwen3-4B-Base,Qwen,H3a_cka_similar_vs_dissimilar,cka_high@k5,cka_low@k5,retrained,middle,sel_d,False,False,-0.12474579007464617,0.045844913867669194,-0.2156503914071369,-0.034820355174394746,0.006507711989970514,True,0.045553983929793596
Qwen3-4B-Base,Qwen,H3a_cka_similar_vs_dissimilar,cka_high@k5,cka_low@k5,retrained,late,auc_all,False,False,0.0020144197530863974,0.0007689222978165727,0.0005698123456790084,0.0035781283950617336,0.008798231615750987,True,0.061587621310256906
Qwen3-4B-Base,Qwen,H3a_cka_similar_vs_dissimilar,cka_high@k5,cka_low@k5,retrained,late,d_all,True,False,0.19774149902926774,0.06231808778675434,0.07597686620581984,0.32027406964437083,0.0015082077809316352,True,0.009049246685589811
Qwen3-4B-Base,Qwen,H3a_cka_similar_vs_dissimilar,cka_high@k5,cka_low@k5,retrained,late,sel_auc,False,True,-0.003532504041042945,0.0018044167287742682,-0.007301469124089324,-0.00033107942699180614,0.0502653937064055,True,0.301592362238433
Qwen3-4B-Base,Qwen,H3a_cka_similar_vs_dissimilar,cka_high@k5,cka_low@k5,retrained,late,sel_d,False,False,-0.21772165299407167,0.06170403364613729,-0.34164153771427175,-0.0983356584451892,0.0004179482989252236,True,0.002507689793551342
Qwen3-4B-Base,Qwen,H3a_cka_similar_vs_dissimilar,cka_high@k5,cka_low@k5,retrained,all,auc_all,False,False,0.001040888888888881,0.0004284770785583803,0.00020716825396824884,0.001920668253968255,0.01512902934094068,True,0.10590320538658476
Qwen3-4B-Base,Qwen,H3a_cka_similar_vs_dissimilar,cka_high@k5,cka_low@k5,retrained,all,d_all,True,False,0.1722146493199865,0.040567957413926416,0.09417805554749933,0.2509555893877775,2.1850524462989835e-05,True,0.00015295367124092883
Qwen3-4B-Base,Qwen,H3a_cka_similar_vs_dissimilar,cka_high@k5,cka_low@k5,retrained,all,sel_auc,False,True,-0.001816055239300023,0.0010062726533669685,-0.003881546188367821,1.6635417606729847e-07,0.0711161971082261,False,0.41485648418291804
Qwen3-4B-Base,Qwen,H3a_cka_similar_vs_dissimilar,cka_high@k5,cka_low@k5,retrained,all,sel_d,False,False,-0.1499663927515572,0.03532707276458556,-0.22113557232905157,-0.07996554257262746,2.185115091854929e-05,True,0.00015295805642984503
Qwen3-4B-Base,Qwen,H3a_cka_similar_vs_dissimilar,cka_high@k5,cka_low@k5,behavior,behavior,auc_all,False,False,0.05506577777777777,0.008439939890878666,0.038661022222222154,0.07251402222222224,6.826165811186131e-11,True,2.0478497433558392e-10
Qwen3-4B-Base,Qwen,H3a_cka_similar_vs_dissimilar,cka_high@k5,cka_low@k5,behavior,behavior,d_all,True,False,0.5802744117183947,0.07107938893752126,0.4487666091006516,0.7200881205739791,3.247788384699287e-16,True,9.74336515409786e-16
Qwen3-4B-Base,Qwen,H3a_cka_similar_vs_dissimilar,cka_high@k5,cka_low@k5,behavior,behavior,sel_auc,False,True,0.019987592241197505,0.015015832210863915,-0.010537612534261068,0.04843052076744679,0.18315571492735716,False,0.5494671447820715
Qwen3-4B-Base,Qwen,H3a_cka_similar_vs_dissimilar,cka_high@k5,cka_low@k5,behavior,behavior,sel_d,False,False,0.6171862218637247,0.10768240332125993,0.4088514074838661,0.8220836594404486,9.952167343170441e-09,True,6.966517140219309e-08
Qwen3-4B-Base,Qwen,H3a_kvdist_within_cla_similar_vs_dissimilar,kvdist_low@k5,kvdist_high@k5,frozen,early,auc_all,False,False,0.0015072000000000084,0.0004112600280036602,0.0007775377777777783,0.0023884844444444276,0.0002474984321187255,True,0.0017324890248310784
Qwen3-4B-Base,Qwen,H3a_kvdist_within_cla_similar_vs_dissimilar,kvdist_low@k5,kvdist_high@k5,frozen,early,d_all,True,False,0.21089535162105735,0.032503225956005376,0.14853821878954343,0.27539169150437104,8.672755402422597e-11,True,6.070928781695818e-10
Qwen3-4B-Base,Qwen,H3a_kvdist_within_cla_similar_vs_dissimilar,kvdist_low@k5,kvdist_high@k5,frozen,early,sel_auc,False,True,-0.0018053679106051377,0.0006883243161800926,-0.003289366171199673,-0.0005460890786422035,0.008719896305778603,True,0.043599481528893015
Qwen3-4B-Base,Qwen,H3a_kvdist_within_cla_similar_vs_dissimilar,kvdist_low@k5,kvdist_high@k5,frozen,early,sel_d,False,False,0.042535195804162346,0.02438833279126418,-0.005508011394812446,0.08901974528076635,0.08114519567320004,False,0.2434355870196001
Qwen3-4B-Base,Qwen,H3a_kvdist_within_cla_similar_vs_dissimilar,kvdist_low@k5,kvdist_high@k5,frozen,middle,auc_all,False,False,0.001476740740740729,0.0005531343425522272,0.00044506172839506807,0.0026063259259259163,0.007590351978597964,True,0.05313246385018575
Qwen3-4B-Base,Qwen,H3a_kvdist_within_cla_similar_vs_dissimilar,kvdist_low@k5,kvdist_high@k5,frozen,middle,d_all,True,False,0.15295443835338063,0.05407003342729022,0.04258730707807711,0.25242926201361254,0.004671984258081011,True,0.028031905548486065
Qwen3-4B-Base,Qwen,H3a_kvdist_within_cla_similar_vs_dissimilar,kvdist_low@k5,kvdist_high@k5,frozen,middle,sel_auc,False,True,-0.0017341345140206884,0.0009759781626068799,-0.0037726581863330604,7.93746339635228e-05,0.07559836688557812,False,0.2828113036746286
Qwen3-4B-Base,Qwen,H3a_kvdist_within_cla_similar_vs_dissimilar,kvdist_low@k5,kvdist_high@k5,frozen,middle,sel_d,False,False,-0.039708518115386573,0.04492965972405547,-0.12433768436726783,0.048903421595203375,0.37680797352358464,False,0.4571000965187655
Qwen3-4B-Base,Qwen,H3a_kvdist_within_cla_similar_vs_dissimilar,kvdist_low@k5,kvdist_high@k5,frozen,late,auc_all,False,False,-0.0003136790123456665,0.0017041556910725496,-0.0036890271604938063,0.0029875802469135526,0.8539608083349522,False,1.0
Qwen3-4B-Base,Qwen,H3a_kvdist_within_cla_similar_vs_dissimilar,kvdist_low@k5,kvdist_high@k5,frozen,late,d_all,True,False,-0.13837441203888437,0.06226426877378373,-0.2606969789595278,-0.01972185526035604,0.02625812770425346,True,0.07877438311276039
Qwen3-4B-Base,Qwen,H3a_kvdist_within_cla_similar_vs_dissimilar,kvdist_low@k5,kvdist_high@k5,frozen,late,sel_auc,False,True,-0.0052747276688452915,0.0026325418297542635,-0.010753783646074903,-0.00036963777028134215,0.04510613120956438,True,0.18428044443074665
Qwen3-4B-Base,Qwen,H3a_kvdist_within_cla_similar_vs_dissimilar,kvdist_low@k5,kvdist_high@k5,frozen,late,sel_d,False,False,-0.37540999942023107,0.06379008416679167,-0.502499511081267,-0.25395680413644495,3.978520363575725e-09,True,2.7849642545030076e-08
Qwen3-4B-Base,Qwen,H3a_kvdist_within_cla_similar_vs_dissimilar,kvdist_low@k5,kvdist_high@k5,frozen,all,auc_all,False,False,0.0009121269841269875,0.0007104141150748317,-0.0004431809523809548,0.002369612698412698,0.1991639916514446,False,0.4668128244359777
Qwen3-4B-Base,Qwen,H3a_kvdist_within_cla_similar_vs_dissimilar,kvdist_low@k5,kvdist_high@k5,frozen,all,d_all,True,False,0.08000620546575142,0.03850853994478782,0.003359475055974665,0.15204960987814975,0.03774415070476779,True,0.15097660281907116
Qwen3-4B-Base,Qwen,H3a_kvdist_within_cla_similar_vs_dissimilar,kvdist_low@k5,kvdist_high@k5,frozen,all,sel_auc,False,True,-0.0028976228125659003,0.0012352921675738663,-0.005407217610162345,-0.000647880429053364,0.018991470072610078,True,0.07596588029044031
Qwen3-4B-Base,Qwen,H3a_kvdist_within_cla_similar_vs_dissimilar,kvdist_low@k5,kvdist_high@k5,frozen,all,sel_d,False,False,-0.11823981070639056,0.033165384116643146,-0.18373664563319922,-0.053114946975552614,0.00036363805358335873,True,0.0010909141607500761
Qwen3-4B-Base,Qwen,H3a_kvdist_within_cla_similar_vs_dissimilar,kvdist_low@k5,kvdist_high@k5,retrained,early,auc_all,False,False,0.0006942222222222183,0.0003163121445671969,0.00012154222222224342,0.0014007155555555745,0.028182411116772867,True,0.19727687781741007
Qwen3-4B-Base,Qwen,H3a_kvdist_within_cla_similar_vs_dissimilar,kvdist_low@k5,kvdist_high@k5,retrained,early,d_all,True,False,0.06992209578787331,0.031597537380790984,0.010085719272922428,0.1340566028564777,0.026904747341247974,True,0.1076189893649919
Qwen3-4B-Base,Qwen,H3a_kvdist_within_cla_similar_vs_dissimilar,kvdist_low@k5,kvdist_high@k5,retrained,early,sel_auc,False,True,-0.0012287160025300726,0.0005936662596422549,-0.0024880205039004744,-0.00020838425047437853,0.038479666263732025,True,0.23087799758239214
Qwen3-4B-Base,Qwen,H3a_kvdist_within_cla_similar_vs_dissimilar,kvdist_low@k5,kvdist_high@k5,retrained,early,sel_d,False,False,-0.10359567371181896,0.02506293010263413,-0.15212837412438787,-0.055051989111247375,3.574011881541522e-05,True,0.00019458912427634166
Qwen3-4B-Base,Qwen,H3a_kvdist_within_cla_similar_vs_dissimilar,kvdist_low@k5,kvdist_high@k5,retrained,middle,auc_all,False,False,0.0009076543209876547,0.00046672750458482255,1.7506172839464507e-05,0.0018707851851851893,0.051808684945816426,True,0.362660794620715
Qwen3-4B-Base,Qwen,H3a_kvdist_within_cla_similar_vs_dissimilar,kvdist_low@k5,kvdist_high@k5,retrained,middle,d_all,True,False,0.2319780156900827,0.0531082719011408,0.12819498186723022,0.3350168308794586,1.2537777816841978e-05,True,8.776444471789385e-05
Qwen3-4B-Base,Qwen,H3a_kvdist_within_cla_similar_vs_dissimilar,kvdist_low@k5,kvdist_high@k5,retrained,middle,sel_auc,False,True,-0.0009705905779276867,0.0008689767229837945,-0.0026535596317380024,0.0007822540234732025,0.2640220878554327,False,1.0
Qwen3-4B-Base,Qwen,H3a_kvdist_within_cla_similar_vs_dissimilar,kvdist_low@k5,kvdist_high@k5,retrained,middle,sel_d,False,False,-0.07236852839849632,0.04574773869005579,-0.16328096417123908,0.020359878699346225,0.11367149977626374,False,0.45468599910505497
Qwen3-4B-Base,Qwen,H3a_kvdist_within_cla_similar_vs_dissimilar,kvdist_low@k5,kvdist_high@k5,retrained,late,auc_all,False,False,0.001745382716049404,0.0009659850066149761,-8.618765432095935e-05,0.0037187901234567743,0.07078684779925747,False,0.35393423899628734
Qwen3-4B-Base,Qwen,H3a_kvdist_within_cla_similar_vs_dissimilar,kvdist_low@k5,kvdist_high@k5,retrained,late,d_all,True,False,0.10990485920409816,0.06447572637710161,-0.019461503307575956,0.23472564660546671,0.0882703944073688,False,0.2648111832221064
Qwen3-4B-Base,Qwen,H3a_kvdist_within_cla_similar_vs_dissimilar,kvdist_low@k5,kvdist_high@k5,retrained,late,sel_auc,False,True,-0.0028172956637852156,0.001848517088365531,-0.0067427821702157695,0.0006129129477358473,0.12748768230476717,False,0.6374384115238358
Qwen3-4B-Base,Qwen,H3a_kvdist_within_cla_similar_vs_dissimilar,kvdist_low@k5,kvdist_high@k5,retrained,late,sel_d,False,False,-0.19093133532512505,0.0572042560873452,-0.31021287828401745,-0.08128653791438241,0.0008447123686175937,True,0.004223561843087968
Qwen3-4B-Base,Qwen,H3a_kvdist_within_cla_similar_vs_dissimilar,kvdist_low@k5,kvdist_high@k5,retrained,all,auc_all,False,False,0.0011006984126984182,0.0004946972201972531,0.00020952539682541995,0.002106695238095229,0.026081631989289502,True,0.156489791935737
Qwen3-4B-Base,Qwen,H3a_kvdist_within_cla_similar_vs_dissimilar,kvdist_low@k5,kvdist_high@k5,retrained,all,d_all,True,False,0.13486310114022718,0.03897481210538503,0.05709544648169848,0.20850369937011526,0.0005396479934506747,True,0.0026982399672533736
Qwen3-4B-Base,Qwen,H3a_kvdist_within_cla_similar_vs_dissimilar,kvdist_low@k5,kvdist_high@k5,retrained,all,sel_auc,False,True,-0.0016563620071684587,0.0009113479334842879,-0.0035785718050661097,9.80286738352803e-06,0.06914274736381967,False,0.41485648418291804
Qwen3-4B-Base,Qwen,H3a_kvdist_within_cla_similar_vs_dissimilar,kvdist_low@k5,kvdist_high@k5,retrained,all,sel_d,False,False,-0.12163055395109935,0.03203834511105251,-0.18387641418218387,-0.059727608973435806,0.00014680920855972943,True,0.0007340460427986471
Qwen3-4B-Base,Qwen,H3a_kvdist_within_cla_similar_vs_dissimilar,kvdist_low@k5,kvdist_high@k5,behavior,behavior,auc_all,False,False,-0.19612444444444443,0.012253105921246291,-0.21981808888888896,-0.17258026666666665,1.158466322072644e-57,True,8.109264254508508e-57
Qwen3-4B-Base,Qwen,H3a_kvdist_within_cla_similar_vs_dissimilar,kvdist_low@k5,kvdist_high@k5,behavior,behavior,d_all,True,False,-1.5236148820068016,0.08854710907195652,-1.6938579126654099,-1.3498207054040094,2.360097411171901e-66,True,1.1800487055859505e-65
Qwen3-4B-Base,Qwen,H3a_kvdist_within_cla_similar_vs_dissimilar,kvdist_low@k5,kvdist_high@k5,behavior,behavior,sel_auc,False,True,-0.047707632300232006,0.02224100081369776,-0.09001945604048069,-0.003851755745308973,0.03195038257537721,True,0.12780153030150884
Qwen3-4B-Base,Qwen,H3a_kvdist_within_cla_similar_vs_dissimilar,kvdist_low@k5,kvdist_high@k5,behavior,behavior,sel_d,False,False,-0.5892587156852991,0.12605296488876014,-0.8247296519456043,-0.33958409739954953,2.9439590968112115e-06,True,1.766375458086727e-05
Qwen3-4B-Base,Qwen,H3a_kvsharer_search_similar_vs_dissimilar,kvsharer_similar@k5,kvsharer_dissimilar@k5,frozen,early,auc_all,False,False,-3.057777777778492e-05,0.00023993693642915124,-0.0005381066666666692,0.0004011555555555491,0.898591451041004,False,1.0
Qwen3-4B-Base,Qwen,H3a_kvsharer_search_similar_vs_dissimilar,kvsharer_similar@k5,kvsharer_dissimilar@k5,frozen,early,d_all,True,False,0.053687828685496576,0.024813028171539294,0.004646807969736293,0.10359022935298962,0.03048775356406844,True,0.06097550712813688
Qwen3-4B-Base,Qwen,H3a_kvsharer_search_similar_vs_dissimilar,kvsharer_similar@k5,kvsharer_dissimilar@k5,frozen,early,sel_auc,False,True,-0.0002620957200084262,0.00035579096717396226,-0.0009781020451191157,0.0003989836074214758,0.4613312812339265,False,1.0
Qwen3-4B-Base,Qwen,H3a_kvsharer_search_similar_vs_dissimilar,kvsharer_similar@k5,kvsharer_dissimilar@k5,frozen,early,sel_d,False,False,0.029750434203911436,0.017923145824057005,-0.005968610253621994,0.06661523810664041,0.09693676674462486,False,0.2434355870196001
Qwen3-4B-Base,Qwen,H3a_kvsharer_search_similar_vs_dissimilar,kvsharer_similar@k5,kvsharer_dissimilar@k5,frozen,middle,auc_all,False,False,-0.0006631111111111205,0.00032767680330357166,-0.0013015999999999924,-5.321481481479518e-05,0.04300367912319331,True,0.2580220747391599
Qwen3-4B-Base,Qwen,H3a_kvsharer_search_similar_vs_dissimilar,kvsharer_similar@k5,kvsharer_dissimilar@k5,frozen,middle,d_all,True,False,-0.026505766119669608,0.04303982593070323,-0.11219052510318551,0.06132385138851187,0.5379982885737442,False,0.896082328074389
Qwen3-4B-Base,Qwen,H3a_kvsharer_search_similar_vs_dissimilar,kvsharer_similar@k5,kvsharer_dissimilar@k5,frozen,middle,sel_auc,False,True,-0.0004892332560263939,0.0006045342645846275,-0.0016910719891301876,0.0007408591608686851,0.41835813491717433,False,0.8367162698343487
Qwen3-4B-Base,Qwen,H3a_kvsharer_search_similar_vs_dissimilar,kvsharer_similar@k5,kvsharer_dissimilar@k5,frozen,middle,sel_d,False,False,-0.2602122721138599,0.03752760366938068,-0.3388192382233815,-0.1915768682807208,4.094233427045131e-12,True,2.865963398931592e-11
Qwen3-4B-Base,Qwen,H3a_kvsharer_search_similar_vs_dissimilar,kvsharer_similar@k5,kvsharer_dissimilar@k5,frozen,late,auc_all,False,False,-0.0004960000000000026,0.0008616759258334434,-0.002180612345679027,0.0011310962962962662,0.5648704091511076,False,1.0
Qwen3-4B-Base,Qwen,H3a_kvsharer_search_similar_vs_dissimilar,kvsharer_similar@k5,kvsharer_dissimilar@k5,frozen,late,d_all,True,False,-0.06757458398457203,0.052375240030357186,-0.16869040339732713,0.03166123557380067,0.19698089944177044,False,0.3939617988835409
Qwen3-4B-Base,Qwen,H3a_kvsharer_search_similar_vs_dissimilar,kvsharer_similar@k5,kvsharer_dissimilar@k5,frozen,late,sel_auc,False,True,-0.0013712839974700088,0.0017538085875259467,-0.0048164389041159906,0.002014686965586677,0.43427969126925636,False,1.0
Qwen3-4B-Base,Qwen,H3a_kvsharer_search_similar_vs_dissimilar,kvsharer_similar@k5,kvsharer_dissimilar@k5,frozen,late,sel_d,False,False,-0.3089327780749662,0.054200649635826915,-0.41870090345688327,-0.20715506198404754,1.1994916614104661e-08,True,7.196949968462797e-08
Qwen3-4B-Base,Qwen,H3a_kvsharer_search_similar_vs_dissimilar,kvsharer_similar@k5,kvsharer_dissimilar@k5,frozen,all,auc_all,False,False,-0.00038349206349206987,0.00035917814496856204,-0.0011234619047618907,0.00031765555555556034,0.28565892615832,False,0.4668128244359777
Qwen3-4B-Base,Qwen,H3a_kvsharer_search_similar_vs_dissimilar,kvsharer_similar@k5,kvsharer_dissimilar@k5,frozen,all,d_all,True,False,-0.011065888002971749,0.030815935525791024,-0.07287514564598051,0.05250967841460976,0.7195230597689086,False,1.0
Qwen3-4B-Base,Qwen,H3a_kvsharer_search_similar_vs_dissimilar,kvsharer_similar@k5,kvsharer_dissimilar@k5,frozen,all,sel_auc,False,True,-0.0006916290171982817,0.0006772539223628021,-0.0020408111389717183,0.0006113513335441591,0.30714758441510515,False,0.6142951688302103
Qwen3-4B-Base,Qwen,H3a_kvsharer_search_similar_vs_dissimilar,kvsharer_similar@k5,kvsharer_dissimilar@k5,frozen,all,sel_d,False,False,-0.17231432534501143,0.028895445729691462,-0.22820096577926055,-0.11793994261001335,2.4708327612116775e-09,True,1.7295829328481743e-08
Qwen3-4B-Base,Qwen,H3a_kvsharer_search_similar_vs_dissimilar,kvsharer_similar@k5,kvsharer_dissimilar@k5,retrained,early,auc_all,False,False,-0.00046151111111111256,0.0004093518105413064,-0.0014131822222222237,0.00020222222222220955,0.25956526404904257,False,1.0
Qwen3-4B-Base,Qwen,H3a_kvsharer_search_similar_vs_dissimilar,kvsharer_similar@k5,kvsharer_dissimilar@k5,retrained,early,d_all,True,False,0.02626741642346344,0.027925344225489528,-0.030202908792572137,0.08343488294483895,0.34689450465229954,False,0.5811531367364686
Qwen3-4B-Base,Qwen,H3a_kvsharer_search_similar_vs_dissimilar,kvsharer_similar@k5,kvsharer_dissimilar@k5,retrained,early,sel_auc,False,True,-0.0003549778621125488,0.0004351862324647715,-0.0012177618595825108,0.000515597195867592,0.41467640274197004,False,1.0
Qwen3-4B-Base,Qwen,H3a_kvsharer_search_similar_vs_dissimilar,kvsharer_similar@k5,kvsharer_dissimilar@k5,retrained,early,sel_d,False,False,-0.00160566418636705,0.019453789084267082,-0.04027696347960896,0.03844561259102973,0.9342194191323586,False,1.0
Qwen3-4B-Base,Qwen,H3a_kvsharer_search_similar_vs_dissimilar,kvsharer_similar@k5,kvsharer_dissimilar@k5,retrained,middle,auc_all,False,False,-0.0003126913580246847,0.00038717659786409876,-0.0011705777777777599,0.0003577333333333299,0.41930967603968694,False,1.0
Qwen3-4B-Base,Qwen,H3a_kvsharer_search_similar_vs_dissimilar,kvsharer_similar@k5,kvsharer_dissimilar@k5,retrained,middle,d_all,True,False,0.11741534889188435,0.042520399174763523,0.03898746206959493,0.207175838314329,0.005755613420856523,True,0.023022453683426092
Qwen3-4B-Base,Qwen,H3a_kvsharer_search_similar_vs_dissimilar,kvsharer_similar@k5,kvsharer_dissimilar@k5,retrained,middle,sel_auc,False,True,9.52421111813558e-05,0.0005394793106826844,-0.0009619596129969352,0.001154050940567434,0.859866182953614,False,1.0
Qwen3-4B-Base,Qwen,H3a_kvsharer_search_similar_vs_dissimilar,kvsharer_similar@k5,kvsharer_dissimilar@k5,retrained,middle,sel_d,False,False,-0.03546248131124344,0.03729854673997551,-0.10848391307567955,0.03670445901908206,0.3417192113550447,False,1.0
Qwen3-4B-Base,Qwen,H3a_kvsharer_search_similar_vs_dissimilar,kvsharer_similar@k5,kvsharer_dissimilar@k5,retrained,late,auc_all,False,False,0.0008195555555555486,0.0005663344555718501,-0.00022762469135800638,0.0019761629629629703,0.14786250740097778,False,0.44358752220293335
Qwen3-4B-Base,Qwen,H3a_kvsharer_search_similar_vs_dissimilar,kvsharer_similar@k5,kvsharer_dissimilar@k5,retrained,late,d_all,True,False,0.17003826064779856,0.052602426939497474,0.0689925756562562,0.2746556536106761,0.0012270466056720217,True,0.008589326239704152
Qwen3-4B-Base,Qwen,H3a_kvsharer_search_similar_vs_dissimilar,kvsharer_similar@k5,kvsharer_dissimilar@k5,retrained,late,sel_auc,False,True,-0.0011118162438212844,0.001240228793920888,-0.00366135175814649,0.001203245601705412,0.37000681633114585,False,1.0
Qwen3-4B-Base,Qwen,H3a_kvsharer_search_similar_vs_dissimilar,kvsharer_similar@k5,kvsharer_dissimilar@k5,retrained,late,sel_d,False,False,-0.07900497054579643,0.051212144872468904,-0.18125447009606335,0.01963745532041837,0.12290360725048691,False,0.36871082175146075
Qwen3-4B-Base,Qwen,H3a_kvsharer_search_similar_vs_dissimilar,kvsharer_similar@k5,kvsharer_dissimilar@k5,retrained,all,auc_all,False,False,-1.904761904762488e-06,0.0003513647501544793,-0.0007380031746031657,0.0006516476190476227,0.9956746581113128,False,1.0
Qwen3-4B-Base,Qwen,H3a_kvsharer_search_similar_vs_dissimilar,kvsharer_similar@k5,kvsharer_dissimilar@k5,retrained,all,d_all,True,False,0.10177702321756359,0.03278895530949321,0.038415767305719474,0.17074116943605766,0.0019092124606556837,True,0.007636849842622735
Qwen3-4B-Base,Qwen,H3a_kvsharer_search_similar_vs_dissimilar,kvsharer_similar@k5,kvsharer_dissimilar@k5,retrained,all,sel_auc,False,True,-0.00045353377910303013,0.0005255004477427873,-0.0015261315924219238,0.0005299095848016659,0.3881093306298088,False,1.0
Qwen3-4B-Base,Qwen,H3a_kvsharer_search_similar_vs_dissimilar,kvsharer_similar@k5,kvsharer_dissimilar@k5,retrained,all,sel_d,False,False,-0.03736656102060819,0.027542849502531625,-0.09406093341349787,0.01644326442329685,0.17488604974357813,False,0.5246581492307344
Qwen3-4B-Base,Qwen,H3a_kvsharer_search_similar_vs_dissimilar,kvsharer_similar@k5,kvsharer_dissimilar@k5,behavior,behavior,auc_all,False,False,0.12727466666666665,0.008585663892666595,0.11079575555555558,0.1445107111111111,1.023554164016977e-49,True,6.141324984101862e-49
Qwen3-4B-Base,Qwen,H3a_kvsharer_search_similar_vs_dissimilar,kvsharer_similar@k5,kvsharer_dissimilar@k5,behavior,behavior,d_all,True,False,1.822627648067232,0.07813762473385986,1.6749434905229335,1.9797273087425804,2.4231049824521343e-120,True,1.696173487716494e-119
Qwen3-4B-Base,Qwen,H3a_kvsharer_search_similar_vs_dissimilar,kvsharer_similar@k5,kvsharer_dissimilar@k5,behavior,behavior,sel_auc,False,True,-0.07194403331224963,0.013904869371835502,-0.10067307953826685,-0.045430039004849265,2.2911371774105274e-07,True,1.6037960241873692e-06
Qwen3-4B-Base,Qwen,H3a_kvsharer_search_similar_vs_dissimilar,kvsharer_similar@k5,kvsharer_dissimilar@k5,behavior,behavior,sel_d,False,False,0.5231980001615593,0.12564036478283264,0.2808177288162089,0.7752080288186027,3.1237648115091684e-05,True,0.00015618824057545843
Qwen3-4B-Base,Qwen,H3c_fidelity_vs_cka,fidelity_high@k5,cka_high@k5,frozen,early,auc_all,False,False,-7.12888888888763e-05,0.00015556017080785452,-0.00037285777777777305,0.00023634666666666205,0.6467569533429568,False,1.0
Qwen3-4B-Base,Qwen,H3c_fidelity_vs_cka,fidelity_high@k5,cka_high@k5,frozen,early,d_all,True,False,-0.05951505925646679,0.015010392304003462,-0.08944403800038497,-0.031486741519371426,7.341944690937077e-05,True,0.00029367778763748307
Qwen3-4B-Base,Qwen,H3c_fidelity_vs_cka,fidelity_high@k5,cka_high@k5,frozen,early,sel_auc,False,True,-0.00020070630402698744,0.00023137371869666373,-0.0006551448977440627,0.000249073213156223,0.38569272251782905,False,1.0
Qwen3-4B-Base,Qwen,H3c_fidelity_vs_cka,fidelity_high@k5,cka_high@k5,frozen,early,sel_d,False,False,-0.05507287092522444,0.011661795149010922,-0.07734483383221094,-0.03302631761710959,2.329588319072644e-06,True,1.6307118233508506e-05
Qwen3-4B-Base,Qwen,H3c_fidelity_vs_cka,fidelity_high@k5,cka_high@k5,frozen,middle,auc_all,False,False,-0.0006810864197531,0.0004992756853163446,-0.0016041728395061693,0.00032160000000000294,0.17252068009928434,False,0.8626034004964217
Qwen3-4B-Base,Qwen,H3c_fidelity_vs_cka,fidelity_high@k5,cka_high@k5,frozen,middle,d_all,True,False,-0.0660175162127322,0.03962050565316482,-0.14338130437098792,0.009298883538125236,0.09566439139225624,False,0.4783219569612812
Qwen3-4B-Base,Qwen,H3c_fidelity_vs_cka,fidelity_high@k5,cka_high@k5,frozen,middle,sel_auc,False,True,2.4895167146926005e-05,0.0007760358820246299,-0.0013866455243985735,0.0016571718556000663,0.9744083186034943,False,0.9744083186034943
Qwen3-4B-Base,Qwen,H3c_fidelity_vs_cka,fidelity_high@k5,cka_high@k5,frozen,middle,sel_d,False,False,-0.04351310528522115,0.03613738297538351,-0.11306409447777656,0.027102499788451077,0.22855004825938274,False,0.4571000965187655
Qwen3-4B-Base,Qwen,H3c_fidelity_vs_cka,fidelity_high@k5,cka_high@k5,frozen,late,auc_all,False,False,-0.0011828148148147971,0.0010751440749863883,-0.0032246962962962913,0.0009827209876543193,0.271268772960242,False,0.813806318880726
Qwen3-4B-Base,Qwen,H3c_fidelity_vs_cka,fidelity_high@k5,cka_high@k5,frozen,late,d_all,True,False,-0.18773713109778642,0.056172158126072756,-0.3010503887331833,-0.07878516192773083,0.0008312490987213104,True,0.0033249963948852415
Qwen3-4B-Base,Qwen,H3c_fidelity_vs_cka,fidelity_high@k5,cka_high@k5,frozen,late,sel_auc,False,True,0.0014790568557171918,0.001867119508038593,-0.002124815459039012,0.0053063112305854155,0.428267555312579,False,1.0
Qwen3-4B-Base,Qwen,H3c_fidelity_vs_cka,fidelity_high@k5,cka_high@k5,frozen,late,sel_d,False,False,0.12081661746822675,0.04929212377145039,0.020239219370732232,0.21315915003890293,0.014244692963559562,True,0.028489385927119124
Qwen3-4B-Base,Qwen,H3c_fidelity_vs_cka,fidelity_high@k5,cka_high@k5,frozen,all,auc_all,False,False,-0.0006245714285714228,0.00043983541013609253,-0.0014643444444444364,0.00027753333333334986,0.15560427481199257,False,0.4668128244359777
Qwen3-4B-Base,Qwen,H3c_fidelity_vs_cka,fidelity_high@k5,cka_high@k5,frozen,all,d_all,True,False,-0.10281937208426198,0.028247271631385112,-0.15790251841810293,-0.04833069646157678,0.00027266415565454935,True,0.0016359849339272962
Qwen3-4B-Base,Qwen,H3c_fidelity_vs_cka,fidelity_high@k5,cka_high@k5,frozen,all,sel_auc,False,True,0.00041173232733954224,0.0007381490376165829,-0.0010021725625734275,0.0019445117993433876,0.5769876295247556,False,0.6142951688302103
Qwen3-4B-Base,Qwen,H3c_fidelity_vs_cka,fidelity_high@k5,cka_high@k5,frozen,all,sel_d,False,False,0.005178675014100215,0.02427319960094781,-0.044465658395674006,0.05378555666152201,0.8310543662767786,False,0.8310543662767786
Qwen3-4B-Base,Qwen,H3c_fidelity_vs_cka,fidelity_high@k5,cka_high@k5,retrained,early,auc_all,False,False,8.604444444444414e-05,0.00011103659248453038,-0.00010755555555557184,0.0003307777777777787,0.43838710253084046,False,1.0
Qwen3-4B-Base,Qwen,H3c_fidelity_vs_cka,fidelity_high@k5,cka_high@k5,retrained,early,d_all,True,False,-0.03330161896694621,0.013876560020510522,-0.06086355408964739,-0.006657920657534574,0.016401932190077628,True,0.08200966095038814
Qwen3-4B-Base,Qwen,H3c_fidelity_vs_cka,fidelity_high@k5,cka_high@k5,retrained,early,sel_auc,False,True,-0.0001241682479443451,0.00022660926324719058,-0.0005885890259329418,0.00029618558928945927,0.5837331982217178,False,1.0
Qwen3-4B-Base,Qwen,H3c_fidelity_vs_cka,fidelity_high@k5,cka_high@k5,retrained,early,sel_d,False,False,0.010672029674723402,0.010932185006772791,-0.010928885735519386,0.032007180928422294,0.3289639732046288,False,0.9868919196138863
Qwen3-4B-Base,Qwen,H3c_fidelity_vs_cka,fidelity_high@k5,cka_high@k5,retrained,middle,auc_all,False,False,-0.00043437037037035657,0.00039808365675100983,-0.0012649333333333108,0.0003243654320987757,0.2752053504672781,False,1.0
Qwen3-4B-Base,Qwen,H3c_fidelity_vs_cka,fidelity_high@k5,cka_high@k5,retrained,middle,d_all,True,False,-0.03601403782177501,0.039446746193719455,-0.11403973565237965,0.038968408187730806,0.361253760583249,False,0.361253760583249
Qwen3-4B-Base,Qwen,H3c_fidelity_vs_cka,fidelity_high@k5,cka_high@k5,retrained,middle,sel_auc,False,True,0.0002188605430224724,0.0006223694960547892,-0.0009874598238339262,0.0014612386089441528,0.7250955686985701,False,1.0
Qwen3-4B-Base,Qwen,H3c_fidelity_vs_cka,fidelity_high@k5,cka_high@k5,retrained,middle,sel_d,False,False,0.026887887510062214,0.032284334737072186,-0.03515864028819226,0.09014931452087713,0.40493143998889336,False,1.0
Qwen3-4B-Base,Qwen,H3c_fidelity_vs_cka,fidelity_high@k5,cka_high@k5,retrained,late,auc_all,False,False,-0.0007614814814814865,0.000562491546554531,-0.0019127111111111128,0.0002682666666666527,0.17581129916344207,False,0.44358752220293335
Qwen3-4B-Base,Qwen,H3c_fidelity_vs_cka,fidelity_high@k5,cka_high@k5,retrained,late,d_all,True,False,-0.07585534661982868,0.053318416095773584,-0.17973412685638557,0.027164569197082208,0.15482729605355453,False,0.30965459210710905
Qwen3-4B-Base,Qwen,H3c_fidelity_vs_cka,fidelity_high@k5,cka_high@k5,retrained,late,sel_auc,False,True,0.00023265396959257527,0.001049099212734168,-0.0017412517862581158,0.0023272170098624693,0.8244964688092513,False,1.0
Qwen3-4B-Base,Qwen,H3c_fidelity_vs_cka,fidelity_high@k5,cka_high@k5,retrained,late,sel_d,False,False,0.0032777227935512354,0.04708438073712669,-0.08608841728515174,0.09983810712772957,0.94450105058325,False,1.0
Qwen3-4B-Base,Qwen,H3c_fidelity_vs_cka,fidelity_high@k5,cka_high@k5,retrained,all,auc_all,False,False,-0.0003536507936507909,0.00027256620607730563,-0.0009282809523809562,0.0001308476190476269,0.19446407308965052,False,0.5833922192689516
Qwen3-4B-Base,Qwen,H3c_fidelity_vs_cka,fidelity_high@k5,cka_high@k5,retrained,all,d_all,True,False,-0.04785145177299626,0.02725452622520639,-0.10175624568644998,0.003910271748456356,0.07913538398237215,False,0.07913538398237215
Qwen3-4B-Base,Qwen,H3c_fidelity_vs_cka,fidelity_high@k5,cka_high@k5,retrained,all,sel_auc,False,True,0.00010078386193185636,0.00047260939116025997,-0.0007539028191921929,0.0010808034961296484,0.8311321204391747,False,1.0
Qwen3-4B-Base,Qwen,H3c_fidelity_vs_cka,fidelity_high@k5,cka_high@k5,retrained,all,sel_d,False,False,0.013507528195705538,0.023352526465245976,-0.031062703950767784,0.06068674411290431,0.5629817551773002,False,1.0
Qwen3-4B-Base,Qwen,H3c_fidelity_vs_cka,fidelity_high@k5,cka_high@k5,behavior,behavior,auc_all,False,False,-0.13725155555555557,0.009716338017835991,-0.15697888888888895,-0.11804111111111103,2.6319621608094048e-45,True,1.3159810804047025e-44
Qwen3-4B-Base,Qwen,H3c_fidelity_vs_cka,fidelity_high@k5,cka_high@k5,behavior,behavior,d_all,True,False,-1.0377336450701857,0.060258943161060875,-1.1612346578209305,-0.9218784333358793,1.8400743008605005e-66,True,1.1040445805163003e-65
Qwen3-4B-Base,Qwen,H3c_fidelity_vs_cka,fidelity_high@k5,cka_high@k5,behavior,behavior,sel_auc,False,True,0.03900244570946654,0.016959742717280672,0.007115324689015426,0.07372376265022135,0.021464803004500856,True,0.10732401502250427
Qwen3-4B-Base,Qwen,H3c_fidelity_vs_cka,fidelity_high@k5,cka_high@k5,behavior,behavior,sel_d,False,False,-0.27666697308638133,0.09976895048827844,-0.4717530603830862,-0.07578991097181985,0.0055528994951340475,True,0.02221159798053619
Qwen3-4B-Base,Qwen,H3c_fidelity_vs_kvdist_within_cla,fidelity_high@k5,kvdist_high@k5,frozen,early,auc_all,False,False,0.0012106666666666821,0.0004009003595694833,0.0004792577777777743,0.0020584444444444214,0.002528838321643506,True,0.015173029929861036
Qwen3-4B-Base,Qwen,H3c_fidelity_vs_kvdist_within_cla,fidelity_high@k5,kvdist_high@k5,frozen,early,d_all,True,False,0.1847940944631022,0.03636286292358342,0.11462943942008547,0.2551780260162513,3.7358824156241153e-07,True,1.8679412078120577e-06
Qwen3-4B-Base,Qwen,H3c_fidelity_vs_kvdist_within_cla,fidelity_high@k5,kvdist_high@k5,frozen,early,sel_auc,False,True,-0.0019510225595614772,0.0006861990927539184,-0.0033986334071263156,-0.0006704403858317189,0.004465868436355813,True,0.026795210618134876
Qwen3-4B-Base,Qwen,H3c_fidelity_vs_kvdist_within_cla,fidelity_high@k5,kvdist_high@k5,frozen,early,sel_d,False,False,-0.04676038260839954,0.02485597696923005,-0.09570561630987329,0.001077749251389846,0.05993750368792781,False,0.23975001475171123
Qwen3-4B-Base,Qwen,H3c_fidelity_vs_kvdist_within_cla,fidelity_high@k5,kvdist_high@k5,frozen,middle,auc_all,False,False,-0.00029550617283951523,0.0004885253812213545,-0.0012778913580246893,0.0006093876543209951,0.5452492928483038,False,1.0
Qwen3-4B-Base,Qwen,H3c_fidelity_vs_kvdist_within_cla,fidelity_high@k5,kvdist_high@k5,frozen,middle,d_all,True,False,0.08858534511313382,0.056525588638758416,-0.022757814868907933,0.19647960641494738,0.11707438869559987,False,0.4783219569612812
Qwen3-4B-Base,Qwen,H3c_fidelity_vs_kvdist_within_cla,fidelity_high@k5,kvdist_high@k5,frozen,middle,sel_auc,False,True,-0.001737716400777788,0.0009113841674923453,-0.0035576212898540314,9.749484620613443e-05,0.056562260734925714,False,0.2828113036746286
Qwen3-4B-Base,Qwen,H3c_fidelity_vs_kvdist_within_cla,fidelity_high@k5,kvdist_high@k5,frozen,middle,sel_d,False,False,-0.187295490450465,0.0446585646054666,-0.27484213069871355,-0.09909264465782883,2.741464632777892e-05,True,0.0001370732316388946
Qwen3-4B-Base,Qwen,H3c_fidelity_vs_kvdist_within_cla,fidelity_high@k5,kvdist_high@k5,frozen,late,auc_all,False,False,0.002449185185185233,0.0013522214335132353,-0.00017785679012346327,0.005077041975308628,0.07010512364496575,False,0.280420494579863
Qwen3-4B-Base,Qwen,H3c_fidelity_vs_kvdist_within_cla,fidelity_high@k5,kvdist_high@k5,frozen,late,d_all,True,False,0.0016865863584183652,0.06113255390783202,-0.11970912847231185,0.12287927069748565,0.9779899507678762,False,0.9779899507678762
Qwen3-4B-Base,Qwen,H3c_fidelity_vs_kvdist_within_cla,fidelity_high@k5,kvdist_high@k5,frozen,late,sel_auc,False,True,-0.005541839435893839,0.0026549582545567453,-0.010969420783845208,-0.0002629059198350892,0.03685608888614933,True,0.18428044443074665
Qwen3-4B-Base,Qwen,H3c_fidelity_vs_kvdist_within_cla,fidelity_high@k5,kvdist_high@k5,frozen,late,sel_d,False,False,-0.24685084712018643,0.06193029647729322,-0.3605385730752064,-0.1261515642062849,6.721166251601844e-05,True,0.00025825633522656683
Qwen3-4B-Base,Qwen,H3c_fidelity_vs_kvdist_within_cla,fidelity_high@k5,kvdist_high@k5,frozen,all,auc_all,False,False,0.0011246349206349387,0.0006158875506089772,-9.523968253968878e-05,0.002352699999999993,0.06784433035427329,False,0.27137732141709314
Qwen3-4B-Base,Qwen,H3c_fidelity_vs_kvdist_within_cla,fidelity_high@k5,kvdist_high@k5,frozen,all,d_all,True,False,0.09501386885267826,0.04122111237097302,0.014813036463672895,0.17480899612563242,0.02116765379640587,True,0.10583826898202935
Qwen3-4B-Base,Qwen,H3c_fidelity_vs_kvdist_within_cla,fidelity_high@k5,kvdist_high@k5,frozen,all,sel_auc,False,True,-0.003036651004487836,0.001188465932868816,-0.005405176048914203,-0.0007432863844462149,0.010615685890691782,True,0.05307842945345891
Qwen3-4B-Base,Qwen,H3c_fidelity_vs_kvdist_within_cla,fidelity_high@k5,kvdist_high@k5,frozen,all,sel_d,False,False,-0.15624717372213778,0.03252711445277978,-0.2162829658471722,-0.09140289143162379,1.5583975614389688e-06,True,7.791987807194843e-06
Qwen3-4B-Base,Qwen,H3c_fidelity_vs_kvdist_within_cla,fidelity_high@k5,kvdist_high@k5,retrained,early,auc_all,False,False,0.0006175999999999959,0.0002838486168320208,0.00010896888888887512,0.0012483555555555584,0.029569644306552085,True,0.19727687781741007
Qwen3-4B-Base,Qwen,H3c_fidelity_vs_kvdist_within_cla,fidelity_high@k5,kvdist_high@k5,retrained,early,d_all,True,False,0.06799361288209874,0.03254744567154589,0.00612415030257098,0.13368099668366984,0.03670219517889711,True,0.11010658553669134
Qwen3-4B-Base,Qwen,H3c_fidelity_vs_kvdist_within_cla,fidelity_high@k5,kvdist_high@k5,retrained,early,sel_auc,False,True,-0.0011981994518237673,0.0005552287871927294,-0.0023851446341977413,-0.00023276544381194183,0.030925629324435395,True,0.21647940527104775
Qwen3-4B-Base,Qwen,H3c_fidelity_vs_kvdist_within_cla,fidelity_high@k5,kvdist_high@k5,retrained,early,sel_d,False,False,-0.10101317126779072,0.024307228563871196,-0.1474017599494689,-0.05269419706462137,3.243152071272361e-05,True,0.00019458912427634166
Qwen3-4B-Base,Qwen,H3c_fidelity_vs_kvdist_within_cla,fidelity_high@k5,kvdist_high@k5,retrained,middle,auc_all,False,False,0.00025876543209877066,0.00038170534365379946,-0.0005087061728395318,0.0010066172839506098,0.4978228410147998,False,1.0
Qwen3-4B-Base,Qwen,H3c_fidelity_vs_kvdist_within_cla,fidelity_high@k5,kvdist_high@k5,retrained,middle,d_all,True,False,0.21825025251131575,0.0557865338250875,0.10925616297051495,0.33079275376854933,9.144435043849749e-05,True,0.00045722175219248745
Qwen3-4B-Base,Qwen,H3c_fidelity_vs_kvdist_within_cla,fidelity_high@k5,kvdist_high@k5,retrained,middle,sel_auc,False,True,-0.0007348583877995196,0.0009241003250616953,-0.002587240611895898,0.0010162469252933978,0.426488480618084,False,1.0
Qwen3-4B-Base,Qwen,H3c_fidelity_vs_kvdist_within_cla,fidelity_high@k5,kvdist_high@k5,retrained,middle,sel_d,False,False,-0.08739982471615049,0.046008329153607225,-0.17863516027894805,0.0048694656420091515,0.057478774161182467,False,0.3184932838948885
Qwen3-4B-Base,Qwen,H3c_fidelity_vs_kvdist_within_cla,fidelity_high@k5,kvdist_high@k5,retrained,late,auc_all,False,False,0.001601382716049371,0.000753830965207539,0.00019858271604939872,0.003158824691358052,0.03364289340135784,True,0.20185736040814706
Qwen3-4B-Base,Qwen,H3c_fidelity_vs_kvdist_within_cla,fidelity_high@k5,kvdist_high@k5,retrained,late,d_all,True,False,0.1378667479908723,0.0596172010261139,0.016470890199251187,0.2548458983713765,0.020748325927293573,True,0.08720969526119543
Qwen3-4B-Base,Qwen,H3c_fidelity_vs_kvdist_within_cla,fidelity_high@k5,kvdist_high@k5,retrained,late,sel_auc,False,True,-0.003612233232600132,0.0017307998360435984,-0.007243730819687503,-0.0005313813338955679,0.036885315708320335,True,0.25819720995824236
Qwen3-4B-Base,Qwen,H3c_fidelity_vs_kvdist_within_cla,fidelity_high@k5,kvdist_high@k5,retrained,late,sel_d,False,False,-0.21898708331547717,0.05562816265118884,-0.3279415167390416,-0.10839579107076344,8.263640494798184e-05,True,0.000578454834635873
Qwen3-4B-Base,Qwen,H3c_fidelity_vs_kvdist_within_cla,fidelity_high@k5,kvdist_high@k5,retrained,all,auc_all,False,False,0.000818476190476187,0.00038157691818131126,0.00010029047619046257,0.0015925079365079475,0.03195416688324113,True,0.15977083441620565
Qwen3-4B-Base,Qwen,H3c_fidelity_vs_kvdist_within_cla,fidelity_high@k5,kvdist_high@k5,retrained,all,d_all,True,False,0.13874961190502427,0.03912934297336614,0.06390337447692193,0.21567796699255573,0.0003912414702469027,True,0.002347448821481416
Qwen3-4B-Base,Qwen,H3c_fidelity_vs_kvdist_within_cla,fidelity_high@k5,kvdist_high@k5,retrained,all,sel_auc,False,True,-0.001825207825065519,0.0009179468345302589,-0.003772969300623461,-0.00022770432366496081,0.04677200285406911,True,0.32740401997848373
Qwen3-4B-Base,Qwen,H3c_fidelity_vs_kvdist_within_cla,fidelity_high@k5,kvdist_high@k5,retrained,all,sel_d,False,False,-0.13455763874866272,0.03197804901722972,-0.1982562836227707,-0.07194544444305875,2.5785452155125713e-05,True,0.00015471271293075427
Qwen3-4B-Base,Qwen,H3c_fidelity_vs_kvdist_within_cla,fidelity_high@k5,kvdist_high@k5,behavior,behavior,auc_all,False,False,-0.14484711111111115,0.010616927652113741,-0.16565617777777783,-0.12385979999999995,2.221216336174491e-42,True,8.884865344697964e-42
Qwen3-4B-Base,Qwen,H3c_fidelity_vs_kvdist_within_cla,fidelity_high@k5,kvdist_high@k5,behavior,behavior,d_all,True,False,-1.252539886707804,0.0838631362148431,-1.4147387795766893,-1.0844190236081068,1.9354655669433982e-50,True,7.741862267773593e-50
Qwen3-4B-Base,Qwen,H3c_fidelity_vs_kvdist_within_cla,fidelity_high@k5,kvdist_high@k5,behavior,behavior,sel_auc,False,True,0.04692625975121223,0.017884985331494137,0.012802707147374979,0.08138186037318149,0.008696003568997959,True,0.05217602141398775
Qwen3-4B-Base,Qwen,H3c_fidelity_vs_kvdist_within_cla,fidelity_high@k5,kvdist_high@k5,behavior,behavior,sel_d,False,False,-0.07054921957594362,0.11588634802860322,-0.2908194827166435,0.161494352564235,0.5426706802855569,False,1.0
Qwen3-4B-Base,Qwen,C1_live_vs_clean_semantics,live_prev_head,cf_prev_head,frozen,early,auc_all,False,False,-0.000553244444444445,0.00038977330990234375,-0.001327026666666669,0.0001907777777777557,0.1557822766652367,False,0.4673468299957101
Qwen3-4B-Base,Qwen,C1_live_vs_clean_semantics,live_prev_head,cf_prev_head,frozen,early,d_all,True,False,-0.06819156965277369,0.018746842213153505,-0.1049513956970685,-0.03134398971420348,0.0002753011192823923,True,0.000825903357847177
Qwen3-4B-Base,Qwen,C1_live_vs_clean_semantics,live_prev_head,cf_prev_head,frozen,early,sel_auc,False,True,-0.00010807927472062935,0.000633592259130612,-0.0013173045540797244,0.0011381171726755047,0.864552650995708,False,1.0
Qwen3-4B-Base,Qwen,C1_live_vs_clean_semantics,live_prev_head,cf_prev_head,frozen,early,sel_d,False,False,-0.04629894701715558,0.01582419962541247,-0.07571124959809694,-0.013979246022115694,0.0034353658230773763,True,0.01717682911538688
Qwen3-4B-Base,Qwen,C1_live_vs_clean_semantics,live_prev_head,cf_prev_head,frozen,middle,auc_all,False,False,0.0025669135802468914,0.002304112049595857,-0.001866602469135826,0.007228256790123459,0.265254469348881,False,1.0
Qwen3-4B-Base,Qwen,C1_live_vs_clean_semantics,live_prev_head,cf_prev_head,frozen,middle,d_all,True,False,-0.03660541336415678,0.04824851634730204,-0.13451171824414096,0.057530825092758225,0.4480411640371945,False,0.896082328074389
Qwen3-4B-Base,Qwen,C1_live_vs_clean_semantics,live_prev_head,cf_prev_head,frozen,middle,sel_auc,False,True,0.014746705085857528,0.0040998102420816114,0.006818975507765819,0.02290929843980603,0.0003220027471998168,True,0.0022540192303987174
Qwen3-4B-Base,Qwen,C1_live_vs_clean_semantics,live_prev_head,cf_prev_head,frozen,middle,sel_d,False,False,0.34756555513935056,0.0568428437480243,0.2452233738807637,0.4587349514844239,9.686030854671725e-10,True,5.8116185128030355e-09
Qwen3-4B-Base,Qwen,C1_live_vs_clean_semantics,live_prev_head,cf_prev_head,frozen,late,auc_all,False,False,0.03627041975308644,0.009758756696403532,0.017754730864197547,0.055808819753086436,0.00020183788474650564,True,0.0014128651932255394
Qwen3-4B-Base,Qwen,C1_live_vs_clean_semantics,live_prev_head,cf_prev_head,frozen,late,d_all,True,False,0.23558333847342774,0.052930845155780885,0.1356453908138347,0.33805734090547807,8.5560527799513e-06,True,5.98923694596591e-05
Qwen3-4B-Base,Qwen,C1_live_vs_clean_semantics,live_prev_head,cf_prev_head,frozen,late,sel_auc,False,True,0.061743926722421384,0.017370572273479375,0.027786700634853705,0.09617653454213226,0.0003786796446396749,True,0.0026507575124777244
Qwen3-4B-Base,Qwen,C1_live_vs_clean_semantics,live_prev_head,cf_prev_head,frozen,late,sel_d,False,False,0.34055447830037155,0.08523499579533637,0.17330538086534972,0.5044448605772532,6.456408380664171e-05,True,0.00025825633522656683
Qwen3-4B-Base,Qwen,C1_live_vs_clean_semantics,live_prev_head,cf_prev_head,frozen,all,auc_all,False,False,0.012285841269841268,0.003454006621219488,0.005473863492063499,0.01916755873015874,0.00037513906862475364,True,0.0026259734803732756
Qwen3-4B-Base,Qwen,C1_live_vs_clean_semantics,live_prev_head,cf_prev_head,frozen,all,d_all,True,False,0.03960305819484649,0.02848226860949587,-0.015470366768768043,0.09512073469319622,0.16439346776221986,False,0.4931804032866596
Qwen3-4B-Base,Qwen,C1_live_vs_clean_semantics,live_prev_head,cf_prev_head,frozen,all,sel_auc,False,True,0.02454767476883228,0.006177791204882193,0.012605741600403612,0.036687363370079204,7.081349684155947e-05,True,0.0004956944778909163
Qwen3-4B-Base,Qwen,C1_live_vs_clean_semantics,live_prev_head,cf_prev_head,frozen,all,sel_d,False,False,0.204646101099498,0.03974869705762856,0.1317693166634988,0.28335954072573044,2.6258009980335527e-07,True,1.5754805988201317e-06
Qwen3-4B-Base,Qwen,C1_live_vs_clean_semantics,live_prev_head,cf_prev_head,retrained,early,auc_all,False,False,-2.0977777777764217e-05,0.0001583830319095908,-0.0003111866666666732,0.00028836444444443074,0.8946286423677027,False,1.0
Qwen3-4B-Base,Qwen,C1_live_vs_clean_semantics,live_prev_head,cf_prev_head,retrained,early,d_all,True,False,-0.05670321098693796,0.018805448441902104,-0.09411073896492698,-0.0210425264886414,0.0025676380008421594,True,0.015405828005052956
Qwen3-4B-Base,Qwen,C1_live_vs_clean_semantics,live_prev_head,cf_prev_head,retrained,early,sel_auc,False,True,3.837022981234561e-05,0.00039693940278923904,-0.0007785135989879755,0.000793273561037316,0.9229922706340411,False,1.0
Qwen3-4B-Base,Qwen,C1_live_vs_clean_semantics,live_prev_head,cf_prev_head,retrained,early,sel_d,False,False,0.007095648888926574,0.014421291044087363,-0.022002267220039343,0.03452614617225262,0.6227010251563603,False,1.0
Qwen3-4B-Base,Qwen,C1_live_vs_clean_semantics,live_prev_head,cf_prev_head,retrained,middle,auc_all,False,False,0.00015901234567900554,0.00057283071648696,-0.0008836493827160693,0.001327772839506171,0.7813267514500756,False,1.0
Qwen3-4B-Base,Qwen,C1_live_vs_clean_semantics,live_prev_head,cf_prev_head,retrained,middle,d_all,True,False,-0.1174518722064052,0.05369739668276303,-0.22315378059443006,-0.014728089470635964,0.02872123336705084,True,0.05744246673410168
Qwen3-4B-Base,Qwen,C1_live_vs_clean_semantics,live_prev_head,cf_prev_head,retrained,middle,sel_auc,False,True,0.0007591772670836575,0.0012154877582736835,-0.0017031651322417093,0.0030786893550729844,0.5322424702105333,False,1.0
Qwen3-4B-Base,Qwen,C1_live_vs_clean_semantics,live_prev_head,cf_prev_head,retrained,middle,sel_d,False,False,0.09292200442849378,0.04804029090222179,-0.0014776803876566846,0.18838542192773253,0.05308221398248142,False,0.3184932838948885
Qwen3-4B-Base,Qwen,C1_live_vs_clean_semantics,live_prev_head,cf_prev_head,retrained,late,auc_all,False,False,-0.001193283950617278,0.0014849955772715281,-0.004119091358024717,0.0016497333333333301,0.4216507801105508,False,0.44358752220293335
Qwen3-4B-Base,Qwen,C1_live_vs_clean_semantics,live_prev_head,cf_prev_head,retrained,late,d_all,True,False,-0.08869939830045641,0.06729217941192261,-0.22313015192917382,0.03762052316525905,0.18746233252841815,False,0.30965459210710905
Qwen3-4B-Base,Qwen,C1_live_vs_clean_semantics,live_prev_head,cf_prev_head,retrained,late,sel_auc,False,True,0.0028746503619368666,0.0035882538690034447,-0.0036960596903038104,0.010202841497411406,0.4230575937081529,False,1.0
Qwen3-4B-Base,Qwen,C1_live_vs_clean_semantics,live_prev_head,cf_prev_head,retrained,late,sel_d,False,False,0.14125408936385014,0.07526746868669516,-0.0035506319439318366,0.2964805510540824,0.060559895171923527,False,0.2422395806876941
Qwen3-4B-Base,Qwen,C1_live_vs_clean_semantics,live_prev_head,cf_prev_head,retrained,all,auc_all,False,False,-0.0003399365079365034,0.0006010392485741862,-0.0015047666666666642,0.0007842936507936558,0.5716785012804972,False,1.0
Qwen3-4B-Base,Qwen,C1_live_vs_clean_semantics,live_prev_head,cf_prev_head,retrained,all,d_all,True,False,-0.08651405515825479,0.03673844282009356,-0.16258839363640645,-0.015183935389989208,0.01852946048615665,True,0.0370589209723133
Qwen3-4B-Base,Qwen,C1_live_vs_clean_semantics,live_prev_head,cf_prev_head,retrained,all,sel_auc,False,True,0.001181719677118149,0.0014762230441161095,-0.00160469289328633,0.004099459184211309,0.4234199354782313,False,1.0
Qwen3-4B-Base,Qwen,C1_live_vs_clean_semantics,live_prev_head,cf_prev_head,retrained,all,sel_d,False,False,0.07780504760787005,0.036488652704410825,0.008002609491594176,0.15203137955874582,0.03298153136277413,True,0.13192612545109653
Qwen3-4B-Base,Qwen,C1_live_vs_clean_semantics,live_prev_head,cf_prev_head,behavior,behavior,auc_all,False,False,0.0034551111111110755,0.020134640660886223,-0.035875022222222226,0.04270095555555549,0.8637517429518093,False,0.8637517429518093
Qwen3-4B-Base,Qwen,C1_live_vs_clean_semantics,live_prev_head,cf_prev_head,behavior,behavior,d_all,True,False,0.01265989025428535,0.07135190583556383,-0.12888957356335584,0.15320167725612308,0.8591715075318621,False,0.8591715075318621
Qwen3-4B-Base,Qwen,C1_live_vs_clean_semantics,live_prev_head,cf_prev_head,behavior,behavior,sel_auc,False,True,-0.0007518975332069244,0.03729418880609029,-0.07333840001054177,0.07076263836179623,0.9839147381390418,False,1.0
Qwen3-4B-Base,Qwen,C1_live_vs_clean_semantics,live_prev_head,cf_prev_head,behavior,behavior,sel_d,False,False,0.006626910531540131,0.12907348434400526,-0.23824318964430474,0.2522717709181094,0.9590528794496287,False,1.0
Qwen3-4B-Base,Qwen,C2_previous_vs_next_head_source,cf_prev_head,cf_next_head,frozen,early,auc_all,False,False,0.0017793777777777686,0.0007713791360532776,0.0002740133333333264,0.0033052044444444656,0.021068836614751032,True,0.08427534645900413
Qwen3-4B-Base,Qwen,C2_previous_vs_next_head_source,cf_prev_head,cf_next_head,frozen,early,d_all,True,False,0.0802490487016844,0.038390540142999974,0.008292220897671678,0.1562908482814041,0.03658781327285805,True,0.06097550712813688
Qwen3-4B-Base,Qwen,C2_previous_vs_next_head_source,cf_prev_head,cf_next_head,frozen,early,sel_auc,False,True,-0.0044768943706515185,0.0014832634955514884,-0.007568188541007791,-0.0018958068732869695,0.0025421965874919982,True,0.017795376112443986
Qwen3-4B-Base,Qwen,C2_previous_vs_next_head_source,cf_prev_head,cf_next_head,frozen,early,sel_d,False,False,-0.12493877598312607,0.03454643151975135,-0.19274604993148617,-0.05763854709931806,0.00029855970508803456,True,0.0017913582305282075
Qwen3-4B-Base,Qwen,C2_previous_vs_next_head_source,cf_prev_head,cf_next_head,frozen,middle,auc_all,False,False,0.0020150123456790237,0.002584121864557366,-0.003107066666666657,0.0069434271604938425,0.4355281723565466,False,1.0
Qwen3-4B-Base,Qwen,C2_previous_vs_next_head_source,cf_prev_head,cf_next_head,frozen,middle,d_all,True,False,0.0687927407561102,0.054601783882339196,-0.03611177356470227,0.1762952268032935,0.2077057477022084,False,0.6231172431066252
Qwen3-4B-Base,Qwen,C2_previous_vs_next_head_source,cf_prev_head,cf_next_head,frozen,middle,sel_auc,False,True,-0.013325438658139486,0.004776433409431988,-0.02334211914634434,-0.0046316505024949165,0.005273567438748766,True,0.0316414046324926
Qwen3-4B-Base,Qwen,C2_previous_vs_next_head_source,cf_prev_head,cf_next_head,frozen,middle,sel_d,False,False,-0.21266495895768855,0.0629381456894555,-0.33612918802264397,-0.09019233266722042,0.0007276277129712537,True,0.0029105108518850146
Qwen3-4B-Base,Qwen,C2_previous_vs_next_head_source,cf_prev_head,cf_next_head,frozen,late,auc_all,False,False,-0.03281679012345683,0.0098287044730391,-0.05180929382716048,-0.013727446913580273,0.0008411919346711642,True,0.005047151608026985
Qwen3-4B-Base,Qwen,C2_previous_vs_next_head_source,cf_prev_head,cf_next_head,frozen,late,d_all,True,False,-0.20942055145104735,0.052537875576569734,-0.31266674407248535,-0.10856405171221724,6.717184413015377e-05,True,0.0004030310647809226
Qwen3-4B-Base,Qwen,C2_previous_vs_next_head_source,cf_prev_head,cf_next_head,frozen,late,sel_auc,False,True,-0.013344135216810743,0.017927572888910982,-0.04903070747534378,0.020106445990582592,0.45667331744309747,False,1.0
Qwen3-4B-Base,Qwen,C2_previous_vs_next_head_source,cf_prev_head,cf_next_head,frozen,late,sel_d,False,False,-0.07206168728619339,0.08599606731674857,-0.24799704834398906,0.0896711661442837,0.40205040824487315,False,0.40205040824487315
Qwen3-4B-Base,Qwen,C2_previous_vs_next_head_source,cf_prev_head,cf_next_head,frozen,all,auc_all,False,False,-0.009265079365079377,0.0034972648631559178,-0.01585663174603175,-0.002549487301587303,0.00806740160730845,True,0.04320724635758941
Qwen3-4B-Base,Qwen,C2_previous_vs_next_head_source,cf_prev_head,cf_next_head,frozen,all,d_all,True,False,-0.01654142175848538,0.033982725747201306,-0.08196965946609266,0.05085124423935523,0.6264286248277534,False,1.0
Qwen3-4B-Base,Qwen,C2_previous_vs_next_head_source,cf_prev_head,cf_next_head,frozen,all,sel_auc,False,True,-0.010171253877895258,0.0064811339267855945,-0.02302036757175989,0.002016974884039634,0.11656330501416143,False,0.34968991504248426
Qwen3-4B-Base,Qwen,C2_previous_vs_next_head_source,cf_prev_head,cf_next_head,frozen,all,sel_d,False,False,-0.13614027057236422,0.043599864600987,-0.22587290751546008,-0.0530440389636098,0.0017932639007840411,True,0.0035865278015680823
Qwen3-4B-Base,Qwen,C2_previous_vs_next_head_source,cf_prev_head,cf_next_head,retrained,early,auc_all,False,False,-0.0002783999999999787,0.00038117097259820896,-0.0010690666666666705,0.00040396888888889895,0.46515738683903674,False,1.0
Qwen3-4B-Base,Qwen,C2_previous_vs_next_head_source,cf_prev_head,cf_next_head,retrained,early,d_all,True,False,-0.03734955962767348,0.03534019965774557,-0.10661725538896259,0.032567187267225926,0.2905765683682343,False,0.5811531367364686
Qwen3-4B-Base,Qwen,C2_previous_vs_next_head_source,cf_prev_head,cf_next_head,retrained,early,sel_auc,False,True,-2.310773771863067e-06,0.0006171071119872137,-0.0012387035104364419,0.001176249683744474,0.9970123073099713,False,1.0
Qwen3-4B-Base,Qwen,C2_previous_vs_next_head_source,cf_prev_head,cf_next_head,retrained,early,sel_d,False,False,0.04201604692451798,0.032561165327470526,-0.020971424549733927,0.10444872463084282,0.19692119969860733,False,0.7876847987944293
Qwen3-4B-Base,Qwen,C2_previous_vs_next_head_source,cf_prev_head,cf_next_head,retrained,middle,auc_all,False,False,-0.001531654320987662,0.0008352755182840575,-0.003353837037037056,-5.098765432099357e-05,0.06669683109459297,True,0.40018098656755785
Qwen3-4B-Base,Qwen,C2_previous_vs_next_head_source,cf_prev_head,cf_next_head,retrained,middle,d_all,True,False,-0.15025540284475092,0.05969810893101104,-0.26734826240022597,-0.03596752449892394,0.011838548955608876,True,0.03551564686682663
Qwen3-4B-Base,Qwen,C2_previous_vs_next_head_source,cf_prev_head,cf_next_head,retrained,middle,sel_auc,False,True,0.0008947126759903327,0.0015160976112040606,-0.002017715229460973,0.0038336104668868936,0.5550955415927066,False,1.0
Qwen3-4B-Base,Qwen,C2_previous_vs_next_head_source,cf_prev_head,cf_next_head,retrained,middle,sel_d,False,False,0.03516701187518745,0.05730977264386418,-0.07860979155416833,0.14187143287962273,0.5394596690279252,False,1.0
Qwen3-4B-Base,Qwen,C2_previous_vs_next_head_source,cf_prev_head,cf_next_head,retrained,late,auc_all,False,False,-0.0019091358024691469,0.0011880665183147774,-0.004110320987654312,0.000394711111111099,0.1080704498753278,False,0.4322817995013112
Qwen3-4B-Base,Qwen,C2_previous_vs_next_head_source,cf_prev_head,cf_next_head,retrained,late,d_all,True,False,-0.15655991337522585,0.06585738293142547,-0.28341055325804915,-0.02955053644603001,0.017441939052239085,True,0.08720969526119543
Qwen3-4B-Base,Qwen,C2_previous_vs_next_head_source,cf_prev_head,cf_next_head,retrained,late,sel_auc,False,True,0.002923840982032071,0.0023386858121442356,-0.0015298969241221091,0.007646468011338346,0.21122400146999842,False,0.8448960058799937
Qwen3-4B-Base,Qwen,C2_previous_vs_next_head_source,cf_prev_head,cf_next_head,retrained,late,sel_d,False,False,0.00556099434877208,0.07275200269090189,-0.141087665966035,0.13922585236987556,0.9390708924524483,False,1.0
Qwen3-4B-Base,Qwen,C2_previous_vs_next_head_source,cf_prev_head,cf_next_head,retrained,all,auc_all,False,False,-0.0012053968253968237,0.0006164992154034007,-0.0024616857142857255,-6.543968253969385e-05,0.05055610816348868,True,0.20222443265395473
Qwen3-4B-Base,Qwen,C2_previous_vs_next_head_source,cf_prev_head,cf_next_head,retrained,all,d_all,True,False,-0.11195833722344735,0.04186215286752552,-0.1926930424252696,-0.029807310968431772,0.007485139052503089,True,0.022455417157509268
Qwen3-4B-Base,Qwen,C2_previous_vs_next_head_source,cf_prev_head,cf_next_head,retrained,all,sel_auc,False,True,0.0012265669708743931,0.00110731248885903,-0.0008903435513990605,0.0034888601999939705,0.2679925983231243,False,1.0
Qwen3-4B-Base,Qwen,C2_previous_vs_next_head_source,cf_prev_head,cf_next_head,retrained,all,sel_d,False,False,0.028096875902171983,0.042488337389779814,-0.05995410411783046,0.10860694082746467,0.5084299257099801,False,1.0
Qwen3-4B-Base,Qwen,C2_previous_vs_next_head_source,cf_prev_head,cf_next_head,behavior,behavior,auc_all,False,False,0.04224977777777772,0.020026100523533093,0.0031799777777777537,0.08253460000000001,0.03488113380878784,True,0.06976226761757567
Qwen3-4B-Base,Qwen,C2_previous_vs_next_head_source,cf_prev_head,cf_next_head,behavior,behavior,d_all,True,False,0.1524996486585091,0.06961840955327925,0.019077388883804555,0.2908787875338493,0.028487451061879006,True,0.05697490212375801
Qwen3-4B-Base,Qwen,C2_previous_vs_next_head_source,cf_prev_head,cf_next_head,behavior,behavior,sel_auc,False,True,-0.006663124604680548,0.03536150801067328,-0.07596239827113643,0.06360480787476287,0.8505405673717135,False,1.0
Qwen3-4B-Base,Qwen,C2_previous_vs_next_head_source,cf_prev_head,cf_next_head,behavior,behavior,sel_d,False,False,-0.07180862699277901,0.12514624479574135,-0.3113538758014048,0.1729215057238737,0.56610470769217,False,1.0
