model,regime,policy,family,metric,answer_mass_median,answer_mass_ratio,format_retained,estimate,se,ci_low,ci_high,p_value,ci_excludes_zero,p_holm
SmolLM2-360M,control,no_reuse,no_reuse,abs_auc_all,0.9801158905029297,1.0,True,0.779656,0.011753938425619951,0.7554462222222222,0.8028320666666666,0.0,True,
SmolLM2-360M,rf2_ex00,full,full,auc_all,0.0025702747516334057,0.0026224192697554827,False,-0.12929599999999997,0.017894126074461638,-0.1643677777777778,-0.09436193333333337,4.98852622056474e-13,True,4.98852622056474e-13
SmolLM2-360M,rf2_ex00,full,full,d_all,0.0025702747516334057,0.0026224192697554827,False,-0.543638500151356,0.0752335096713753,-0.6970464463564199,-0.39616718162220277,4.973713370024774e-13,True,4.973713370024774e-13
SmolLM2-360M,rf2_ex00,full,full,auc_hf,0.0025702747516334057,0.0026224192697554827,False,-0.01971503267973862,0.021614397329565417,-0.06130267973856208,0.021937189542483686,0.3617029067468335,False,0.3617029067468335
SmolLM2-360M,rf2_ex00,full,full,auc_lf,0.0025702747516334057,0.0026224192697554827,False,-0.24655645161290324,0.029037935937437264,-0.3021301747311828,-0.18920383064516136,2.0514984149232054e-17,True,2.0514984149232054e-17
SmolLM2-360M,rf2_ex00,full,full,auc_lf_hard,0.0025702747516334057,0.0026224192697554827,False,-0.38654793906810037,0.03489201043344251,-0.45224833840213235,-0.315826845069167,1.596860363233415e-28,True,1.596860363233415e-28
SmolLM2-360M,rf2_ex00,full,full,sel_auc,0.0025702747516334057,0.0026224192697554827,False,0.22684141893316462,0.03187683459083101,0.1615323036580223,0.2878742773561037,1.1095618290400656e-12,True,1.1095618290400656e-12
SmolLM2-360M,rf2_ex00,full,full,sel_d,0.0025702747516334057,0.0026224192697554827,False,0.8003067936817421,0.14347046530808677,0.5134314253427391,1.07574665626205,2.430216675842701e-08,True,2.430216675842701e-08
SmolLM2-360M,rf2_ex20,cf_next_head,cf_next_head,auc_all,0.0054159145802259445,0.0055257901549339294,False,-0.3052826666666667,0.01914012783187004,-0.34285006666666673,-0.26767444444444444,2.8546287649286366e-57,True,1.4273143824643182e-56
SmolLM2-360M,rf2_ex20,cf_next_head,cf_next_head,d_all,0.0054159145802259445,0.0055257901549339294,False,-1.1789439913630437,0.07745655805752386,-1.3367011739056334,-1.031342442643773,2.5770953629859303e-52,True,1.2885476814929652e-51
SmolLM2-360M,rf2_ex20,cf_next_head,cf_next_head,auc_hf,0.0054159145802259445,0.0055257901549339294,False,-0.31019346405228765,0.025988426346647407,-0.3616608496732026,-0.2613098692810457,7.698620519499203e-33,True,3.849310259749602e-32
SmolLM2-360M,rf2_ex20,cf_next_head,cf_next_head,auc_lf,0.0054159145802259445,0.0055257901549339294,False,-0.2982876344086021,0.029123122840415253,-0.35593790322580643,-0.2404933467741936,1.2815876857136192e-24,True,7.689526114281716e-24
SmolLM2-360M,rf2_ex20,cf_next_head,cf_next_head,auc_lf_hard,0.0054159145802259445,0.0055257901549339294,False,-0.34725582437275987,0.03425450746157215,-0.4136783926585095,-0.2790065577660863,3.765295224124731e-24,True,1.8826476120623656e-23
SmolLM2-360M,rf2_ex20,cf_next_head,cf_next_head,sel_auc,0.0054159145802259445,0.0055257901549339294,False,-0.011905829643685528,0.03486261692994517,-0.07952873023402901,0.057883459044908186,0.73272189451275,False,1.0
SmolLM2-360M,rf2_ex20,cf_next_head,cf_next_head,sel_d,0.0054159145802259445,0.0055257901549339294,False,-0.1788839528772257,0.14612746264271792,-0.45810224506664043,0.11459176572411425,0.22089043461579394,False,0.6626713038473818
SmolLM2-360M,rf2_ex20,cf_prev_head,cf_prev_head,auc_all,0.0007739324355497956,0.000789633602835238,False,-0.43047644444444444,0.018134433001490303,-0.46541604444444445,-0.39591662222222224,1.4592516981938355e-124,True,1.4592516981938354e-123
SmolLM2-360M,rf2_ex20,cf_prev_head,cf_prev_head,d_all,0.0007739324355497956,0.000789633602835238,False,-1.6241349596686652,0.07721042338943294,-1.781347336397214,-1.4814319852879607,3.126012816379042e-98,True,3.126012816379042e-97
SmolLM2-360M,rf2_ex20,cf_prev_head,cf_prev_head,auc_hf,0.0007739324355497956,0.000789633602835238,False,-0.5723660130718955,0.023280611361418888,-0.6177770588235295,-0.5286722222222222,1.80442618738005e-133,True,1.80442618738005e-132
SmolLM2-360M,rf2_ex20,cf_prev_head,cf_prev_head,auc_lf,0.0007739324355497956,0.000789633602835238,False,-0.27431720430107526,0.03009236116254495,-0.3341981854838709,-0.2174500672043012,7.806205780642863e-20,True,3.1224823122571453e-19
SmolLM2-360M,rf2_ex20,cf_prev_head,cf_prev_head,auc_lf_hard,0.0007739324355497956,0.000789633602835238,False,-0.27256944444444453,0.03584309517211251,-0.3451142751892327,-0.2042724084341398,2.85968777347931e-14,True,8.57906332043793e-14
SmolLM2-360M,rf2_ex20,cf_prev_head,cf_prev_head,sel_auc,0.0007739324355497956,0.000789633602835238,False,-0.29804880877082024,0.034599812828803304,-0.36682650748471435,-0.23035916534893533,7.044762163206217e-18,True,7.044762163206217e-17
SmolLM2-360M,rf2_ex20,cf_prev_head,cf_prev_head,sel_d,0.0007739324355497956,0.000789633602835238,False,-1.1513058536408471,0.1460616733482041,-1.4505568122743377,-0.8704225142965812,3.2134006131115956e-15,True,3.2134006131115955e-14
SmolLM2-360M,rf2_ex20,cka_high@k4,cka_high,auc_all,0.29100552201271057,0.29690930247306824,False,-0.18258133333333337,0.016125924104907367,-0.21586131111111106,-0.1511669777777778,1.0185403243547613e-29,True,3.055620973064284e-29
SmolLM2-360M,rf2_ex20,cka_high@k4,cka_high,d_all,0.29100552201271057,0.29690930247306824,False,-0.7660845260498814,0.06742203776694541,-0.9033942106730132,-0.634883058063582,6.426071760209785e-30,True,1.9278215280629354e-29
SmolLM2-360M,rf2_ex20,cka_high@k4,cka_high,auc_hf,0.29100552201271057,0.29690930247306824,False,-0.12325751633986937,0.021895984155290416,-0.16698084967320262,-0.08177150326797399,1.81016584227897e-08,True,3.62033168455794e-08
SmolLM2-360M,rf2_ex20,cka_high@k4,cka_high,auc_lf,0.29100552201271057,0.29690930247306824,False,-0.2609462365591398,0.02562409320735146,-0.31349751344086013,-0.21181444892473125,2.3464604429181318e-24,True,1.1732302214590659e-23
SmolLM2-360M,rf2_ex20,cka_high@k4,cka_high,auc_lf_hard,0.29100552201271057,0.29690930247306824,False,-0.3987231182795699,0.031176386569079485,-0.4604471321715732,-0.338797178671609,1.882420027371447e-37,True,1.1294520164228682e-36
SmolLM2-360M,rf2_ex20,cka_high@k4,cka_high,sel_auc,0.29100552201271057,0.29690930247306824,False,0.13768872021927042,0.030168443825776204,0.07818853916297692,0.1971428879401222,5.018853364110157e-06,True,4.0150826912881254e-05
SmolLM2-360M,rf2_ex20,cka_high@k4,cka_high,sel_d,0.29100552201271057,0.29690930247306824,False,0.37043951104374573,0.12749249382101815,0.12441449774586151,0.6121612486014699,0.0036657431456129405,True,0.025660202019290583
SmolLM2-360M,rf2_ex20,cka_low@k4,cka_low,auc_all,0.05981134623289108,0.06102477014064789,False,-0.3386746666666667,0.01767799204636008,-0.3743077111111111,-0.30380264444444444,8.30293450423837e-82,True,6.642347603390696e-81
SmolLM2-360M,rf2_ex20,cka_low@k4,cka_low,d_all,0.05981134623289108,0.06102477014064789,False,-1.312287992319917,0.07128498256072818,-1.4581464822042025,-1.176164853219176,1.1117877128694407e-75,True,8.894301702955526e-75
SmolLM2-360M,rf2_ex20,cka_low@k4,cka_low,auc_hf,0.05981134623289108,0.06102477014064789,False,-0.37493594771241834,0.024891010052227665,-0.4253083660130719,-0.3269692156862745,2.831605637996384e-51,True,2.265284510397107e-50
SmolLM2-360M,rf2_ex20,cka_low@k4,cka_low,auc_lf,0.05981134623289108,0.06102477014064789,False,-0.31226881720430105,0.02614740168425308,-0.3636590053763441,-0.2597898521505376,7.094149699949122e-33,True,7.094149699949122e-32
SmolLM2-360M,rf2_ex20,cka_low@k4,cka_low,auc_lf_hard,0.05981134623289108,0.06102477014064789,False,-0.4183579749103943,0.03060312198877157,-0.47677784165910403,-0.35656473890708695,1.524819505242026e-42,True,1.3723375547178234e-41
SmolLM2-360M,rf2_ex20,cka_low@k4,cka_low,sel_auc,0.05981134623289108,0.06102477014064789,False,-0.06266713050811729,0.032051545130850734,-0.1266354743833017,0.0019720472274930316,0.05055965460092307,False,0.3033579276055384
SmolLM2-360M,rf2_ex20,cka_low@k4,cka_low,sel_d,0.05981134623289108,0.06102477014064789,False,-0.30397411042232836,0.13406437545022498,-0.5711354156637942,-0.03985918149147449,0.023367374193782712,True,0.14020424516269628
SmolLM2-360M,rf2_ex20,fidelity_high@k4,fidelity_high,auc_all,0.3250957131385803,0.33169108629226685,False,-0.34471466666666667,0.017712713784163784,-0.37932657777777773,-0.30870246666666673,2.3320556844611604e-84,True,2.0988501160150443e-83
SmolLM2-360M,rf2_ex20,fidelity_high@k4,fidelity_high,d_all,0.3250957131385803,0.33169108629226685,False,-1.3284621284669222,0.0720888711055287,-1.4718218675724517,-1.1868820556862445,7.815684406496011e-76,True,7.03411596584641e-75
SmolLM2-360M,rf2_ex20,fidelity_high@k4,fidelity_high,auc_hf,0.3250957131385803,0.33169108629226685,False,-0.3767947712418301,0.02516285099147451,-0.4249213725490196,-0.32552313725490195,1.0818457847940218e-50,True,7.5729204935581525e-50
SmolLM2-360M,rf2_ex20,fidelity_high@k4,fidelity_high,auc_lf,0.3250957131385803,0.33169108629226685,False,-0.29721236559139785,0.026065655874988533,-0.3490572580645161,-0.2476866263440861,4.065103307908696e-30,True,3.6585929771178264e-29
SmolLM2-360M,rf2_ex20,fidelity_high@k4,fidelity_high,auc_lf_hard,0.3250957131385803,0.33169108629226685,False,-0.4459005376344086,0.030901617563752287,-0.5065612601573365,-0.3857983436051486,3.3662597412221206e-47,True,3.3662597412221207e-46
SmolLM2-360M,rf2_ex20,fidelity_high@k4,fidelity_high,sel_auc,0.3250957131385803,0.33169108629226685,False,-0.07958240565043223,0.03200814725739746,-0.14059208412397212,-0.015360084861901829,0.012907287788824669,True,0.09035101452177269
SmolLM2-360M,rf2_ex20,fidelity_high@k4,fidelity_high,sel_d,0.3250957131385803,0.33169108629226685,False,-0.4268094117721817,0.12975399846228017,-0.6743283973832906,-0.17547467486779486,0.00100410549811468,True,0.00803284398491744
SmolLM2-360M,rf2_ex20,full,full,auc_all,0.0004765661433339119,0.00048623449401929975,False,-0.27196977777777775,0.018751720905222,-0.3060154666666667,-0.23610757777777786,1.147521391780915e-47,True,4.59008556712366e-47
SmolLM2-360M,rf2_ex20,full,full,d_all,0.0004765661433339119,0.00048623449401929975,False,-1.0653107020527937,0.07542365351065648,-1.209448693198275,-0.9205570246598541,2.6883774867353413e-45,True,1.0753509946941365e-44
SmolLM2-360M,rf2_ex20,full,full,auc_hf,0.0004765661433339119,0.00048623449401929975,False,-0.3984130718954249,0.024651761255608827,-0.4458245098039216,-0.34899522875816996,9.401536477239273e-59,True,8.461382829515346e-58
SmolLM2-360M,rf2_ex20,full,full,auc_lf,0.0004765661433339119,0.00048623449401929975,False,-0.16088440860215059,0.028266689132421592,-0.2161454973118279,-0.10602802419354843,1.2580954060634474e-08,True,2.5161908121268947e-08
SmolLM2-360M,rf2_ex20,full,full,auc_lf_hard,0.0004765661433339119,0.00048623449401929975,False,-0.10491711469534049,0.03208835616127536,-0.16962203558918137,-0.04504289215686274,0.0010768749736150493,True,0.0010768749736150493
SmolLM2-360M,rf2_ex20,full,full,sel_auc,0.0004765661433339119,0.00048623449401929975,False,-0.23752866329327432,0.03304291996770829,-0.3015470596141682,-0.1736545611954459,6.551231356614669e-13,True,5.8961082209532024e-12
SmolLM2-360M,rf2_ex20,full,full,sel_d,0.0004765661433339119,0.00048623449401929975,False,-0.923926712006766,0.1406355095194008,-1.2005822283212575,-0.6546506403209222,5.043213279493648e-11,True,4.538891951544283e-10
SmolLM2-360M,rf2_ex20,kvdist_high@k4,kvdist_high,auc_all,0.46337568759918213,0.4727764129638672,False,-0.31541244444444444,0.018040688938100225,-0.3502078,-0.2814805777777778,1.9174437239174205e-68,True,1.3422106067421943e-67
SmolLM2-360M,rf2_ex20,kvdist_high@k4,kvdist_high,d_all,0.46337568759918213,0.4727764129638672,False,-1.224074555704283,0.07288513168399345,-1.3689748176337553,-1.084484898125054,2.6742883157885003e-63,True,1.8720018210519503e-62
SmolLM2-360M,rf2_ex20,kvdist_high@k4,kvdist_high,auc_hf,0.46337568759918213,0.4727764129638672,False,-0.3333882352941177,0.02541817827056607,-0.38519568627450984,-0.28209156862745094,2.6617035859636564e-39,True,1.5970221515781938e-38
SmolLM2-360M,rf2_ex20,kvdist_high@k4,kvdist_high,auc_lf,0.46337568759918213,0.4727764129638672,False,-0.30001612903225805,0.02672750749840825,-0.3499734543010753,-0.2473157930107529,3.0740501056705344e-29,True,2.151835073969374e-28
SmolLM2-360M,rf2_ex20,kvdist_high@k4,kvdist_high,auc_lf_hard,0.46337568759918213,0.4727764129638672,False,-0.42538082437275987,0.03174484901259414,-0.48747043103576315,-0.36309425403225803,6.046706579037114e-41,True,4.837365263229691e-40
SmolLM2-360M,rf2_ex20,kvdist_high@k4,kvdist_high,sel_auc,0.46337568759918213,0.4727764129638672,False,-0.03337210626185966,0.03277369720127606,-0.09677840317309726,0.028440924520345766,0.3085549725511185,False,1.0
SmolLM2-360M,rf2_ex20,kvdist_high@k4,kvdist_high,sel_d,0.46337568759918213,0.4727764129638672,False,-0.2682656606531819,0.13051781756896053,-0.5199781664290386,-0.01963643545483526,0.039840874697884006,True,0.19920437348942002
SmolLM2-360M,rf2_ex20,kvdist_low@k4,kvdist_low,auc_all,0.6602150797843933,0.67360919713974,True,-0.15041155555555552,0.0151919772683782,-0.18059524444444447,-0.12134559999999994,4.1327727770726697e-23,True,8.265545554145339e-23
SmolLM2-360M,rf2_ex20,kvdist_low@k4,kvdist_low,d_all,0.6602150797843933,0.67360919713974,True,-0.6310928345771395,0.06276324382989022,-0.7569229601753804,-0.5089475907239607,8.720261172463323e-24,True,1.7440522344926646e-23
SmolLM2-360M,rf2_ex20,kvdist_low@k4,kvdist_low,auc_hf,0.6602150797843933,0.67360919713974,True,-0.13888888888888895,0.019187114184556497,-0.17702411764705878,-0.1023341176470589,4.5315805739207743e-13,True,1.3594741721762322e-12
SmolLM2-360M,rf2_ex20,kvdist_low@k4,kvdist_low,auc_lf,0.6602150797843933,0.67360919713974,True,-0.16951075268817206,0.023334625657383905,-0.21702970430107527,-0.12414684139784944,3.7485237612634415e-13,True,1.1245571283790326e-12
SmolLM2-360M,rf2_ex20,kvdist_low@k4,kvdist_low,auc_lf_hard,0.6602150797843933,0.67360919713974,True,-0.2509632616487456,0.029617731571154198,-0.30943306540772836,-0.19177645765050888,2.3830653047783053e-17,True,9.532261219113221e-17
SmolLM2-360M,rf2_ex20,kvdist_low@k4,kvdist_low,sel_auc,0.6602150797843933,0.67360919713974,True,0.03062186379928311,0.026656794049398757,-0.022040757695551416,0.0828562004532995,0.25066106824747236,False,1.0
SmolLM2-360M,rf2_ex20,kvdist_low@k4,kvdist_low,sel_d,0.6602150797843933,0.67360919713974,True,-0.0439823568405876,0.11428531975085891,-0.26560358956103997,0.16793733588111845,0.7003508113228218,False,1.0
SmolLM2-360M,rf2_ex20,kvsharer_dissimilar@k4,kvsharer_dissimilar,auc_all,0.891939640045166,0.9100348949432373,True,-0.2308444444444444,0.013820134191385195,-0.25898651111111115,-0.20429940000000002,1.236222076865844e-62,True,7.417332461195064e-62
SmolLM2-360M,rf2_ex20,kvsharer_dissimilar@k4,kvsharer_dissimilar,d_all,0.891939640045166,0.9100348949432373,True,-0.9003102377497187,0.05403432175471827,-1.0071422215239263,-0.7989074551909918,2.483433580642429e-62,True,1.4900601483854573e-61
SmolLM2-360M,rf2_ex20,kvsharer_dissimilar@k4,kvsharer_dissimilar,auc_hf,0.891939640045166,0.9100348949432373,True,-0.2251294117647059,0.01940038780408818,-0.2652238562091503,-0.18807065359477126,3.9152915621369236e-31,True,1.5661166248547694e-30
SmolLM2-360M,rf2_ex20,kvsharer_dissimilar@k4,kvsharer_dissimilar,auc_lf,0.891939640045166,0.9100348949432373,True,-0.24080645161290326,0.021283234382092436,-0.28135315860215054,-0.1993534946236559,1.11395877188589e-29,True,8.91167017508712e-29
SmolLM2-360M,rf2_ex20,kvsharer_dissimilar@k4,kvsharer_dissimilar,auc_lf_hard,0.891939640045166,0.9100348949432373,True,-0.3375224014336918,0.02601395953609853,-0.38944668729283405,-0.2869159376200078,1.7034021850531482e-38,True,1.1923815295372037e-37
SmolLM2-360M,rf2_ex20,kvsharer_dissimilar@k4,kvsharer_dissimilar,sel_auc,0.891939640045166,0.9100348949432373,True,0.01567703984819735,0.025522996739326037,-0.03420270451191228,0.06633392051444245,0.5390620687130292,False,1.0
SmolLM2-360M,rf2_ex20,kvsharer_dissimilar@k4,kvsharer_dissimilar,sel_d,0.891939640045166,0.9100348949432373,True,-0.05927552585435358,0.1019967859721118,-0.2593125406276366,0.1385517763048427,0.5611387436703261,False,1.0
SmolLM2-360M,rf2_ex20,kvsharer_similar@k4,kvsharer_similar,auc_all,0.8019897937774658,0.8182601928710938,True,-0.04674755555555554,0.011181208123494022,-0.06927133333333334,-0.025373911111111078,2.903526912624947e-05,True,2.903526912624947e-05
SmolLM2-360M,rf2_ex20,kvsharer_similar@k4,kvsharer_similar,d_all,0.8019897937774658,0.8182601928710938,True,-0.22684800382033543,0.049254620543493055,-0.3281403823533881,-0.13518558591609897,4.112412284622905e-06,True,4.112412284622905e-06
SmolLM2-360M,rf2_ex20,kvsharer_similar@k4,kvsharer_similar,auc_hf,0.8019897937774658,0.8182601928710938,True,-0.07578823529411771,0.01520706751231754,-0.10773647058823531,-0.0471488888888889,6.236337949686069e-07,True,6.236337949686069e-07
SmolLM2-360M,rf2_ex20,kvsharer_similar@k4,kvsharer_similar,auc_lf,0.8019897937774658,0.8182601928710938,True,-0.04635215053763442,0.01765346505005618,-0.08063461021505376,-0.01187392473118283,0.008647894464383002,True,0.008647894464383002
SmolLM2-360M,rf2_ex20,kvsharer_similar@k4,kvsharer_similar,auc_lf_hard,0.8019897937774658,0.8182601928710938,True,-0.07558243727598568,0.021251066770351518,-0.1179521431568152,-0.03528215966439484,0.0003756254390310303,True,0.0007512508780620606
SmolLM2-360M,rf2_ex20,kvsharer_similar@k4,kvsharer_similar,sel_auc,0.8019897937774658,0.8182601928710938,True,-0.029436084756483294,0.021070624505727196,-0.07092074794433906,0.01144956699346388,0.1624075439452891,False,0.8120377197264456
SmolLM2-360M,rf2_ex20,kvsharer_similar@k4,kvsharer_similar,sel_d,0.8019897937774658,0.8182601928710938,True,-0.1488500406326546,0.08945962247022256,-0.3306438949078554,0.021048206722727232,0.09613649300112188,False,0.38454597200448754
SmolLM2-360M,rf4_ex20,full,full,auc_all,0.0007411839324049652,0.0007562207174487412,False,-0.2588231111111111,0.018740676148152776,-0.2959902888888889,-0.22253562222222217,2.1948225640041995e-43,True,2.1948225640041995e-43
SmolLM2-360M,rf4_ex20,full,full,d_all,0.0007411839324049652,0.0007562207174487412,False,-1.0452733520482653,0.07652933879633662,-1.2007040336727062,-0.8970639468276518,1.797307039921839e-42,True,1.797307039921839e-42
SmolLM2-360M,rf4_ex20,full,full,auc_hf,0.0007411839324049652,0.0007562207174487412,False,-0.3239764705882353,0.02534148922560368,-0.3727998692810457,-0.27490679738562096,2.0032858949765426e-37,True,2.0032858949765426e-37
SmolLM2-360M,rf4_ex20,full,full,auc_lf,0.0007411839324049652,0.0007562207174487412,False,-0.19339516129032253,0.029369950617304394,-0.25030430107526885,-0.13390134408602156,4.555074659207271e-11,True,4.555074659207271e-11
SmolLM2-360M,rf4_ex20,full,full,auc_lf_hard,0.0007411839324049652,0.0007562207174487412,False,-0.25022401433691754,0.0342694539844741,-0.3188071553439774,-0.18196663324420684,2.842318353855276e-13,True,2.842318353855276e-13
SmolLM2-360M,rf4_ex20,full,full,sel_auc,0.0007411839324049652,0.0007562207174487412,False,-0.13058130929791278,0.03486794304751914,-0.20004294486611854,-0.06025084203036059,0.00018037600113486528,True,0.00018037600113486528
SmolLM2-360M,rf4_ex20,full,full,sel_d,0.0007411839324049652,0.0007562207174487412,False,-0.538553356718522,0.14764547151099444,-0.8364108999213933,-0.24848789525091033,0.00026468920058821214,True,0.00026468920058821214
Qwen2.5-1.5B,control,no_reuse,no_reuse,abs_auc_all,0.9979952573776245,1.0,True,0.960144,0.004266961823509599,0.9514606888888889,0.9682152222222222,0.0,True,
Qwen2.5-1.5B,rf2_ex00,full,full,auc_all,7.273492883541621e-07,7.288103915925603e-07,False,-0.5131866666666667,0.01522550489164699,-0.5435353111111111,-0.4845888222222222,4.765647305771507e-249,True,4.765647305771507e-249
Qwen2.5-1.5B,rf2_ex00,full,full,d_all,7.273492883541621e-07,7.288103915925603e-07,False,-2.7276885732083995,0.08682140002258866,-2.8979360828579575,-2.5576092057104716,1.1768072153424361e-216,True,1.1768072153424361e-216
Qwen2.5-1.5B,rf2_ex00,full,full,auc_hf,7.273492883541621e-07,7.288103915925603e-07,False,-0.5335712418300653,0.02042369618694064,-0.5731073202614378,-0.49441457516339865,1.8908307201100692e-150,True,1.8908307201100692e-150
Qwen2.5-1.5B,rf2_ex00,full,full,auc_lf,7.273492883541621e-07,7.288103915925603e-07,False,-0.49302956989247315,0.02247333772743405,-0.5373905241935485,-0.4485093413978495,1.1171032950807704e-106,True,1.1171032950807704e-106
Qwen2.5-1.5B,rf2_ex00,full,full,auc_lf_hard,7.273492883541621e-07,7.288103915925603e-07,False,-0.469209229390681,0.02940086522371079,-0.5256715050452884,-0.41000514930571264,2.4654132614862485e-57,True,2.4654132614862485e-57
Qwen2.5-1.5B,rf2_ex00,full,full,sel_auc,7.273492883541621e-07,7.288103915925603e-07,False,-0.04054167193759217,0.026069451852704633,-0.08953587365591395,0.011972447554290572,0.11991250572921947,False,0.11991250572921947
Qwen2.5-1.5B,rf2_ex00,full,full,sel_d,7.273492883541621e-07,7.288103915925603e-07,False,-0.5746028003365811,0.12017351767152307,-0.8044864913354177,-0.34357583033750144,1.7404153074026418e-06,True,1.7404153074026418e-06
Qwen2.5-1.5B,rf2_ex20,cf_next_head,cf_next_head,auc_all,0.0027241879142820835,0.0027296601328998804,False,-0.6738426666666666,0.011866058877912384,-0.6973195333333333,-0.6510392222222223,0.0,True,0.0
Qwen2.5-1.5B,rf2_ex20,cf_next_head,cf_next_head,d_all,0.0027241879142820835,0.0027296601328998804,False,-3.3711609989164035,0.08109742126249274,-3.5385099679089143,-3.2220545106858407,0.0,True,0.0
Qwen2.5-1.5B,rf2_ex20,cf_next_head,cf_next_head,auc_hf,0.0027241879142820835,0.0027296601328998804,False,-0.8576732026143792,0.013191708255394683,-0.883296797385621,-0.8309669934640522,0.0,True,0.0
Qwen2.5-1.5B,rf2_ex20,cf_next_head,cf_next_head,auc_lf,0.0027241879142820835,0.0027296601328998804,False,-0.5048225806451614,0.02179706000111478,-0.5470186827956989,-0.46094462365591393,1.1494964012330966e-118,True,1.1494964012330965e-117
Qwen2.5-1.5B,rf2_ex20,cf_next_head,cf_next_head,auc_lf_hard,0.0027241879142820835,0.0027296601328998804,False,-0.4154793906810036,0.027800413858676213,-0.46784708648319784,-0.358270804114072,1.6769134793852233e-50,True,1.3415307835081787e-49
Qwen2.5-1.5B,rf2_ex20,cf_next_head,cf_next_head,sel_auc,0.0027241879142820835,0.0027296601328998804,False,-0.3528506219692178,0.023443845526916897,-0.3996254111321948,-0.3077588393421885,3.406467584169711e-51,True,3.7471143425866823e-50
Qwen2.5-1.5B,rf2_ex20,cf_next_head,cf_next_head,sel_d,0.0027241879142820835,0.0027296601328998804,False,-1.971552000009031,0.1325300730754882,-2.233537759164746,-1.7343282188938887,4.700422316156857e-50,True,5.1704645477725426e-49
Qwen2.5-1.5B,rf2_ex20,cf_prev_head,cf_prev_head,auc_all,0.0010363736655563116,0.0010384555207565427,False,-0.44252355555555556,0.015280725742099323,-0.4727737777777778,-0.41267864444444446,2.1251513366473292e-184,True,1.4876059356531305e-183
Qwen2.5-1.5B,rf2_ex20,cf_prev_head,cf_prev_head,d_all,0.0010363736655563116,0.0010384555207565427,False,-2.5171988159062857,0.08562310005545544,-2.6889363551837993,-2.359087455249945,5.723556758091888e-190,True,4.578845406473511e-189
Qwen2.5-1.5B,rf2_ex20,cf_prev_head,cf_prev_head,auc_hf,0.0010363736655563116,0.0010384555207565427,False,-0.42728366013071895,0.019710832661462438,-0.46729209150326795,-0.3878507189542484,3.3379787930787e-104,True,2.33658515515509e-103
Qwen2.5-1.5B,rf2_ex20,cf_prev_head,cf_prev_head,auc_lf,0.0010363736655563116,0.0010384555207565427,False,-0.4351586021505377,0.022596736809486047,-0.4809516129032258,-0.39195638440860214,1.219320383733652e-82,True,1.0973883453602868e-81
Qwen2.5-1.5B,rf2_ex20,cf_prev_head,cf_prev_head,auc_lf_hard,0.0010363736655563116,0.0010384555207565427,False,-0.41664426523297493,0.029252888079410535,-0.47680947890491987,-0.3631490971078258,4.9665379572632025e-46,True,3.476576570084242e-45
Qwen2.5-1.5B,rf2_ex20,cf_prev_head,cf_prev_head,sel_auc,0.0010363736655563116,0.0010384555207565427,False,0.007874942019818754,0.02566135000659035,-0.04371489721695125,0.05690440860215047,0.7589351004204204,False,1.0
Qwen2.5-1.5B,rf2_ex20,cf_prev_head,cf_prev_head,sel_d,0.0010363736655563116,0.0010384555207565427,False,-0.4368168347065726,0.12248139929857617,-0.6833227133671779,-0.20318557905455065,0.0003619281523658275,True,0.002171568914194965
Qwen2.5-1.5B,rf2_ex20,cka_high@k4,cka_high,auc_all,0.4034103751182556,0.40422073006629944,False,-0.012878222222222235,0.0043202561008099764,-0.021767533333333294,-0.0047692444444444315,0.0028740896649181516,True,0.0028740896649181516
Qwen2.5-1.5B,rf2_ex20,cka_high@k4,cka_high,d_all,0.4034103751182556,0.40422073006629944,False,-0.2903336876899809,0.060552104177221566,-0.4058706215339226,-0.16807343483928616,1.628578860091709e-06,True,1.628578860091709e-06
Qwen2.5-1.5B,rf2_ex20,cka_high@k4,cka_high,auc_hf,0.4034103751182556,0.40422073006629944,False,-0.008990849673202628,0.004517334054170986,-0.01813372549019608,-0.0007597385620915249,0.04655790520708113,True,0.04655790520708113
Qwen2.5-1.5B,rf2_ex20,cka_high@k4,cka_high,auc_lf,0.4034103751182556,0.40422073006629944,False,-0.01585483870967741,0.007595247961788584,-0.030446706989247334,-0.0008708333333332548,0.03684583127614861,True,0.03684583127614861
Qwen2.5-1.5B,rf2_ex20,cka_high@k4,cka_high,auc_lf_hard,0.4034103751182556,0.40422073006629944,False,-0.06228718637992836,0.010722131473606239,-0.08306701329015441,-0.0413417555306844,6.2765764784889436e-09,True,7.470527943280445e-09
Qwen2.5-1.5B,rf2_ex20,cka_high@k4,cka_high,sel_auc,0.4034103751182556,0.40422073006629944,False,0.006863989036474782,0.008208376865525502,-0.010063318574741756,0.022278258486190045,0.403032510284252,False,1.0
Qwen2.5-1.5B,rf2_ex20,cka_high@k4,cka_high,sel_d,0.4034103751182556,0.40422073006629944,False,0.0671501941835404,0.06817590421879428,-0.07055150538066125,0.20063408795685975,0.32464620107853726,False,0.32464620107853726
Qwen2.5-1.5B,rf2_ex20,cka_low@k4,cka_low,auc_all,0.9517542719841003,0.9536661505699158,True,-0.4312124444444444,0.013963764671092133,-0.4601997333333333,-0.40384064444444445,2.161754876649882e-209,True,1.7294039013199056e-208
Qwen2.5-1.5B,rf2_ex20,cka_low@k4,cka_low,d_all,0.9517542719841003,0.9536661505699158,True,-2.447692412353817,0.08005384175709464,-2.6128854730291198,-2.2987097491105675,2.585518927104104e-205,True,2.3269670343936934e-204
Qwen2.5-1.5B,rf2_ex20,cka_low@k4,cka_low,auc_hf,0.9517542719841003,0.9536661505699158,True,-0.5381542483660131,0.018722254625761246,-0.575461568627451,-0.502518954248366,1.0735803770372389e-181,True,8.588643016297911e-181
Qwen2.5-1.5B,rf2_ex20,cka_low@k4,cka_low,auc_lf,0.9517542719841003,0.9536661505699158,True,-0.308994623655914,0.019432650479229426,-0.3483556451612902,-0.2708594758064516,6.256405968275151e-57,True,3.7538435809650906e-56
Qwen2.5-1.5B,rf2_ex20,cka_low@k4,cka_low,auc_lf_hard,0.9517542719841003,0.9536661505699158,True,-0.2466061827956989,0.025013014817087113,-0.29628726514222264,-0.20022460121020375,6.259886303051879e-23,True,3.1299431515259393e-22
Qwen2.5-1.5B,rf2_ex20,cka_low@k4,cka_low,sel_auc,0.9517542719841003,0.9536661505699158,True,-0.2291596247100991,0.022918047628437313,-0.2727553868859372,-0.18475259724857682,1.53803607685189e-23,True,1.3842324691667008e-22
Qwen2.5-1.5B,rf2_ex20,cka_low@k4,cka_low,sel_d,0.9517542719841003,0.9536661505699158,True,-1.218656636892319,0.10341910162986123,-1.4196069191940814,-1.0141637794694247,4.738368674923782e-32,True,4.2645318074314035e-31
Qwen2.5-1.5B,rf2_ex20,fidelity_high@k4,fidelity_high,auc_all,0.8128682971000671,0.814501166343689,True,-0.7503404444444445,0.011532150488127451,-0.7736672222222222,-0.7285774666666666,0.0,True,0.0
Qwen2.5-1.5B,rf2_ex20,fidelity_high@k4,fidelity_high,d_all,0.8128682971000671,0.814501166343689,True,-3.6372521137138754,0.08904159892707023,-3.8167192896567776,-3.4711541215916513,0.0,True,0.0
Qwen2.5-1.5B,rf2_ex20,fidelity_high@k4,fidelity_high,auc_hf,0.8128682971000671,0.814501166343689,True,-0.8731372549019608,0.011714359823446902,-0.8959333986928104,-0.849787843137255,0.0,True,0.0
Qwen2.5-1.5B,rf2_ex20,fidelity_high@k4,fidelity_high,auc_lf,0.8128682971000671,0.814501166343689,True,-0.5959811827956989,0.021808990305467655,-0.6393438844086021,-0.5529965725806452,2.009379956933329e-164,True,2.2103179526266617e-163
Qwen2.5-1.5B,rf2_ex20,fidelity_high@k4,fidelity_high,auc_lf_hard,0.8128682971000671,0.814501166343689,True,-0.5760528673835126,0.027218667495737116,-0.6259952358532046,-0.5224330002090548,2.0554808049044757e-99,True,2.2610288853949233e-98
Qwen2.5-1.5B,rf2_ex20,fidelity_high@k4,fidelity_high,sel_auc,0.8128682971000671,0.814501166343689,True,-0.2771560721062619,0.022345548058286938,-0.32177383090870765,-0.23298469375922418,2.511242451247552e-35,True,2.511242451247552e-34
Qwen2.5-1.5B,rf2_ex20,fidelity_high@k4,fidelity_high,sel_d,0.8128682971000671,0.814501166343689,True,-1.612711108427482,0.12569755312408532,-1.8782160342647651,-1.3757141074829322,1.1123272773677453e-37,True,1.1123272773677453e-36
Qwen2.5-1.5B,rf2_ex20,full,full,auc_all,0.0001838164171203971,0.00018418565741740167,False,-0.5058604444444444,0.015786531244220105,-0.5361525333333333,-0.47531162222222223,2.6784309333473856e-225,True,2.410587840012647e-224
Qwen2.5-1.5B,rf2_ex20,full,full,d_all,0.0001838164171203971,0.00018418565741740167,False,-2.696821450270248,0.09496285084219636,-2.8867152972776116,-2.51441501150809,2.098301720505289e-177,True,1.4688112043537024e-176
Qwen2.5-1.5B,rf2_ex20,full,full,auc_hf,0.0001838164171203971,0.00018418565741740167,False,-0.5963477124183008,0.019622440562763813,-0.6338733986928105,-0.5570147712418301,7.199609313582879e-203,True,6.479648382224591e-202
Qwen2.5-1.5B,rf2_ex20,full,full,auc_lf,0.0001838164171203971,0.00018418565741740167,False,-0.4316693548387097,0.023302718476197765,-0.47552970430107533,-0.38533528225806446,1.3120830494828465e-76,True,1.0496664395862772e-75
Qwen2.5-1.5B,rf2_ex20,full,full,auc_lf_hard,0.0001838164171203971,0.00018418565741740167,False,-0.5387320788530466,0.029607226469778723,-0.5954399300388622,-0.47888062456056685,5.5551363822692534e-74,True,5.555136382269253e-73
Qwen2.5-1.5B,rf2_ex20,full,full,sel_auc,0.0001838164171203971,0.00018418565741740167,False,-0.16467835757959104,0.02536203379578945,-0.2144311693548388,-0.1153715169723805,8.40848391445975e-11,True,6.7267871315678e-10
Qwen2.5-1.5B,rf2_ex20,full,full,sel_d,0.0001838164171203971,0.00018418565741740167,False,-0.9571786020393214,0.12434135766482188,-1.2067165334091765,-0.7241576518908927,1.3822254065615963e-14,True,1.105780325249277e-13
Qwen2.5-1.5B,rf2_ex20,kvdist_high@k4,kvdist_high,auc_all,0.32887566089630127,0.3295362889766693,False,-0.3202426666666667,0.014451192168351232,-0.3480766444444444,-0.29103731111111114,8.300710963529727e-109,True,4.980426578117836e-108
Qwen2.5-1.5B,rf2_ex20,kvdist_high@k4,kvdist_high,d_all,0.32887566089630127,0.3295362889766693,False,-2.066313417924466,0.08880590454723783,-2.239161734063439,-1.8905420347874065,9.407072852049097e-120,True,4.703536426024548e-119
Qwen2.5-1.5B,rf2_ex20,kvdist_high@k4,kvdist_high,auc_hf,0.32887566089630127,0.3295362889766693,False,-0.30072156862745103,0.01949376598994937,-0.33926921568627455,-0.2622009803921569,1.0851703942183752e-53,True,5.425851971091876e-53
Qwen2.5-1.5B,rf2_ex20,kvdist_high@k4,kvdist_high,auc_lf,0.32887566089630127,0.3295362889766693,False,-0.34510483870967745,0.020933123868542635,-0.3874862231182795,-0.3040322580645161,4.62080900849331e-61,True,3.234566305945317e-60
Qwen2.5-1.5B,rf2_ex20,kvdist_high@k4,kvdist_high,auc_lf_hard,0.32887566089630127,0.3295362889766693,False,-0.37818100358422946,0.027629913208931777,-0.4361107636823964,-0.3248144857859532,1.2079359052379352e-42,True,7.247615431427611e-42
Qwen2.5-1.5B,rf2_ex20,kvdist_high@k4,kvdist_high,sel_auc,0.32887566089630127,0.3295362889766693,False,0.04438327008222642,0.024185725630047956,-0.0029672209044908355,0.0922723202614377,0.06649059844686113,False,0.33245299223430563
Qwen2.5-1.5B,rf2_ex20,kvdist_high@k4,kvdist_high,sel_d,0.32887566089630127,0.3295362889766693,False,-0.2690133140381987,0.12052123442783015,-0.5004747829160264,-0.03817215396507447,0.025609524094090345,True,0.10243809637636138
Qwen2.5-1.5B,rf2_ex20,kvdist_low@k4,kvdist_low,auc_all,0.8960009813308716,0.897800862789154,True,-0.2535475555555555,0.011820964644184436,-0.27617695555555566,-0.22986386666666667,4.668419800241253e-102,True,2.3342099001206265e-101
Qwen2.5-1.5B,rf2_ex20,kvdist_low@k4,kvdist_low,d_all,0.8960009813308716,0.897800862789154,True,-1.7799674605299836,0.07009153790826793,-1.923694530663777,-1.647950711100543,2.8713289997304442e-142,True,1.7227973998382665e-141
Qwen2.5-1.5B,rf2_ex20,kvdist_low@k4,kvdist_low,auc_hf,0.8960009813308716,0.897800862789154,True,-0.24579607843137263,0.016792637416839996,-0.27876660130718955,-0.21446150326797384,1.62787613693119e-48,True,6.51150454772476e-48
Qwen2.5-1.5B,rf2_ex20,kvdist_low@k4,kvdist_low,auc_lf,0.8960009813308716,0.897800862789154,True,-0.23137365591397852,0.017528564516467032,-0.2660369623655915,-0.19755880376344084,8.796096849258682e-40,True,3.518438739703473e-39
Qwen2.5-1.5B,rf2_ex20,kvdist_low@k4,kvdist_low,auc_lf_hard,0.8960009813308716,0.897800862789154,True,-0.12293906810035848,0.01768974816345469,-0.15849702223844078,-0.09025338777751157,3.659721125164591e-12,True,1.4638884500658364e-11
Qwen2.5-1.5B,rf2_ex20,kvdist_low@k4,kvdist_low,sel_auc,0.8960009813308716,0.897800862789154,True,-0.014422422517394118,0.021586385772435757,-0.05682204617330798,0.0282388240565043,0.5040532571482941,False,1.0
Qwen2.5-1.5B,rf2_ex20,kvdist_low@k4,kvdist_low,sel_d,0.8960009813308716,0.897800862789154,True,-0.49485996547761446,0.1044611776198583,-0.7042889632668423,-0.29423165189231415,2.166250478425598e-06,True,1.5163753348979187e-05
Qwen2.5-1.5B,rf2_ex20,kvsharer_dissimilar@k4,kvsharer_dissimilar,auc_all,0.7926830649375916,0.7942754030227661,True,-0.04658222222222219,0.0065836069814277694,-0.059892755555555524,-0.034090155555555605,1.4892537515352703e-12,True,2.9785075030705406e-12
Qwen2.5-1.5B,rf2_ex20,kvsharer_dissimilar@k4,kvsharer_dissimilar,d_all,0.7926830649375916,0.7942754030227661,True,-0.6583367627668444,0.07091108108552285,-0.7966124148267211,-0.5197293867594078,1.6326978259294284e-20,True,3.265395651858857e-20
Qwen2.5-1.5B,rf2_ex20,kvsharer_dissimilar@k4,kvsharer_dissimilar,auc_hf,0.7926830649375916,0.7942754030227661,True,-0.027393464052287597,0.006287443620424456,-0.04025647058823526,-0.015818823529411805,1.3194615884760662e-05,True,2.6389231769521324e-05
Qwen2.5-1.5B,rf2_ex20,kvsharer_dissimilar@k4,kvsharer_dissimilar,auc_lf,0.7926830649375916,0.7942754030227661,True,-0.06073655913978493,0.010569747518495555,-0.08273541666666671,-0.04028474462365598,9.123684740840641e-09,True,1.8247369481681283e-08
Qwen2.5-1.5B,rf2_ex20,kvsharer_dissimilar@k4,kvsharer_dissimilar,auc_lf_hard,0.7926830649375916,0.7942754030227661,True,-0.09619175627240151,0.016316104961426353,-0.12897136456543087,-0.06443890084077156,3.7352639716402225e-09,True,7.470527943280445e-09
Qwen2.5-1.5B,rf2_ex20,kvsharer_dissimilar@k4,kvsharer_dissimilar,sel_auc,0.7926830649375916,0.7942754030227661,True,0.03334309508749733,0.010345101617402404,0.012229857421463165,0.05277250079063894,0.0012681991636144584,True,0.007609194981686751
Qwen2.5-1.5B,rf2_ex20,kvsharer_dissimilar@k4,kvsharer_dissimilar,sel_d,0.7926830649375916,0.7942754030227661,True,0.16001788443263254,0.0829755063228637,-0.0037192402309244254,0.3169191028616791,0.05379353260370189,False,0.16138059781110567
Qwen2.5-1.5B,rf2_ex20,kvsharer_similar@k4,kvsharer_similar,auc_all,0.9744424223899841,0.976399838924408,True,-0.06547555555555551,0.006403345458855744,-0.0779858888888889,-0.05303964444444442,1.5289533205095552e-24,True,4.5868599615286654e-24
Qwen2.5-1.5B,rf2_ex20,kvsharer_similar@k4,kvsharer_similar,d_all,0.9744424223899841,0.976399838924408,True,-0.7850951878752792,0.05787745739999336,-0.9042090372128114,-0.6727923253728832,6.477049370322313e-42,True,1.943114811096694e-41
Qwen2.5-1.5B,rf2_ex20,kvsharer_similar@k4,kvsharer_similar,auc_hf,0.9744424223899841,0.976399838924408,True,-0.03871895424836602,0.006993909539578774,-0.05268542483660127,-0.0258945098039215,3.092881796809744e-08,True,9.278645390429232e-08
Qwen2.5-1.5B,rf2_ex20,kvsharer_similar@k4,kvsharer_similar,auc_lf,0.9744424223899841,0.976399838924408,True,-0.07906720430107528,0.00923430050978716,-0.096397244623656,-0.06117587365591395,1.1060116506677657e-17,True,3.3180349520032973e-17
Qwen2.5-1.5B,rf2_ex20,kvsharer_similar@k4,kvsharer_similar,auc_lf_hard,0.9744424223899841,0.976399838924408,True,-0.08734318996415769,0.014169525742362604,-0.1147761613291398,-0.06013068589582373,7.085933821058664e-10,True,2.1257801463175992e-09
Qwen2.5-1.5B,rf2_ex20,kvsharer_similar@k4,kvsharer_similar,sel_auc,0.9744424223899841,0.976399838924408,True,0.040348250052709256,0.009680197644216494,0.02162297385620916,0.05949509540375282,3.07118815209307e-05,True,0.0002149831706465149
Qwen2.5-1.5B,rf2_ex20,kvsharer_similar@k4,kvsharer_similar,sel_d,0.9744424223899841,0.976399838924408,True,0.14357282726820197,0.0755346106457858,-0.003856043694374599,0.2933853672603578,0.05733404415517125,False,0.16138059781110567
Qwen2.5-1.5B,rf2_ex20,live_prev_head,live_prev_head,auc_all,0.0009458985296078026,0.000947798602283001,False,-0.31542933333333334,0.014978622139686436,-0.34503486666666666,-0.2846827333333334,1.9058822595182458e-98,True,7.623529038072983e-98
Qwen2.5-1.5B,rf2_ex20,live_prev_head,live_prev_head,d_all,0.0009458985296078026,0.000947798602283001,False,-2.0345143514290607,0.09352183635526815,-2.2263797106275067,-1.8556214863528444,6.2719437001700415e-105,True,2.5087774800680166e-104
Qwen2.5-1.5B,rf2_ex20,live_prev_head,live_prev_head,auc_hf,0.0009458985296078026,0.000947798602283001,False,-0.3101150326797386,0.018782885259022226,-0.3472961437908496,-0.27262732026143793,3.0826230826999694e-61,True,1.8495738496199816e-60
Qwen2.5-1.5B,rf2_ex20,live_prev_head,live_prev_head,auc_lf,0.0009458985296078026,0.000947798602283001,False,-0.3291854838709678,0.02222349460914272,-0.36961317204301075,-0.282965120967742,1.2163345754698313e-49,True,6.081672877349157e-49
Qwen2.5-1.5B,rf2_ex20,live_prev_head,live_prev_head,auc_lf_hard,0.0009458985296078026,0.000947798602283001,False,-0.49092741935483875,0.029720710819562398,-0.5470868386588887,-0.4342486116972449,2.7216926989668084e-61,True,2.4495234290701274e-60
Qwen2.5-1.5B,rf2_ex20,live_prev_head,live_prev_head,sel_auc,0.0009458985296078026,0.000947798602283001,False,0.019070451191229187,0.024226253284366367,-0.029423255850727394,0.06651768158338597,0.43117579950123974,False,1.0
Qwen2.5-1.5B,rf2_ex20,live_prev_head,live_prev_head,sel_d,0.0009458985296078026,0.000947798602283001,False,-0.3737328558842832,0.12231411853937056,-0.6225545727849338,-0.14112870453871235,0.00224672943167179,True,0.01123364715835895
Qwen2.5-1.5B,rf4_ex20,full,full,auc_all,0.00020393141312524676,0.00020434106409084052,False,-0.43865866666666664,0.014891780307790816,-0.46786842222222214,-0.4099531111111112,1.0415557106815941e-190,True,1.0415557106815941e-190
Qwen2.5-1.5B,rf4_ex20,full,full,d_all,0.00020393141312524676,0.00020434106409084052,False,-2.4864988296990735,0.08353299314202635,-2.6541941291851066,-2.332093183435808,1.0554380261856305e-194,True,1.0554380261856305e-194
Qwen2.5-1.5B,rf4_ex20,full,full,auc_hf,0.00020393141312524676,0.00020434106409084052,False,-0.43586405228758174,0.021636805693296877,-0.47795764705882354,-0.39278235294117647,3.0033280567524055e-90,True,3.0033280567524055e-90
Qwen2.5-1.5B,rf4_ex20,full,full,auc_lf,0.00020393141312524676,0.00020434106409084052,False,-0.4220295698924732,0.021633059655053667,-0.4643514112903226,-0.3788627688172043,9.288409526453458e-85,True,9.288409526453458e-85
Qwen2.5-1.5B,rf4_ex20,full,full,auc_lf_hard,0.00020393141312524676,0.00020434106409084052,False,-0.4718974014336918,0.02912701785782924,-0.5281164200708616,-0.41413869013238663,4.932132212676372e-59,True,4.932132212676372e-59
Qwen2.5-1.5B,rf4_ex20,full,full,sel_auc,0.00020393141312524676,0.00020434106409084052,False,-0.013834482395108538,0.0275785547079607,-0.06826673703352312,0.03840433322791482,0.6159213838930964,False,0.6159213838930964
Qwen2.5-1.5B,rf4_ex20,full,full,sel_d,0.00020393141312524676,0.00020434106409084052,False,-0.5752569162659773,0.12977862595890935,-0.8284155737296742,-0.3309553747447011,9.310290169990424e-06,True,9.310290169990424e-06
Llama-3.2-1B,control,no_reuse,no_reuse,abs_auc_all,0.9894877672195435,1.0,True,0.9590204444444445,0.004567680703309824,0.9499460444444445,0.9677282666666667,0.0,True,
Llama-3.2-1B,rf2_ex00,full,full,auc_all,8.324340160470456e-05,8.412777242483571e-05,False,-0.34065333333333336,0.014063231879259133,-0.3691419111111112,-0.31343937777777786,1.274297569951908e-129,True,1.274297569951908e-129
Llama-3.2-1B,rf2_ex00,full,full,d_all,8.324340160470456e-05,8.412777242483571e-05,False,-2.0020108272572603,0.08072999484816969,-2.1660162004067147,-1.8530099592228049,9.225275664564922e-136,True,9.225275664564922e-136
Llama-3.2-1B,rf2_ex00,full,full,auc_hf,8.324340160470456e-05,8.412777242483571e-05,False,-0.2344209150326797,0.015733572878402227,-0.2656630718954248,-0.20440503267973853,3.3251463174475834e-50,True,3.3251463174475834e-50
Llama-3.2-1B,rf2_ex00,full,full,auc_lf,8.324340160470456e-05,8.412777242483571e-05,False,-0.3655295698924731,0.022738228466858267,-0.4109347446236559,-0.3207186155913979,3.786069809032122e-58,True,3.786069809032122e-58
Llama-3.2-1B,rf2_ex00,full,full,auc_lf_hard,8.324340160470456e-05,8.412777242483571e-05,False,-0.21449372759856633,0.03055211337968069,-0.27486258838212707,-0.15419554429724944,2.209402317799754e-12,True,2.209402317799754e-12
Llama-3.2-1B,rf2_ex00,full,full,sel_auc,8.324340160470456e-05,8.412777242483571e-05,False,0.1311086548597934,0.023370507447409695,0.08824389336917564,0.17677672675521813,2.0232120842373023e-08,True,2.0232120842373023e-08
Llama-3.2-1B,rf2_ex00,full,full,sel_d,8.324340160470456e-05,8.412777242483571e-05,False,-1.018430923047715,0.18187446551847147,-1.385639793960903,-0.6659958188865395,2.1480155202205764e-08,True,2.1480155202205764e-08
Llama-3.2-1B,rf2_ex20,cf_next_head,cf_next_head,auc_all,0.0032292944379150867,0.003263602266088128,False,-0.6863013333333333,0.013358110554417883,-0.7118650444444444,-0.6597348,0.0,True,0.0
Llama-3.2-1B,rf2_ex20,cf_next_head,cf_next_head,d_all,0.0032292944379150867,0.003263602266088128,False,-3.1008024598998283,0.08888070359703877,-3.278014603274891,-2.940174107442783,1.1608310831571869e-266,True,1.2769141914729055e-265
Llama-3.2-1B,rf2_ex20,cf_next_head,cf_next_head,auc_hf,0.0032292944379150867,0.003263602266088128,False,-0.8302797385620915,0.013520904368205277,-0.8563202614379085,-0.8030524183006535,0.0,True,0.0
Llama-3.2-1B,rf2_ex20,cf_next_head,cf_next_head,auc_lf,0.0032292944379150867,0.003263602266088128,False,-0.5558494623655914,0.024073553669375473,-0.6011379704301074,-0.5066819892473119,5.8854164482004825e-118,True,6.473958093020531e-117
Llama-3.2-1B,rf2_ex20,cf_next_head,cf_next_head,auc_lf_hard,0.0032292944379150867,0.003263602266088128,False,-0.4874327956989247,0.03175113231065244,-0.5481597979442956,-0.42241944939342607,3.452030488525274e-53,True,3.1068274396727466e-52
Llama-3.2-1B,rf2_ex20,cf_next_head,cf_next_head,sel_auc,0.0032292944379150867,0.003263602266088128,False,-0.27443027619650007,0.024765164404841736,-0.32436240196078425,-0.22699289848197352,1.5460700406173832e-28,True,1.7006770446791215e-27
Llama-3.2-1B,rf2_ex20,cf_next_head,cf_next_head,sel_d,0.0032292944379150867,0.003263602266088128,False,-2.321665581108746,0.1900156366282683,-2.7167021819757458,-1.9622775084302722,2.4826080900760943e-34,True,2.7308688990837035e-33
Llama-3.2-1B,rf2_ex20,cf_prev_head,cf_prev_head,auc_all,0.0010031966958194971,0.001013854518532753,False,-0.323832,0.014805447817165869,-0.3514636444444444,-0.29414228888888894,4.749425984527615e-106,True,2.849655590716569e-105
Llama-3.2-1B,rf2_ex20,cf_prev_head,cf_prev_head,d_all,0.0010031966958194971,0.001013854518532753,False,-1.8791647907513842,0.08267554586758709,-2.0416226552352628,-1.7223645471181253,2.294973333147583e-114,True,1.3769839998885498e-113
Llama-3.2-1B,rf2_ex20,cf_prev_head,cf_prev_head,auc_hf,0.0010031966958194971,0.001013854518532753,False,-0.30751372549019607,0.01807269587142301,-0.34337934640522877,-0.2707107843137256,6.316581060395092e-65,True,5.053264848316074e-64
Llama-3.2-1B,rf2_ex20,cf_prev_head,cf_prev_head,auc_lf,0.0010031966958194971,0.001013854518532753,False,-0.35031182795698923,0.02529729263435903,-0.3995084677419355,-0.3018225134408603,1.3116972206485617e-43,True,7.870183323891371e-43
Llama-3.2-1B,rf2_ex20,cf_prev_head,cf_prev_head,auc_lf_hard,0.0010031966958194971,0.001013854518532753,False,-0.4087253584229391,0.03240188333118635,-0.47095778117995923,-0.3473564431028614,1.7623410966147654e-36,True,1.2336387676303357e-35
Llama-3.2-1B,rf2_ex20,cf_prev_head,cf_prev_head,sel_auc,0.0010031966958194971,0.001013854518532753,False,0.042798102466793164,0.027565859310029348,-0.010938525722116692,0.09551775063251088,0.12052436864175171,False,0.6503667458451995
Llama-3.2-1B,rf2_ex20,cf_prev_head,cf_prev_head,sel_d,0.0010031966958194971,0.001013854518532753,False,-1.2344697673613902,0.19399855205628536,-1.6289698824541639,-0.8692502076511811,1.9747254825984678e-10,True,1.1848352895590806e-09
Llama-3.2-1B,rf2_ex20,cka_high@k2,cka_high,auc_all,0.7681844830513,0.7763456106185913,True,-0.3644222222222222,0.014075417718470614,-0.39254244444444447,-0.3366408888888888,8.479223086212412e-148,True,5.935456160348689e-147
Llama-3.2-1B,rf2_ex20,cka_high@k2,cka_high,d_all,0.7681844830513,0.7763456106185913,True,-2.108276842615618,0.07169669976695767,-2.2529958256501943,-1.9731169052037587,4.67166785591249e-190,True,3.737334284729992e-189
Llama-3.2-1B,rf2_ex20,cka_high@k2,cka_high,auc_hf,0.7681844830513,0.7763456106185913,True,-0.29241568627450976,0.02001603779105947,-0.3336601307189541,-0.2544976470588236,2.4585299705364923e-48,True,1.2292649852682462e-47
Llama-3.2-1B,rf2_ex20,cka_high@k2,cka_high,auc_lf,0.7681844830513,0.7763456106185913,True,-0.38864784946236564,0.022323020194966937,-0.43154012096774197,-0.3458910618279571,6.9063746428235525e-68,True,4.8344622499764865e-67
Llama-3.2-1B,rf2_ex20,cka_high@k2,cka_high,auc_lf_hard,0.7681844830513,0.7763456106185913,True,-0.39466845878136203,0.0272496101348079,-0.44585700722191296,-0.3384152992277992,1.5415343541789243e-47,True,1.2332274833431394e-46
Llama-3.2-1B,rf2_ex20,cka_high@k2,cka_high,sel_auc,0.7681844830513,0.7763456106185913,True,0.09623216318785588,0.02758149567352216,0.04207011938646423,0.1505100376871179,0.0004848097915922661,True,0.0038784783327381286
Llama-3.2-1B,rf2_ex20,cka_high@k2,cka_high,sel_d,0.7681844830513,0.7763456106185913,True,-1.0454799444048168,0.16462944527399326,-1.390575183948047,-0.7457236084293755,2.1461068374895997e-10,True,1.1848352895590806e-09
Llama-3.2-1B,rf2_ex20,cka_low@k2,cka_low,auc_all,0.5672595500946045,0.5732860565185547,True,-0.2719706666666667,0.013851645576928738,-0.29858295555555553,-0.24395017777777775,7.838993950106113e-86,True,3.919496975053056e-85
Llama-3.2-1B,rf2_ex20,cka_low@k2,cka_low,d_all,0.5672595500946045,0.5732860565185547,True,-1.696912854637751,0.0785937915797796,-1.8541740171864376,-1.5435512618922365,2.1858209173749148e-103,True,1.0929104586874575e-102
Llama-3.2-1B,rf2_ex20,cka_low@k2,cka_low,auc_hf,0.5672595500946045,0.5732860565185547,True,-0.2901019607843137,0.019806104677162626,-0.33002346405228766,-0.2527673202614379,1.405930678628241e-48,True,8.435584071769447e-48
Llama-3.2-1B,rf2_ex20,cka_low@k2,cka_low,auc_lf,0.5672595500946045,0.5732860565185547,True,-0.2471102150537634,0.021500390929549657,-0.28827956989247305,-0.20393534946236552,1.4257749221412217e-30,True,7.128874610706109e-30
Llama-3.2-1B,rf2_ex20,cka_low@k2,cka_low,auc_lf_hard,0.5672595500946045,0.5732860565185547,True,-0.13956093189964158,0.02346841463110864,-0.18467097067093657,-0.09313138540866615,2.73508898922296e-09,True,8.20526696766888e-09
Llama-3.2-1B,rf2_ex20,cka_low@k2,cka_low,sel_auc,0.5672595500946045,0.5732860565185547,True,-0.04299174573055031,0.02677859978423876,-0.09546592478389206,0.009237171884882928,0.10839445764086658,False,0.6503667458451995
Llama-3.2-1B,rf2_ex20,cka_low@k2,cka_low,sel_d,0.5672595500946045,0.5732860565185547,True,-1.541188980252862,0.1762390377551252,-1.9086322935519626,-1.2148060625405215,2.232556629398762e-18,True,2.232556629398762e-17
Llama-3.2-1B,rf2_ex20,fidelity_high@k2,fidelity_high,auc_all,0.5105975866317749,0.5160221457481384,True,-0.2700382222222222,0.013880697396864124,-0.2970909777777777,-0.2434773777777778,2.683750544213928e-84,True,1.0735002176855713e-83
Llama-3.2-1B,rf2_ex20,fidelity_high@k2,fidelity_high,d_all,0.5105975866317749,0.5160221457481384,True,-1.6866934846346833,0.07817431153997631,-1.840193089293581,-1.533411189073741,3.015035307123693e-103,True,1.2060141228494772e-102
Llama-3.2-1B,rf2_ex20,fidelity_high@k2,fidelity_high,auc_hf,0.5105975866317749,0.5160221457481384,True,-0.28260392156862746,0.018889746555377493,-0.32067771241830056,-0.2475458169934641,1.3261413499764588e-50,True,9.282989449835211e-50
Llama-3.2-1B,rf2_ex20,fidelity_high@k2,fidelity_high,auc_lf,0.5105975866317749,0.5160221457481384,True,-0.24850537634408598,0.021982090158953874,-0.29017997311827953,-0.20510181451612908,1.2409253912352901e-29,True,4.9637015649411605e-29
Llama-3.2-1B,rf2_ex20,fidelity_high@k2,fidelity_high,auc_lf_hard,0.5105975866317749,0.5160221457481384,True,-0.1767697132616487,0.02463991811774983,-0.2250854617991251,-0.128634000691788,7.277410579783009e-13,True,3.6387052898915044e-12
Llama-3.2-1B,rf2_ex20,fidelity_high@k2,fidelity_high,sel_auc,0.5105975866317749,0.5160221457481384,True,-0.03409854522454148,0.02641045506600937,-0.08373061827956998,0.01619468005481759,0.1966689162709917,False,0.7866756650839668
Llama-3.2-1B,rf2_ex20,fidelity_high@k2,fidelity_high,sel_d,0.5105975866317749,0.5160221457481384,True,-1.5254782335397765,0.17882224675845731,-1.8963241700658282,-1.1898131136328416,1.454697837506931e-17,True,1.309228053756238e-16
Llama-3.2-1B,rf2_ex20,full,full,auc_all,0.018292687833309174,0.018487026914954185,False,-0.4341315555555556,0.01507718418840069,-0.46332353333333326,-0.4047268222222222,2.5543608788859217e-182,True,2.2989247909973297e-181
Llama-3.2-1B,rf2_ex20,full,full,d_all,0.018292687833309174,0.018487026914954185,False,-2.306615510667998,0.07604105371468715,-2.462145980660558,-2.161946338813823,4.107368141386978e-202,True,4.107368141386978e-201
Llama-3.2-1B,rf2_ex20,full,full,auc_hf,0.018292687833309174,0.018487026914954185,False,-0.4037254901960784,0.02080496485432625,-0.4439837254901961,-0.3632648366013072,6.968230932757449e-84,True,6.2714078394817044e-83
Llama-3.2-1B,rf2_ex20,full,full,auc_lf,0.018292687833309174,0.018487026914954185,False,-0.43650537634408604,0.024126032096010375,-0.4841897849462366,-0.3894510752688172,3.637316145025216e-73,True,2.909852916020173e-72
Llama-3.2-1B,rf2_ex20,full,full,auc_lf_hard,0.018292687833309174,0.018487026914954185,False,-0.3614023297491039,0.029183215291203945,-0.41949708716115774,-0.3053719174645237,3.193923705741926e-35,True,1.9163542234451558e-34
Llama-3.2-1B,rf2_ex20,full,full,sel_auc,0.018292687833309174,0.018487026914954185,False,0.03277988614800764,0.028744116596858025,-0.022800430371073176,0.08816687855787486,0.2541183081770497,False,0.7866756650839668
Llama-3.2-1B,rf2_ex20,full,full,sel_d,0.018292687833309174,0.018487026914954185,False,-1.3280104337761207,0.1774806100425535,-1.6895117416355974,-0.9825798302211282,7.2885096252896e-14,True,5.10195673770272e-13
Llama-3.2-1B,rf2_ex20,kvdist_high@k2,kvdist_high,auc_all,0.5837350487709045,0.5899366140365601,True,-0.4759635555555556,0.015129132613980918,-0.5053777777777778,-0.44520626666666663,3.057131247704174e-217,True,3.057131247704174e-216
Llama-3.2-1B,rf2_ex20,kvdist_high@k2,kvdist_high,d_all,0.5837350487709045,0.5899366140365601,True,-2.442806639284242,0.08154316420726264,-2.6021060064531993,-2.2828732452180023,3.5431907490555054e-197,True,3.188871674149955e-196
Llama-3.2-1B,rf2_ex20,kvdist_high@k2,kvdist_high,auc_hf,0.5837350487709045,0.5899366140365601,True,-0.43584575163398687,0.02152945258192507,-0.4776690849673202,-0.39219274509803925,3.9991764365632577e-91,True,3.999176436563258e-90
Llama-3.2-1B,rf2_ex20,kvdist_high@k2,kvdist_high,auc_lf,0.5837350487709045,0.5899366140365601,True,-0.49191129032258063,0.02500706180416952,-0.5410138440860215,-0.44242426075268826,3.829602393392223e-86,True,3.829602393392223e-85
Llama-3.2-1B,rf2_ex20,kvdist_high@k2,kvdist_high,auc_lf_hard,0.5837350487709045,0.5899366140365601,True,-0.4806787634408602,0.029506293575937925,-0.5378645923178657,-0.4215319593787336,1.148691124060613e-59,True,1.2635602364666743e-58
Llama-3.2-1B,rf2_ex20,kvdist_high@k2,kvdist_high,sel_auc,0.5837350487709045,0.5899366140365601,True,0.05606553868859376,0.03129056527433879,-0.006415756377819916,0.11726096905966679,0.07316959834702247,False,0.5121871884291573
Llama-3.2-1B,rf2_ex20,kvdist_high@k2,kvdist_high,sel_d,0.5837350487709045,0.5899366140365601,True,-1.2077471945078107,0.1940378299989018,-1.6034964611560119,-0.8455125769966841,4.837500253027822e-10,True,1.935000101211129e-09
Llama-3.2-1B,rf2_ex20,kvdist_low@k2,kvdist_low,auc_all,0.9431577920913696,0.953177809715271,True,-0.003698666666666628,0.0019935339610806127,-0.007398288888888863,0.00015502222222229882,0.06354888026744047,False,0.06354888026744047
Llama-3.2-1B,rf2_ex20,kvdist_low@k2,kvdist_low,d_all,0.9431577920913696,0.953177809715271,True,0.05355063843673502,0.02540625491911701,0.005471398039515352,0.10503495411144827,0.03505056028269293,True,0.03505056028269293
Llama-3.2-1B,rf2_ex20,kvdist_low@k2,kvdist_low,auc_hf,0.9431577920913696,0.953177809715271,True,-0.0025176470588235134,0.0008874239487160162,-0.004300784313725525,-0.0008599346405229286,0.004553554319285312,True,0.004553554319285312
Llama-3.2-1B,rf2_ex20,kvdist_low@k2,kvdist_low,auc_lf,0.9431577920913696,0.953177809715271,True,-0.006572580645161308,0.004632761570939952,-0.015661357526881754,0.0025708333333333893,0.15598134710432968,False,0.15598134710432968
Llama-3.2-1B,rf2_ex20,kvdist_low@k2,kvdist_low,auc_lf_hard,0.9431577920913696,0.953177809715271,True,0.012074372759856677,0.005719832031743932,0.0010475436612254446,0.023652768855442832,0.03477520709888373,True,0.03477520709888373
Llama-3.2-1B,rf2_ex20,kvdist_low@k2,kvdist_low,sel_auc,0.9431577920913696,0.953177809715271,True,0.0040549335863377944,0.00457843817838678,-0.004972569576217406,0.013134261543326984,0.37580147200120473,False,0.7866756650839668
Llama-3.2-1B,rf2_ex20,kvdist_low@k2,kvdist_low,sel_d,0.9431577920913696,0.953177809715271,True,-0.0800690074206174,0.055332050570234416,-0.1949651660976413,0.024725104327024728,0.14787905526613557,False,0.14787905526613557
Llama-3.2-1B,rf2_ex20,kvsharer_dissimilar@k2,kvsharer_dissimilar,auc_all,0.9872927665710449,0.9977816939353943,True,-0.09611911111111116,0.007642221618893491,-0.11074842222222223,-0.0811974,2.8120878111828386e-36,True,8.436263433548516e-36
Llama-3.2-1B,rf2_ex20,kvsharer_dissimilar@k2,kvsharer_dissimilar,d_all,0.9872927665710449,0.9977816939353943,True,-0.8331754096979072,0.05440138961393489,-0.9408590071590589,-0.7293321801426662,6.04015347817883e-53,True,1.812046043453649e-52
Llama-3.2-1B,rf2_ex20,kvsharer_dissimilar@k2,kvsharer_dissimilar,auc_hf,0.9872927665710449,0.9977816939353943,True,-0.05336732026143787,0.008645070054332144,-0.07147620915032676,-0.03804973856209153,6.694234812502227e-10,True,2.008270443750668e-09
Llama-3.2-1B,rf2_ex20,kvsharer_dissimilar@k2,kvsharer_dissimilar,auc_lf,0.9872927665710449,0.9977816939353943,True,-0.12814247311827953,0.014205119090608538,-0.15749059139784952,-0.10176001344086019,1.8660855388450254e-19,True,5.598256616535076e-19
Llama-3.2-1B,rf2_ex20,kvsharer_dissimilar@k2,kvsharer_dissimilar,auc_lf_hard,0.9872927665710449,0.9977816939353943,True,-0.09827508960573472,0.015886022545449276,-0.13055830411856037,-0.0678908662013039,6.160777955363112e-10,True,2.464311182145245e-09
Llama-3.2-1B,rf2_ex20,kvsharer_dissimilar@k2,kvsharer_dissimilar,sel_auc,0.9872927665710449,0.9977816939353943,True,0.07477515285684166,0.015754149842156617,0.04378426048914184,0.1076984329538266,2.0709136594556233e-06,True,1.863822293510061e-05
Llama-3.2-1B,rf2_ex20,kvsharer_dissimilar@k2,kvsharer_dissimilar,sel_d,0.9872927665710449,0.9977816939353943,True,-0.4334202687070443,0.12680604917530705,-0.6965429224904883,-0.19071424460023145,0.0006308823844107497,True,0.0012617647688214994
Llama-3.2-1B,rf2_ex20,kvsharer_similar@k2,kvsharer_similar,auc_all,0.8937406539916992,0.903235673904419,True,-0.05088533333333334,0.005360331156597353,-0.06128820000000001,-0.040821733333333374,2.2459569793282455e-21,True,4.491913958656491e-21
Llama-3.2-1B,rf2_ex20,kvsharer_similar@k2,kvsharer_similar,d_all,0.8937406539916992,0.903235673904419,True,-0.5016701694963093,0.036448198092547256,-0.5717118385551809,-0.42983229344534973,4.201016339755063e-43,True,8.402032679510127e-43
Llama-3.2-1B,rf2_ex20,kvsharer_similar@k2,kvsharer_similar,auc_hf,0.8937406539916992,0.903235673904419,True,-0.04173071895424829,0.007670890340565451,-0.057193790849673146,-0.027793464052287553,5.323865605939704e-08,True,1.0647731211879408e-07
Llama-3.2-1B,rf2_ex20,kvsharer_similar@k2,kvsharer_similar,auc_lf,0.8937406539916992,0.903235673904419,True,-0.04474462365591403,0.008543376781312234,-0.061989717741935506,-0.028940793010752745,1.6290177047165624e-07,True,3.258035409433125e-07
Llama-3.2-1B,rf2_ex20,kvsharer_similar@k2,kvsharer_similar,auc_lf_hard,0.8937406539916992,0.903235673904419,True,-0.06471774193548385,0.011591617672961145,-0.08745512303161726,-0.04280226496330033,2.3620065384369466e-08,True,4.724013076873893e-08
Llama-3.2-1B,rf2_ex20,kvsharer_similar@k2,kvsharer_similar,sel_auc,0.8937406539916992,0.903235673904419,True,0.003013904701665737,0.011009194168691715,-0.017766795277250565,0.025091490881298757,0.784267130894073,False,0.7866756650839668
Llama-3.2-1B,rf2_ex20,kvsharer_similar@k2,kvsharer_similar,sel_d,0.8937406539916992,0.903235673904419,True,-0.6377188649741166,0.07761671220486949,-0.8008906219035865,-0.49323174186901797,2.099530402819924e-16,True,1.6796243222559391e-15
Llama-3.2-1B,rf2_ex20,live_prev_head,live_prev_head,auc_all,0.00587570620700717,0.005938129033893347,False,-0.391992,0.014710904664286886,-0.4211307111111111,-0.36293437777777776,1.972473340097247e-156,True,1.5779786720777976e-155
Llama-3.2-1B,rf2_ex20,live_prev_head,live_prev_head,d_all,0.00587570620700717,0.005938129033893347,False,-2.1458914076335245,0.07462251453404402,-2.2954301503129697,-1.9976136656567816,7.485599726330634e-182,True,5.239919808431444e-181
Llama-3.2-1B,rf2_ex20,live_prev_head,live_prev_head,auc_hf,0.00587570620700717,0.005938129033893347,False,-0.28479999999999994,0.019675242456201843,-0.3238309150326798,-0.24599588235294115,1.742142610472344e-47,True,6.968570441889376e-47
Llama-3.2-1B,rf2_ex20,live_prev_head,live_prev_head,auc_lf,0.00587570620700717,0.005938129033893347,False,-0.4656586021505376,0.02449180598844047,-0.5118983198924731,-0.4160239919354839,1.3354345709481655e-80,True,1.201891113853349e-79
Llama-3.2-1B,rf2_ex20,live_prev_head,live_prev_head,auc_lf_hard,0.00587570620700717,0.005938129033893347,False,-0.4571124551971326,0.029390577773633495,-0.513352212864204,-0.39773289580520244,1.5175981100087297e-54,True,1.5175981100087297e-53
Llama-3.2-1B,rf2_ex20,live_prev_head,live_prev_head,sel_auc,0.00587570620700717,0.005938129033893347,False,0.18085860215053767,0.02902198768549033,0.12452987191650848,0.23673565623023413,4.611689051540365e-10,True,4.611689051540365e-09
Llama-3.2-1B,rf2_ex20,live_prev_head,live_prev_head,sel_d,0.00587570620700717,0.005938129033893347,False,-0.738408796599034,0.17596918484870677,-1.0989847140737519,-0.39972650277294675,2.7138359565798306e-05,True,8.141507869739492e-05
Llama-3.2-1B,rf4_ex20,full,full,auc_all,0.0003600100171752274,0.0003638347261585295,False,-0.6784408888888889,0.013464692053590917,-0.7051970666666667,-0.652202088888889,0.0,True,0.0
Llama-3.2-1B,rf4_ex20,full,full,d_all,0.0003600100171752274,0.0003638347261585295,False,-3.1840437872698644,0.08330731346175269,-3.354136211146777,-3.02562776594656,0.0,True,0.0
Llama-3.2-1B,rf4_ex20,full,full,auc_hf,0.0003600100171752274,0.0003638347261585295,False,-0.8252679738562091,0.014461783485318808,-0.8535569934640523,-0.7979872549019609,0.0,True,0.0
Llama-3.2-1B,rf4_ex20,full,full,auc_lf,0.0003600100171752274,0.0003638347261585295,False,-0.533744623655914,0.02303580424483838,-0.5789188844086022,-0.4901018145161291,9.093811790592208e-119,True,9.093811790592208e-119
Llama-3.2-1B,rf4_ex20,full,full,auc_lf_hard,0.0003600100171752274,0.0003638347261585295,False,-0.4092181899641577,0.032675339576121544,-0.4731929372161071,-0.34588664920355994,5.534794118227675e-36,True,5.534794118227675e-36
Llama-3.2-1B,rf4_ex20,full,full,sel_auc,0.0003600100171752274,0.0003638347261585295,False,-0.2915233502002951,0.024029486910335338,-0.33696722907442545,-0.24224862402487887,7.156871779472756e-34,True,7.156871779472756e-34
Llama-3.2-1B,rf4_ex20,full,full,sel_d,0.0003600100171752274,0.0003638347261585295,False,-2.570525461585087,0.18942956657595242,-2.972946603882469,-2.216668264275263,6.046886941428018e-42,True,6.046886941428018e-42
Qwen2.5-3B,control,no_reuse,no_reuse,abs_auc_all,0.995524525642395,1.0,True,0.9942808888888889,0.0014159313649333306,0.9914045111111112,0.9968533777777778,0.0,True,
Qwen2.5-3B,rf2_ex00,full,full,auc_all,1.151054493675474e-05,1.1562291547306813e-05,False,-0.5143733333333333,0.015114688339924258,-0.5439125777777778,-0.48500733333333335,7.660652282990509e-254,True,7.660652282990509e-254
Qwen2.5-3B,rf2_ex00,full,full,d_all,1.151054493675474e-05,1.1562291547306813e-05,False,-4.049487398447859,0.11783832663363143,-4.290336871541886,-3.8205273967141515,8.474346990800639e-259,True,8.474346990800639e-259
Qwen2.5-3B,rf2_ex00,full,full,auc_hf,1.151054493675474e-05,1.1562291547306813e-05,False,-0.49692549019607846,0.020043525977270264,-0.535591111111111,-0.45782274509803916,1.0849142063381962e-135,True,1.0849142063381962e-135
Qwen2.5-3B,rf2_ex00,full,full,auc_lf,1.151054493675474e-05,1.1562291547306813e-05,False,-0.532513440860215,0.021009381519980073,-0.5747281586021507,-0.49065288978494626,9.831524210440056e-142,True,9.831524210440056e-142
Qwen2.5-3B,rf2_ex00,full,full,auc_lf_hard,1.151054493675474e-05,1.1562291547306813e-05,False,-0.631709229390681,0.027438080382615096,-0.6855741952575458,-0.5785645365293696,2.737625725171229e-117,True,2.737625725171229e-117
Qwen2.5-3B,rf2_ex00,full,full,sel_auc,1.151054493675474e-05,1.1562291547306813e-05,False,0.03558795066413656,0.023796102916597263,-0.009416282152646114,0.08225963314358002,0.13477436972538603,False,0.13477436972538603
Qwen2.5-3B,rf2_ex00,full,full,sel_d,1.151054493675474e-05,1.1562291547306813e-05,False,-0.64958866912824,0.1363086276758884,-0.9190828290754965,-0.3861754867359548,1.8831801798717477e-06,True,1.8831801798717477e-06
Qwen2.5-3B,rf2_ex20,cf_next_head,cf_next_head,auc_all,0.04504847899079323,0.04525099694728851,False,-0.4254346666666666,0.0147821424434991,-0.45423435555555547,-0.3958413333333333,3.7834280287715944e-182,True,3.405085225894435e-181
Qwen2.5-3B,rf2_ex20,cf_next_head,cf_next_head,d_all,0.04504847899079323,0.04525099694728851,False,-3.7093311500459425,0.11806326888558955,-3.9510656370267556,-3.4879241896842514,1.1430223130991247e-216,True,1.0287200817892122e-215
Qwen2.5-3B,rf2_ex20,cf_next_head,cf_next_head,auc_hf,0.04504847899079323,0.04525099694728851,False,-0.40699869281045753,0.020079504091680148,-0.44471686274509803,-0.3673975163398693,2.3975544873560836e-91,True,2.1577990386204753e-90
Qwen2.5-3B,rf2_ex20,cf_next_head,cf_next_head,auc_lf,0.04504847899079323,0.04525099694728851,False,-0.42864784946236556,0.021742019222877385,-0.4705530913978494,-0.3848654569892473,1.5974292916250025e-86,True,1.4376863624625022e-85
Qwen2.5-3B,rf2_ex20,cf_next_head,cf_next_head,auc_lf_hard,0.04504847899079323,0.04525099694728851,False,-0.327576164874552,0.02629245621597766,-0.3783000475666806,-0.2766035344443863,1.2501947535218817e-35,True,1.0001558028175054e-34
Qwen2.5-3B,rf2_ex20,cf_next_head,cf_next_head,sel_auc,0.04504847899079323,0.04525099694728851,False,0.02164915665190803,0.026220461259038007,-0.0274948524140839,0.07299620835968794,0.4089976249068976,False,1.0
Qwen2.5-3B,rf2_ex20,cf_next_head,cf_next_head,sel_d,0.04504847899079323,0.04525099694728851,False,-0.6214676205600691,0.14341392000103256,-0.8985736050764401,-0.34813131941600134,1.4683450528417905e-05,True,7.341725264208953e-05
Qwen2.5-3B,rf2_ex20,cf_prev_head,cf_prev_head,auc_all,0.0025600981898605824,0.0025716072414070368,False,-0.3628577777777777,0.01413988736923418,-0.3895699777777777,-0.3346321333333333,3.1062700155765203e-145,True,2.4850160124612163e-144
Qwen2.5-3B,rf2_ex20,cf_prev_head,cf_prev_head,d_all,0.0025600981898605824,0.0025716072414070368,False,-3.4711131636422623,0.11501808651239932,-3.6991334550897186,-3.2484607641131396,4.488895396355603e-200,True,3.5911163170844823e-199
Qwen2.5-3B,rf2_ex20,cf_prev_head,cf_prev_head,auc_hf,0.0025600981898605824,0.0025716072414070368,False,-0.34401568627450974,0.018393199210215816,-0.3798706535947713,-0.30787888888888887,4.643116201818279e-78,True,3.714492961454623e-77
Qwen2.5-3B,rf2_ex20,cf_prev_head,cf_prev_head,auc_lf,0.0025600981898605824,0.0025716072414070368,False,-0.3852822580645161,0.02021850390319088,-0.4234845430107528,-0.3446102822580645,5.867232824119952e-81,True,4.693786259295961e-80
Qwen2.5-3B,rf2_ex20,cf_prev_head,cf_prev_head,auc_lf_hard,0.0025600981898605824,0.0025716072414070368,False,-0.4600022401433692,0.02868511478346577,-0.5158555055468064,-0.4023603123709608,7.131095289069964e-58,True,6.417985760162968e-57
Qwen2.5-3B,rf2_ex20,cf_prev_head,cf_prev_head,sel_auc,0.0025600981898605824,0.0025716072414070368,False,0.04126657179000637,0.023272641687459353,-0.004767116276618128,0.0867924786527513,0.0761989632959855,False,0.3809948164799275
Qwen2.5-3B,rf2_ex20,cf_prev_head,cf_prev_head,sel_d,0.0025600981898605824,0.0025716072414070368,False,-0.5766495979216222,0.12511198141345803,-0.8226309988151053,-0.32937664086331464,4.044785346413166e-06,True,2.4268712078478998e-05
Qwen2.5-3B,rf2_ex20,cka_high@k5,cka_high,auc_all,0.4769613444805145,0.47910556197166443,False,-0.00408888888888892,0.0011985033111434453,-0.006577844444444458,-0.0018460888888888617,0.0006456798601530224,True,0.0012913597203060448
Qwen2.5-3B,rf2_ex20,cka_high@k5,cka_high,d_all,0.4769613444805145,0.47910556197166443,False,-0.9052892634359018,0.06828370139546147,-1.0421809923620673,-0.7733798317853265,4.068411246245997e-40,True,1.220523373873799e-39
Qwen2.5-3B,rf2_ex20,cka_high@k5,cka_high,auc_hf,0.4769613444805145,0.47910556197166443,False,-0.0034379084967319784,0.001596934762477591,-0.0066277777777778105,-0.00022470588235287762,0.03133305409461208,True,0.06266610818922416
Qwen2.5-3B,rf2_ex20,cka_high@k5,cka_high,auc_lf,0.4769613444805145,0.47910556197166443,False,-0.003809139784946236,0.001931741438800467,-0.007739448924731182,-0.00014764784946245222,0.04862463829686355,True,0.0972492765937271
Qwen2.5-3B,rf2_ex20,cka_high@k5,cka_high,auc_lf_hard,0.4769613444805145,0.47910556197166443,False,-0.0009856630824373047,0.0019201572538721252,-0.004917270948434518,0.0027424879131144656,0.6077245963633116,False,0.6077245963633116
Qwen2.5-3B,rf2_ex20,cka_high@k5,cka_high,sel_auc,0.4769613444805145,0.47910556197166443,False,0.00037123128821425766,0.002126746419906123,-0.0038572411975542425,0.004579764916719472,0.8614303941659758,False,1.0
Qwen2.5-3B,rf2_ex20,cka_high@k5,cka_high,sel_d,0.4769613444805145,0.47910556197166443,False,-0.5459601327838688,0.07805371693369582,-0.6997636559947374,-0.39639687547289804,2.6588059392273386e-12,True,2.392925345304605e-11
Qwen2.5-3B,rf2_ex20,cka_low@k5,cka_low,auc_all,0.9914470314979553,0.9959041476249695,True,-0.03984444444444446,0.00441341699257786,-0.04896097777777783,-0.031272555555555574,1.7479591393003792e-19,True,8.739795696501896e-19
Qwen2.5-3B,rf2_ex20,cka_low@k5,cka_low,d_all,0.9914470314979553,0.9959041476249695,True,-1.5003302517968091,0.09585872204192217,-1.6863900497896673,-1.3189505199222527,3.246152233130754e-55,True,1.2984608932523016e-54
Qwen2.5-3B,rf2_ex20,cka_low@k5,cka_low,auc_hf,0.9914470314979553,0.9959041476249695,True,-0.026789542483660056,0.005180832800561701,-0.037934705882352995,-0.017395751633986965,2.3297543981766963e-07,True,1.1648771990883481e-06
Qwen2.5-3B,rf2_ex20,cka_low@k5,cka_low,auc_lf,0.9914470314979553,0.9959041476249695,True,-0.054290322580645145,0.006885595678204161,-0.06792762096774192,-0.04150591397849469,3.1548779566602048e-15,True,1.5774389783301024e-14
Qwen2.5-3B,rf2_ex20,cka_low@k5,cka_low,auc_lf_hard,0.9914470314979553,0.9959041476249695,True,-0.04911514336917566,0.010022230172603714,-0.06961947077944719,-0.030266661594643984,9.553459866783342e-07,True,3.821383946713337e-06
Qwen2.5-3B,rf2_ex20,cka_low@k5,cka_low,sel_auc,0.9914470314979553,0.9959041476249695,True,0.02750078009698509,0.00756783766916472,0.012123130139152342,0.042053766076323,0.00027916698337960834,True,0.0019541688836572585
Qwen2.5-3B,rf2_ex20,cka_low@k5,cka_low,sel_d,0.9914470314979553,0.9959041476249695,True,-0.06227956261355594,0.09989275966286554,-0.2642582562192393,0.13511012404406145,0.5329795003048722,False,0.5329795003048722
Qwen2.5-3B,rf2_ex20,fidelity_high@k5,fidelity_high,auc_all,0.9601445198059082,0.9644609689712524,True,-0.059449777777777824,0.00561122738524978,-0.0707612,-0.04889017777777786,3.1504610959396805e-26,True,1.8902766575638083e-25
Qwen2.5-3B,rf2_ex20,fidelity_high@k5,fidelity_high,d_all,0.9601445198059082,0.9644609689712524,True,-1.8243326581834118,0.08773958196858712,-1.9965101162542038,-1.663057877522728,5.051572378731461e-96,True,3.030943427238877e-95
Qwen2.5-3B,rf2_ex20,fidelity_high@k5,fidelity_high,auc_hf,0.9601445198059082,0.9644609689712524,True,-0.04873725490196079,0.006509806094919946,-0.06186562091503272,-0.036615882352941234,7.060296128572249e-14,True,4.2361776771433493e-13
Qwen2.5-3B,rf2_ex20,fidelity_high@k5,fidelity_high,auc_lf,0.9601445198059082,0.9644609689712524,True,-0.06451612903225801,0.007563608265097019,-0.08007560483870965,-0.04992876344086026,1.465903475818329e-17,True,8.795420854909973e-17
Qwen2.5-3B,rf2_ex20,fidelity_high@k5,fidelity_high,auc_lf_hard,0.9601445198059082,0.9644609689712524,True,-0.06188396057347678,0.011638151847477718,-0.0842508807339815,-0.04008032390996108,1.052976777239751e-07,True,6.317860663438506e-07
Qwen2.5-3B,rf2_ex20,fidelity_high@k5,fidelity_high,sel_auc,0.9601445198059082,0.9644609689712524,True,0.015778874130297216,0.007473323264290557,0.0017212070419565769,0.0309494386464263,0.03474139972439554,True,0.20844839834637324
Qwen2.5-3B,rf2_ex20,fidelity_high@k5,fidelity_high,sel_d,0.9601445198059082,0.9644609689712524,True,-0.5387889118317721,0.09435040380019111,-0.7238649990794448,-0.36203416068860145,1.1263820648574198e-08,True,7.884674454001939e-08
Qwen2.5-3B,rf2_ex20,full,full,auc_all,0.0014615935506299138,0.0014681642642244697,False,-0.6627173333333334,0.013283598983280244,-0.6892273111111111,-0.6350745777777778,0.0,True,0.0
Qwen2.5-3B,rf2_ex20,full,full,d_all,0.0014615935506299138,0.0014681642642244697,False,-4.570311722210938,0.11766601838180543,-4.819199724580765,-4.347782383662979,0.0,True,0.0
Qwen2.5-3B,rf2_ex20,full,full,auc_hf,0.0014615935506299138,0.0014681642642244697,False,-0.7930928104575163,0.0164767155840519,-0.8251459477124183,-0.7610172549019608,0.0,True,0.0
Qwen2.5-3B,rf2_ex20,full,full,auc_lf,0.0014615935506299138,0.0014681642642244697,False,-0.5670752688172043,0.021761887992947017,-0.6097079973118279,-0.5246008064516129,1.0866796348114659e-149,True,1.1953475982926124e-148
Qwen2.5-3B,rf2_ex20,full,full,auc_lf_hard,0.0014615935506299138,0.0014681642642244697,False,-0.5681675627240144,0.027549144594613228,-0.6235408756656642,-0.5156436564087343,1.6790453392540732e-94,True,1.6790453392540732e-93
Qwen2.5-3B,rf2_ex20,full,full,sel_auc,0.0014615935506299138,0.0014681642642244697,False,-0.22601754164031207,0.024853560579199182,-0.2741429875606156,-0.17758908602150536,9.548696229094896e-20,True,1.0503565852004385e-18
Qwen2.5-3B,rf2_ex20,full,full,sel_d,0.0014615935506299138,0.0014681642642244697,False,-1.6803374528141148,0.14865803409944284,-1.9729224714220688,-1.3982835519314867,1.26270549400922e-29,True,1.388976043410142e-28
Qwen2.5-3B,rf2_ex20,kvdist_high@k5,kvdist_high,auc_all,0.8717117309570312,0.8756306171417236,True,-0.032611555555555505,0.0038111915607889364,-0.04024286666666671,-0.02536328888888892,1.1605637383368518e-17,True,4.642254953347407e-17
Qwen2.5-3B,rf2_ex20,kvdist_high@k5,kvdist_high,d_all,0.8717117309570312,0.8756306171417236,True,-1.5171083562652172,0.0835496561410292,-1.684657649386903,-1.3627235606701593,1.1066422951842894e-73,True,5.533211475921447e-73
Qwen2.5-3B,rf2_ex20,kvdist_high@k5,kvdist_high,auc_hf,0.8717117309570312,0.8756306171417236,True,-0.01807058823529406,0.003657481889319029,-0.026046928104575144,-0.011513529411764657,7.78352354881876e-07,True,3.113409419527504e-06
Qwen2.5-3B,rf2_ex20,kvdist_high@k5,kvdist_high,auc_lf,0.8717117309570312,0.8756306171417236,True,-0.043024193548387046,0.006286693552993684,-0.05626646505376351,-0.03151303763440856,7.717783550457467e-12,True,3.087113420182987e-11
Qwen2.5-3B,rf2_ex20,kvdist_high@k5,kvdist_high,auc_lf_hard,0.8717117309570312,0.8756306171417236,True,-0.03398297491039426,0.007238699121232848,-0.04909030177931392,-0.020690725584227427,2.6709677823513558e-06,True,8.012903347054068e-06
Qwen2.5-3B,rf2_ex20,kvdist_high@k5,kvdist_high,sel_auc,0.8717117309570312,0.8756306171417236,True,0.024953605313092986,0.006252598709847346,0.013406816097406724,0.03783367515285679,6.581818787473709e-05,True,0.0005923636908726338
Qwen2.5-3B,rf2_ex20,kvdist_high@k5,kvdist_high,sel_d,0.8717117309570312,0.8756306171417236,True,-0.25826702930959344,0.0877111877816032,-0.42354957830472884,-0.08667357781194777,0.0032345982215730507,True,0.009703794664719153
Qwen2.5-3B,rf2_ex20,kvdist_low@k5,kvdist_low,auc_all,0.9886084794998169,0.9930528402328491,True,-0.16102577777777782,0.010013481243561237,-0.18093677777777784,-0.1411816,3.473037620649712e-58,True,2.4311263344547983e-57
Qwen2.5-3B,rf2_ex20,kvdist_low@k5,kvdist_low,d_all,0.9886084794998169,0.9930528402328491,True,-2.590263523957735,0.10144393555656354,-2.7927557733308612,-2.4001203056671376,8.279968997755326e-144,True,5.795978298428728e-143
Qwen2.5-3B,rf2_ex20,kvdist_low@k5,kvdist_low,auc_hf,0.9886084794998169,0.9930528402328491,True,-0.15865098039215686,0.015264302516967655,-0.1890571895424836,-0.128921568627451,2.6516560426689773e-25,True,1.856159229868284e-24
Qwen2.5-3B,rf2_ex20,kvdist_low@k5,kvdist_low,auc_lf,0.9886084794998169,0.9930528402328491,True,-0.1529408602150537,0.014698893596500607,-0.18240040322580645,-0.12618783602150532,2.3544566503646324e-25,True,1.6481196552552428e-24
Qwen2.5-3B,rf2_ex20,kvdist_low@k5,kvdist_low,auc_lf_hard,0.9886084794998169,0.9930528402328491,True,-0.09199148745519714,0.01399501269330629,-0.11979753158516873,-0.06450504890606759,4.9257770785869356e-11,True,3.448043955010855e-10
Qwen2.5-3B,rf2_ex20,kvdist_low@k5,kvdist_low,sel_auc,0.9886084794998169,0.9930528402328491,True,-0.005710120177103151,0.019701178694666335,-0.04272812144212514,0.033927543221589695,0.7719413423119064,False,1.0
Qwen2.5-3B,rf2_ex20,kvdist_low@k5,kvdist_low,sel_d,0.9886084794998169,0.9930528402328491,True,-0.7204399454056354,0.11305646982298329,-0.9439832482111257,-0.4954994788143032,1.8610459939938204e-10,True,1.4888367951950563e-09
Qwen2.5-3B,rf2_ex20,kvsharer_dissimilar@k5,kvsharer_dissimilar,auc_all,0.9163212776184082,0.920440673828125,True,-0.002609777777777822,0.0012558596864162067,-0.005144511111111039,-0.0002361111111110416,0.03770192683801295,True,0.03770192683801295
Qwen2.5-3B,rf2_ex20,kvsharer_dissimilar@k5,kvsharer_dissimilar,d_all,0.9163212776184082,0.920440673828125,True,-0.2307319588308383,0.07024240267832678,-0.3674681052998838,-0.09960594196167483,0.0010205625864148846,True,0.0010205625864148846
Qwen2.5-3B,rf2_ex20,kvsharer_dissimilar@k5,kvsharer_dissimilar,auc_hf,0.9163212776184082,0.920440673828125,True,-0.0011346405228758183,0.000949730567977187,-0.002943790849673114,0.0008392810457516633,0.23220532697200047,False,0.23220532697200047
Qwen2.5-3B,rf2_ex20,kvsharer_dissimilar@k5,kvsharer_dissimilar,auc_lf,0.9163212776184082,0.920440673828125,True,-0.004357526881720419,0.0027508188990945414,-0.010017204301075222,0.000949193548387099,0.11317471436049904,False,0.11317471436049904
Qwen2.5-3B,rf2_ex20,kvsharer_dissimilar@k5,kvsharer_dissimilar,auc_lf_hard,0.9163212776184082,0.920440673828125,True,-0.004413082437276006,0.0035403180313680915,-0.011647350212197215,0.0023623254327300868,0.21257301196687373,False,0.42514602393374745
Qwen2.5-3B,rf2_ex20,kvsharer_dissimilar@k5,kvsharer_dissimilar,sel_auc,0.9163212776184082,0.920440673828125,True,0.003222886358844601,0.002794338701157416,-0.0020938986401012106,0.00882674704828171,0.2487614962064687,False,0.9950459848258748
Qwen2.5-3B,rf2_ex20,kvsharer_dissimilar@k5,kvsharer_dissimilar,sel_d,0.9163212776184082,0.920440673828125,True,-0.17762063776273385,0.06834009078711373,-0.31135560163221093,-0.04079984028598586,0.009347687671383683,True,0.018695375342767367
Qwen2.5-3B,rf2_ex20,kvsharer_similar@k5,kvsharer_similar,auc_all,0.9887462258338928,0.9931912422180176,True,-0.022240000000000038,0.003367505533551253,-0.02887155555555552,-0.0158284222222222,3.994134474969037e-11,True,1.198240342490711e-10
Qwen2.5-3B,rf2_ex20,kvsharer_similar@k5,kvsharer_similar,d_all,0.9887462258338928,0.9931912422180176,True,-1.1310639680623824,0.09655908812045608,-1.3198206669480819,-0.940990815646556,1.084447845280461e-31,True,2.168895690560922e-31
Qwen2.5-3B,rf2_ex20,kvsharer_similar@k5,kvsharer_similar,auc_hf,0.9887462258338928,0.9931912422180176,True,-0.011503267973856146,0.003956425532134051,-0.02010745098039219,-0.004674117647058848,0.003643419037440732,True,0.010930257112322195
Qwen2.5-3B,rf2_ex20,kvsharer_similar@k5,kvsharer_similar,auc_lf,0.9887462258338928,0.9931912422180176,True,-0.04135483870967738,0.007205506533238611,-0.05649059139784943,-0.027736895161290354,9.504725617148189e-09,True,2.8514176851444566e-08
Qwen2.5-3B,rf2_ex20,kvsharer_similar@k5,kvsharer_similar,auc_lf_hard,0.9887462258338928,0.9931912422180176,True,-0.0468189964157707,0.00938402235337286,-0.06495993060629049,-0.029460112719941423,6.06220898337079e-07,True,3.031104491685395e-06
Qwen2.5-3B,rf2_ex20,kvsharer_similar@k5,kvsharer_similar,sel_auc,0.9887462258338928,0.9931912422180176,True,0.02985157073582123,0.00786977792389413,0.014671910183428213,0.04546456356736253,0.00014872367506094098,True,0.0011897894004875278
Qwen2.5-3B,rf2_ex20,kvsharer_similar@k5,kvsharer_similar,sel_d,0.9887462258338928,0.9931912422180176,True,0.384282507997185,0.12389155069428129,0.1496767884434975,0.6238809393405771,0.0019237043600947876,True,0.00769481744037915
Qwen2.5-3B,rf2_ex20,live_prev_head,live_prev_head,auc_all,0.0009989021345973015,0.0010033927392214537,False,-0.6519013333333333,0.013758457948055114,-0.6784507777777778,-0.6243649333333333,0.0,True,0.0
Qwen2.5-3B,rf2_ex20,live_prev_head,live_prev_head,d_all,0.0009989021345973015,0.0010033927392214537,False,-4.530543902103072,0.11900096661581058,-4.780158544177094,-4.304354454193766,0.0,True,0.0
Qwen2.5-3B,rf2_ex20,live_prev_head,live_prev_head,auc_hf,0.0009989021345973015,0.0010033927392214537,False,-0.7695267973856209,0.017859316591897222,-0.8041860130718954,-0.7360506535947712,0.0,True,0.0
Qwen2.5-3B,rf2_ex20,live_prev_head,live_prev_head,auc_lf,0.0009989021345973015,0.0010033927392214537,False,-0.5769247311827956,0.022185651198707468,-0.6203801075268818,-0.5342313844086021,4.415070111612147e-149,True,4.4150701116121466e-148
Qwen2.5-3B,rf2_ex20,live_prev_head,live_prev_head,auc_lf_hard,0.0009989021345973015,0.0010033927392214537,False,-0.5788754480286739,0.027546171030639117,-0.6351656846786425,-0.5249246201756912,4.809323796506361e-98,True,5.290256176156997e-97
Qwen2.5-3B,rf2_ex20,live_prev_head,live_prev_head,sel_auc,0.0009989021345973015,0.0010033927392214537,False,-0.19260206620282527,0.026100229609458046,-0.24264160367910592,-0.14182450031625554,1.5909453106760973e-13,True,1.5909453106760974e-12
Qwen2.5-3B,rf2_ex20,live_prev_head,live_prev_head,sel_d,0.0009989021345973015,0.0010033927392214537,False,-1.532414260395082,0.14914549916795553,-1.8223333004548044,-1.2484800954634008,9.169917147413905e-25,True,9.169917147413906e-24
Qwen2.5-3B,rf4_ex20,full,full,auc_all,0.0014300239272415638,0.0014364527305588126,False,-0.482544,0.014730676228294695,-0.5126344666666667,-0.4543798666666666,2.3540070349343887e-235,True,2.3540070349343887e-235
Qwen2.5-3B,rf4_ex20,full,full,d_all,0.0014300239272415638,0.0014364527305588126,False,-3.88753482040764,0.11760128627023628,-4.118716726745387,-3.665837921451538,1.2378075035811389e-239,True,1.2378075035811389e-239
Qwen2.5-3B,rf4_ex20,full,full,auc_hf,0.0014300239272415638,0.0014364527305588126,False,-0.4337359477124183,0.020256098545632126,-0.4729874509803922,-0.3951419607843138,1.0193959845458554e-101,True,1.0193959845458554e-101
Qwen2.5-3B,rf4_ex20,full,full,auc_lf,0.0014300239272415638,0.0014364527305588126,False,-0.5099543010752687,0.0220181427659282,-0.5518051075268816,-0.467248252688172,1.1357495939322774e-118,True,1.1357495939322774e-118
Qwen2.5-3B,rf4_ex20,full,full,auc_lf_hard,0.0014300239272415638,0.0014364527305588126,False,-0.513328853046595,0.02868575216169697,-0.5683798585913812,-0.45676187740381136,1.292135011671848e-71,True,1.292135011671848e-71
Qwen2.5-3B,rf4_ex20,full,full,sel_auc,0.0014300239272415638,0.0014364527305588126,False,0.07621835336285043,0.026300274970082933,0.023615701033101524,0.1284841650853888,0.0037554346452737513,True,0.0037554346452737513
Qwen2.5-3B,rf4_ex20,full,full,sel_d,0.0014300239272415638,0.0014364527305588126,False,-0.48564986632449925,0.1445098440168082,-0.7621264429596899,-0.2024051999168724,0.0007775372514034158,True,0.0007775372514034158
Llama-3.2-3B,control,no_reuse,no_reuse,abs_auc_all,0.9969048500061035,1.0,True,0.9228648888888888,0.0070380020345337906,0.9082176444444444,0.9362327777777778,0.0,True,
Llama-3.2-3B,rf2_ex00,full,full,auc_all,0.00011621991143329069,0.00011658074799925089,False,-0.5917146666666666,0.013720849434002038,-0.6181384222222222,-0.5655502,0.0,True,0.0
Llama-3.2-3B,rf2_ex00,full,full,d_all,0.00011621991143329069,0.00011658074799925089,False,-2.5413575223474894,0.08527860065917978,-2.7105392567984317,-2.387708935302905,3.831864093438646e-195,True,3.831864093438646e-195
Llama-3.2-3B,rf2_ex00,full,full,auc_hf,0.00011621991143329069,0.00011658074799925089,False,-0.7301830065359477,0.018162936561461365,-0.7659949673202614,-0.6940179738562091,0.0,True,0.0
Llama-3.2-3B,rf2_ex00,full,full,auc_lf,0.00011621991143329069,0.00011658074799925089,False,-0.4818198924731183,0.021640733391029857,-0.5252973790322579,-0.43848340053763435,8.164625138056824e-110,True,8.164625138056824e-110
Llama-3.2-3B,rf2_ex00,full,full,auc_lf_hard,0.00011621991143329069,0.00011658074799925089,False,-0.40465949820788527,0.028101219323381277,-0.45934742647058824,-0.35034006435222226,5.169186046262603e-47,True,5.169186046262603e-47
Llama-3.2-3B,rf2_ex00,full,full,sel_auc,0.00011621991143329069,0.00011658074799925089,False,-0.2483631140628294,0.025014403626025094,-0.297388359424415,-0.20028422491039424,3.119745132398493e-23,True,3.119745132398493e-23
Llama-3.2-3B,rf2_ex00,full,full,sel_d,0.00011621991143329069,0.00011658074799925089,False,-0.9203046931621266,0.1386907543913783,-1.1918414871862861,-0.6550132593867092,3.2305369511594e-11,True,3.2305369511594e-11
Llama-3.2-3B,rf2_ex20,cf_next_head,cf_next_head,auc_all,0.135351300239563,0.13577152788639069,False,-0.25370133333333333,0.013977997978265634,-0.2807906222222222,-0.22601851111111115,1.2828886879755987e-73,True,6.414443439877994e-73
Llama-3.2-3B,rf2_ex20,cf_next_head,cf_next_head,d_all,0.135351300239563,0.13577152788639069,False,-1.3655600641293237,0.08095182562473939,-1.5224301068709165,-1.205361054188341,7.633278660553553e-64,True,3.8166393302767767e-63
Llama-3.2-3B,rf2_ex20,cf_next_head,cf_next_head,auc_hf,0.135351300239563,0.13577152788639069,False,-0.27275032679738564,0.01960881895088042,-0.30952562091503266,-0.2348797385620916,5.540813793610949e-44,True,3.324488276166569e-43
Llama-3.2-3B,rf2_ex20,cf_next_head,cf_next_head,auc_lf,0.135351300239563,0.13577152788639069,False,-0.21734946236559138,0.019358801660570895,-0.2546336693548387,-0.18032883064516134,2.9907303697399386e-29,True,1.1962921478959754e-28
Llama-3.2-3B,rf2_ex20,cf_next_head,cf_next_head,auc_lf_hard,0.135351300239563,0.13577152788639069,False,-0.1392137096774193,0.0194268661654471,-0.17994380775274152,-0.10157462433455085,7.719794595579691e-13,True,3.0879178382318763e-12
Llama-3.2-3B,rf2_ex20,cf_next_head,cf_next_head,sel_auc,0.135351300239563,0.13577152788639069,False,-0.05540086443179426,0.02331978393038067,-0.10045148402909548,-0.00801418537845248,0.01751558778371502,True,0.07006235113486008
Llama-3.2-3B,rf2_ex20,cf_next_head,cf_next_head,sel_d,0.135351300239563,0.13577152788639069,False,-0.239939042339546,0.13002897181611828,-0.49100100304942107,0.022300986393402094,0.06499773380160435,False,0.32498866900802176
Llama-3.2-3B,rf2_ex20,cf_prev_head,cf_prev_head,auc_all,0.11746111512184143,0.11782580614089966,False,-0.3671013333333333,0.016240971838252627,-0.39856668888888885,-0.3347653111111111,4.0117213000034753e-113,True,2.8082049100024325e-112
Llama-3.2-3B,rf2_ex20,cf_prev_head,cf_prev_head,d_all,0.11746111512184143,0.11782580614089966,False,-1.706777786297381,0.08700996212218212,-1.8800480435399292,-1.533857122266886,1.131407723242431e-85,True,7.919854062697017e-85
Llama-3.2-3B,rf2_ex20,cf_prev_head,cf_prev_head,auc_hf,0.11746111512184143,0.11782580614089966,False,-0.3886196078431373,0.023577112043772483,-0.43517078431372547,-0.34352653594771243,4.867751173165938e-61,True,3.4074258212161565e-60
Llama-3.2-3B,rf2_ex20,cf_prev_head,cf_prev_head,auc_lf,0.11746111512184143,0.11782580614089966,False,-0.3382553763440861,0.021607364382855827,-0.3808090725806451,-0.2970013440860215,3.0888619657353505e-55,True,2.1622033760147453e-54
Llama-3.2-3B,rf2_ex20,cf_prev_head,cf_prev_head,auc_lf_hard,0.11746111512184143,0.11782580614089966,False,-0.38452060931899645,0.027522366765766124,-0.43880247920465715,-0.33210918935275946,2.3364210122597105e-44,True,2.1027789110337393e-43
Llama-3.2-3B,rf2_ex20,cf_prev_head,cf_prev_head,sel_auc,0.11746111512184143,0.11782580614089966,False,-0.050364231499051226,0.02723278631866734,-0.10303689674256798,0.0024992952772506997,0.0644005179636756,False,0.1932015538910268
Llama-3.2-3B,rf2_ex20,cf_prev_head,cf_prev_head,sel_d,0.11746111512184143,0.11782580614089966,False,-0.14555721664346621,0.13760297103446642,-0.4089110662032413,0.1257626485901757,0.29014400199071455,False,0.8704320059721437
Llama-3.2-3B,rf2_ex20,cka_high@k4,cka_high,auc_all,0.8120303750038147,0.8145515322685242,True,-0.40286488888888883,0.01456680653175399,-0.4318080222222222,-0.3741115555555556,2.3399713091275674e-168,True,2.105974178214811e-167
Llama-3.2-3B,rf2_ex20,cka_high@k4,cka_high,d_all,0.8120303750038147,0.8145515322685242,True,-1.8358292956607212,0.07806591802476134,-1.9969996639192797,-1.6766886213650745,2.772016721588127e-122,True,2.4948150494293145e-121
Llama-3.2-3B,rf2_ex20,cka_high@k4,cka_high,auc_hf,0.8120303750038147,0.8145515322685242,True,-0.4796339869281046,0.02124213310457401,-0.5208524183006535,-0.43874026143790845,6.91267408890701e-113,True,6.221406680016308e-112
Llama-3.2-3B,rf2_ex20,cka_high@k4,cka_high,auc_lf,0.8120303750038147,0.8145515322685242,True,-0.3475349462365591,0.020792158574300813,-0.3899059139784946,-0.307760685483871,1.0241321517993652e-62,True,9.217189366194287e-62
Llama-3.2-3B,rf2_ex20,cka_high@k4,cka_high,auc_lf_hard,0.8120303750038147,0.8145515322685242,True,-0.26878360215053765,0.023464459195501174,-0.3154324397281363,-0.22168120179275,2.2215744397040973e-30,True,1.5551021077928682e-29
Llama-3.2-3B,rf2_ex20,cka_high@k4,cka_high,sel_auc,0.8120303750038147,0.8145515322685242,True,-0.1320990406915455,0.025937886045078146,-0.18278602176892267,-0.0814834076533841,3.5262908572398094e-07,True,2.8210326857918475e-06
Llama-3.2-3B,rf2_ex20,cka_high@k4,cka_high,sel_d,0.8120303750038147,0.8145515322685242,True,-0.42711430638038617,0.12803944405007628,-0.7057070331374662,-0.1877125212314465,0.0008505354329081702,True,0.005103212597449021
Llama-3.2-3B,rf2_ex20,cka_low@k4,cka_low,auc_all,0.9183042049407959,0.9211553335189819,True,0.0018693333333333895,0.002080087118308485,-0.002201200000000028,0.0059594888888889145,0.3688229685718645,False,0.3688229685718645
Llama-3.2-3B,rf2_ex20,cka_low@k4,cka_low,d_all,0.9183042049407959,0.9211553335189819,True,-0.009365615736411259,0.01840735388730384,-0.044352417458530004,0.027219732106960364,0.6108941682484681,False,0.6108941682484681
Llama-3.2-3B,rf2_ex20,cka_low@k4,cka_low,auc_hf,0.9183042049407959,0.9211553335189819,True,0.01531503267973855,0.002810998118678426,0.010060784313725448,0.02107450980392156,5.086658730097978e-08,True,1.0173317460195957e-07
Llama-3.2-3B,rf2_ex20,cka_low@k4,cka_low,auc_lf,0.9183042049407959,0.9211553335189819,True,-0.014051075268817215,0.0032664874312952757,-0.020775336021505338,-0.007731182795698952,1.6958024487515683e-05,True,2.972345410681102e-05
Llama-3.2-3B,rf2_ex20,cka_low@k4,cka_low,auc_lf_hard,0.9183042049407959,0.9211553335189819,True,-0.01022625448028669,0.0024424212815775267,-0.015311083135127159,-0.0057414799431529774,2.8274913604495856e-05,True,5.654982720899171e-05
Llama-3.2-3B,rf2_ex20,cka_low@k4,cka_low,sel_auc,0.9183042049407959,0.9211553335189819,True,0.029366107948555764,0.0038633441471819783,0.021877944602572218,0.03707950295171841,2.933641472049135e-14,True,3.2270056192540487e-13
Llama-3.2-3B,rf2_ex20,cka_low@k4,cka_low,sel_d,0.9183042049407959,0.9211553335189819,True,0.27235521921103345,0.024989320535962704,0.2245664378595911,0.321598333871034,1.1670453430565254e-27,True,1.2837498773621779e-26
Llama-3.2-3B,rf2_ex20,fidelity_high@k4,fidelity_high,auc_all,0.5424920916557312,0.5441763997077942,True,-0.38181866666666664,0.014336028866798193,-0.4098907777777778,-0.3528141555555555,2.779217858728836e-156,True,2.2233742869830687e-155
Llama-3.2-3B,rf2_ex20,fidelity_high@k4,fidelity_high,d_all,0.5424920916557312,0.5441763997077942,True,-1.7661442828405773,0.07885292587561873,-1.9190615408794423,-1.6079733726295713,4.120635628171624e-111,True,3.296508502537299e-110
Llama-3.2-3B,rf2_ex20,fidelity_high@k4,fidelity_high,auc_hf,0.5424920916557312,0.5441763997077942,True,-0.42446797385620916,0.02070149761698234,-0.4656288888888889,-0.38339222222222225,1.9742628326315234e-93,True,1.5794102661052187e-92
Llama-3.2-3B,rf2_ex20,fidelity_high@k4,fidelity_high,auc_lf,0.5424920916557312,0.5441763997077942,True,-0.3451532258064516,0.020810451843561884,-0.38459583333333336,-0.30372513440860216,8.86194630748847e-62,True,7.089557045990776e-61
Llama-3.2-3B,rf2_ex20,fidelity_high@k4,fidelity_high,auc_lf_hard,0.5424920916557312,0.5441763997077942,True,-0.31960125448028676,0.025659377338955285,-0.3697153891592079,-0.267322520422396,1.30474742840724e-35,True,1.043797942725792e-34
Llama-3.2-3B,rf2_ex20,fidelity_high@k4,fidelity_high,sel_auc,0.5424920916557312,0.5441763997077942,True,-0.07931474804975758,0.02576515382916032,-0.12883203668564208,-0.031210059034366456,0.0020813438095460433,True,0.010406719047730217
Llama-3.2-3B,rf2_ex20,fidelity_high@k4,fidelity_high,sel_d,0.5424920916557312,0.5441763997077942,True,-0.22009284169658394,0.12707889416484405,-0.4728130128357137,0.026783766006476396,0.08328449564946169,False,0.33313798259784677
Llama-3.2-3B,rf2_ex20,full,full,auc_all,0.004149005748331547,0.004161887336522341,False,-0.5630204444444444,0.015562636228339312,-0.5942210888888889,-0.5329023777777778,1.3650786690876072e-286,True,1.5015865359963679e-285
Llama-3.2-3B,rf2_ex20,full,full,d_all,0.004149005748331547,0.004161887336522341,False,-2.4115516581306555,0.08999428519715937,-2.5974866867144515,-2.2475660178377623,3.5285457383102885e-158,True,3.8814003121413174e-157
Llama-3.2-3B,rf2_ex20,full,full,auc_hf,0.004149005748331547,0.004161887336522341,False,-0.6331921568627451,0.022180405387846814,-0.6762178431372549,-0.5894364052287582,3.028572851247147e-179,True,3.331430136371862e-178
Llama-3.2-3B,rf2_ex20,full,full,auc_lf,0.004149005748331547,0.004161887336522341,False,-0.4654274193548387,0.02410605278536821,-0.5132308467741935,-0.4179,4.6459285887133726e-83,True,5.1105214475847096e-82
Llama-3.2-3B,rf2_ex20,full,full,auc_lf_hard,0.004149005748331547,0.004161887336522341,False,-0.4570228494623656,0.027970029751606753,-0.5110718221745263,-0.4030454900598496,5.14768858943033e-60,True,5.662457448373363e-59
Llama-3.2-3B,rf2_ex20,full,full,sel_auc,0.004149005748331547,0.004161887336522341,False,-0.16776473750790638,0.029568840787083727,-0.22443093927893745,-0.11222150484925149,1.3974562143492507e-08,True,1.2577105929143256e-07
Llama-3.2-3B,rf2_ex20,full,full,sel_d,0.004149005748331547,0.004161887336522341,False,-0.5582791744803153,0.15282044098465297,-0.851348299037083,-0.2634688469339424,0.0002590217979142148,True,0.0018131525853995036
Llama-3.2-3B,rf2_ex20,kvdist_high@k4,kvdist_high,auc_all,0.9108966588973999,0.9137247800827026,True,-0.2765804444444444,0.013702825028566486,-0.3027320444444444,-0.2496746666666667,1.348151507232549e-90,True,8.088909043395294e-90
Llama-3.2-3B,rf2_ex20,kvdist_high@k4,kvdist_high,d_all,0.9108966588973999,0.9137247800827026,True,-1.4024496507285797,0.07809168106592194,-1.5609956045620523,-1.248327745626935,4.0798540442616576e-72,True,2.4479124265569948e-71
Llama-3.2-3B,rf2_ex20,kvdist_high@k4,kvdist_high,auc_hf,0.9108966588973999,0.9137247800827026,True,-0.26850196078431376,0.022017470920367866,-0.3107404575163399,-0.22414915032679736,3.307062337410554e-34,True,1.653531168705277e-33
Llama-3.2-3B,rf2_ex20,kvdist_high@k4,kvdist_high,auc_lf,0.9108966588973999,0.9137247800827026,True,-0.26473118279569896,0.0200464394580072,-0.30583400537634414,-0.22578393817204298,8.112922189592978e-40,True,4.056461094796489e-39
Llama-3.2-3B,rf2_ex20,kvdist_high@k4,kvdist_high,auc_lf_hard,0.9108966588973999,0.9137247800827026,True,-0.19426523297491038,0.020811120556732284,-0.23710040673372326,-0.15487034986028583,1.0129300104483436e-20,True,6.077580062690061e-20
Llama-3.2-3B,rf2_ex20,kvdist_high@k4,kvdist_high,sel_auc,0.9108966588973999,0.9137247800827026,True,-0.003770777988614804,0.027099125088355804,-0.05622171278726545,0.04904191729917775,0.8893335213944275,False,0.8893335213944275
Llama-3.2-3B,rf2_ex20,kvdist_high@k4,kvdist_high,sel_d,0.9108966588973999,0.9137247800827026,True,0.01545721764521324,0.13707579644834755,-0.25103648940297,0.29123904057335803,0.9102176454280503,False,0.9102176454280503
Llama-3.2-3B,rf2_ex20,kvdist_low@k4,kvdist_low,auc_all,0.8306550979614258,0.8332340717315674,True,-0.13029866666666667,0.010061007007929402,-0.1497679333333333,-0.11101706666666672,2.3234454869829896e-38,True,6.970336460948969e-38
Llama-3.2-3B,rf2_ex20,kvdist_low@k4,kvdist_low,d_all,0.8306550979614258,0.8332340717315674,True,-0.7724298639014713,0.06542755980610805,-0.9017457626608197,-0.6478694124973615,3.639667886690369e-32,True,1.0919003660071107e-31
Llama-3.2-3B,rf2_ex20,kvdist_low@k4,kvdist_low,auc_hf,0.8306550979614258,0.8332340717315674,True,-0.12036862745098043,0.014366457286852083,-0.14810450980392165,-0.09175294117647062,5.362978271542282e-17,True,1.6088934814626846e-16
Llama-3.2-3B,rf2_ex20,kvdist_low@k4,kvdist_low,auc_lf,0.8306550979614258,0.8332340717315674,True,-0.1377016129032258,0.015153341207490885,-0.1681415322580646,-0.10831922043010749,1.0161181671067741e-19,True,3.048354501320322e-19
Llama-3.2-3B,rf2_ex20,kvdist_low@k4,kvdist_low,auc_lf_hard,0.8306550979614258,0.8332340717315674,True,-0.07512320788530469,0.013462687828123978,-0.10177834675137376,-0.05024583070523225,2.4037382182632617e-08,True,7.211214654789785e-08
Llama-3.2-3B,rf2_ex20,kvdist_low@k4,kvdist_low,sel_auc,0.8306550979614258,0.8332340717315674,True,0.017332985452245375,0.01871644764643411,-0.01877055239300018,0.05422334861901749,0.35440280720413386,False,0.7088056144082677
Llama-3.2-3B,rf2_ex20,kvdist_low@k4,kvdist_low,sel_d,0.8306550979614258,0.8332340717315674,True,0.10951008334462387,0.10624033099058827,-0.09961523572168554,0.3196682383820468,0.30264543421128554,False,0.8704320059721437
Llama-3.2-3B,rf2_ex20,kvsharer_dissimilar@k4,kvsharer_dissimilar,auc_all,0.900299072265625,0.9030942916870117,True,-0.02377511111111108,0.005491052818198854,-0.03481517777777781,-0.013610422222222217,1.4925092004649733e-05,True,2.9850184009299467e-05
Llama-3.2-3B,rf2_ex20,kvsharer_dissimilar@k4,kvsharer_dissimilar,d_all,0.900299072265625,0.9030942916870117,True,-0.17985510565663532,0.04627703575132817,-0.2737894486065565,-0.0910825517497458,0.00010170529985871849,True,0.00020341059971743699
Llama-3.2-3B,rf2_ex20,kvsharer_dissimilar@k4,kvsharer_dissimilar,auc_hf,0.900299072265625,0.9030942916870117,True,0.0020758169934640414,0.007308582869241742,-0.011765555555555487,0.016016143790849643,0.7763915634246062,False,0.7763915634246062
Llama-3.2-3B,rf2_ex20,kvsharer_dissimilar@k4,kvsharer_dissimilar,auc_lf,0.900299072265625,0.9030942916870117,True,-0.036212365591397844,0.008361727361936366,-0.05286706989247311,-0.01991196236559137,1.486172705340551e-05,True,2.972345410681102e-05
Llama-3.2-3B,rf2_ex20,kvsharer_dissimilar@k4,kvsharer_dissimilar,auc_lf_hard,0.900299072265625,0.9030942916870117,True,-0.02396953405017921,0.0067738613061341215,-0.03792188596023904,-0.010928283783642497,0.0004023564724252361,True,0.0004023564724252361
Llama-3.2-3B,rf2_ex20,kvsharer_dissimilar@k4,kvsharer_dissimilar,sel_auc,0.900299072265625,0.9030942916870117,True,0.038288182584861885,0.010120654851933863,0.019153487507906405,0.05884500342610178,0.00015484205473514966,True,0.000929052328410898
Llama-3.2-3B,rf2_ex20,kvsharer_dissimilar@k4,kvsharer_dissimilar,sel_d,0.900299072265625,0.9030942916870117,True,0.3137275458739752,0.06174935888711951,0.19426996576645936,0.4340772302916252,3.761242401271597e-07,True,3.761242401271597e-06
Llama-3.2-3B,rf2_ex20,kvsharer_similar@k4,kvsharer_similar,auc_all,0.9374901652336121,0.9404008388519287,True,-0.16635555555555548,0.01050337823075365,-0.1865029777777778,-0.14629753333333337,1.6936282231627558e-56,True,6.774512892651023e-56
Llama-3.2-3B,rf2_ex20,kvsharer_similar@k4,kvsharer_similar,d_all,0.9374901652336121,0.9404008388519287,True,-0.9423862574111037,0.06198732358560709,-1.0623693930205176,-0.8194936904164317,3.383752650761745e-52,True,1.353501060304698e-51
Llama-3.2-3B,rf2_ex20,kvsharer_similar@k4,kvsharer_similar,auc_hf,0.9374901652336121,0.9404008388519287,True,-0.12387189542483656,0.013524805588798849,-0.15051901960784314,-0.09783111111111116,5.244503984312739e-20,True,2.0978015937250956e-19
Llama-3.2-3B,rf2_ex20,kvsharer_similar@k4,kvsharer_similar,auc_lf,0.9374901652336121,0.9404008388519287,True,-0.20363978494623658,0.015018103397257326,-0.23386532258064516,-0.17419858870967744,6.94945599091282e-42,True,4.1696735945476917e-41
Llama-3.2-3B,rf2_ex20,kvsharer_similar@k4,kvsharer_similar,auc_lf_hard,0.9374901652336121,0.9404008388519287,True,-0.1342517921146953,0.017543798580999047,-0.16894315816857444,-0.10059550406318028,1.9729505277426302e-14,True,9.864752638713151e-14
Llama-3.2-3B,rf2_ex20,kvsharer_similar@k4,kvsharer_similar,sel_auc,0.9374901652336121,0.9404008388519287,True,0.07976788952140001,0.016772589587969428,0.04666752477335025,0.11362201112165306,1.976149528750265e-06,True,1.3833046701251855e-05
Llama-3.2-3B,rf2_ex20,kvsharer_similar@k4,kvsharer_similar,sel_d,0.9374901652336121,0.9404008388519287,True,0.3415447874405735,0.09119194449501052,0.1597998709700095,0.5203477298206796,0.00018015002430369804,True,0.0014412001944295843
Llama-3.2-3B,rf2_ex20,live_prev_head,live_prev_head,auc_all,0.012810206040740013,0.012849979102611542,False,-0.5372497777777777,0.015660391045156256,-0.5680176,-0.5070067777777777,6.325087490465111e-258,True,6.325087490465111e-257
Llama-3.2-3B,rf2_ex20,live_prev_head,live_prev_head,d_all,0.012810206040740013,0.012849979102611542,False,-2.316737747349992,0.08849842222353785,-2.4981185847610337,-2.153453779760598,4.695597478778266e-151,True,4.6955974787782656e-150
Llama-3.2-3B,rf2_ex20,live_prev_head,live_prev_head,auc_hf,0.012810206040740013,0.012849979102611542,False,-0.6239947712418301,0.02264106170982971,-0.6674562091503269,-0.5783163398692811,3.3293421348084505e-167,True,3.3293421348084506e-166
Llama-3.2-3B,rf2_ex20,live_prev_head,live_prev_head,auc_lf,0.012810206040740013,0.012849979102611542,False,-0.42341935483870974,0.024294059215806543,-0.4706422043010753,-0.3754728494623656,4.977220412612369e-68,True,4.9772204126123685e-67
Llama-3.2-3B,rf2_ex20,live_prev_head,live_prev_head,auc_lf_hard,0.012810206040740013,0.012849979102611542,False,-0.3901097670250896,0.027283100320700356,-0.4442187628583809,-0.3370667949163841,2.2329934711665096e-46,True,2.2329934711665096e-45
Llama-3.2-3B,rf2_ex20,live_prev_head,live_prev_head,sel_auc,0.012810206040740013,0.012849979102611542,False,-0.20057541640312038,0.03031001793732033,-0.2595561379928315,-0.14237050495466996,3.6541611100524206e-11,True,3.6541611100524205e-10
Llama-3.2-3B,rf2_ex20,live_prev_head,live_prev_head,sel_d,0.012810206040740013,0.012849979102611542,False,-0.6366811488353794,0.1510564243633767,-0.9338148224360735,-0.3516679800851027,2.499370811430499e-05,True,0.00022494337302874493
Llama-3.2-3B,rf4_ex20,full,full,auc_all,0.008881434798240662,0.008909009397029877,False,-0.419624,0.015990986030711214,-0.45180875555555555,-0.3877640444444444,8.987894133937213e-152,True,8.987894133937213e-152
Llama-3.2-3B,rf4_ex20,full,full,d_all,0.008881434798240662,0.008909009397029877,False,-1.9612485787257072,0.09011102800011025,-2.142225213399645,-1.7934374733434053,5.002668161868449e-105,True,5.002668161868449e-105
Llama-3.2-3B,rf4_ex20,full,full,auc_hf,0.008881434798240662,0.008909009397029877,False,-0.3030562091503268,0.022579484090798525,-0.3474951633986928,-0.25801549019607845,4.50932370323725e-41,True,4.50932370323725e-41
Llama-3.2-3B,rf4_ex20,full,full,auc_lf,0.008881434798240662,0.008909009397029877,False,-0.5000994623655914,0.024607264501962697,-0.5485873655913979,-0.45296135752688177,8.010266243353433e-92,True,8.010266243353433e-92
Llama-3.2-3B,rf4_ex20,full,full,auc_lf_hard,0.008881434798240662,0.008909009397029877,False,-0.514616935483871,0.028868985543071688,-0.5701308933190329,-0.46038131470845134,4.445192409056048e-71,True,4.445192409056048e-71
Llama-3.2-3B,rf4_ex20,full,full,sel_auc,0.008881434798240662,0.008909009397029877,False,0.1970432532152646,0.029288959214780322,0.14239679843980604,0.2579991034155597,1.7253077861192445e-11,True,1.7253077861192445e-11
Llama-3.2-3B,rf4_ex20,full,full,sel_d,0.008881434798240662,0.008909009397029877,False,0.7525968828426519,0.1513249571992629,0.46307921491123316,1.045912865260166,6.579468431982296e-07,True,6.579468431982296e-07
SmolLM3-3B-Base,control,no_reuse,no_reuse,abs_auc_all,0.9955045580863953,1.0,True,0.9824035555555556,0.002497389847281252,0.9772828888888889,0.9870899777777777,0.0,True,
SmolLM3-3B-Base,rf2_ex00,full,full,auc_all,0.0045289574190974236,0.004549408797174692,False,-0.5359795555555555,0.014134387397021896,-0.5639951555555556,-0.5095108,0.0,True,0.0
SmolLM3-3B-Base,rf2_ex00,full,full,d_all,0.0045289574190974236,0.004549408797174692,False,-3.3339873096408503,0.09614292456666168,-3.5327101639724092,-3.150919039521346,1.7261567701774226e-263,True,1.7261567701774226e-263
SmolLM3-3B-Base,rf2_ex00,full,full,auc_hf,0.0045289574190974236,0.004549408797174692,False,-0.484559477124183,0.019663957099842568,-0.5240550326797385,-0.4481790849673203,4.482260887163022e-134,True,4.482260887163022e-134
SmolLM3-3B-Base,rf2_ex00,full,full,auc_lf,0.0045289574190974236,0.004549408797174692,False,-0.5216962365591398,0.021191216799385217,-0.5631034946236558,-0.4796958333333334,8.003582806203191e-134,True,8.003582806203191e-134
SmolLM3-3B-Base,rf2_ex00,full,full,auc_lf_hard,0.0045289574190974236,0.004549408797174692,False,-0.4414202508960574,0.02724243978964926,-0.49687970986025465,-0.3882625315258513,4.771153801285904e-59,True,4.771153801285904e-59
SmolLM3-3B-Base,rf2_ex00,full,full,sel_auc,0.0045289574190974236,0.004549408797174692,False,0.037136759434956756,0.0253076983905784,-0.013314049125026312,0.08684148376554923,0.14226466601916926,False,0.14226466601916926
SmolLM3-3B-Base,rf2_ex00,full,full,sel_d,0.0045289574190974236,0.004549408797174692,False,-0.38881175443230065,0.1501386644866458,-0.6957425479583093,-0.1123314716898108,0.00960639628256381,True,0.00960639628256381
SmolLM3-3B-Base,rf2_ex20,cf_next_head,cf_next_head,auc_all,0.012959560379385948,0.013018082827329636,False,-0.6126222222222222,0.014854683762024775,-0.6431212444444444,-0.5840455777777778,0.0,True,0.0
SmolLM3-3B-Base,rf2_ex20,cf_next_head,cf_next_head,d_all,0.012959560379385948,0.013018082827329636,False,-3.56732825554176,0.0987983410830017,-3.7686571475730832,-3.375135884944636,1.750547865922164e-285,True,1.9256026525143804e-284
SmolLM3-3B-Base,rf2_ex20,cf_next_head,cf_next_head,auc_hf,0.012959560379385948,0.013018082827329636,False,-0.6134039215686274,0.020461579271508008,-0.6541018300653594,-0.5735091503267974,1.8810538435561575e-197,True,2.0691592279117731e-196
SmolLM3-3B-Base,rf2_ex20,cf_next_head,cf_next_head,auc_lf,0.012959560379385948,0.013018082827329636,False,-0.6129623655913978,0.022405772924652394,-0.6552374999999999,-0.5687915322580644,8.832029283609232e-165,True,9.715232211970156e-164
SmolLM3-3B-Base,rf2_ex20,cf_next_head,cf_next_head,auc_lf_hard,0.012959560379385948,0.013018082827329636,False,-0.6019825268817205,0.027436121104714287,-0.6548720075896456,-0.5486155388944894,1.0499897373819075e-106,True,1.0499897373819076e-105
SmolLM3-3B-Base,rf2_ex20,cf_next_head,cf_next_head,sel_auc,0.012959560379385948,0.013018082827329636,False,-0.00044155597722961293,0.026629504477404944,-0.053503443232131506,0.051932379822896745,0.9867705178817928,False,1.0
SmolLM3-3B-Base,rf2_ex20,cf_next_head,cf_next_head,sel_d,0.012959560379385948,0.013018082827329636,False,-0.42155722355719405,0.15822419410957572,-0.7587363864145074,-0.1124150812069702,0.007714799715218249,True,0.0368457647731949
SmolLM3-3B-Base,rf2_ex20,cf_prev_head,cf_prev_head,auc_all,0.04352060332894325,0.04371713101863861,False,-0.5030942222222223,0.014936300557688291,-0.5325738444444444,-0.4739790444444445,1.0375970578707477e-248,True,1.0375970578707477e-247
SmolLM3-3B-Base,rf2_ex20,cf_prev_head,cf_prev_head,d_all,0.04352060332894325,0.04371713101863861,False,-3.1770369740512976,0.0962219960564274,-3.3719127939264673,-2.987584290695993,4.513582762402515e-239,True,4.513582762402515e-238
SmolLM3-3B-Base,rf2_ex20,cf_prev_head,cf_prev_head,auc_hf,0.04352060332894325,0.04371713101863861,False,-0.5007477124183006,0.02085759682499995,-0.5408028104575162,-0.4590377777777778,2.298062323646797e-127,True,2.298062323646797e-126
SmolLM3-3B-Base,rf2_ex20,cf_prev_head,cf_prev_head,auc_lf,0.04352060332894325,0.04371713101863861,False,-0.49881182795698925,0.021080853113141954,-0.5418108198924732,-0.4573918682795699,8.914872627203504e-124,True,8.914872627203503e-123
SmolLM3-3B-Base,rf2_ex20,cf_prev_head,cf_prev_head,auc_lf_hard,0.04352060332894325,0.04371713101863861,False,-0.6160954301075269,0.027636207590997594,-0.6719769356881155,-0.5618274091894823,4.315417381008808e-110,True,4.746959119109689e-109
SmolLM3-3B-Base,rf2_ex20,cf_prev_head,cf_prev_head,sel_auc,0.04352060332894325,0.04371713101863861,False,-0.0019358844613113768,0.02449068521569895,-0.047905774035420644,0.04635373998524132,0.9369962375261934,False,1.0
SmolLM3-3B-Base,rf2_ex20,cf_prev_head,cf_prev_head,sel_d,0.04352060332894325,0.04371713101863861,False,-0.4003683374100562,0.14940874682490823,-0.7103726609403913,-0.11300871630875142,0.00736915295463898,True,0.0368457647731949
SmolLM3-3B-Base,rf2_ex20,cka_high@k5,cka_high,auc_all,0.6836774349212646,0.6867647171020508,True,-0.3992124444444445,0.014343210945154948,-0.4281594888888889,-0.3714891777777778,1.7374006653411326e-170,True,1.5636605988070193e-169
SmolLM3-3B-Base,rf2_ex20,cka_high@k5,cka_high,d_all,0.6836774349212646,0.6867647171020508,True,-2.819909259857563,0.09425715502080735,-3.015201980774273,-2.644188018246565,1.1760915204218808e-196,True,9.408732163375047e-196
SmolLM3-3B-Base,rf2_ex20,cka_high@k5,cka_high,auc_hf,0.6836774349212646,0.6867647171020508,True,-0.37950588235294114,0.020555935971381258,-0.4206149019607843,-0.3399209150326797,4.1676470419546023e-76,True,3.7508823377591423e-75
SmolLM3-3B-Base,rf2_ex20,cka_high@k5,cka_high,auc_lf,0.6836774349212646,0.6867647171020508,True,-0.37547580645161294,0.021430276458187795,-0.41918877688172035,-0.3341956989247313,9.93997180518576e-69,True,5.963983083111456e-68
SmolLM3-3B-Base,rf2_ex20,cka_high@k5,cka_high,auc_lf_hard,0.6836774349212646,0.6867647171020508,True,-0.4267697132616487,0.026787427707282183,-0.47891885759587177,-0.37417769611690105,3.817304298352404e-57,True,2.672113008846683e-56
SmolLM3-3B-Base,rf2_ex20,cka_high@k5,cka_high,sel_auc,0.6836774349212646,0.6867647171020508,True,-0.004030075901328201,0.026651037801122063,-0.05453086153278517,0.049371376502213626,0.8798049572312514,False,1.0
SmolLM3-3B-Base,rf2_ex20,cka_high@k5,cka_high,sel_d,0.6836774349212646,0.6867647171020508,True,-0.42239543032972815,0.1490990437808555,-0.7219885800214315,-0.15363696839723381,0.004611547658285902,True,0.027669285949715412
SmolLM3-3B-Base,rf2_ex20,cka_low@k5,cka_low,auc_all,0.9839151501655579,0.9883582592010498,True,-0.05020711111111109,0.004764272283530024,-0.060001933333333264,-0.04124922222222222,5.755759084431947e-26,True,1.1511518168863893e-25
SmolLM3-3B-Base,rf2_ex20,cka_low@k5,cka_low,d_all,0.9839151501655579,0.9883582592010498,True,-0.9065972356173755,0.06091400582951499,-1.0269361123623386,-0.7881416222493758,4.2353975235385986e-50,True,8.470795047077197e-50
SmolLM3-3B-Base,rf2_ex20,cka_low@k5,cka_low,auc_hf,0.9839151501655579,0.9883582592010498,True,-0.05126013071895419,0.006776514262378643,-0.06556477124183008,-0.039047908496732064,3.897181359325933e-14,True,7.794362718651865e-14
SmolLM3-3B-Base,rf2_ex20,cka_low@k5,cka_low,auc_lf,0.9839151501655579,0.9883582592010498,True,-0.04174731182795699,0.006911099669755066,-0.056808467741935466,-0.02959569892473114,1.5352522961092602e-09,True,3.0705045922185204e-09
SmolLM3-3B-Base,rf2_ex20,cka_low@k5,cka_low,auc_lf_hard,0.9839151501655579,0.9883582592010498,True,-0.013205645161290303,0.004591134733105267,-0.023180942590226832,-0.005320504999038267,0.004023214642227748,True,0.004023214642227748
SmolLM3-3B-Base,rf2_ex20,cka_low@k5,cka_low,sel_auc,0.9839151501655579,0.9883582592010498,True,-0.009512818890997199,0.00905913483711253,-0.026436588920514398,0.009301553868859395,0.29368120216331706,False,1.0
SmolLM3-3B-Base,rf2_ex20,cka_low@k5,cka_low,sel_d,0.9839151501655579,0.9883582592010498,True,-0.5320874892241076,0.0879361118548929,-0.7046184524794682,-0.3619193058806293,1.4409101880516298e-09,True,1.4409101880516298e-08
SmolLM3-3B-Base,rf2_ex20,fidelity_high@k5,fidelity_high,auc_all,0.9118180274963379,0.9159355759620667,True,-0.37743377777777776,0.013960640851491821,-0.4035624888888889,-0.35027591111111106,5.6467103248736414e-161,True,4.517368259898913e-160
SmolLM3-3B-Base,rf2_ex20,fidelity_high@k5,fidelity_high,d_all,0.9118180274963379,0.9159355759620667,True,-2.736830675772862,0.08893258752108706,-2.9114121313965633,-2.571115369914521,5.800744259714513e-208,True,5.220669833743062e-207
SmolLM3-3B-Base,rf2_ex20,fidelity_high@k5,fidelity_high,auc_hf,0.9118180274963379,0.9159355759620667,True,-0.2668209150326797,0.018592553681412497,-0.30421568627450984,-0.23200503267973854,1.0507908171114669e-46,True,5.253954085557335e-46
SmolLM3-3B-Base,rf2_ex20,fidelity_high@k5,fidelity_high,auc_lf,0.9118180274963379,0.9159355759620667,True,-0.46219086021505373,0.02098221996865789,-0.5031046370967742,-0.42193319892473113,1.5617751565012174e-107,True,1.4055976408510957e-106
SmolLM3-3B-Base,rf2_ex20,fidelity_high@k5,fidelity_high,auc_lf_hard,0.9118180274963379,0.9159355759620667,True,-0.35471550179211475,0.02659214790754236,-0.40746835107640134,-0.30106607909862754,1.370921980795093e-40,True,8.225531884770558e-40
SmolLM3-3B-Base,rf2_ex20,fidelity_high@k5,fidelity_high,sel_auc,0.9118180274963379,0.9159355759620667,True,0.19536994518237405,0.024770502109933833,0.14856541034155604,0.24474115275142308,3.0903782920057556e-15,True,3.399416121206331e-14
SmolLM3-3B-Base,rf2_ex20,fidelity_high@k5,fidelity_high,sel_d,0.9118180274963379,0.9159355759620667,True,0.40250513246409225,0.1380708380139416,0.12262363956546402,0.6649993043241019,0.0035545220893089527,True,0.024881654625162668
SmolLM3-3B-Base,rf2_ex20,full,full,auc_all,0.03884594142436981,0.03902135789394379,False,-0.39564,0.014714157113359083,-0.4252856444444445,-0.367245,3.0023576485143247e-159,True,2.1016503539600273e-158
SmolLM3-3B-Base,rf2_ex20,full,full,d_all,0.03884594142436981,0.03902135789394379,False,-2.8060615438071053,0.0955496891668545,-3.0011048097577135,-2.6244819315426215,1.425977515036657e-189,True,9.9818426052566e-189
SmolLM3-3B-Base,rf2_ex20,full,full,auc_hf,0.03884594142436981,0.03902135789394379,False,-0.3397882352941176,0.019171759930271294,-0.3783739215686274,-0.3035413725490196,2.7681046454462218e-70,True,2.2144837163569774e-69
SmolLM3-3B-Base,rf2_ex20,full,full,auc_lf,0.03884594142436981,0.03902135789394379,False,-0.44813709677419356,0.021373452038968208,-0.48816848118279577,-0.4056319220430108,1.3129511449099707e-97,True,1.0503609159279766e-96
SmolLM3-3B-Base,rf2_ex20,full,full,auc_lf_hard,0.03884594142436981,0.03902135789394379,False,-0.5141913082437276,0.027824390498307244,-0.5674812110328001,-0.4583135119566571,2.9986527430911037e-76,True,2.698787468781993e-75
SmolLM3-3B-Base,rf2_ex20,full,full,sel_auc,0.03884594142436981,0.03902135789394379,False,0.10834886148007594,0.02388260360845204,0.060787354258907855,0.15280523429264176,5.713388713959835e-06,True,4.570710971167868e-05
SmolLM3-3B-Base,rf2_ex20,full,full,sel_d,0.03884594142436981,0.03902135789394379,False,-0.0641040335991403,0.1484006295818652,-0.36180962079792806,0.20464093678561718,0.6657660890982355,False,1.0
SmolLM3-3B-Base,rf2_ex20,kvdist_high@k5,kvdist_high,auc_all,0.8885029554367065,0.8925151824951172,True,-0.2652524444444445,0.0126830060902864,-0.289719,-0.24091462222222226,3.992755198710003e-97,True,1.5971020794840011e-96
SmolLM3-3B-Base,rf2_ex20,kvdist_high@k5,kvdist_high,d_all,0.8885029554367065,0.8925151824951172,True,-2.274281757524294,0.08986830323884476,-2.4550996056726366,-2.1019393657788323,2.6866287138102195e-141,True,1.0746514855240878e-140
SmolLM3-3B-Base,rf2_ex20,kvdist_high@k5,kvdist_high,auc_hf,0.8885029554367065,0.8925151824951172,True,-0.17894117647058827,0.015527087310174437,-0.21135496732026135,-0.14933699346405238,9.934195019321253e-31,True,3.9736780077285014e-30
SmolLM3-3B-Base,rf2_ex20,kvdist_high@k5,kvdist_high,auc_lf,0.8885029554367065,0.8925151824951172,True,-0.30993010752688166,0.01877663118348707,-0.34591431451612903,-0.2726895833333333,3.3129660981327756e-61,True,1.3251864392531103e-60
SmolLM3-3B-Base,rf2_ex20,kvdist_high@k5,kvdist_high,auc_lf_hard,0.8885029554367065,0.8925151824951172,True,-0.25501792114695343,0.0242346067189569,-0.3024893662540945,-0.2084592594413847,6.776795377405415e-26,True,2.710718150962166e-25
SmolLM3-3B-Base,rf2_ex20,kvdist_high@k5,kvdist_high,sel_auc,0.8885029554367065,0.8925151824951172,True,0.1309889310562934,0.020697255671433292,0.0927061751528569,0.17308472749314788,2.4706432525245936e-10,True,2.4706432525245936e-09
SmolLM3-3B-Base,rf2_ex20,kvdist_high@k5,kvdist_high,sel_d,0.8885029554367065,0.8925151824951172,True,0.17593963435979765,0.1364850822492529,-0.0891067631936864,0.43985016553336714,0.1973716905441949,False,0.5921150716325847
SmolLM3-3B-Base,rf2_ex20,kvdist_low@k5,kvdist_low,auc_all,0.9588843584060669,0.9632144570350647,True,-0.047839111111111166,0.004747333039908702,-0.0576722444444444,-0.03865935555555556,6.979020043974586e-24,True,6.979020043974586e-24
SmolLM3-3B-Base,rf2_ex20,kvdist_low@k5,kvdist_low,d_all,0.9588843584060669,0.9632144570350647,True,-0.9151349055277924,0.06290469127861892,-1.0388758156203284,-0.7898205832500904,6.01711643250635e-48,True,6.01711643250635e-48
SmolLM3-3B-Base,rf2_ex20,kvdist_low@k5,kvdist_low,auc_hf,0.9588843584060669,0.9632144570350647,True,-0.043181699346405256,0.006054578802506276,-0.05594718954248363,-0.031798366013071934,9.886825111898162e-13,True,9.886825111898162e-13
SmolLM3-3B-Base,rf2_ex20,kvdist_low@k5,kvdist_low,auc_lf,0.9588843584060669,0.9632144570350647,True,-0.0448064516129032,0.006679818999187877,-0.05886586021505383,-0.032755241935483945,1.9766930164012837e-11,True,5.930079049203851e-11
SmolLM3-3B-Base,rf2_ex20,kvdist_low@k5,kvdist_low,auc_lf_hard,0.9588843584060669,0.9632144570350647,True,-0.02307347670250892,0.006028577200623101,-0.03591546701094141,-0.01276292209017174,0.00012953011745131816,True,0.00038859035235395446
SmolLM3-3B-Base,rf2_ex20,kvdist_low@k5,kvdist_low,sel_auc,0.9588843584060669,0.9632144570350647,True,0.001624752266497942,0.007857202355763319,-0.012644653963735967,0.017427000843348073,0.836177703905711,False,1.0
SmolLM3-3B-Base,rf2_ex20,kvdist_low@k5,kvdist_low,sel_d,0.9588843584060669,0.9632144570350647,True,-0.42578056064304937,0.08781985370741882,-0.5993858025843108,-0.2599880844584982,1.2449852147611282e-06,True,1.1204866932850153e-05
SmolLM3-3B-Base,rf2_ex20,kvsharer_dissimilar@k5,kvsharer_dissimilar,auc_all,0.8781490921974182,0.882114589214325,True,-0.3246177777777778,0.01363715665501138,-0.35152680000000003,-0.29697326666666674,3.0417976031682083e-125,True,1.5208988015841042e-124
SmolLM3-3B-Base,rf2_ex20,kvsharer_dissimilar@k5,kvsharer_dissimilar,d_all,0.8781490921974182,0.882114589214325,True,-2.5270291435332846,0.08788289306439952,-2.6979598987611566,-2.3571438354964305,7.955776177751048e-182,True,3.977888088875524e-181
SmolLM3-3B-Base,rf2_ex20,kvsharer_dissimilar@k5,kvsharer_dissimilar,auc_hf,0.8781490921974182,0.882114589214325,True,-0.3104888888888889,0.01785197911972488,-0.3457284967320261,-0.2750914379084968,9.419381572446888e-68,True,6.593567100712821e-67
SmolLM3-3B-Base,rf2_ex20,kvsharer_dissimilar@k5,kvsharer_dissimilar,auc_lf,0.8781490921974182,0.882114589214325,True,-0.3202930107526881,0.019068767979617703,-0.35840732526881725,-0.28254099462365595,2.5785988090078043e-63,True,1.2892994045039022e-62
SmolLM3-3B-Base,rf2_ex20,kvsharer_dissimilar@k5,kvsharer_dissimilar,auc_lf_hard,0.8781490921974182,0.882114589214325,True,-0.32243503584229394,0.025978000755013466,-0.3747879157438767,-0.2740878810804397,2.2538549997726383e-35,True,1.126927499886319e-34
SmolLM3-3B-Base,rf2_ex20,kvsharer_dissimilar@k5,kvsharer_dissimilar,sel_auc,0.8781490921974182,0.882114589214325,True,0.009804121863799198,0.021344036399377236,-0.03120744333755013,0.05093689964157697,0.6459916360645095,False,1.0
SmolLM3-3B-Base,rf2_ex20,kvsharer_dissimilar@k5,kvsharer_dissimilar,sel_d,0.8781490921974182,0.882114589214325,True,-0.3939797383281807,0.1249232946209203,-0.6477483471866491,-0.1551525272886233,0.001611742915124719,True,0.012893943320997752
SmolLM3-3B-Base,rf2_ex20,kvsharer_similar@k5,kvsharer_similar,auc_all,0.9570253491401672,0.9613470435142517,True,-0.0668577777777778,0.006216038220982714,-0.07953602222222224,-0.054929311111111136,5.571569464372494e-27,True,1.6714708393117483e-26
SmolLM3-3B-Base,rf2_ex20,kvsharer_similar@k5,kvsharer_similar,d_all,0.9570253491401672,0.9613470435142517,True,-1.143764496074999,0.07200162390341548,-1.2923465560819214,-1.004644478507114,8.016522715505856e-57,True,2.4049568146517565e-56
SmolLM3-3B-Base,rf2_ex20,kvsharer_similar@k5,kvsharer_similar,auc_hf,0.9570253491401672,0.9613470435142517,True,-0.07751111111111109,0.009737333996784787,-0.09749934640522871,-0.05936960784313719,1.7176355281575669e-15,True,5.1529065844727e-15
SmolLM3-3B-Base,rf2_ex20,kvsharer_similar@k5,kvsharer_similar,auc_lf,0.9570253491401672,0.9613470435142517,True,-0.04858333333333331,0.008461491256429315,-0.06650409946236555,-0.03348192204301069,9.373148949697377e-09,True,9.373148949697377e-09
SmolLM3-3B-Base,rf2_ex20,kvsharer_similar@k5,kvsharer_similar,auc_lf_hard,0.9570253491401672,0.9613470435142517,True,-0.022468637992831497,0.007137204836479804,-0.0376194684481197,-0.009615766078074451,0.0016433519242880883,True,0.0032867038485761765
SmolLM3-3B-Base,rf2_ex20,kvsharer_similar@k5,kvsharer_similar,sel_auc,0.9570253491401672,0.9613470435142517,True,-0.028927777777777774,0.01197727812500401,-0.05247266392578537,-0.004751059456040499,0.015725650053229654,True,0.11007955037260758
SmolLM3-3B-Base,rf2_ex20,kvsharer_similar@k5,kvsharer_similar,sel_d,0.9570253491401672,0.9613470435142517,True,-0.6898137131008351,0.10611636237118842,-0.8953446930870602,-0.48688015753078545,8.003192995734051e-11,True,8.803512295307456e-10
SmolLM3-3B-Base,rf2_ex20,live_prev_head,live_prev_head,auc_all,0.04031863808631897,0.040500707924366,False,-0.37404800000000005,0.01444377981099627,-0.4025085555555556,-0.34657184444444444,7.231831566307439e-148,True,4.339098939784463e-147
SmolLM3-3B-Base,rf2_ex20,live_prev_head,live_prev_head,d_all,0.04031863808631897,0.040500707924366,False,-2.724137583044657,0.09468114008384133,-2.913930528787056,-2.5421183976622643,4.84850330243572e-182,True,2.909101981461432e-181
SmolLM3-3B-Base,rf2_ex20,live_prev_head,live_prev_head,auc_hf,0.04031863808631897,0.040500707924366,False,-0.31628496732026146,0.018597304913771397,-0.35456098039215683,-0.2806402614379086,7.283483013036451e-65,True,4.3700898078218705e-64
SmolLM3-3B-Base,rf2_ex20,live_prev_head,live_prev_head,auc_lf,0.04031863808631897,0.040500707924366,False,-0.4248763440860215,0.021122753443867427,-0.4658261424731183,-0.3839184811827958,5.494886469640448e-90,True,3.8464205287483135e-89
SmolLM3-3B-Base,rf2_ex20,live_prev_head,live_prev_head,auc_lf_hard,0.04031863808631897,0.040500707924366,False,-0.49234991039426523,0.027693295349641166,-0.5452475952874393,-0.43664785691445546,1.0340721978305736e-70,True,8.272577582644589e-70
SmolLM3-3B-Base,rf2_ex20,live_prev_head,live_prev_head,sel_auc,0.04031863808631897,0.040500707924366,False,0.10859137676576003,0.023392143290951024,0.061179113430318365,0.15146144555133878,3.4469260292398364e-06,True,3.102233426315853e-05
SmolLM3-3B-Base,rf2_ex20,live_prev_head,live_prev_head,sel_d,0.04031863808631897,0.040500707924366,False,-0.07695121200435784,0.14742787265634588,-0.3777939635019421,0.1929704953609373,0.601699316639728,False,1.0
SmolLM3-3B-Base,rf4_ex20,full,full,auc_all,0.0003031673259101808,0.0003045363409910351,False,-0.504040888888889,0.01426474183726829,-0.5330768,-0.4765006,1.7202751350615665e-273,True,1.7202751350615665e-273
SmolLM3-3B-Base,rf4_ex20,full,full,d_all,0.0003031673259101808,0.0003045363409910351,False,-3.2036536472785055,0.09310263925821675,-3.3956842360753723,-3.030591714569954,1.7923537297384762e-259,True,1.7923537297384762e-259
SmolLM3-3B-Base,rf4_ex20,full,full,auc_hf,0.0003031673259101808,0.0003045363409910351,False,-0.6186562091503267,0.01954602414550257,-0.6566939869281047,-0.5821281045751635,7.287497747869182e-220,True,7.287497747869182e-220
SmolLM3-3B-Base,rf4_ex20,full,full,auc_lf,0.0003031673259101808,0.0003045363409910351,False,-0.3842150537634409,0.021817975377362256,-0.4281420026881721,-0.3426343413978494,2.063602551408923e-69,True,2.063602551408923e-69
SmolLM3-3B-Base,rf4_ex20,full,full,auc_lf_hard,0.0003031673259101808,0.0003045363409910351,False,-0.2535170250896057,0.024799476872592756,-0.3050800164253991,-0.20705795185644127,1.5694677321389227e-24,True,1.5694677321389227e-24
SmolLM3-3B-Base,rf4_ex20,full,full,sel_auc,0.0003031673259101808,0.0003045363409910351,False,-0.2344411553868858,0.02601373161146931,-0.2851029817625974,-0.18199703062407765,2.0194919901885952e-19,True,2.0194919901885952e-19
SmolLM3-3B-Base,rf4_ex20,full,full,sel_d,0.0003031673259101808,0.0003045363409910351,False,-1.2560813609726424,0.15645369151967958,-1.5699683297839453,-0.9597819997894971,9.87081179030442e-16,True,9.87081179030442e-16
Qwen3-4B-Base,control,no_reuse,no_reuse,abs_auc_all,0.994789183139801,1.0,True,0.9867857777777778,0.002592709400680112,0.9812441777777778,0.9914252444444445,0.0,True,
Qwen3-4B-Base,rf2_ex00,full,full,auc_all,0.00014936874504201114,0.00015015115786809474,False,-0.6241342222222221,0.013898987840278135,-0.6517220444444444,-0.5964934666666667,0.0,True,0.0
Qwen3-4B-Base,rf2_ex00,full,full,d_all,0.00014936874504201114,0.00015015115786809474,False,-3.794065607532174,0.10546205819432625,-4.008404430432387,-3.594158178070407,2.0110280364005363e-283,True,2.0110280364005363e-283
Qwen3-4B-Base,rf2_ex00,full,full,auc_hf,0.00014936874504201114,0.00015015115786809474,False,-0.6890875816993464,0.01797581036925566,-0.7242150980392157,-0.6544415032679739,0.0,True,0.0
Qwen3-4B-Base,rf2_ex00,full,full,auc_lf,0.00014936874504201114,0.00015015115786809474,False,-0.5522258064516129,0.021597971541685256,-0.5944391801075268,-0.5087634408602151,3.427283452475861e-144,True,3.427283452475861e-144
Qwen3-4B-Base,rf2_ex00,full,full,auc_lf_hard,0.00014936874504201114,0.00015015115786809474,False,-0.47633288530465945,0.028077190360449148,-0.5299436841585076,-0.42096138806348965,1.4879706543156967e-64,True,1.4879706543156967e-64
Qwen3-4B-Base,rf2_ex00,full,full,sel_auc,0.00014936874504201114,0.00015015115786809474,False,-0.13686177524773346,0.024563677290040352,-0.1853378072949611,-0.08929312117857897,2.5224582458231108e-08,True,2.5224582458231108e-08
Qwen3-4B-Base,rf2_ex00,full,full,sel_d,0.00014936874504201114,0.00015015115786809474,False,-1.4431177963484783,0.15800889075359753,-1.7604903849981055,-1.1294612608596677,6.653887897655961e-20,True,6.653887897655961e-20
Qwen3-4B-Base,rf2_ex20,cf_next_head,cf_next_head,auc_all,0.18053512275218964,0.1814807802438736,False,-0.46911911111111104,0.015138265222641167,-0.4988279333333333,-0.4389425777777778,7.592345770327649e-211,True,7.592345770327649e-210
Qwen3-4B-Base,rf2_ex20,cf_next_head,cf_next_head,d_all,0.18053512275218964,0.1814807802438736,False,-3.2442920412886282,0.10644567911239469,-3.4593058114835977,-3.0447275736141433,5.040977329916843e-204,True,5.0409773299168433e-203
Qwen3-4B-Base,rf2_ex20,cf_next_head,cf_next_head,auc_hf,0.18053512275218964,0.1814807802438736,False,-0.4660444444444444,0.02145868105226683,-0.5081224836601307,-0.42499156862745097,1.380116808288955e-104,True,1.2421051274600595e-103
Qwen3-4B-Base,rf2_ex20,cf_next_head,cf_next_head,auc_lf,0.18053512275218964,0.1814807802438736,False,-0.4308064516129032,0.021283919972770005,-0.4726097446236559,-0.38724865591397845,4.2698714620085974e-91,True,4.269871462008598e-90
Qwen3-4B-Base,rf2_ex20,cf_next_head,cf_next_head,auc_lf_hard,0.18053512275218964,0.1814807802438736,False,-0.43631272401433685,0.02836834465539679,-0.4916199854662425,-0.3788910355298363,2.2202910972978265e-53,True,2.2202910972978267e-52
Qwen3-4B-Base,rf2_ex20,cf_next_head,cf_next_head,sel_auc,0.18053512275218964,0.1814807802438736,False,-0.035237992831541165,0.026170037953156415,-0.0850923236875395,0.01627433559983126,0.17814086808758334,False,0.6752390427719939
Qwen3-4B-Base,rf2_ex20,cf_next_head,cf_next_head,sel_d,0.18053512275218964,0.1814807802438736,False,-1.0045334751341866,0.15852061553827118,-1.3123487955704498,-0.6849714788630255,2.343938725514187e-10,True,1.8751509804113498e-09
Qwen3-4B-Base,rf2_ex20,cf_prev_head,cf_prev_head,auc_all,0.11723320186138153,0.11784728616476059,False,-0.4268693333333333,0.014326596779333822,-0.4559243333333333,-0.3994371111111111,4.456541349709489e-195,True,4.01088721473854e-194
Qwen3-4B-Base,rf2_ex20,cf_prev_head,cf_prev_head,d_all,0.11723320186138153,0.11784728616476059,False,-3.091792392630119,0.10513354145028253,-3.304266068075384,-2.8874123573954265,4.308827808657796e-190,True,3.8779450277920165e-189
Qwen3-4B-Base,rf2_ex20,cf_prev_head,cf_prev_head,auc_hf,0.11723320186138153,0.11784728616476059,False,-0.4461699346405228,0.020941980386808955,-0.48774640522875823,-0.40424235294117644,1.0191914858651807e-100,True,8.153531886921445e-100
Qwen3-4B-Base,rf2_ex20,cf_prev_head,cf_prev_head,auc_lf,0.11723320186138153,0.11784728616476059,False,-0.4042688172043011,0.021028735375141237,-0.445901814516129,-0.3624006048387098,2.3045300947565153e-82,True,2.0740770852808638e-81
Qwen3-4B-Base,rf2_ex20,cf_prev_head,cf_prev_head,auc_lf_hard,0.11723320186138153,0.11784728616476059,False,-0.42900985663082436,0.027632588561091208,-0.4839510587316332,-0.37601388027295285,2.331659270421398e-54,True,2.564825197463538e-53
Qwen3-4B-Base,rf2_ex20,cf_prev_head,cf_prev_head,sel_auc,0.11723320186138153,0.11784728616476059,False,-0.04190111743622171,0.026246681989343264,-0.09234289637360328,0.009292398798228936,0.1103917438794696,False,0.5975789198121519
Qwen3-4B-Base,rf2_ex20,cf_prev_head,cf_prev_head,sel_d,0.11723320186138153,0.11784728616476059,False,-1.0763421021269655,0.1672471081244073,-1.4094013715937466,-0.7375538297543408,1.2295451111767893e-10,True,1.1065906000591103e-09
Qwen3-4B-Base,rf2_ex20,cka_high@k5,cka_high,auc_all,0.9276877641677856,0.9325470924377441,True,-0.04150577777777775,0.004754792953488394,-0.05102444444444441,-0.03233302222222232,2.563663096956884e-18,True,7.690989290870652e-18
Qwen3-4B-Base,rf2_ex20,cka_high@k5,cka_high,d_all,0.9276877641677856,0.9325470924377441,True,-1.0269370621297482,0.08594717175729809,-1.1951828658308015,-0.8655204175209588,6.613279809154736e-33,True,1.9839839427464208e-32
Qwen3-4B-Base,rf2_ex20,cka_high@k5,cka_high,auc_hf,0.9276877641677856,0.9325470924377441,True,-0.025628758169934596,0.004761431948756076,-0.03500189542483665,-0.01676797385620916,7.342831481954857e-08,True,1.4685662963909714e-07
Qwen3-4B-Base,rf2_ex20,cka_high@k5,cka_high,auc_lf,0.9276877641677856,0.9325470924377441,True,-0.05170967741935484,0.008036873333132431,-0.06760255376344086,-0.03588158602150536,1.242446450039641e-10,True,3.727339350118923e-10
Qwen3-4B-Base,rf2_ex20,cka_high@k5,cka_high,auc_lf_hard,0.9276877641677856,0.9325470924377441,True,-0.027889784946236507,0.008668655550759229,-0.04553165007394946,-0.012012312515146843,0.0012939699712945312,True,0.0025879399425890624
Qwen3-4B-Base,rf2_ex20,cka_high@k5,cka_high,sel_auc,0.9276877641677856,0.9325470924377441,True,0.026080919249420242,0.008288148305933364,0.010079470008433565,0.04261457015601929,0.0016508321112617414,True,0.013206656890093931
Qwen3-4B-Base,rf2_ex20,cka_high@k5,cka_high,sel_d,0.9276877641677856,0.9325470924377441,True,-0.1884255356161979,0.11966838907302607,-0.4174711140458743,0.047576112178925455,0.11535712135361023,False,0.23071424270722046
Qwen3-4B-Base,rf2_ex20,cka_low@k5,cka_low,auc_all,0.9022498726844788,0.9069759845733643,True,-0.09657155555555552,0.00815020782065789,-0.11356762222222214,-0.08128460000000004,2.1785593110190253e-32,True,8.714237244076101e-32
Qwen3-4B-Base,rf2_ex20,cka_low@k5,cka_low,d_all,0.9022498726844788,0.9069759845733643,True,-1.607211473848143,0.0904039283302746,-1.7818579404957242,-1.438279767467281,1.0443173051982295e-70,True,4.177269220792918e-70
Qwen3-4B-Base,rf2_ex20,cka_low@k5,cka_low,auc_hf,0.9022498726844788,0.9069759845733643,True,-0.09359215686274502,0.011015184505323178,-0.11663973856209156,-0.07242575163398703,1.9514231893925514e-17,True,7.805692757570205e-17
Qwen3-4B-Base,rf2_ex20,cka_low@k5,cka_low,auc_lf,0.9022498726844788,0.9069759845733643,True,-0.09968548387096776,0.011565431288247916,-0.12405510752688179,-0.07752258064516138,6.738693413645448e-18,True,2.695477365458179e-17
Qwen3-4B-Base,rf2_ex20,cka_low@k5,cka_low,auc_lf_hard,0.9022498726844788,0.9069759845733643,True,-0.06140232974910387,0.012162911729635224,-0.0867102203004111,-0.04009240943252825,4.457007818444374e-07,True,2.228503909222187e-06
Qwen3-4B-Base,rf2_ex20,cka_low@k5,cka_low,sel_auc,0.9022498726844788,0.9069759845733643,True,0.0060933270082227375,0.013529111080328742,-0.019436400221378873,0.033870993569470764,0.6524318829491769,False,1.0
Qwen3-4B-Base,rf2_ex20,cka_low@k5,cka_low,sel_d,0.9022498726844788,0.9069759845733643,True,-0.8056117574799226,0.12876417123044318,-1.0588303562366896,-0.5464279206070567,3.9373818619855313e-10,True,2.362429117191319e-09
Qwen3-4B-Base,rf2_ex20,fidelity_high@k5,fidelity_high,auc_all,0.807283341884613,0.8115119934082031,True,-0.17875733333333332,0.010838827226577679,-0.2008071777777778,-0.15752622222222223,4.16686626688184e-61,True,2.500119760129104e-60
Qwen3-4B-Base,rf2_ex20,fidelity_high@k5,fidelity_high,d_all,0.807283341884613,0.8115119934082031,True,-2.0646707071999337,0.0982557322831896,-2.264047070605494,-1.8762961130195146,4.963638107916473e-98,True,2.4818190539582365e-97
Qwen3-4B-Base,rf2_ex20,fidelity_high@k5,fidelity_high,auc_hf,0.807283341884613,0.8115119934082031,True,-0.1392392156862745,0.013590572654291108,-0.16654627450980397,-0.11347973856209152,1.2426517213236907e-24,True,7.455910327942143e-24
Qwen3-4B-Base,rf2_ex20,fidelity_high@k5,fidelity_high,auc_lf,0.807283341884613,0.8115119934082031,True,-0.2043225806451613,0.016211652156695212,-0.23724536290322587,-0.17370672043010765,2.021331898008094e-36,True,1.4149323286056659e-35
Qwen3-4B-Base,rf2_ex20,fidelity_high@k5,fidelity_high,auc_lf_hard,0.807283341884613,0.8115119934082031,True,-0.07181899641577061,0.01308251618987591,-0.0998490022280345,-0.0472311561273256,4.0263314580071716e-08,True,2.415798874804303e-07
Qwen3-4B-Base,rf2_ex20,fidelity_high@k5,fidelity_high,sel_auc,0.807283341884613,0.8115119934082031,True,0.06508336495888678,0.017912190598154243,0.03166002978072957,0.10025738878347037,0.0002796375288782505,True,0.0025167377599042543
Qwen3-4B-Base,rf2_ex20,fidelity_high@k5,fidelity_high,sel_d,0.807283341884613,0.8115119934082031,True,-0.465092508702579,0.14419722513177902,-0.7473666096645779,-0.17816045847403245,0.0012580049590482424,True,0.003774014877144727
Qwen3-4B-Base,rf2_ex20,full,full,auc_all,0.007002745755016804,0.007039426825940609,False,-0.6080337777777778,0.013823719757438497,-0.6358029555555555,-0.5814532000000001,0.0,True,0.0
Qwen3-4B-Base,rf2_ex20,full,full,d_all,0.007002745755016804,0.007039426825940609,False,-3.7260065018335125,0.10341540529390189,-3.937224475773718,-3.5324657567513653,2.887611494926749e-284,True,3.1763726444194237e-283
Qwen3-4B-Base,rf2_ex20,full,full,auc_hf,0.007002745755016804,0.007039426825940609,False,-0.6991503267973855,0.017805665696148432,-0.7328640522875818,-0.6647612418300654,0.0,True,0.0
Qwen3-4B-Base,rf2_ex20,full,full,auc_lf,0.007002745755016804,0.007039426825940609,False,-0.4898494623655914,0.021758865595011345,-0.5335555107526883,-0.448294556451613,3.121351408753859e-112,True,3.4334865496292446e-111
Qwen3-4B-Base,rf2_ex20,full,full,auc_lf_hard,0.007002745755016804,0.007039426825940609,False,-0.30679883512544803,0.026123210975149695,-0.3589262129276985,-0.2549778732443761,7.554514541552153e-32,True,6.0436116332417225e-31
Qwen3-4B-Base,rf2_ex20,full,full,sel_auc,0.007002745755016804,0.007039426825940609,False,-0.20930086443179413,0.024868043131240556,-0.25817768817204306,-0.15860984213577908,3.880348613832397e-17,True,4.2683834752156366e-16
Qwen3-4B-Base,rf2_ex20,full,full,sel_d,0.007002745755016804,0.007039426825940609,False,-1.6619368846305536,0.16609717231278223,-1.9827279084255003,-1.3323933307315674,1.437095695540383e-23,True,1.5808052650944213e-22
Qwen3-4B-Base,rf2_ex20,kvdist_high@k5,kvdist_high,auc_all,0.838746964931488,0.8431404232978821,True,-0.033910222222222175,0.004151258874935226,-0.042450733333333254,-0.02661755555555563,3.1183368895620647e-16,True,6.236673779124129e-16
Qwen3-4B-Base,rf2_ex20,kvdist_high@k5,kvdist_high,d_all,0.838746964931488,0.8431404232978821,True,-0.81213082049213,0.0722273775368604,-0.9533172061360775,-0.6715307314417406,2.4764941411362017e-29,True,4.9529882822724033e-29
Qwen3-4B-Base,rf2_ex20,kvdist_high@k5,kvdist_high,auc_hf,0.838746964931488,0.8431404232978821,True,-0.026232679738562026,0.0045436200434420615,-0.03574124183006529,-0.017931307189542493,7.763253435804476e-09,True,2.3289760307413428e-08
Qwen3-4B-Base,rf2_ex20,kvdist_high@k5,kvdist_high,auc_lf,0.838746964931488,0.8431404232978821,True,-0.04438978494623658,0.007108642094000721,-0.05930409946236557,-0.03142607526881722,4.252079060171098e-10,True,8.504158120342196e-10
Qwen3-4B-Base,rf2_ex20,kvdist_high@k5,kvdist_high,auc_lf_hard,0.838746964931488,0.8431404232978821,True,-0.02176299283154115,0.006206856259877404,-0.03440644736775411,-0.010351648514928742,0.00045441227765699815,True,0.0013632368329709946
Qwen3-4B-Base,rf2_ex20,kvdist_high@k5,kvdist_high,sel_auc,0.838746964931488,0.8431404232978821,True,0.01815710520767455,0.007277742289724788,0.005236032047227505,0.03327648218427155,0.012599917084175226,True,0.08819941958922659
Qwen3-4B-Base,rf2_ex20,kvdist_high@k5,kvdist_high,sel_d,0.838746964931488,0.8431404232978821,True,-0.3945432891266356,0.11587405889651668,-0.6229051415564308,-0.17061250915404716,0.0006618053534064839,True,0.0026472214136259355
Qwen3-4B-Base,rf2_ex20,kvdist_low@k5,kvdist_low,auc_all,0.8859207630157471,0.8905613422393799,True,-0.2300346666666666,0.012034943812813441,-0.2542555333333334,-0.2063685777777778,1.9347016541968209e-81,True,1.3542911579377747e-80
Qwen3-4B-Base,rf2_ex20,kvdist_low@k5,kvdist_low,d_all,0.8859207630157471,0.8905613422393799,True,-2.3357457024989317,0.09904455795021624,-2.5293698490906906,-2.1448970663685416,5.7903212773452125e-123,True,3.4741927664071276e-122
Qwen3-4B-Base,rf2_ex20,kvdist_low@k5,kvdist_low,auc_hf,0.8859207630157471,0.8905613422393799,True,-0.23592418300653595,0.017380303404135766,-0.2718174509803922,-0.2025454248366013,5.6941281370510517e-42,True,3.985889695935736e-41
Qwen3-4B-Base,rf2_ex20,kvdist_low@k5,kvdist_low,auc_lf,0.8859207630157471,0.8905613422393799,True,-0.2063736559139785,0.016915808684401807,-0.23918629032258062,-0.17331081989247313,3.1064574579065946e-34,True,1.8638744747439568e-33
Qwen3-4B-Base,rf2_ex20,kvdist_low@k5,kvdist_low,auc_lf_hard,0.8859207630157471,0.8905613422393799,True,-0.1221102150537634,0.017033112155015816,-0.15654747802440536,-0.09016494642405154,7.555293397229237e-13,True,5.288705378060466e-12
Qwen3-4B-Base,rf2_ex20,kvdist_low@k5,kvdist_low,sel_auc,0.8859207630157471,0.8905613422393799,True,-0.029550527092557455,0.021475075245643075,-0.07175978231077382,0.011729433902593314,0.16880976069299847,False,0.6752390427719939
Qwen3-4B-Base,rf2_ex20,kvdist_low@k5,kvdist_low,sel_d,0.8859207630157471,0.8905613422393799,True,-0.9838020048119347,0.1480133018414553,-1.2747481993692211,-0.6995045450285657,2.997096907927212e-11,True,2.997096907927212e-10
Qwen3-4B-Base,rf2_ex20,kvsharer_dissimilar@k5,kvsharer_dissimilar,auc_all,0.6500346660614014,0.6534396409988403,True,-0.12874133333333326,0.008720667319780578,-0.14573966666666668,-0.1120327333333333,2.545499808260545e-49,True,1.2727499041302725e-48
Qwen3-4B-Base,rf2_ex20,kvsharer_dissimilar@k5,kvsharer_dissimilar,d_all,0.6500346660614014,0.6534396409988403,True,-1.8725906720920649,0.07919785666919688,-2.035590444933658,-1.725835036610711,1.3457962247837278e-123,True,9.420573573486095e-123
Qwen3-4B-Base,rf2_ex20,kvsharer_dissimilar@k5,kvsharer_dissimilar,auc_hf,0.6500346660614014,0.6534396409988403,True,-0.09313202614379079,0.009590920421236009,-0.11194084967320266,-0.07484052287581702,2.7216836410504767e-22,True,1.3608418205252383e-21
Qwen3-4B-Base,rf2_ex20,kvsharer_dissimilar@k5,kvsharer_dissimilar,auc_lf,0.6500346660614014,0.6534396409988403,True,-0.16400537634408596,0.013594563768638204,-0.19146995967741937,-0.13850423387096777,1.635562353847512e-33,True,8.17781176923756e-33
Qwen3-4B-Base,rf2_ex20,kvsharer_dissimilar@k5,kvsharer_dissimilar,auc_lf_hard,0.6500346660614014,0.6534396409988403,True,-0.03410618279569888,0.008390538623098676,-0.05161292764597389,-0.01871203913855228,4.806577310393737e-05,True,0.00019226309241574948
Qwen3-4B-Base,rf2_ex20,kvsharer_dissimilar@k5,kvsharer_dissimilar,sel_auc,0.6500346660614014,0.6534396409988403,True,0.07087335020029517,0.01399837523168279,0.04342107737718751,0.09972421067889514,4.1277539293708264e-07,True,4.1277539293708265e-06
Qwen3-4B-Base,rf2_ex20,kvsharer_dissimilar@k5,kvsharer_dissimilar,sel_d,0.6500346660614014,0.6534396409988403,True,-0.4167586422661189,0.09717170951663257,-0.6010187233014375,-0.2227956479030242,1.795693619395092e-05,True,8.97846809697546e-05
Qwen3-4B-Base,rf2_ex20,kvsharer_similar@k5,kvsharer_similar,auc_all,0.993298351764679,0.9985013604164124,True,-0.0014666666666666162,0.0015004250639286494,-0.004551022222222234,0.00141955555555551,0.3283212930033754,False,0.3283212930033754
Qwen3-4B-Base,rf2_ex20,kvsharer_similar@k5,kvsharer_similar,d_all,0.993298351764679,0.9985013604164124,True,-0.04996302402483277,0.05862107182275871,-0.16725218635537753,0.05790914665516135,0.3940449129904303,False,0.3940449129904303
Qwen3-4B-Base,rf2_ex20,kvsharer_similar@k5,kvsharer_similar,auc_hf,0.993298351764679,0.9985013604164124,True,-0.0016862745098038534,0.0014062983078914006,-0.004688169934640473,0.0009231372549019581,0.23049398278216704,False,0.23049398278216704
Qwen3-4B-Base,rf2_ex20,kvsharer_similar@k5,kvsharer_similar,auc_lf,0.993298351764679,0.9985013604164124,True,-0.000615591397849391,0.0024184523258467083,-0.005242137096774199,0.004218010752688154,0.7990788713119231,False,0.7990788713119231
Qwen3-4B-Base,rf2_ex20,kvsharer_similar@k5,kvsharer_similar,auc_lf_hard,0.993298351764679,0.9985013604164124,True,-0.0031586021505375372,0.003085238933685511,-0.009602378770697167,0.0025038146963065077,0.30593977553327434,False,0.30593977553327434
Qwen3-4B-Base,rf2_ex20,kvsharer_similar@k5,kvsharer_similar,sel_auc,0.993298351764679,0.9985013604164124,True,-0.0010706831119544624,0.0025168994249455652,-0.006262702667088291,0.003921831383090887,0.6705468155864716,False,1.0
Qwen3-4B-Base,rf2_ex20,kvsharer_similar@k5,kvsharer_similar,sel_d,0.993298351764679,0.9985013604164124,True,0.10643935789544035,0.09093672525694661,-0.06458738251071369,0.2910987888099154,0.24180900927956495,False,0.24180900927956495
Qwen3-4B-Base,rf2_ex20,live_prev_head,live_prev_head,auc_all,0.023826688528060913,0.023951495066285133,False,-0.42341422222222225,0.014541806379255763,-0.4527833111111111,-0.39558831111111115,2.185401037269888e-186,True,1.7483208298159105e-185
Qwen3-4B-Base,rf2_ex20,live_prev_head,live_prev_head,d_all,0.023826688528060913,0.023951495066285133,False,-3.079132502375834,0.10615329250877546,-3.2980197493414916,-2.8764306330437335,5.452308729090767e-185,True,4.3618469832726134e-184
Qwen3-4B-Base,rf2_ex20,live_prev_head,live_prev_head,auc_hf,0.023826688528060913,0.023951495066285133,False,-0.44848366013071894,0.019472713911839343,-0.4858707189542484,-0.40972549019607846,2.2602541428070852e-117,True,2.2602541428070853e-116
Qwen3-4B-Base,rf2_ex20,live_prev_head,live_prev_head,auc_lf,0.023826688528060913,0.023951495066285133,False,-0.4058306451612903,0.02201976144900731,-0.4485141129032258,-0.363779502688172,7.507600400742982e-76,True,6.006080320594386e-75
Qwen3-4B-Base,rf2_ex20,live_prev_head,live_prev_head,auc_lf_hard,0.023826688528060913,0.023951495066285133,False,-0.3335349462365591,0.027018023026960006,-0.38664110409616836,-0.2817381312403995,5.18950151420549e-35,True,4.670551362784941e-34
Qwen3-4B-Base,rf2_ex20,live_prev_head,live_prev_head,sel_auc,0.023826688528060913,0.023951495066285133,False,-0.04265301496942864,0.025900338860739537,-0.09269261121652966,0.008838107474172277,0.09959648663535867,False,0.5975789198121519
Qwen3-4B-Base,rf2_ex20,live_prev_head,live_prev_head,sel_d,0.023826688528060913,0.023951495066285133,False,-1.0697151915954253,0.16929853590106314,-1.4040868179614026,-0.7409592884751486,2.6409014979131915e-10,True,1.8751509804113498e-09
Qwen3-4B-Base,rf4_ex20,full,full,auc_all,0.00012605730444192886,0.00012671761214733124,False,-0.38810044444444447,0.014503155017391902,-0.4167043333333334,-0.3596780888888889,9.51542626482353e-158,True,9.51542626482353e-158
Qwen3-4B-Base,rf4_ex20,full,full,d_all,0.00012605730444192886,0.00012671761214733124,False,-2.9572377309150535,0.10819085209416555,-3.1677314332944424,-2.7518140560358497,1.695245780493304e-164,True,1.695245780493304e-164
Qwen3-4B-Base,rf4_ex20,full,full,auc_hf,0.00012605730444192886,0.00012671761214733124,False,-0.385518954248366,0.020991880984317743,-0.42687052287581695,-0.34540189542483657,2.497782143782337e-75,True,2.497782143782337e-75
Qwen3-4B-Base,rf4_ex20,full,full,auc_lf,0.00012605730444192886,0.00012671761214733124,False,-0.38693548387096777,0.020980406543265114,-0.42739919354838707,-0.34535934139784946,5.967769213491182e-76,True,5.967769213491182e-76
Qwen3-4B-Base,rf4_ex20,full,full,auc_lf_hard,0.00012605730444192886,0.00012671761214733124,False,-0.39228270609318994,0.02800930861055465,-0.445572827299245,-0.33842806057200137,1.4438164873258095e-44,True,1.4438164873258095e-44
Qwen3-4B-Base,rf4_ex20,full,full,sel_auc,0.00012605730444192886,0.00012671761214733124,False,0.0014165296226017476,0.026148715425998142,-0.04977026802656541,0.05263281335652528,0.9567980857030212,False,0.9567980857030212
Qwen3-4B-Base,rf4_ex20,full,full,sel_d,0.00012605730444192886,0.00012671761214733124,False,-0.9090736264995956,0.1631565688719123,-1.2245164850104202,-0.5967169426414866,2.5213977812356665e-08,True,2.5213977812356665e-08
