model,family_model,readout,readout_layer,substituted_layer,depth,answer_mass_ratio,rope_mismatch,primary_metric,after_readout,max_abs_logit_change,delta_auc_all,delta_auc_all_ci_low,delta_auc_all_ci_high,delta_auc_all_p,delta_d_all,delta_d_all_ci_low,delta_d_all_ci_high,delta_d_all_p,delta_auc_hf,delta_auc_hf_ci_low,delta_auc_hf_ci_high,delta_auc_hf_p,delta_auc_lf,delta_auc_lf_ci_low,delta_auc_lf_ci_high,delta_auc_lf_p,delta_d_hf,delta_d_hf_ci_low,delta_d_hf_ci_high,delta_d_hf_p,delta_d_lf,delta_d_lf_ci_low,delta_d_lf_ci_high,delta_d_lf_p,delta_auc_tok1,delta_auc_tok1_ci_low,delta_auc_tok1_ci_high,delta_auc_tok1_p,delta_auc_tok2,delta_auc_tok2_ci_low,delta_auc_tok2_ci_high,delta_auc_tok2_p,delta_auc_tok3,delta_auc_tok3_ci_low,delta_auc_tok3_ci_high,delta_auc_tok3_p,delta_auc_tok4,delta_auc_tok4_ci_low,delta_auc_tok4_ci_high,delta_auc_tok4_p,delta_sel_auc,delta_sel_auc_ci_low,delta_sel_auc_ci_high,delta_sel_auc_p,delta_sel_d,delta_sel_d_ci_low,delta_sel_d_ci_high,delta_sel_d_p,delta_primary,neg_control_pass
SmolLM2-360M,SmolLM,layer21,21,1,0.03225806451612903,,False,d_all,False,19.703378677368164,-0.19577422222222218,-0.2159406222222222,-0.17641004444444444,1.0775260210581842e-78,-2.6231848075651616,-2.839177843772936,-2.4244859427165184,4.340704266156103e-139,-0.06263006535947713,-0.08691084967320262,-0.041413071895424806,6.88755931786618e-08,-0.3296612903225806,-0.3721797043010753,-0.2890815860215053,1.2274265432711882e-57,-1.3342713063787959,-1.6690559684985802,-0.9637355620564646,2.890404164715972e-13,-2.636116728894559,-2.9145299001058143,-2.3999941897988673,1.7444091790930315e-93,-0.005381604696673259,-0.01381082036775097,0.0,0.13096934206881936,-0.34098372891476336,-0.38289427817665395,-0.2986299667317836,6.301737048870316e-58,-0.44464264826295474,-0.5125871545902603,-0.3844957378793743,1.692869366703673e-43,-0.43306636155606404,-0.556403861302369,-0.3192564538043478,2.3993848712738997e-12,0.2670312249631035,0.22366877082015593,0.3133179322158971,2.136562178552486e-30,1.301845422515763,0.9634660606388863,1.686792867643005,1.2329310120487716e-12,-2.6231848075651616,True
SmolLM2-360M,SmolLM,layer21,21,2,0.06451612903225806,,False,d_all,False,12.815799713134766,-0.014721777777777723,-0.019674266666666627,-0.009703866666666653,1.34233381211542e-08,-0.7772548413800866,-0.9490768069384627,-0.6166366428783959,1.129888188787287e-19,0.0005856209150327807,-0.0004339869281045905,0.0017678431372549898,0.29471635723754686,-0.03649462365591394,-0.05018655913978502,-0.02312432795698924,1.9839185583966892e-07,0.21541760514919162,0.01130025179575245,0.4220256856020046,0.03893111083044729,-0.7319434755530878,-0.9358578427449005,-0.5437440434628942,2.1106965683571658e-13,-0.0004892367906066397,-0.003663628737034821,0.0019786774131387032,0.7345102309384904,-0.013005672488431097,-0.021730183030047402,-0.0049202672137098795,0.002415151337546245,-0.028629079424494108,-0.04675109172570457,-0.013226931151692845,0.0008976492723921099,-0.08638443935926776,-0.15566627966976265,-0.03748594860837598,0.004523170038415031,0.03708024457094672,0.02389204248366006,0.050587316044697433,1.002873572311675e-07,0.9473610807022794,0.7573776244828556,1.1435268212845855,4.3477186116530706e-21,-0.7772548413800866,True
SmolLM2-360M,SmolLM,layer21,21,3,0.0967741935483871,,False,d_all,False,10.415520668029785,-0.008067555555555495,-0.011251822222222239,-0.005169777777777826,5.916506525383392e-07,-0.6103321908987258,-0.7310304917685824,-0.490239855715159,4.125678912011122e-23,-0.00014640522875808415,-0.0011086274509803152,0.0007325490196078583,0.745713834452004,-0.01946774193548384,-0.0278661290322581,-0.011904166666666612,6.709439303588917e-06,-0.03302061846105442,-0.16170002288061547,0.10623149527008012,0.6374444896548073,-0.5752794728857165,-0.719600353447961,-0.44428652804654645,9.975295149050321e-17,-0.0014677103718200302,-0.0055850583855829115,0.0,0.3782884286849626,-0.01052395879982082,-0.0159721155836037,-0.005892346574436651,5.428298403479481e-05,-0.013334892969938061,-0.028984232013505012,-0.0031370909766273935,0.055935400774895526,-0.059496567505720854,-0.11148105053191489,-0.018668025259945716,0.013011763643250544,0.019321336706725756,0.011723018131983846,0.027832659709044815,6.589727996889166e-06,0.542258854424662,0.41229334633115583,0.6871491530355802,9.311599147993316e-15,-0.6103321908987258,True
SmolLM2-360M,SmolLM,layer21,21,4,0.12903225806451613,,False,d_all,False,7.246868133544922,-0.007576888888888855,-0.011022755555555519,-0.004584666666666637,6.539443137174193e-06,-0.6297381010233827,-0.7812585766079099,-0.5065349179605274,2.5524153669952393e-19,-0.0023581699346404417,-0.004617254901960804,-0.0006107189542483248,0.02117932974658714,-0.012731182795698959,-0.02041129032258065,-0.006090322580645128,0.00032930886549060973,-0.5402147584343,-0.7318896575984888,-0.3674972152044333,5.646689241116026e-09,-0.5732916514178172,-0.7383918950584111,-0.42811470761897463,8.554376907880217e-14,-0.0029354207436399493,-0.00881417993494262,0.0,0.2299992843224572,-0.012315270935960632,-0.01938405206609192,-0.005997404584865826,0.0003348815035270534,-0.013773540765001813,-0.02832722244586174,-0.0031524939065037294,0.034786412446080134,-0.016018306636155555,-0.03987365291713113,0.0009893162393162403,0.13256406626707085,0.010373012861058517,0.0038044845034789277,0.018264381193337585,0.003736204421524714,0.033076892983517237,-0.10713682955541483,0.19220509355007312,0.6608370561922454,-0.6297381010233827,True
SmolLM2-360M,SmolLM,layer21,21,5,0.16129032258064516,,False,d_all,False,9.831807136535645,-0.007347555555555552,-0.010711200000000037,-0.003940177777777797,2.673829932452342e-05,-0.49859163124333694,-0.6283111567937107,-0.36424004422174644,3.4800477344542265e-13,-0.001715032679738493,-0.0034879738562092312,-0.00022444444444437754,0.04449163134768609,-0.014521505376344113,-0.02340013440860212,-0.0062895161290322,0.0006749275308793759,-0.2597749898511603,-0.41573928023912354,-0.08729448989882571,0.0022665112529035914,-0.4556955745369389,-0.6118707947613352,-0.30660349267554643,5.709401747365748e-09,-0.0014677103718200302,-0.006349374495560917,0.0,0.4092358113154546,-0.004291685326168082,-0.009924631830395787,0.001526060459154726,0.13615505466121208,-0.019826880336881514,-0.031249693258309882,-0.010456431327991003,0.0003295457574614027,-0.03947368421052633,-0.08209731762455431,-0.002779495636638491,0.05182809569952339,0.01280647269660562,0.0048283512544802926,0.021162169512966386,0.0024804734007552592,0.19592058468577855,0.060733000753594925,0.3447310647019535,0.007239636703512453,-0.49859163124333694,True
SmolLM2-360M,SmolLM,layer21,21,6,0.1935483870967742,,False,d_all,False,8.095861434936523,-0.007199999999999984,-0.010436533333333312,-0.0043978222222223005,2.5260313270084634e-06,-0.6394756241458834,-0.765032758685079,-0.5223514784110425,8.961385949553886e-24,-0.002818300653594674,-0.00471111111111111,-0.0011969934640522375,0.001201823499274245,-0.012462365591397795,-0.019215725806451655,-0.00650215053763438,0.00017313802051308362,-0.7017818553670438,-0.8647346357680787,-0.5444507683634708,1.606234395406546e-17,-0.5806158305041795,-0.7211712140734859,-0.45029319380299965,1.3359812113701028e-16,-0.0014677103718200302,-0.006035406403940927,0.0,0.40082568788408546,-0.011270338856545714,-0.018115570495792602,-0.004953751940342241,0.0008470619858547825,-0.013276406597262924,-0.023375574499328665,-0.004932640980835214,0.005267850653904081,-0.0291762013729977,-0.06025660820158104,-0.007062198067632785,0.03708631561162033,0.00964406493780312,0.0039051676154332085,0.01617986611849042,0.002403043003122099,-0.12116602486286432,-0.24157060707969932,-0.0012299567260626997,0.04804036518073614,-0.6394756241458834,True
SmolLM2-360M,SmolLM,layer21,21,7,0.22580645161290322,,False,d_all,False,6.2361040115356445,-0.003020444444444381,-0.00502324444444448,-0.0010401777777778107,0.002620610668107312,-0.2718614850234067,-0.3692016244202942,-0.17551554042874098,4.6095982782774916e-08,-0.0007633986928103909,-0.0019347712418300883,0.00012549019607843714,0.14741110641102956,-0.0063763440860215015,-0.011328494623655868,-0.001329166666666635,0.014418406498568756,0.10420347789327078,-0.0232875655634579,0.23905130338231184,0.12158097082671418,-0.1666135301410807,-0.2731476030395747,-0.05568030222639355,0.00326451602932391,-0.0004892367906066397,-0.0023809523809523725,0.0,0.527842807149564,-0.006316241230034381,-0.010869620371860594,-0.0015476210476279757,0.007194629973184637,-0.004094046087261716,-0.011342969125037992,0.0010372637999698812,0.18044824681231708,-0.005148741418764313,-0.02476917418703199,0.01276946209405891,0.5860204229952716,0.005612945393211111,0.000513421357790339,0.010488099304237853,0.030730263176794562,0.2708170080343515,0.1555588391488332,0.3998917231822974,7.172586205950564e-06,-0.2718614850234067,True
SmolLM2-360M,SmolLM,layer21,21,8,0.25806451612903225,,False,d_all,False,6.949028015136719,-0.0066097777777777145,-0.009591511111111107,-0.003584311111111023,2.8442111078390145e-05,-0.48913626491210893,-0.6067253698035996,-0.35262928825530365,2.969573890030888e-14,-0.0021228758169934414,-0.0038644444444444342,-0.0007103267973856166,0.007753592240840579,-0.012779569892473086,-0.019409543010752688,-0.006267338709677404,0.00024379643264529606,-0.5568996202335676,-0.713711988955733,-0.38791887927466373,1.173368816556678e-10,-0.45482889857635556,-0.5872004167084548,-0.31012351370677305,1.451718124190372e-10,-0.017123287671232945,-0.05327120672466887,0.0,0.30260707755982796,-0.005859083445290292,-0.010971749429948075,-0.001031496588829223,0.021591656008099272,-0.01833547783366485,-0.03226492653218077,-0.006563937959952556,0.0059936737070890546,-0.014874141876430214,-0.03846656217345881,0.00049492234169644,0.12176386653510564,0.010656694075479645,0.0044791382036686285,0.01710913978494617,0.0013132142612715027,-0.1020707216572121,-0.22447788944178682,0.009569909976375635,0.095927873481632,-0.48913626491210893,True
SmolLM2-360M,SmolLM,layer21,21,9,0.2903225806451613,,False,d_all,False,4.896242141723633,-0.0035128888888888987,-0.005397511111111144,-0.0016479555555555386,0.0003318267864447022,-0.4039647080589508,-0.5031353345626268,-0.30719112084694933,6.371646976055042e-16,-0.0031424836601307016,-0.0053020915032679135,-0.0013122875816992926,0.0021971450094370594,-0.0035967741935484243,-0.006726344086021516,-0.0002837365591398144,0.035627519308808135,-0.5948291090849782,-0.7349915715280289,-0.45702847032613314,3.348121601151829e-17,-0.2751401287928714,-0.3787160576160392,-0.16537973878428536,5.149024338743019e-07,-0.003424657534246589,-0.009394476615792338,0.0,0.20539286494451203,-0.0044409613375130386,-0.007549839633453509,-0.0011839032903098712,0.005974436787907527,-0.006228798689905335,-0.012843002213525172,-0.00017288161881619097,0.049381266868009845,-0.003432494279176246,-0.01727981963607466,0.0064564355374558055,0.5725559950704069,0.00045429053341772274,-0.0028817910605101805,0.00401582858950022,0.7974977359928799,-0.3196889802921068,-0.41392282455935836,-0.2256581994731542,2.344239048077697e-11,-0.4039647080589508,True
SmolLM2-360M,SmolLM,layer21,21,10,0.3225806451612903,,False,d_all,False,6.167062282562256,-0.009626666666666672,-0.013239644444444426,-0.006528844444444413,3.104472260519069e-08,-0.7400834118934894,-0.8749879855076399,-0.6148427602423694,1.9745405900575916e-28,-0.003649673202614334,-0.008058300653594776,-0.0005797385620914342,0.058090176562385416,-0.017483870967741955,-0.02494126344086016,-0.010665053763440797,1.431974199481406e-06,-0.7173281629091113,-0.9001498272709255,-0.5417896412532673,5.306931206440678e-15,-0.5560312991141303,-0.6945302686037815,-0.42091098272789534,1.5658984999284242e-15,-0.0332681017612525,-0.07533699989215996,0.0,0.10672362903327393,-0.013537468278847609,-0.021143384011175985,-0.00689511327554161,0.00026471078735887664,-0.013451865715288336,-0.025890578491045525,-0.004811147740531668,0.011623781135078714,-0.050915331807780295,-0.09513521833854309,-0.012981939935064945,0.013018306185253492,0.01383419776512762,0.006388435589289554,0.021212468901539182,0.00034912207800904247,-0.16129686379498098,-0.31328878158977397,-0.011331752121973526,0.0346861432910065,-0.7400834118934894,True
SmolLM2-360M,SmolLM,layer21,21,11,0.3548387096774194,,False,d_all,False,3.225491523742676,-0.0008817777777777591,-0.0019843111111110976,0.00019404444444451305,0.10424140223859099,-0.10835362488236999,-0.17215992592148766,-0.04668946845610827,0.0006138501419736556,-0.00031895424836592134,-0.0010092810457516283,0.0003870588235294374,0.36090515796562483,-0.0016612903225806663,-0.004064650537634507,0.0008928763440860073,0.17905188839125474,-0.06558743990949889,-0.15662289261464707,0.025701937489173054,0.1477493198081853,-0.06910530793685554,-0.13930777731179753,0.0011197158410308902,0.054745467698946865,-0.0009784735812133905,-0.004985922630778847,0.0,0.49977007191213296,-0.0011475593372145543,-0.0036230119730296826,0.0011159928823691653,0.34708943644871315,-0.00035091823605104544,-0.0030960585605148694,0.0023266308273983648,0.7972685486363218,-0.0097254004576659,-0.025692038659550494,0.0005558390022675495,0.15036143488449702,0.001342336074214745,-0.0011584687961205791,0.003686107421463155,0.2736344649113558,0.003517868027356652,-0.06223746329024569,0.06717443768683824,0.9143088091772013,-0.10835362488236999,True
SmolLM2-360M,SmolLM,layer21,21,12,0.3870967741935484,,False,d_all,False,4.772922992706299,-0.002184888888888903,-0.003669377777777749,-0.000961422222222175,0.001998868118057428,-0.2722833884710254,-0.35978300472621216,-0.194827825487801,2.78866883243185e-10,-0.0004339869281044795,-0.0012758169934640213,0.00022483660130723226,0.2642463315212371,-0.0035268817204301417,-0.0064688172043010335,-0.0009193548387096406,0.012867047589326656,-0.2165533270219253,-0.3464572955205327,-0.10670019562300806,0.00037781784527221335,-0.18349313707738624,-0.2867949646144261,-0.09305645282244654,8.817653075866521e-05,-0.0009784735812133905,-0.004326617078776562,0.0,0.44920496223705786,-0.0007650395581429992,-0.0031080827271645906,0.0013369338814218006,0.4966638570835412,-0.0067259328576442234,-0.01242532235086552,-0.0021297919265610673,0.008673157634283333,-0.0097254004576659,-0.0272288478847885,0.0019293850935657648,0.19835008201449378,0.0030928947923256622,0.0005580903436642554,0.005796578115116952,0.018073534151050497,-0.033060189944539076,-0.11009690343001653,0.05230969891859019,0.4407260323612633,-0.2722833884710254,True
SmolLM2-360M,SmolLM,layer21,21,13,0.41935483870967744,,False,d_all,False,6.087255001068115,-0.003548444444444465,-0.005498799999999984,-0.001612444444444515,0.0003562776908150824,-0.4664588874949711,-0.5759138769941171,-0.3578276994007511,7.835702588492497e-17,-0.0018980392156862091,-0.0034773856209151023,-0.000391895424836686,0.019329684127248264,-0.006236559139784936,-0.011021370967741886,-0.0014295698924731708,0.008188445336695962,-0.602411863666044,-0.7591150470021736,-0.452240864200274,2.4120078960568463e-15,-0.3563317976435916,-0.47616343661383853,-0.23359318310315136,2.339109238519764e-09,-0.011252446183953047,-0.025355424813799887,-0.0005568759028846075,0.07821163230953992,-0.0036479325272428254,-0.00793422266273341,0.000667172816504673,0.10151222750838013,-0.008714469528599889,-0.015949953376080756,-0.002777260412352308,0.01003408310474386,-0.010869565217391353,-0.025638848811351693,-0.0016228563103563248,0.08019879618317824,0.004338519924098727,-0.0004020862323424773,0.009204849251528596,0.06954641831447755,-0.24608006602245247,-0.37387175315763144,-0.13329862614528998,4.865388790488386e-05,-0.4664588874949711,True
SmolLM2-360M,SmolLM,layer21,21,14,0.45161290322580644,,False,d_all,False,3.059563636779785,-0.0001457777777776892,-0.0012250666666667187,0.0010009333333333814,0.8041870910136208,-0.07740132108923303,-0.14547543718552142,-0.006929273539597947,0.029960730380899168,-0.0011084967320260652,-0.0024211764705882126,-7.830065359478733e-05,0.05772926508400001,0.0021881720430108054,-0.0002313172043011513,0.0048232526881720325,0.10282259977535967,-0.1380189518085908,-0.23018657561722927,-0.04268789257097017,0.0049278076723658845,-0.025091712112101927,-0.10516922026212946,0.05408051039726557,0.5248664239312999,0.0,0.0,0.0,1.0,-0.000923645320197064,-0.0037774774413985414,0.001962942019024154,0.5242972548782678,-0.0002631886770383396,-0.003508927370133455,0.002904551743593549,0.8707365856498028,0.005720823798627039,0.0,0.015051142124411034,0.16142187568330535,-0.0032966687750368706,-0.006161510647269605,-0.0005326581277673077,0.019366624811824003,-0.11292723969648888,-0.17978145477033566,-0.046113369892960505,0.0013855452323078368,-0.07740132108923303,True
SmolLM2-360M,SmolLM,layer21,21,15,0.4838709677419355,,False,d_all,False,4.083955764770508,-0.001016888888888845,-0.002284666666666646,0.0002133777777778428,0.11557653958779401,-0.18570539334746616,-0.2720343840507188,-0.10379690460138902,8.62704409376906e-06,-0.0012078431372548604,-0.0022856209150326433,-0.0003082352941176566,0.014260029208434354,0.00010752688172044333,-0.0027155913978494347,0.002613844086021485,0.9380993062805232,-0.2936285396514009,-0.4154916143980599,-0.17945562368805562,2.928720225523616e-07,-0.061205053542296994,-0.15241562345619167,0.02784241829356546,0.17913934821554,-0.00195694716242667,-0.0074859521511307725,0.0,0.36080199320863815,-0.0015300791162859984,-0.0044380210100808115,0.001121087497957801,0.25871716702146597,-0.0024856708386946647,-0.008158161717444726,0.0012479778803008426,0.2709449819430194,0.0028604118993135197,-0.007541620421753581,0.01615816326530615,0.6265835526237266,-0.0013153700189753037,-0.0039454137676575235,0.0015615296226016396,0.3387847738782356,-0.2324234861091039,-0.3173811195918239,-0.15388918624465936,2.0259639081946264e-08,-0.18570539334746616,True
SmolLM2-360M,SmolLM,layer21,21,16,0.5161290322580645,,False,d_all,False,3.395235061645508,-0.002010666666666605,-0.0035486222222222445,-0.0007303555555555483,0.003967911138669187,-0.25559589162158325,-0.3267511675298268,-0.18981346228112467,3.897996455244269e-13,-0.0002666666666666373,-0.0008526797385620538,0.00040261437908495346,0.39453622668124455,-0.004096774193548369,-0.008021639784946206,-0.0009728494623656161,0.02151099664337553,0.03764614487233153,-0.06438698159769425,0.13652645276415132,0.459157775732441,-0.1591404629512736,-0.2336762107413149,-0.0894987750292847,2.1288064791757077e-05,-0.0009784735812133905,-0.004489337822671136,0.0,0.49669225149831564,-0.0024257351843558483,-0.0056985402297059316,0.00016293006921714036,0.10595289893655298,-0.0021932389753187564,-0.005596192238223091,0.0005147328444211823,0.16710458826143848,-0.014302059496567487,-0.03333762886597938,-0.0011318972033258507,0.08522350185684364,0.003830107526881732,0.0008187676576007219,0.007783653278515742,0.029327609719942,0.19678660782360513,0.12223313521527314,0.2755905179471138,7.253755203124946e-07,-0.25559589162158325,True
SmolLM2-360M,SmolLM,layer21,21,17,0.5483870967741935,,False,d_all,False,4.1215925216674805,-0.0018079999999999208,-0.002757511111111166,-0.0009628888888889387,0.00013525918803932623,-0.23110745458253312,-0.3012261923358095,-0.1679636520587748,1.4225376709349101e-11,-0.00032941176470580036,-0.0007949019607842778,6.797385620915808e-05,0.1344126124193855,-0.004048387096774131,-0.006295967741935552,-0.0020907258064515773,0.00020138809741191964,-0.2628425263134755,-0.3656110058622427,-0.16975126056706977,4.7539259115090085e-08,-0.1952374146823206,-0.2704705877441347,-0.12487774702247376,2.011282795550879e-07,0.0,0.0,0.0,1.0,-0.0013154948499776165,-0.0035026439842879313,0.000523193510888952,0.20791431778830827,-0.005146800795414741,-0.009334426511718216,-0.001991940188529071,0.005583078766457117,-0.005720823798627039,-0.02022942759639745,0.0028860294117646944,0.3275405063685013,0.0037189753320683305,0.001830444866118372,0.005809083913135116,0.0003425165492829258,-0.0676051116311549,-0.12853070860287422,-0.006869952653999733,0.027961441041172985,-0.23110745458253312,True
SmolLM2-360M,SmolLM,layer21,21,18,0.5806451612903226,,False,d_all,False,5.4320292472839355,-0.001978666666666684,-0.003688933333333297,-0.000410577777777782,0.02174017107668314,-0.28727247053747407,-0.38373801088943693,-0.19991919336688305,1.3973732772078688e-09,0.0005124183006536276,-0.0002720261437908794,0.0013649673202614312,0.23587864181856422,-0.004924731182795683,-0.008979032258064564,-0.0012415322580645182,0.013265768550086685,-0.05529509585733017,-0.18777306963749674,0.07389062904695888,0.42437617562418173,-0.2783068089267924,-0.38720533473923296,-0.17980710674150044,6.006550144784549e-08,-0.00195694716242667,-0.006756756756756799,0.0,0.32416309285503053,-0.0023417674279743173,-0.006111404402500836,0.0014923740908231837,0.2229416214518184,-0.003070534565446259,-0.008474188249545236,0.0008911151877657248,0.2242185236521974,0.0022883295194507935,-0.00400406416031418,0.010371527777777877,0.5038263983725831,0.005437149483449311,0.002026561248155126,0.00939462049335856,0.005148329807681507,0.22301171306946221,0.12392785772260795,0.318928714545698,5.498599051160999e-06,-0.28727247053747407,True
SmolLM2-360M,SmolLM,layer21,21,19,0.6129032258064516,,False,d_all,False,5.779216766357422,-0.0014933333333333465,-0.002803555555555559,-0.00031942222222221034,0.019915696317480126,-0.24521878349040982,-0.3223979452296321,-0.17475459816791797,7.913277289035892e-11,-0.0016470588235293349,-0.002802745098039161,-0.000669019607843205,0.0028312360178817954,-0.0006935483870967873,-0.0034301075268816676,0.0018509408602150155,0.6052765467334936,-0.41093388875346015,-0.5135226170012508,-0.3065062541059749,5.22892192664196e-15,-0.17026022031132637,-0.25150784215076144,-0.09017616316579408,3.41058943000646e-05,-0.003424657534246589,-0.009467591368276311,0.0,0.21390911661869227,-0.0022111509180474664,-0.005127437091319733,0.0005077629490538302,0.12782247676016323,-0.0028073458884080305,-0.007793973051313477,0.0006466955559822487,0.18601659814997662,-0.0011441647597254523,-0.011146985109833404,0.008050000485697664,0.816942856880599,-0.0009535104364325475,-0.0035929786000421875,0.0017407547965423264,0.48024828791755114,-0.24067366844213378,-0.3129117372221524,-0.16627629219462897,1.6051893087283374e-10,-0.24521878349040982,True
SmolLM2-360M,SmolLM,layer21,21,20,0.6451612903225806,,False,d_all,False,2.5980658531188965,1.955555555555044e-05,-0.0005975555555555595,0.0005813777777777668,0.9465929541364351,-0.051521536859996164,-0.09468877102636446,-0.01306398224157385,0.012075907460820559,-5.228758169928405e-05,-0.0003400000000000375,0.00024065359477124225,0.7230456709885751,0.0001881720430108036,-0.0011883064516128472,0.0015541666666666729,0.7776101243845556,-0.09810711707326725,-0.1533615988628257,-0.042694650105527386,0.0006683293340147367,-0.05714480655500953,-0.10263921139066211,-0.01693325240781226,0.010121331321647973,-0.0009784735812133905,-0.004326617078776562,0.0,0.44920496223705786,0.0,-0.0014739540255169132,0.0012926835303898065,1.0,0.0004678909814013199,-0.0009358291105546728,0.0020920147932076577,0.5560219490569721,0.0005720823798627261,-0.007860867356679185,0.008419919004284343,0.8921679098729058,-0.00024045962471008764,-0.001507199557242242,0.001053148850938279,0.7075921339761138,-0.040962310518257716,-0.08146366422248494,-0.00116149690258859,0.04544485327820464,-0.051521536859996164,True
SmolLM2-360M,SmolLM,layer21,21,21,0.6774193548387096,,False,d_all,False,3.7432713508605957,-0.0015466666666665851,-0.002648933333333367,-0.000613155555555578,0.0028730335313437256,-0.20741787177764337,-0.2698362172944072,-0.1487401894063905,3.2169456312739554e-11,0.0004130718954249435,-0.0001831372549019633,0.001119215686274441,0.20873299882071827,-0.0046774193548386744,-0.007318548387096802,-0.0023647849462365205,0.00017829617365802412,-0.0032986238855743366,-0.09603165011893486,0.08080805301222449,0.9400115024424582,-0.22181766076610243,-0.28842200243858385,-0.1614394601305367,6.0753248239478464e-12,-0.003424657534246589,-0.012510998964803377,0.0,0.3351276485583098,-0.0008769965666517443,-0.0028813193905502105,0.000923378973878397,0.37437330969631066,-0.0028073458884080305,-0.0054813657141807165,-0.0007450769475477883,0.0220823426428332,-0.0022883295194507935,-0.013516177467790344,0.006656163274745507,0.6418905736725569,0.005090491250263618,0.002837444655281579,0.007737021399957822,4.152352234655065e-05,0.2185190368805281,0.151750395906527,0.2827846852524816,2.0759992751371054e-11,-0.20741787177764337,True
SmolLM2-360M,SmolLM,layer21,21,22,0.7096774193548387,,False,d_all,True,0.0,0.0,0.0,0.0,1.0,0.0,0.0,0.0,1.0,0.0,0.0,0.0,1.0,0.0,0.0,0.0,1.0,0.0,0.0,0.0,1.0,0.0,0.0,0.0,1.0,0.0,0.0,0.0,1.0,0.0,0.0,0.0,1.0,0.0,0.0,0.0,1.0,0.0,0.0,0.0,1.0,0.0,0.0,0.0,1.0,0.0,0.0,0.0,1.0,0.0,True
SmolLM2-360M,SmolLM,layer21,21,23,0.7419354838709677,,False,d_all,True,0.0,0.0,0.0,0.0,1.0,0.0,0.0,0.0,1.0,0.0,0.0,0.0,1.0,0.0,0.0,0.0,1.0,0.0,0.0,0.0,1.0,0.0,0.0,0.0,1.0,0.0,0.0,0.0,1.0,0.0,0.0,0.0,1.0,0.0,0.0,0.0,1.0,0.0,0.0,0.0,1.0,0.0,0.0,0.0,1.0,0.0,0.0,0.0,1.0,0.0,True
SmolLM2-360M,SmolLM,layer21,21,24,0.7741935483870968,,False,d_all,True,0.0,0.0,0.0,0.0,1.0,0.0,0.0,0.0,1.0,0.0,0.0,0.0,1.0,0.0,0.0,0.0,1.0,0.0,0.0,0.0,1.0,0.0,0.0,0.0,1.0,0.0,0.0,0.0,1.0,0.0,0.0,0.0,1.0,0.0,0.0,0.0,1.0,0.0,0.0,0.0,1.0,0.0,0.0,0.0,1.0,0.0,0.0,0.0,1.0,0.0,True
SmolLM2-360M,SmolLM,layer21,21,25,0.8064516129032258,,False,d_all,True,0.0,0.0,0.0,0.0,1.0,0.0,0.0,0.0,1.0,0.0,0.0,0.0,1.0,0.0,0.0,0.0,1.0,0.0,0.0,0.0,1.0,0.0,0.0,0.0,1.0,0.0,0.0,0.0,1.0,0.0,0.0,0.0,1.0,0.0,0.0,0.0,1.0,0.0,0.0,0.0,1.0,0.0,0.0,0.0,1.0,0.0,0.0,0.0,1.0,0.0,True
SmolLM2-360M,SmolLM,layer21,21,26,0.8387096774193549,,False,d_all,True,0.0,0.0,0.0,0.0,1.0,0.0,0.0,0.0,1.0,0.0,0.0,0.0,1.0,0.0,0.0,0.0,1.0,0.0,0.0,0.0,1.0,0.0,0.0,0.0,1.0,0.0,0.0,0.0,1.0,0.0,0.0,0.0,1.0,0.0,0.0,0.0,1.0,0.0,0.0,0.0,1.0,0.0,0.0,0.0,1.0,0.0,0.0,0.0,1.0,0.0,True
SmolLM2-360M,SmolLM,layer21,21,27,0.8709677419354839,,False,d_all,True,0.0,0.0,0.0,0.0,1.0,0.0,0.0,0.0,1.0,0.0,0.0,0.0,1.0,0.0,0.0,0.0,1.0,0.0,0.0,0.0,1.0,0.0,0.0,0.0,1.0,0.0,0.0,0.0,1.0,0.0,0.0,0.0,1.0,0.0,0.0,0.0,1.0,0.0,0.0,0.0,1.0,0.0,0.0,0.0,1.0,0.0,0.0,0.0,1.0,0.0,True
SmolLM2-360M,SmolLM,layer21,21,28,0.9032258064516129,,False,d_all,True,0.0,0.0,0.0,0.0,1.0,0.0,0.0,0.0,1.0,0.0,0.0,0.0,1.0,0.0,0.0,0.0,1.0,0.0,0.0,0.0,1.0,0.0,0.0,0.0,1.0,0.0,0.0,0.0,1.0,0.0,0.0,0.0,1.0,0.0,0.0,0.0,1.0,0.0,0.0,0.0,1.0,0.0,0.0,0.0,1.0,0.0,0.0,0.0,1.0,0.0,True
SmolLM2-360M,SmolLM,layer21,21,29,0.9354838709677419,,False,d_all,True,0.0,0.0,0.0,0.0,1.0,0.0,0.0,0.0,1.0,0.0,0.0,0.0,1.0,0.0,0.0,0.0,1.0,0.0,0.0,0.0,1.0,0.0,0.0,0.0,1.0,0.0,0.0,0.0,1.0,0.0,0.0,0.0,1.0,0.0,0.0,0.0,1.0,0.0,0.0,0.0,1.0,0.0,0.0,0.0,1.0,0.0,0.0,0.0,1.0,0.0,True
SmolLM2-360M,SmolLM,layer21,21,30,0.967741935483871,,False,d_all,True,0.0,0.0,0.0,0.0,1.0,0.0,0.0,0.0,1.0,0.0,0.0,0.0,1.0,0.0,0.0,0.0,1.0,0.0,0.0,0.0,1.0,0.0,0.0,0.0,1.0,0.0,0.0,0.0,1.0,0.0,0.0,0.0,1.0,0.0,0.0,0.0,1.0,0.0,0.0,0.0,1.0,0.0,0.0,0.0,1.0,0.0,0.0,0.0,1.0,0.0,True
SmolLM2-360M,SmolLM,layer21,21,31,1.0,,False,d_all,True,0.0,0.0,0.0,0.0,1.0,0.0,0.0,0.0,1.0,0.0,0.0,0.0,1.0,0.0,0.0,0.0,1.0,0.0,0.0,0.0,1.0,0.0,0.0,0.0,1.0,0.0,0.0,0.0,1.0,0.0,0.0,0.0,1.0,0.0,0.0,0.0,1.0,0.0,0.0,0.0,1.0,0.0,0.0,0.0,1.0,0.0,0.0,0.0,1.0,0.0,True
SmolLM2-360M,SmolLM,layer31,31,1,0.03225806451612903,,False,d_all,False,13.175086975097656,-0.17999288888888887,-0.2003979555555556,-0.1614814222222222,8.757091431232465e-69,-2.119075716850344,-2.3044192280652895,-1.9373514785425354,1.9982416446309982e-112,-0.054143790849673135,-0.07518483660130716,-0.03555032679738563,3.617613816522609e-07,-0.2990268817204301,-0.3406225806451614,-0.2610831989247313,2.1078819642054735e-48,-0.9149239891521859,-1.2100667423967724,-0.5932832935086944,9.57702343962457e-09,-2.1894804073686682,-2.421189786088264,-1.9760372628776675,6.635661931101048e-78,-0.012720156555772966,-0.032321768707482976,0.0,0.14712845114154813,-0.3058478877444395,-0.3474166810276158,-0.26525726553950957,7.995766818991507e-48,-0.4576558661831793,-0.5212448344991211,-0.3948054921925775,3.9997159819319135e-45,-0.3832951945080091,-0.5520933493589744,-0.2259019611461221,2.264767198437147e-06,0.244883090870757,0.20100945920303603,0.28948275722116795,5.124691862186321e-27,1.2745564182164824,0.9665420563744906,1.6010598833190905,1.0637015986330835e-15,-2.119075716850344,True
SmolLM2-360M,SmolLM,layer31,31,2,0.06451612903225806,,False,d_all,False,11.368036270141602,-0.018602666666666656,-0.024643911111111104,-0.012679377777777744,6.835424812801533e-10,-0.5971569728914154,-0.7500893268028828,-0.4647983675103448,9.525093891358048e-17,0.0012287581699347294,-0.0009986928104575021,0.003718039215686236,0.3073375589504326,-0.045736559139784916,-0.061138306451612945,-0.030638978494623634,6.6618029834816875e-09,0.044113630192233355,-0.12160108911643618,0.21624682735867917,0.6054092536327706,-0.6760282126675361,-0.8497258605620971,-0.5123149778078678,2.8899578963605986e-15,0.003424657534246589,-0.0029975496201911393,0.013610133708655887,0.4398748636697468,-0.02782131661442,-0.040100931421523586,-0.015788182713307074,7.1101626943534005e-06,-0.03769446718914493,-0.05814663200282386,-0.020272367944336227,0.00015466620481115024,-0.07265446224256289,-0.15239417989417992,-0.014522126237724588,0.037685175623509704,0.046965317309719645,0.032346751001475854,0.0622933855154965,1.9100755279311777e-09,0.7201418428597695,0.5612010140112447,0.8834210698840997,5.43024206308982e-18,-0.5971569728914154,True
SmolLM2-360M,SmolLM,layer31,31,3,0.0967741935483871,,False,d_all,False,9.9212646484375,-0.012369777777777702,-0.017137955555555584,-0.008136799999999963,4.966629673547836e-08,-0.4730615039138599,-0.5768281607190966,-0.3683858569583357,3.894112421285513e-18,-0.0016366013071894558,-0.0032471895424836307,-0.00023516339869286153,0.034141856097836154,-0.027629032258064568,-0.03882500000000002,-0.017590860215053798,5.627007719970044e-07,-0.032094562192611864,-0.1627230981422769,0.09909463410500528,0.6288924141023844,-0.48254222229848676,-0.6113830412637214,-0.3540957818167476,8.382073418896562e-14,0.0004892367906066397,-0.007562247255210028,0.008306245419060025,0.8957369679537401,-0.018659501418122115,-0.026858291636429943,-0.010791195064521805,3.4086963794933994e-06,-0.018101532342964077,-0.0350656110752814,-0.005034433949544996,0.022905471184551992,-0.10183066361556059,-0.18331668659166694,-0.033016925638179845,0.009388488889235881,0.02599243095087511,0.016467120493358623,0.037400757959097586,1.225619986890074e-06,0.4504476601058749,0.33019412625234945,0.576086180207679,4.3292707134359737e-13,-0.4730615039138599,True
SmolLM2-360M,SmolLM,layer31,31,4,0.12903225806451613,,False,d_all,False,9.32465648651123,-0.012431999999999999,-0.017314399999999983,-0.007786533333333276,3.6047997521568955e-07,-0.5204752955861953,-0.6365232083784952,-0.38490106413603214,7.773149542641164e-16,-0.01019607843137249,-0.01512679738562095,-0.005730588235294124,2.15276710701038e-05,-0.015112903225806495,-0.02350725806451611,-0.006703091397849515,0.00048804167147299644,-0.6827154645882625,-0.833464461483981,-0.529631063405316,1.0413591091815439e-17,-0.4280811223169061,-0.5610608251854987,-0.27968773273402375,8.321628922299817e-09,0.003424657534246589,0.0,0.011672619047618979,0.2998907094837967,-0.024024108075832218,-0.034013616472833796,-0.014137559506496181,4.809987451256898e-06,-0.013890513510352087,-0.027173936149806902,-0.002819802610633581,0.03002638742995967,-0.0062929061784896545,-0.04087333976652871,0.028375344247246026,0.7195726793051703,0.004916824794434005,-0.003414421779464488,0.013413012861058296,0.24530435662673544,-0.2546343422713564,-0.36839930907569535,-0.13912946425788142,1.4270277827860816e-05,-0.5204752955861953,True
SmolLM2-360M,SmolLM,layer31,31,5,0.16129032258064516,,False,d_all,False,9.516189575195312,-0.009365333333333337,-0.013648399999999995,-0.005995777777777803,1.7281629460103025e-06,-0.37290600252950723,-0.48475185077407495,-0.26522302869398634,1.363815300104445e-10,-0.006133333333333324,-0.009125098039215684,-0.003448758169934637,2.99880330524196e-05,-0.014844086021505443,-0.02424784946236563,-0.006612634408602133,0.0009698601217865447,-0.48329307563108426,-0.6253939172857603,-0.35105115525671143,3.5701368754346452e-12,-0.33705181428109077,-0.4687218485429131,-0.2074241699246528,7.497468496550883e-07,0.003913894324853229,0.0,0.011679503454336847,0.20110195501444394,-0.01151291237498131,-0.018538518000456868,-0.004757720247778261,0.000855078100698095,-0.01965142121885599,-0.031827658627711856,-0.009574596792672386,0.0006823363231359961,-0.038329519450800875,-0.10822048611111108,0.01345407018026069,0.20577211098003467,0.008710752688172119,0.0003051713050812366,0.017764542483660117,0.05135132238383393,-0.1462412613499935,-0.2627862133459489,-0.03761741159962136,0.01326144359799341,-0.37290600252950723,True
SmolLM2-360M,SmolLM,layer31,31,6,0.1935483870967742,,False,d_all,False,9.085290908813477,-0.015294222222222209,-0.020618977777777787,-0.010562355555555548,2.3524713286515564e-09,-0.6058948755204847,-0.7295954109931521,-0.48827726019560996,4.089794763845548e-23,-0.011126797385620835,-0.01603699346405228,-0.006660522875816977,3.491403928328086e-06,-0.019365591397849435,-0.027576478494623646,-0.011391935483871041,5.270303503597098e-06,-0.8099465544325448,-0.974566696409551,-0.6611784513573646,6.88868135059977e-25,-0.49350452098359554,-0.6290082356245005,-0.3657619242739566,4.231799901499649e-13,-0.003424657534246589,-0.014723604400535236,0.007336750537949847,0.5246940179592372,-0.021738319152112218,-0.0326484307842942,-0.012066177672403582,1.154596705251673e-05,-0.019622178032518423,-0.03083496163464093,-0.008864243023017838,0.0005087431921131747,-0.024027459954233388,-0.06315798355424644,0.007388970463057482,0.18263124639957085,0.0082387940122286,0.000735664136622344,0.015475063251107014,0.039386951354169183,-0.3164420334489493,-0.41875604818734613,-0.21146425895276455,7.872819099447097e-09,-0.6058948755204847,True
SmolLM2-360M,SmolLM,layer31,31,7,0.22580645161290322,,False,d_all,False,7.387957572937012,-0.0030542222222221804,-0.005646577777777775,-0.00030368888888896746,0.024743213368638772,-0.15383972819589964,-0.24615045912202682,-0.058867569862837706,0.0009695184527265435,-0.0028444444444444272,-0.006573725490196036,5.62091503263049e-06,0.09805480990779228,-0.002838709677419393,-0.008423387096774218,0.002985618279569842,0.32280790577257945,-0.017605891224377945,-0.14092932365395244,0.10520494484316331,0.7800212633923879,-0.05844968989499977,-0.1594481656563541,0.053437406354149265,0.27276969673016305,0.005870841487279899,0.0,0.016608142332531398,0.1769296475639378,-0.008639349156590481,-0.01400116613615433,-0.0031071608864026387,0.002977593810460669,-0.002076266229968482,-0.008360240367797481,0.0034512124827276013,0.5133861145166001,0.005148741418764313,-0.025188331188331203,0.03623821698458667,0.7467679043422006,-5.73476702503406e-06,-0.006765007906388368,0.006128365485979346,0.9985677698575209,0.04084379867062182,-0.06005351400989097,0.14230897533573314,0.43198132157681646,-0.15383972819589964,True
SmolLM2-360M,SmolLM,layer31,31,8,0.25806451612903225,,False,d_all,False,7.880324840545654,-0.007631999999999972,-0.010884133333333313,-0.004666622222222261,3.2023320889768845e-06,-0.366217990913424,-0.4689841475162445,-0.2600665798019235,1.0580887735797588e-11,-0.00557908496732018,-0.008760522875816986,-0.002953594771241861,0.00022030059918306193,-0.01003225806451613,-0.015920026881720405,-0.004741129032258016,0.0004749638773356178,-0.43319980843326533,-0.5762905197676172,-0.29006711656731926,1.1191345048890763e-08,-0.2452151172825685,-0.3636574671292543,-0.12643692413642163,9.31546562244046e-05,-0.017123287671232834,-0.04952600728822886,0.0,0.21391776744662294,-0.008835273921480757,-0.014440736119976264,-0.0035039506057205527,0.0022477493092028797,-0.014182945373727884,-0.02323868066123277,-0.006962084564968087,0.0006266482688341402,-0.0028604118993134087,-0.031137675455857276,0.023640299224899394,0.8308927738804563,0.0044531730971959504,-0.0006861959730127819,0.009676573371284108,0.10792521245472021,-0.18798469115069683,-0.30028232854789416,-0.08488623741258462,0.0006538990228988625,-0.366217990913424,True
SmolLM2-360M,SmolLM,layer31,31,9,0.2903225806451613,,False,d_all,False,7.242049694061279,-0.0071146666666666025,-0.010026844444444405,-0.004104622222222268,4.170781575624163e-06,-0.2905745161595794,-0.38280318920142026,-0.19012872017375024,1.3735823218648732e-09,-0.006358169934640445,-0.009683790849673222,-0.0031886274509803645,0.00018782743575431878,-0.00682258064516128,-0.01184462365591393,-0.0018116935483870474,0.008047866027743225,-0.43701144222319455,-0.5629663138761405,-0.31494639349356324,9.653755551377322e-12,-0.1596917669508171,-0.25700004221709,-0.06047912111595823,0.002097045376180022,-0.0014677103718199191,-0.008232819949576895,0.0033559871647120456,0.6145765052370422,-0.010272055530676227,-0.016099292898417834,-0.004768346473146313,0.00038144311654964626,-0.009796467423090482,-0.018006819431996876,-0.0031589565504093592,0.008722760490186299,-0.013729977116704761,-0.04148611111111119,0.012156723484848494,0.30731425266513146,0.00046441071052083505,-0.004511142209571969,0.005836651908075052,0.8637353356561178,-0.27731967527237744,-0.3696476108498927,-0.18313202816207402,4.7764535015437364e-09,-0.2905745161595794,True
SmolLM2-360M,SmolLM,layer31,31,10,0.3225806451612903,,False,d_all,False,8.626678466796875,-0.025270222222222194,-0.03224073333333333,-0.018867333333333305,1.0586040691352422e-13,-0.8622416398902395,-1.003625713754729,-0.7268259489423533,1.0256739069281677e-35,-0.013932026143790743,-0.02060287581699343,-0.008369934640522948,8.455920837513848e-06,-0.038553763440860256,-0.049523118279569844,-0.02755215053763444,6.472830137821502e-12,-0.8921085996868245,-1.088756360019871,-0.7224110151966273,6.994813815743326e-23,-0.7463698716763272,-0.895885636532843,-0.5968306369017169,1.0940341457746106e-22,-0.044520547945205435,-0.09940909090909099,-0.0008501254036968611,0.06869649503296385,-0.04454955963576657,-0.061707595268261105,-0.03106558896777243,3.1153608258620245e-09,-0.022371037548251316,-0.03720495933521932,-0.009771831943167174,0.0013042423731359175,-0.07265446224256289,-0.1280799382176372,-0.02462569310709591,0.007103123688565524,0.024621737297069513,0.015068387623866697,0.03443876713050814,2.8304598690412e-06,-0.14573872801049736,-0.28464656315374787,-0.018589784754350847,0.028914502919808332,-0.8622416398902395,True
SmolLM2-360M,SmolLM,layer31,31,11,0.3548387096774194,,False,d_all,False,3.6436643600463867,-0.0022773333333332424,-0.003843600000000044,-0.0007430666666665836,0.0043292900659955,-0.08655021981171052,-0.14611726133308026,-0.023268647927236607,0.0074534288324631095,-0.0022431372549018835,-0.0036392156862744577,-0.0011135947712418105,0.000756379833786392,-0.002612903225806429,-0.0059086021505376785,0.0007048387096774656,0.13158946726176304,-0.22199345083068778,-0.3054063559950375,-0.14074189079352525,1.026135423392917e-07,-0.03985291808575431,-0.10939377816373698,0.034383928302929696,0.2749483047642497,-0.005381604696673148,-0.01713074554913842,0.002172819399203764,0.2674194152028563,-0.0023510971786834256,-0.005236077366191349,0.00047117210676205434,0.10720214461203463,-0.003158264124458965,-0.009021606532931969,0.0012533032045511066,0.22947891483789518,-0.011441647597253968,-0.03170296457092151,0.004332386363636434,0.22927845813618675,0.0003697659709045453,-0.002996382563778227,0.003715794328484047,0.83019040940717,-0.18214053274493347,-0.2482252148794026,-0.11750294393538395,7.93682549655423e-09,-0.08655021981171052,True
SmolLM2-360M,SmolLM,layer31,31,12,0.3870967741935484,,False,d_all,False,5.716804027557373,-0.002616888888888891,-0.0049355111111111126,-0.0004595555555555972,0.022145616084615048,-0.1820197540598789,-0.2555073470839091,-0.1095074728895558,1.529519455308157e-06,-0.0010196078431371491,-0.0037334640522876162,0.0013388235294117892,0.43390169764408004,-0.004365591397849533,-0.008640456989247272,0.00028024193548388196,0.054027959170358034,-0.16996574675675769,-0.28294202803990764,-0.07909845836431947,0.0011763515759944773,-0.13914108354915822,-0.2196205660107055,-0.05693274654722579,0.0012218553014678483,-0.007827788649706457,-0.023923133829706046,0.0035723955647240725,0.29139413312003115,-0.004338334079713402,-0.008587305531840566,-0.0003128339850065984,0.04726198541986652,-0.008626739969587072,-0.01610305823607405,-0.003147950213795587,0.007760671655787654,0.012013729977116694,-0.002841396661119172,0.032970280310705945,0.19824579769866513,0.003345983554712384,-0.0016098323845667255,0.007763098777145361,0.16730029826177384,-0.030824663207599468,-0.1045499334511961,0.03570008862015175,0.3917621282528657,-0.1820197540598789,True
SmolLM2-360M,SmolLM,layer31,31,13,0.41935483870967744,,False,d_all,False,7.708709239959717,-0.010414222222222214,-0.014298666666666692,-0.006824800000000081,9.287062921010102e-08,-0.4226809531218194,-0.541480177295579,-0.3107027481014299,7.396434516320222e-14,-0.011048366013071798,-0.016816993464052285,-0.0062262745098038905,4.204523230786674e-05,-0.011715053763440841,-0.018602688172043077,-0.005607123655913943,0.0003625077849432715,-0.53200920285206,-0.6823057592760629,-0.3954383552083615,8.139213709579247e-13,-0.21920909860611504,-0.3466283191593403,-0.10344106928907648,0.00045748419347294575,-0.010273972602739656,-0.025601667780866307,0.0,0.11611461849657244,-0.013770712046574096,-0.021453871223460735,-0.0068047690488697386,0.0002424541410644424,-0.012925488361211879,-0.022129763323266508,-0.0048105590062111955,0.0024516167945356796,-0.02517162471395873,-0.06569035198348995,0.005409159159159212,0.157670069222403,0.0006666877503690438,-0.006579103942652378,0.008233446658233187,0.8603136340561028,-0.31280010424594495,-0.43680477060974515,-0.19090759422331935,9.298906959078521e-07,-0.4226809531218194,True
SmolLM2-360M,SmolLM,layer31,31,14,0.45161290322580644,,False,d_all,False,4.5143914222717285,-0.0021973333333332734,-0.003863377777777707,-0.0007002666666666159,0.006384526081425167,-0.09962963731349683,-0.15871212430391357,-0.039965962463555375,0.0009773175277221773,-0.0032732026143790227,-0.00566300653594771,-0.0013278431372548084,0.003267955384675385,-0.0013978494623656523,-0.004645564516129111,0.0014204301075269007,0.3740595023416029,-0.19337107333847747,-0.2748208187111087,-0.11442056888726637,3.0573964911541717e-06,-0.04004572113139826,-0.10763022129003078,0.027394860584818985,0.23369964801557674,-0.0009784735812132794,-0.006191001634321722,0.0032685113519091724,0.6558430736335756,-0.0025097029407373794,-0.0059692284855263535,0.0007941761219413163,0.14960073071154767,-0.0038016142238858075,-0.008067224298267048,-0.0003369828809359381,0.050910450737778515,0.0017162471395881784,-0.009325485106908912,0.013848837209302429,0.7632692692610453,-0.0018753531520133704,-0.00531360215053753,0.0018589284208306964,0.29843055301674914,-0.1533253522070792,-0.2201026004461348,-0.08979456599556151,4.873070614943449e-06,-0.09962963731349683,True
SmolLM2-360M,SmolLM,layer31,31,15,0.4838709677419355,,False,d_all,False,6.111940383911133,-0.0028639999999999777,-0.004828844444444522,-0.0009735111111111006,0.0035928043687813455,-0.17591045045483078,-0.24998955489477004,-0.09952286265767317,3.631535384457946e-06,-0.003649673202614334,-0.006081176470588287,-0.0014690196078431196,0.0022270763788152354,-0.0022956989247312487,-0.005957526881720407,0.001495564516128963,0.22239719622624188,-0.3235324468662415,-0.42382782171170114,-0.2262072774469081,2.017474940299576e-10,-0.057880594792308226,-0.14198553668534897,0.025578045129804394,0.18136233129492185,-0.006849315068493178,-0.018645512856370422,0.0,0.14624888464139435,-0.003041498731153891,-0.007086237641547949,0.0009302690716896171,0.13001227306273125,-0.004006316528248899,-0.009020641051364409,0.0010565711155973692,0.11182256410081845,-0.007437070938215107,-0.03625183027756565,0.0164410979445542,0.5784940754552758,-0.0013539742778830854,-0.00525986401012016,0.0028275068522032707,0.5143365530183712,-0.26565185207393327,-0.3352557553507123,-0.19737139911142437,1.1499893288102995e-13,-0.17591045045483078,True
SmolLM2-360M,SmolLM,layer31,31,16,0.5161290322580645,,False,d_all,False,3.2851247787475586,-0.0024071111111110266,-0.004025600000000076,-0.001007733333333344,0.0015652088192045044,-0.12667919279581774,-0.1858113577257778,-0.0717139931594098,1.4973637314862397e-05,-0.0008104575163397909,-0.002353333333333413,0.0005913725490196554,0.28456936696063073,-0.0052311827956988965,-0.00874206989247318,-0.0017795698924731873,0.004752427834572628,0.04865581716055667,-0.03576796750700269,0.13583232071275786,0.2595286122603616,-0.08497529168493712,-0.1521357413735756,-0.019206185896689553,0.011750786605097346,0.0009784735812132794,-0.004639484774549324,0.00703807006321495,0.7134976824140746,-0.004636886102403315,-0.008111887700009746,-0.0016311724972276204,0.004968687821447208,-0.005088314422739493,-0.010168449204281813,-0.001227137065468362,0.022391631474884453,0.0,-0.010381219903691776,0.009091030692154344,1.0,0.004420725279359106,0.000703385515496513,0.008036866961838498,0.02337871118515951,0.13363110884549378,0.06986964487387799,0.19516313554137063,3.370242185651774e-05,-0.12667919279581774,True
SmolLM2-360M,SmolLM,layer31,31,17,0.5483870967741935,,False,d_all,False,4.373733043670654,-0.0035253333333332693,-0.005192177777777701,-0.002108400000000024,8.089612493416727e-06,-0.18564084606242792,-0.2407372143518572,-0.1317667589201777,1.6130282893603886e-11,-0.0031790849673202226,-0.0057150326797384965,-0.0013435294117646799,0.004795370334914899,-0.004526881720430143,-0.007618548387096774,-0.0018428763440860763,0.0029156227107530537,-0.19874478348101343,-0.27243933796630615,-0.1296935500704421,4.7483626177194895e-08,-0.08097415471332337,-0.14266452292847345,-0.022016065791697233,0.010286609481878912,-0.004892367906066508,-0.014006833910034613,0.0,0.1744687739668206,-0.005476563666218848,-0.008934065293145468,-0.002415317733493347,0.00099400661418912,-0.005293016727102584,-0.009890338204082218,-0.0018863621927464576,0.01017619859098177,-0.0028604118993134087,-0.025883324382384557,0.014233547351524958,0.7774247672539898,0.00134779675310992,-0.0021917336074215115,0.00495051233396579,0.4567833073194245,-0.11777062876769007,-0.17093169507194733,-0.06748561273605025,7.208503608973736e-06,-0.18564084606242792,True
SmolLM2-360M,SmolLM,layer31,31,18,0.5806451612903226,,False,d_all,False,4.8555521965026855,-0.0030933333333332813,-0.005337688888888944,-0.0009986666666666204,0.005308014404332734,-0.2372906592473507,-0.31604678297798366,-0.16510007009830918,1.709207142533691e-09,-0.0011973856209149814,-0.0031745098039215798,0.0009104575163398292,0.2495824571105013,-0.00421505376344089,-0.009330107526881784,0.00033440860215050065,0.08176953981378185,-0.24812878640207758,-0.3551326875742739,-0.14549016833401154,3.866668572800636e-06,-0.15187371571945452,-0.24003605414411106,-0.07251573311558496,0.00036114117158528015,0.0029354207436399493,-0.0034756693742478834,0.013845109796612876,0.5142508087216913,-0.0029948499776085713,-0.0072958544698191324,0.0007215563169241157,0.14391457025565293,-0.008539010410574366,-0.01518829869702904,-0.002676730864312025,0.008418519687430917,-0.014302059496567487,-0.04912579744816591,0.009994150340099392,0.3697080806210187,0.003017668142525909,-0.0016875173940544802,0.008111820577693395,0.22369448408292825,-0.09625507068262307,-0.1815905125555375,-0.014164030417662062,0.029105507959851912,-0.2372906592473507,True
SmolLM2-360M,SmolLM,layer31,31,19,0.6129032258064516,,False,d_all,False,4.728330135345459,-0.004122666666666608,-0.006224355555555563,-0.0019447111111111084,0.00018884364972109938,-0.21327565249191016,-0.2852749747877401,-0.132729668978639,4.852330150723101e-08,-0.0048104575163397945,-0.007691633986928101,-0.002493594771241767,0.0004450993971644361,-0.00305376344086028,-0.007116129032257992,0.0007939516129032148,0.1342557435229366,-0.41747951805692685,-0.5228282578739614,-0.3205861943372716,4.1507259675435357e-16,-0.1317327847518328,-0.21102624553660723,-0.05201548094622721,0.0013966722596973865,-0.0014677103718199191,-0.008800040603120961,0.0034843205574912606,0.6250280340999197,-0.007510449320794144,-0.012064714925794275,-0.003424350231954477,0.000928501397105448,-0.005117557609077061,-0.010703790108108967,-0.0007477342795878958,0.06073176798471793,0.012013729977116694,-0.00852480539039276,0.03552478114759072,0.2864535519153667,-0.0017566940754795146,-0.006127704511912311,0.002924680581910146,0.4467873374296226,-0.28574673330509404,-0.3628087103249676,-0.2122058124322678,4.155997239032665e-13,-0.21327565249191016,True
SmolLM2-360M,SmolLM,layer31,31,20,0.6451612903225806,,False,d_all,False,2.641915798187256,-0.0007715555555555254,-0.0016570222222222625,3.822222222202055e-06,0.06624334551423308,-0.03718521905332617,-0.07178746253814225,-0.0034309487202782095,0.03734020400763859,-0.0005594771241829166,-0.0012290196078432237,7.346405228764706e-05,0.0856366672132877,-0.0013333333333334085,-0.0034251344086021875,0.0004895161290322772,0.1889843801966229,-0.002201451270197552,-0.05246929999787396,0.04527607618282383,0.9272766053649859,-0.0012993898813382643,-0.040513424867913816,0.03930294788202347,0.9494391021713612,-0.0014677103718199191,-0.0053764756012879,0.0,0.34159383725419123,-0.0013621436035229362,-0.0031894376786017918,0.0004265333695133178,0.14470415878308307,-0.0005848637267517054,-0.0032036534749792455,0.001365145357636002,0.6075330518785518,-0.0022883295194507935,-0.010101521285731874,0.001483738349680315,0.4671457057016606,0.0007738562091504919,-0.0010781251317730917,0.0028797728231077786,0.4515391655396924,-0.0009020613888592877,-0.03696932413152158,0.034761030672455825,0.9620430995555599,-0.03718521905332617,True
SmolLM2-360M,SmolLM,layer31,31,21,0.6774193548387096,,False,d_all,False,3.4771132469177246,-0.0010364444444443954,-0.00238048888888896,0.00022986666666663887,0.12724520046666865,-0.08342427106379224,-0.13515702474251035,-0.03028550226012067,0.0017872940901340502,-0.00039215686274507444,-0.0015954248366012917,0.0007011764705882212,0.5139239119223089,-0.0014301075268817742,-0.004193548387096735,0.0008775537634407959,0.2737204574894725,-0.15810713797227516,-0.2322627170092097,-0.09205696269035017,1.4324173239196968e-05,-0.08271140085569995,-0.1380071846177441,-0.028898439169091506,0.00455358780482342,-0.0014677103718199191,-0.01053006180932762,0.004918660810515187,0.7083687030761683,-0.0014741006120316813,-0.004180427423806846,0.0012283334433294652,0.2987057696932994,-0.0023394549070067105,-0.006097336534064937,0.0005882247728452219,0.16610657756610592,-0.0062929061784896545,-0.024562447786131963,0.0066986358470467,0.4212456468924374,0.0010379506641366998,-0.0014560705249841764,0.003755988298545279,0.41950592335956693,-0.07539573711657521,-0.1291918275828479,-0.025680579643406302,0.0065046206501572735,-0.08342427106379224,True
SmolLM2-360M,SmolLM,layer31,31,22,0.7096774193548387,,False,d_all,False,5.83673095703125,-0.0015679999999999028,-0.0035044888888888432,0.000507777777777767,0.12762448087399247,-0.13143986518294026,-0.19855819676925604,-0.062167808765143544,0.00014843558393324042,-0.0023215686274509206,-0.004162222222222209,-0.0007631372549020051,0.009008960594140431,-0.0015591397849462618,-0.006263709677419321,0.002677956989247276,0.47763213660818404,-0.2496739198543878,-0.3507804584168045,-0.15773830650314913,2.4006102101843937e-07,-0.04314085152286529,-0.1150960823942942,0.03336065323052399,0.2698649661025907,0.0004892367906066397,-0.0046300329074718425,0.006432434125360105,0.8533414953892111,-0.0013994626063591475,-0.004568401942710193,0.001491029013987803,0.3660959709883882,-0.004240262018949559,-0.012669968049644634,0.001915845256047169,0.26134409809863723,0.01544622425629294,0.0006576916829109575,0.03611646800687889,0.10202792717965371,-0.0007624288425046588,-0.0048736063672781575,0.003629588867805144,0.7254478853024463,-0.20653306833152252,-0.27720842507882787,-0.13872120948001207,9.434772484077964e-09,-0.13143986518294026,True
SmolLM2-360M,SmolLM,layer31,31,23,0.7419354838709677,,False,d_all,False,3.1630733013153076,-0.0014382222222222296,-0.0028072888888889787,-0.00012942222222222833,0.04074763938292503,-0.09376692722657154,-0.1468238292496194,-0.04097096464059965,0.0002587682617830816,-0.0014692810457516137,-0.0030275816993465014,-0.00016732026143795043,0.04328444529608152,-0.0012688172043010537,-0.003688978494623654,0.0010491935483871416,0.29637813111716427,-0.11737404785098349,-0.18799312908295818,-0.04932972882747381,0.0007966644531181545,-0.062224418383559854,-0.12011906557211396,-0.0063068178538710756,0.026828745980631095,-0.0009784735812132794,-0.007572367175668846,0.004415011037527616,0.7346596776481028,-0.002117853410956827,-0.004662278320419116,0.00034520798268414504,0.09075816968576901,-0.001842320739267711,-0.005304953716714711,0.0013160438697283686,0.2798007956738874,-0.0062929061784896545,-0.022365388644458393,0.00869665167416287,0.4363263576322418,-0.00020046384145055995,-0.002636111111111072,0.002188516761543407,0.8747757687186314,-0.05514962946742363,-0.1048464798638181,-0.00559283505991681,0.03039379393495923,-0.09376692722657154,True
SmolLM2-360M,SmolLM,layer31,31,24,0.7741935483870968,,False,d_all,False,5.963306427001953,-0.005882666666666592,-0.00884311111111111,-0.003054088888888848,5.9709106565901035e-05,-0.34608815229185996,-0.42867023726814496,-0.2683317780633978,1.4345872100526197e-16,-0.004235294117647004,-0.008146405228758202,-0.001070718954248313,0.021005283122732074,-0.011462365591397905,-0.016984408602150503,-0.006305241935483864,2.7855543152247483e-05,-0.411374807380823,-0.5318015327390005,-0.30185781146988816,1.9242209275122222e-11,-0.30879285941974777,-0.39973708230447896,-0.22189325783414987,1.316547012043004e-11,-0.07583170254403127,-0.2120394329234079,-0.0035584033719492066,0.20644686787060518,-0.008182191371846503,-0.013771344623490783,-0.002594437996177639,0.003023811274120029,-0.007895660311147523,-0.01681410672553329,-0.001780330783380585,0.035980172989531066,0.0011441647597254523,-0.01250161677753137,0.0172124458424833,0.8812946536362867,0.007227071473750901,0.0014990565043220883,0.012504408075057923,0.013254002440280108,-0.10258194796107523,-0.20421589937323173,-0.010182398306945685,0.03924010904575214,-0.34608815229185996,True
SmolLM2-360M,SmolLM,layer31,31,25,0.8064516129032258,,False,d_all,False,3.6097140312194824,-0.002433777777777757,-0.004286666666666636,-0.0006826222222221679,0.009082282190364863,-0.1635983952899469,-0.23044502291779637,-0.10149691701523013,1.033053482167211e-06,-0.0005490196078430376,-0.001847712418300648,0.0005972549019607826,0.40269207454944944,-0.005698924731182831,-0.010226344086021466,-0.0016336021505375727,0.011106323544609853,-0.13982653971641756,-0.22780216466299874,-0.05687640360383389,0.001659225737436436,-0.12912946604284858,-0.20677729225341637,-0.05574463573389871,0.0007784061143689801,-0.0004892367906066397,-0.0069468896713615865,0.0054808603758050205,0.8684888964357843,-0.003172115241080742,-0.006487995901460245,-0.0001391173699701305,0.05609072298753781,-0.002690373143057645,-0.007979626573644993,0.001536406438120069,0.2766512150188094,-0.024599542334096114,-0.062197020459215525,0.0,0.1367970728645598,0.005149905123339793,0.0010024393843559242,0.009463272717689306,0.019729525345505834,-0.01069707367356898,-0.0780912196334079,0.05434477494621633,0.7494916848071632,-0.1635983952899469,True
SmolLM2-360M,SmolLM,layer31,31,26,0.8387096774193549,,False,d_all,False,3.6983556747436523,-0.0019591111111110227,-0.003284622222222261,-0.0007871999999999854,0.002107788185273189,-0.08707729206427528,-0.13351394217531487,-0.041526947065292655,0.00023677345335361752,-0.00047058823529411153,-0.0015845751633986687,0.0005758169934640311,0.3944243605049005,-0.0040322580645161255,-0.006828763440860222,-0.0014193548387096938,0.003598423128224531,-0.018212397059529373,-0.08362764893703797,0.045111963446997846,0.5629483359663621,-0.06940738270956848,-0.12210707084767196,-0.023386405873710263,0.00668872659067881,0.00195694716242667,-0.001961269656377396,0.008711562827416523,0.4696533335405628,-0.003172115241080742,-0.005896189230711329,-0.00044318570351719667,0.024189788456228732,-0.002836589074745599,-0.006207290021257491,-0.00018306672380155896,0.06381822680353877,-0.010869565217391242,-0.031727841698477206,0.00485061238571678,0.26489036877915906,0.003561669829222014,0.0009865596668775206,0.006454400168669688,0.010387663336208363,0.051194985650039104,0.0020413009402192395,0.10054130359755664,0.040817941257991895,-0.08707729206427528,True
SmolLM2-360M,SmolLM,layer31,31,27,0.8709677419354839,,False,d_all,False,2.6155645847320557,-0.0006293333333332596,-0.001684000000000102,0.0004695555555555423,0.26779872601737176,-0.04019647771833146,-0.09056076158218913,0.010961825995812613,0.1268241695272055,-0.0004810457516338795,-0.0016418300653594509,0.0004707189542483613,0.35397234827878776,-0.0009462365591398347,-0.003338844086021489,0.0016399193548386646,0.45430359439657375,-0.039045214005402507,-0.10505501106689064,0.030053782454651415,0.2610161244348509,-0.026675254087889844,-0.08131350342451318,0.028534759488534307,0.3542145112958419,-0.005870841487279788,-0.01958063675454978,0.0033898305084745254,0.3203163851079873,-0.0003825197790714441,-0.0028892882571477955,0.0019127797388503035,0.7622891902617941,-2.9243186337568616e-05,-0.0028503791560763854,0.0028450743335611444,0.9844028045398484,-0.006864988558352381,-0.021073984357683373,0.003722475176210315,0.2549852297145305,0.0004651908075059552,-0.002102495783259567,0.0028666787897953156,0.7171323205312581,-0.012369959917512663,-0.06672173577118344,0.0432575225319883,0.6705483205818419,-0.04019647771833146,True
SmolLM2-360M,SmolLM,layer31,31,28,0.9032258064516129,,False,d_all,False,4.320156574249268,-0.005795555555555554,-0.00874666666666668,-0.0033242222222221313,2.88576923342678e-05,-0.30850919562164814,-0.3887413424904879,-0.23601326593318595,1.5094781057317686e-14,-0.002724183006535874,-0.00525594771241836,-0.0005850980392156762,0.034393472132991106,-0.007822580645161281,-0.012199462365591381,-0.003951344086021463,0.0002352754115181367,-0.42596881698108247,-0.5365815875625165,-0.3280145910252124,1.174598403123497e-15,-0.2791711792080731,-0.3654328199885993,-0.20131088267743225,4.326783146099646e-11,-0.010273972602739656,-0.028976597726597667,0.0007884936485591155,0.1712968042223617,-0.006904015524705209,-0.012182062693293264,-0.0022630903718316477,0.008701393862148958,-0.008948415019300549,-0.01553372557597304,-0.00355503793931088,0.00227412650747441,-0.0062929061784896545,-0.022172049232063992,0.008855505581103708,0.42191172832007307,0.005098397638625407,0.0012409825005270409,0.009050910815939256,0.011064072714148214,-0.14679763777300936,-0.228556815486114,-0.06908109105513778,0.00027537170859369913,-0.30850919562164814,True
SmolLM2-360M,SmolLM,layer31,31,29,0.9354838709677419,,False,d_all,False,3.3649163246154785,-0.002083555555555505,-0.0038125333333333456,-0.00030546666666673745,0.019009527423626032,-0.13155632398261563,-0.19173234569924033,-0.06509145997108651,5.093873650094603e-05,-0.0014588235294117347,-0.004183267973856217,0.00048666666666672927,0.22020063327849404,-0.002994623655913964,-0.00689435483870967,0.0009474462365591869,0.11822116958450334,-0.12014044688299119,-0.20366151883775227,-0.03251264605358402,0.004895832668356903,-0.1040307306376258,-0.17375700819769488,-0.027230481749710825,0.004005776801022122,-0.001956947162426559,-0.011578711769260544,0.0064517075571709995,0.6449420178413852,0.0001492760113449565,-0.002731003629716688,0.003106449114386816,0.9221552748924577,-0.007457012516083772,-0.014159400799560726,-0.001475910646473941,0.028382283521375996,-0.014302059496567487,-0.03454031371481347,0.0,0.11704807465200558,0.0015358001265022292,-0.0023787423571580034,0.005541163820366906,0.4654086445757225,-0.01610971624536539,-0.07880416151688716,0.05115023748403758,0.6315381672866089,-0.13155632398261563,True
SmolLM2-360M,SmolLM,layer31,31,30,0.967741935483871,,False,d_all,False,4.036318778991699,-0.002474666666666625,-0.0044197777777777334,-0.0006485777777777011,0.008856756814761285,-0.14566294933937396,-0.2121141242080589,-0.07912931599740676,2.6061635481442394e-05,-0.0020287581699346413,-0.003880261437908444,-0.0005383006535947728,0.01823475239600202,-0.0033602150537634934,-0.0071666666666666545,0.0002278225806452187,0.0818538874923026,-0.26718301779085873,-0.3529669904722604,-0.17945042258753272,2.3885327665804047e-09,-0.12808991725310515,-0.2057280870467013,-0.05861330064324198,0.0010568899057729528,0.0,-0.006180856180856209,0.005935643713375945,1.0,-0.0044129720853858245,-0.008834983484552819,-0.00019879760798710306,0.047077264261975144,-0.002076266229968482,-0.005499347840344221,0.0007516861714363414,0.2015626718518897,-0.014302059496567487,-0.04033492429229753,0.0034769917582417416,0.1977146629779608,0.001331456883828852,-0.002246808981657225,0.00495797122074639,0.48458704441192557,-0.1390931005377536,-0.19788750668129493,-0.07869188977061996,7.151694737394384e-06,-0.14566294933937396,True
SmolLM2-360M,SmolLM,layer31,31,31,1.0,,False,d_all,False,2.7166688442230225,-0.0017351111111110207,-0.003294666666666643,-0.0002968000000000138,0.025088869479600324,-0.13113440909361174,-0.1858401219465898,-0.07642638295249013,4.498811615132993e-06,0.00037124183006542744,-0.0010929411764706604,0.0023060130718954076,0.6799186920468421,-0.004564516129032303,-0.008064919354838704,-0.0015262096774193857,0.007180573350332627,-0.08477894857420143,-0.16094994528282358,-0.007588260203478843,0.02773851545389115,-0.14508458422343473,-0.20460056728995085,-0.08162923948251394,6.4151818701632975e-06,-0.012230919765166326,-0.03993722151118698,0.0023650606928532483,0.2915305700320179,-0.0025376921928645935,-0.005424922748004634,0.0002756383428656304,0.08043501849500047,-0.00035091823605104544,-0.0030987990563261375,0.0023325830563034667,0.8009080255780452,-0.021167048054919868,-0.05864470364119455,0.00755104512316225,0.21352638506306432,0.004935757959097731,0.0017580592452034805,0.008921372549019587,0.007063265924799234,0.0603056356492333,0.0018023494125036469,0.12038836219187359,0.03930158296269313,-0.13113440909361174,True
SmolLM2-360M,SmolLM,behavior,32,1,0.03225806451612903,0.9665097594261169,False,auc_all,False,1.625,-0.24303200000000003,-0.2728024,-0.21256444444444447,7.424604725605991e-62,-0.9712238176463308,-1.0868103279359391,-0.8585547885942336,2.3954591541048756e-63,-0.21916339869281054,-0.253718954248366,-0.1824748366013072,8.47720148935629e-36,-0.240247311827957,-0.28473581989247315,-0.19982567204301074,1.2144546992495295e-26,-1.0467121061844105,-1.2034699508531093,-0.8952910089568159,3.4963800234949904e-42,-0.9859497017041818,-1.1672294993169972,-0.8216963519996489,1.5363433487635909e-27,-0.07681017612524466,-0.20075580552143052,0.016524648980577455,0.19920235594164604,-0.21153343782654133,-0.2527583762409749,-0.1664387197129253,2.023497801704627e-21,-0.26836472102000236,-0.3482672919250541,-0.1874941828477334,6.50402358934465e-11,-0.29633867276887865,-0.4404254787457912,-0.145296089375538,7.26106104986701e-05,0.02108391313514646,-0.025149521663504083,0.06808205829643679,0.38387111115025174,-0.06076240448022863,-0.23235646377986496,0.12846175977130642,0.523585382316544,-0.24303200000000003,True
SmolLM2-360M,SmolLM,behavior,32,2,0.06451612903225806,0.9865735173225403,False,auc_all,False,0.875,-0.004909333333333321,-0.019190133333333362,0.010356555555555511,0.5128029235388138,-0.009590039972808828,-0.0735031487612142,0.06462897943898671,0.7874552520886664,0.016896732026143724,0.0007788235294117679,0.03351385620915026,0.04197733841532194,-0.028403225806451604,-0.05446438172043018,-0.0028593413978494583,0.02858802774316179,0.15999498796746492,0.06901556351563104,0.259177192240806,0.0011434691854089632,-0.110988157697408,-0.22426226755091172,-0.002905544072017942,0.05300602201195297,-0.012475538160469646,-0.05107124764799533,0.02892553047709146,0.5209525408095594,-0.02330571727123454,-0.04472297749983992,-0.0006019541107750005,0.045875308899570144,-0.012808515615861493,-0.058759469117875655,0.03659051725935101,0.5969463209998649,-0.027745995423340886,-0.10564166950402905,0.053053929094480666,0.5007963952210019,0.04529995783259533,0.017021785789584604,0.07193203773982709,0.0011570526273669093,0.2709831456648729,0.15447732516541615,0.3966279330210413,9.082704964266505e-06,-0.004909333333333321,True
SmolLM2-360M,SmolLM,behavior,32,3,0.0967741935483871,0.9968714714050293,False,auc_all,False,1.0,-0.23863733333333337,-0.25847157777777774,-0.21786551111111113,7.70595978729029e-112,-0.950099845332963,-1.028427244242099,-0.8699613439596178,2.607074984871292e-119,-0.2366117647058824,-0.26776235294117645,-0.20808405228758173,6.3768014906489135e-55,-0.22131989247311823,-0.2536773521505377,-0.19012002688172042,3.536856547228229e-42,-1.100365999864501,-1.2183399301255065,-0.9804511222637984,1.6498164582676174e-71,-0.9082787951685649,-1.036531105622892,-0.7917453814592931,6.0033163006830424e-49,-0.15508806262230923,-0.33376233758853474,-0.021226180318543814,0.06910674781323452,-0.21354866397969852,-0.24255628874297308,-0.1823369444430773,1.097848583679713e-41,-0.24940051468007957,-0.30068702446739654,-0.20061665791805985,9.257581894473601e-23,-0.2139588100686498,-0.314741785655218,-0.12007897603485841,1.6008221734092638e-05,-0.015291872232764181,-0.05306263388150953,0.023708768448239555,0.4377789979289818,-0.1920872046959361,-0.3313942662204302,-0.05069842950684569,0.007519334609885513,-0.23863733333333337,True
SmolLM2-360M,SmolLM,behavior,32,4,0.12903225806451613,0.9904116988182068,False,auc_all,False,1.5,-0.01181511111111111,-0.02824488888888891,0.003681644444444509,0.12964656311552927,-0.04938029402587696,-0.12388250877845368,0.025456276882690355,0.17986494698466704,0.005884967320261447,-0.01443928104575172,0.025504575163398716,0.5571508411018173,-0.023352150537634397,-0.047086290322580576,-0.0008252688172042631,0.04967585833224257,0.0481816580908474,-0.06520294078346393,0.15753603589074852,0.4144269774897099,-0.11015760981182143,-0.21419305707722958,-0.014326900180547723,0.03517336810137641,-0.013209393346379605,-0.0666714559386973,0.052627696641708015,0.6677441732440257,-0.02182228690849386,-0.046254452237928734,0.0026601765374232632,0.07629270661987092,-0.03390747455842791,-0.07838050291828091,0.00786258539795925,0.127878568848027,0.00486270022883295,-0.0626438178119349,0.0772061824146681,0.8914824491529969,0.029237117857895845,0.0035655228758170177,0.05817064068100355,0.0373060948279297,0.15833926790266883,0.03898300717073175,0.2823345975151211,0.012752795061708278,-0.01181511111111111,True
SmolLM2-360M,SmolLM,behavior,32,5,0.16129032258064516,0.9615805745124817,False,auc_all,False,1.25,-0.05197600000000002,-0.06754042222222226,-0.03718451111111116,1.8739652637141916e-11,-0.22774648531579,-0.29818980906477643,-0.16389327157314543,3.8173928578570615e-11,-0.04688888888888898,-0.06945450980392161,-0.026603137254901963,1.4598568468180487e-05,-0.06931451612903228,-0.0932012096774194,-0.04734818548387098,8.996651526075677e-09,-0.18144799227887742,-0.2940425623228894,-0.07102405546464967,0.0014873802562074957,-0.3041677151215424,-0.4081061317330195,-0.20848903434989804,1.147518191702461e-08,-0.06555772994129161,-0.21598054904435632,0.053028791592309506,0.3551737087775413,-0.06127780265711302,-0.08435008548455196,-0.03693655854443968,1.2305342975300456e-06,-0.09369516902561703,-0.1395981012818046,-0.050472439977785416,3.686212319673333e-05,-0.07522883295194505,-0.16596254355400702,0.010427989130434735,0.09196477960120193,0.022425627240143298,-0.005382783312249639,0.05057513150959316,0.12662813390837413,0.12271972284266497,0.00043713473708758004,0.25168351600234995,0.056543375726771046,-0.05197600000000002,True
SmolLM2-360M,SmolLM,behavior,32,6,0.1935483870967742,0.9799547791481018,False,auc_all,False,1.125,-0.08337422222222224,-0.09835384444444448,-0.06727786666666667,3.437071969941198e-26,-0.36543666375731654,-0.4301929463854498,-0.2998512811862632,7.649753678190718e-28,-0.06928104575163407,-0.08881124183006543,-0.04933816993464059,6.276825785117527e-12,-0.0930322580645161,-0.11501357526881717,-0.06862600806451613,9.53604712819016e-15,-0.36718222271804235,-0.4678337972459214,-0.268190127353821,1.3627513699898381e-12,-0.4220591416903301,-0.5189225749605395,-0.3239884739299576,1.7647923289931888e-17,-0.09784735812133072,-0.2444570267131243,0.0002838816031827253,0.13711878345415893,-0.10533755038065384,-0.1310880885383209,-0.07901762495723066,4.022050369158208e-16,-0.09600538074628617,-0.13029150834560627,-0.06445989227196113,3.3622658357856934e-08,-0.10812356979405036,-0.2163533760278305,-0.01362981023888982,0.03826396137471273,0.02375121231288202,-0.003963204722749408,0.04947820261437911,0.08635347090744132,0.05487691897228775,-0.057082583409110946,0.17010263194856762,0.3516861424348977,-0.08337422222222224,True
SmolLM2-360M,SmolLM,behavior,32,7,0.22580645161290322,0.9874556660652161,False,auc_all,False,1.0,-0.09974133333333335,-0.11413095555555555,-0.08514348888888894,3.568728512747378e-40,-0.4247869160586847,-0.48491340365695884,-0.364756553446148,2.736913738959811e-43,-0.06984052287581699,-0.08785235294117649,-0.05194947712418302,1.3404801094648043e-14,-0.12597580645161288,-0.1511092741935483,-0.10185073924731186,1.3143307392390395e-24,-0.37759971934797987,-0.4671061730762707,-0.28381977703511097,5.502416711211856e-16,-0.5349384662481041,-0.63028944441328,-0.4403412463386442,1.0135290086338544e-28,-0.08047945205479456,-0.14368894557823134,-0.0261574697545037,0.005957539200193394,-0.1256017689207345,-0.15061153757863052,-0.09999741589926704,3.760502405762543e-23,-0.13396303661246933,-0.16901838778829098,-0.10068685097848282,3.2756509129059324e-14,-0.02431350114416475,-0.08963386989811307,0.04014454588014973,0.4753663234892611,0.05613528357579589,0.030356388625342557,0.0851513008644318,3.899303128228144e-05,0.15733874690012428,0.05159930157640416,0.27049890776439733,0.004570391272735501,-0.09974133333333335,True
SmolLM2-360M,SmolLM,behavior,32,8,0.25806451612903225,0.9639480710029602,False,auc_all,False,0.875,-0.024562666666666733,-0.04140620000000002,-0.008097822222222228,0.0040086795478517945,-0.11186744172579843,-0.18335627221517786,-0.03531690265521298,0.0033710282902866913,0.007610457516339819,-0.01381725490196079,0.02862568627450984,0.4785915691934658,-0.05511827956989246,-0.08127426075268818,-0.028796841397849493,5.9293469251120386e-05,0.1111378109574761,-0.005886185238711441,0.23919155771631181,0.07237722601230259,-0.2550502220394474,-0.3657639302995734,-0.14196839277708956,6.470019106490683e-06,-0.07093933463796476,-0.1403495999913042,0.0012373699479791753,0.044030144144059945,-0.09204265562024183,-0.12177887001370702,-0.06331475409669576,2.0385703886124742e-09,-0.011843490466721285,-0.05122661300817268,0.02722683211625463,0.555788868247541,0.0025743707093821566,-0.07073328711137065,0.06934571540880509,0.9451625781122752,0.06272873708623228,0.03190236111111111,0.09338637333965845,8.285398853946776e-05,0.3661880329969235,0.22742367261384056,0.503608362535835,1.4581290891651376e-07,-0.024562666666666733,True
SmolLM2-360M,SmolLM,behavior,32,9,0.2903225806451613,0.9784053564071655,False,auc_all,False,1.0,0.06502488888888891,0.050221800000000046,0.08099491111111119,1.366984292877994e-16,0.3373225997239546,0.25834331086198176,0.4196890145681714,6.216526134620792e-17,0.046107189542483606,0.025547712418300703,0.06741816993464049,2.464503777779981e-05,0.07122311827956995,0.04666827956989243,0.0956898521505376,1.1344253572628943e-08,0.22837569298764349,0.11018588613455749,0.35789183328255625,0.00023958640232709597,0.2981544428769888,0.17871848020812892,0.40570745142763154,8.332682378806484e-08,0.08586105675146771,0.023955403313461382,0.16039332531978587,0.011544611400664572,0.07241752500373189,0.04828208076600043,0.09871082580871203,2.0146278098723146e-08,0.09413381682068078,0.052369388544891655,0.1378572850700766,2.5748832217701722e-05,0.07236842105263164,-0.008850957049486536,0.17223813166791,0.11787912558184198,-0.025115928737086346,-0.05592998866751002,0.0040397433059245974,0.10290148345394988,-0.06977874988934529,-0.2015387206790671,0.069121767795439,0.3213628293252654,0.06502488888888891,True
SmolLM2-360M,SmolLM,behavior,32,10,0.3225806451612903,0.9826857447624207,False,auc_all,False,1.0,-0.023142222222222286,-0.03988051111111115,-0.007469733333333376,0.005795961971238037,-0.11040292782576988,-0.18683333454626305,-0.0366005121168972,0.003897996788376513,-0.011150326797385701,-0.032448954248365976,0.00885039215686276,0.2817868594930165,-0.029876344086021467,-0.05563407258064523,-0.0038422715053762933,0.022907194244154494,-0.10053494143653063,-0.21566558564855548,0.020319770278823666,0.09012914210151836,-0.17726509255993705,-0.2907403629695302,-0.06649086794010678,0.001508320661821346,-0.044031311154598796,-0.12275445087945079,0.02148514851485144,0.24149678709232403,-0.016952157038363946,-0.043114003395662515,0.010058984706751345,0.2021951721380174,-0.062068663001520696,-0.10212689571341715,-0.021712485132358544,0.0020948471200351354,-0.09267734553775742,-0.16613842706351725,-0.030622869318181832,0.007628636846021368,0.018726017288635766,-0.008926560193970109,0.050525907916930166,0.21256217121188337,0.07673015112340642,-0.050651868340091305,0.20521708783796747,0.2567324048699168,-0.023142222222222286,True
SmolLM2-360M,SmolLM,behavior,32,11,0.3548387096774194,0.9830068945884705,False,auc_all,False,1.0,-0.18531466666666663,-0.20088691111111107,-0.16815986666666669,4.986814362965788e-113,-0.7790901605492712,-0.8367771358167777,-0.7209250994678292,1.4081290409971073e-138,-0.19184313725490199,-0.2150535294117646,-0.1686962091503268,1.5371711365380587e-57,-0.17113709677419353,-0.19500026881720423,-0.14694979838709682,5.168161408914042e-43,-0.9464675413560265,-1.0410677805367352,-0.8608026828453113,3.2787846962967066e-92,-0.7097859442816292,-0.7949226815447019,-0.6209978748017843,2.2623845668341247e-55,-0.14138943248532287,-0.1933748889527592,-0.08824537223108032,7.413968324126026e-08,-0.15667916853261687,-0.1799701613005128,-0.1323166057492388,6.190111282111869e-37,-0.14292607322493855,-0.17826714781760256,-0.11100388827251806,1.3015424384435364e-16,-0.14759725400457657,-0.23001861275229668,-0.07565373563218389,0.00024294208400796208,-0.020706040480708454,-0.0521146239194603,0.008936972907442506,0.18523679855324082,-0.2366815970743973,-0.34211418895618423,-0.1456245117771382,4.687612698124258e-06,-0.18531466666666663,True
SmolLM2-360M,SmolLM,behavior,32,12,0.3870967741935484,0.988573431968689,False,auc_all,False,0.625,0.010295999999999972,-0.0014503111111111159,0.021404244444444425,0.08456068123216189,0.04980451809378961,-0.003103792824187351,0.10276613837075077,0.07759064252641797,0.021607843137254834,0.007999607843137264,0.03504431372549014,0.002515560627797869,0.002583333333333382,-0.016971236559139725,0.02261659946236565,0.7976463382437151,0.17836534653690128,0.10025944174013306,0.2746450483268171,3.9987631167076e-05,0.013015248926664946,-0.07446766909679488,0.09499645700825518,0.7631717658507926,0.019324853228962824,-0.010038713282247754,0.04621673408558655,0.17242401619092806,0.0032654127481713813,-0.01555593641736212,0.0241134044449801,0.7411674758223619,-0.009226225289507561,-0.0456463803915633,0.027540210285261837,0.6129918311348153,-0.010297482837528515,-0.06554610972675719,0.04799819119458124,0.7300488393618987,0.019024509803921452,-0.003260430371073136,0.04200174942019815,0.09798633961789982,0.16535009761023634,0.07173532854904184,0.2679483218614702,0.0008529589734073333,0.010295999999999972,True
SmolLM2-360M,SmolLM,behavior,32,13,0.41935483870967744,0.9843825101852417,False,auc_all,False,1.25,-0.09089955555555562,-0.109149,-0.07276975555555559,4.7783810819426564e-21,-0.3935635331766749,-0.4711406444036979,-0.31817059917056234,8.078756048340036e-24,-0.08496470588235294,-0.1096164705882353,-0.0631405882352942,4.299443036023275e-13,-0.08594892473118276,-0.11592143817204306,-0.054892607526881694,3.1325532955986605e-08,-0.4401819795813676,-0.5491505977105599,-0.3368959272980925,3.2759123643436843e-15,-0.37649671097510584,-0.49347272131684683,-0.24766212336995083,1.4103664864152803e-09,-0.12328767123287676,-0.25597322898944064,-0.044371816257712665,0.032740011595024085,-0.09441707717569792,-0.12461533249056976,-0.0648495932798511,3.482403227977477e-10,-0.12242659960229263,-0.1745518835086634,-0.07186580446810842,4.864940254217119e-07,-0.08266590389016015,-0.18227257617728526,0.025625228352210414,0.1111640760614573,0.000984218848829821,-0.035440191598144696,0.03381671647691336,0.9537597234828151,-0.06368526860626178,-0.2007044601867391,0.06162522773683753,0.3392163646304226,-0.09089955555555562,True
SmolLM2-360M,SmolLM,behavior,32,14,0.45161290322580644,0.9364647269248962,False,auc_all,False,1.0,-0.21811911111111115,-0.2413177333333334,-0.1954429111111112,7.708120552378175e-75,-0.8909287737840972,-0.9846958918396297,-0.801569288983855,2.406019535989552e-79,-0.20404967320261447,-0.23791464052287578,-0.17087843137254904,4.38988516680268e-33,-0.2171344086021505,-0.2524454973118279,-0.18217493279569896,8.155290546822429e-36,-0.9625623318128151,-1.117604198569829,-0.810661409476572,1.3369515703456293e-34,-0.9262715239309728,-1.0642802963780171,-0.7854704357208664,4.1323703319966894e-38,-0.3109099804305284,-0.4935200216450217,-0.16606201004828652,0.0002518141866500276,-0.21230314226003888,-0.2489453582003791,-0.17630460887348484,1.0643365425066165e-30,-0.18684933910398882,-0.2423010518687706,-0.1358472208862384,2.7205791969518674e-12,-0.15818077803203656,-0.23367551450960133,-0.0844600563909775,4.252238151247043e-05,0.01308473539953603,-0.029217682374024934,0.05278256931267121,0.5363250538795938,-0.03629080788184236,-0.20446077479505967,0.13485846975435764,0.6788963236175427,-0.21811911111111115,True
SmolLM2-360M,SmolLM,behavior,32,15,0.4838709677419355,0.9893004298210144,False,auc_all,False,0.875,-0.034772444444444495,-0.04832039999999998,-0.0226528888888889,7.028400047201251e-08,-0.15993110406138233,-0.21812539350281354,-0.10204332119102276,4.924246727607395e-08,-0.006894117647058828,-0.024106470588235302,0.00916071895424828,0.4073785957186772,-0.06187903225806446,-0.08383682795698928,-0.04189865591397854,1.2931760152205517e-08,-0.03866871472886202,-0.13480350208021333,0.05230671740374742,0.41935891851742024,-0.2976632627184952,-0.39075868425541854,-0.2117387093795671,5.551078772977396e-11,0.0273972602739726,-0.02881392658213109,0.09334182748673334,0.3655946657279261,-0.07568760262725782,-0.09769420660997802,-0.05465502874633008,1.1152729966601995e-11,-0.06518306234647331,-0.10446857022116797,-0.028982770918261454,0.000407906409053782,-0.061498855835240285,-0.12241932957393482,-0.012625674553756662,0.02372290783367424,0.05498491461100563,0.03012301496942872,0.08147419802867381,1.7730503888857104e-05,0.2589945479896332,0.14277236694405612,0.373464672786483,1.1423262587560415e-05,-0.034772444444444495,True
SmolLM2-360M,SmolLM,behavior,32,16,0.5161290322580645,0.9667817950248718,False,auc_all,False,1.5,-0.12451022222222219,-0.1472970666666667,-0.10390066666666672,5.942450180502099e-30,-0.5202926422093395,-0.6102442112230956,-0.43693460662422484,7.019920950707367e-33,-0.09220392156862744,-0.12311784313725493,-0.06292137254901958,1.7276350854827246e-09,-0.1505322580645161,-0.18542036290322578,-0.11886458333333327,3.0686526538922517e-18,-0.44682823512264913,-0.6031189020370858,-0.30898051760166756,1.8374409142279175e-09,-0.6338718750578194,-0.7779086030255409,-0.49856576028143557,2.3242961117653232e-19,-0.10004892367906071,-0.17950438228062174,-0.03005117249602545,0.008138334072827097,-0.12256493506493515,-0.15600543738688152,-0.08913058541457165,2.478630936054132e-13,-0.15042695052052868,-0.2019927562568253,-0.0984842302529281,9.817719309108227e-09,-0.097254004576659,-0.19531546006256054,0.003771518300248151,0.04676456232389911,0.058328336495888644,0.01749687644950449,0.09590307347670254,0.004358812407316929,0.18704363993517026,0.011907592581646908,0.35285671092668375,0.03373021899700456,-0.12451022222222219,True
SmolLM2-360M,SmolLM,behavior,32,17,0.5483870967741935,0.9869701266288757,False,auc_all,False,1.375,-0.21849688888888885,-0.2378385333333333,-0.20010491111111106,1.0137379885964842e-114,-0.8805027765355918,-0.9525283433607631,-0.8098049446267596,1.5158057269589952e-133,-0.22055163398692812,-0.25106091503267974,-0.194287908496732,8.044054558058209e-57,-0.19708333333333328,-0.22591404569892473,-0.16938010752688173,2.539300739972099e-44,-1.0753307382415582,-1.1864261755377035,-0.9723667139388212,5.549150788741377e-87,-0.8014152433505493,-0.9023757185324593,-0.7048853642112836,5.751370283614955e-53,-0.0026908023483366295,-0.08280447654663528,0.07859510911773834,0.9473631135267901,-0.19823387819077476,-0.22615453393489182,-0.16797347103400592,2.3094752129731543e-39,-0.21952859983623818,-0.2638966323217276,-0.17992436974789913,7.020372952425867e-25,-0.14416475972540044,-0.25643738977072317,-0.03987724525768009,0.012063485023727493,-0.023468300653594842,-0.058831605523930026,0.009662136042589014,0.18198712538409556,-0.27391549489100897,-0.39184994869349526,-0.15845106221180316,6.473578812709234e-06,-0.21849688888888885,True
SmolLM2-360M,SmolLM,behavior,32,18,0.5806451612903226,0.900108814239502,False,auc_all,False,1.5,-0.06496888888888885,-0.08253488888888887,-0.04744508888888888,5.611989452682198e-13,-0.3036974106050384,-0.3814785297825525,-0.22528343789828517,1.3183196991776754e-14,-0.07122614379084968,-0.09373320261437902,-0.048085686274509765,2.386182281880278e-09,-0.05154301075268819,-0.08015295698924729,-0.024793682795698956,0.00023814598037348096,-0.4458529432590155,-0.5568920191214063,-0.3305987933164445,1.400587783902102e-13,-0.23441089530594084,-0.3534768072351793,-0.114378457818013,0.00012270632418602328,0.003424657534246589,-0.030723453348074806,0.04756000333272045,0.8615033756395915,-0.04176462904911182,-0.067998615616591,-0.014278230664183442,0.0030953680402973404,-0.0648906304830974,-0.10517242791706564,-0.021339468784641324,0.002997325700889498,-0.10240274599542332,-0.19615905135564235,-0.01991479013480387,0.019497250079267194,-0.019683133038161493,-0.05190937434113422,0.013084802603837183,0.2339792596369098,-0.21144204795307464,-0.3541523602758933,-0.07086845864154334,0.0033924353201891916,-0.06496888888888885,True
SmolLM2-360M,SmolLM,behavior,32,19,0.6129032258064516,0.8656635880470276,False,auc_all,False,1.625,-0.06203377777777774,-0.08337519999999997,-0.04114164444444448,1.5707008531559912e-08,-0.280440049477633,-0.3728304098716416,-0.19189765831763092,1.6608639015644227e-09,-0.09232941176470588,-0.11991032679738556,-0.06434437908496729,1.4022203198655153e-10,-0.027188172043010717,-0.06271377688172038,0.008330309139784943,0.13560943280048668,-0.48534322986906187,-0.6317226995819514,-0.3495728810471521,4.112108744031571e-12,-0.1622581342485434,-0.30522612150924283,-0.018669359910900733,0.0331075443946295,-0.12818003913894327,-0.23000383140657335,-0.04652279945553545,0.003883049130169931,-0.06209882071951045,-0.09504383069530177,-0.030653838547753946,0.00023294619419400714,-0.06777108433734946,-0.12405915661151329,-0.012796803761398202,0.02055745883010637,-0.021167048054919868,-0.12182631205143543,0.1009748427672955,0.7205590437288791,-0.06514123972169517,-0.10571742304448656,-0.025111020714737534,0.001903298466757599,-0.32308509562051846,-0.49557275239520193,-0.15944044793830175,0.00021788317506094842,-0.06203377777777774,True
SmolLM2-360M,SmolLM,behavior,32,20,0.6451612903225806,0.9321118593215942,False,auc_all,False,0.875,-0.05888355555555558,-0.07470457777777784,-0.0418498222222222,1.5073329347901223e-12,-0.2767996312562302,-0.3481743473926845,-0.20155037264102965,5.605346884589391e-14,-0.021435294117647108,-0.041686274509803965,-0.001352483660130706,0.04283362223510624,-0.10305913978494619,-0.13083965053763438,-0.07857157258064514,4.33744836666005e-14,-0.14211599623019788,-0.2496794635921788,-0.03385066936012323,0.012699996616793812,-0.43081220879035287,-0.5457467454859147,-0.3209450462370946,2.0973783598062423e-14,-0.14016634050880628,-0.2272209821428571,-0.05786188045498945,0.0009004038958085172,-0.10025283624421555,-0.12844365440377828,-0.07308206061586718,9.905718390146226e-13,-0.06179085273131357,-0.10368567114383381,-0.021623588790439068,0.0032142605300636857,0.008295194508009196,-0.05967208989574089,0.07234565040789936,0.8041147496433915,0.08162384566729908,0.05156545883407115,0.11341355892894797,2.975168105666254e-07,0.288696212560155,0.16289805092175322,0.4210469977144303,2.8651855340750197e-05,-0.05888355555555558,True
SmolLM2-360M,SmolLM,behavior,32,21,0.6774193548387096,0.9784936308860779,False,auc_all,False,0.75,-0.05335466666666666,-0.0664498,-0.03911775555555557,9.373565814146159e-14,-0.23648516500490668,-0.29439749430395323,-0.1746958011205533,5.656789564992149e-15,-0.04419084967320264,-0.06309039215686284,-0.025384640522875774,2.102883096818208e-06,-0.07294354838709671,-0.09547016129032267,-0.0496306451612903,4.211324513545252e-10,-0.22995862741050344,-0.32400159607956186,-0.13714552675987213,2.870809757290284e-06,-0.3126884666087586,-0.40249254052847255,-0.22471787601733376,7.748987510557533e-12,-0.048923679060665304,-0.1301334481274215,0.027070767589126347,0.224501103442602,-0.07583687863860278,-0.0967940675524334,-0.05536035166621938,4.527917769726751e-12,-0.06180547432448236,-0.09966402575660249,-0.021099316804394492,0.001938380277412427,-0.004576659038901587,-0.04022502109233483,0.03180407670314492,0.8010825720254672,0.028752698713894076,0.00020636227071472733,0.05523219744887204,0.035321141986037495,0.08272983919825516,-0.03173302685401797,0.1955481500462074,0.15426667232321134,-0.05335466666666666,True
SmolLM2-360M,SmolLM,behavior,32,22,0.7096774193548387,0.9549431800842285,False,auc_all,False,1.0,-0.09040800000000004,-0.10650804444444446,-0.07396353333333328,1.3891346870971275e-28,-0.39479149450992224,-0.4599754312375483,-0.3274688064211927,2.1366139508875918e-30,-0.13999215686274513,-0.16442496732026143,-0.11380562091503277,6.701607545618622e-28,-0.05681182795698925,-0.07932869623655904,-0.03350423387096774,1.272628186024386e-06,-0.6937478638571675,-0.806486046457731,-0.5894655498990592,1.5209349921329369e-35,-0.2798137984516047,-0.37915253911959146,-0.18223441947252333,2.3244817086733102e-08,-0.08390410958904104,-0.15165834248449553,-0.006985592532467634,0.020452308210479074,-0.04115819525302289,-0.0627355626235361,-0.018430804795470723,0.00044138674994253824,-0.03696338753070538,-0.06814149554215515,-0.005347399292495266,0.023138609750150224,-0.030606407322654405,-0.10138372015472863,0.04061652727775177,0.40110708578281373,-0.08318032890575588,-0.11600183006535955,-0.054119558032890494,1.7636949512596397e-07,-0.41393406540556277,-0.5412395394700267,-0.2947348597009321,1.3783444359397422e-10,-0.09040800000000004,True
SmolLM2-360M,SmolLM,behavior,32,23,0.7419354838709677,0.9924262166023254,False,auc_all,False,0.75,-0.0007431111111111388,-0.009223155555555515,0.00783733333333337,0.8617491251712286,0.0008730343514198324,-0.03902096305145377,0.04475211933950594,0.9666731687336231,-0.011445751633986978,-0.021764705882352957,-0.0009843137254902502,0.02934275618492406,0.011086021505376298,-0.0022449596774193584,0.024443346774193544,0.09912564464896448,-0.0764366579508935,-0.1380243466488501,-0.018631144309798894,0.014980595740271859,0.03849601268356906,-0.022628691437127785,0.10275860669622555,0.22347350239504826,0.043542074363992156,0.003941256435471719,0.0907217396265355,0.04328440775473539,0.018729474548439984,0.005507578576061945,0.032430362845893665,0.006261804642691631,0.0030559129722774747,-0.018744255840190908,0.025295067765856098,0.7846824279530623,-0.0008581235697939782,-0.03776316876049898,0.03825960926293494,0.9639571306347576,-0.022531773139363276,-0.036669508222643935,-0.00870578273244781,0.0023616112010632477,-0.11493267063446255,-0.18757534170563017,-0.04617255381744551,0.0012439177656379317,-0.0007431111111111388,True
SmolLM2-360M,SmolLM,behavior,32,24,0.7741935483870968,0.8946956396102905,False,auc_all,False,0.625,-0.0491031111111111,-0.060838911111111144,-0.035687711111111145,1.2081823094715635e-13,-0.23224688115557623,-0.2883778010611302,-0.17222638455937045,1.8913897784550993e-15,-0.06686013071895425,-0.08723058823529412,-0.04769699346405229,2.150197567178553e-11,-0.04051075268817206,-0.059988172043010754,-0.020979569892473154,6.95636705358359e-05,-0.3701891034074234,-0.4634008054421528,-0.2793464475466053,7.793716534372018e-15,-0.1873324836087975,-0.2703083521050098,-0.10070088053543653,1.8871749498224165e-05,-0.11105675146771032,-0.21709127978785242,-0.014109840719739503,0.021740247972785842,-0.02982254814151375,-0.049043008435327134,-0.010504595752887988,0.003581304594482763,-0.02204936249853784,-0.04788213053965383,0.003820595247878907,0.10211433803949918,0.01544622425629294,-0.047272485972634386,0.07328987663906139,0.6265948313454475,-0.02634937803078219,-0.05448306451612905,-0.001029085230866464,0.048518637767824065,-0.18285661979862589,-0.29537403097460135,-0.07913921877652888,0.0010632569867928396,-0.0491031111111111,True
SmolLM2-360M,SmolLM,behavior,32,25,0.8064516129032258,1.0007075071334839,False,auc_all,False,0.75,0.02040888888888892,0.012013244444444423,0.028654222222222248,3.308118269633373e-06,0.1127386082012789,0.07145984100674282,0.15373668173205074,1.1031408558180014e-07,0.026232679738562026,0.015095294117646985,0.03780143790849677,1.0496785534052069e-05,0.01075806451612904,-0.0034725134408601253,0.024309610215053724,0.12491447071005607,0.16846166588606493,0.10169030387700617,0.23536504790560675,7.297308039187658e-07,0.02595212197729857,-0.036154382805628396,0.08485068304234561,0.4066747825466406,-0.008072407045009777,-0.044610724312536,0.026170624581255075,0.6537943022094257,0.010743207941483757,-0.0022328577488244213,0.022662316969250276,0.09942860586157981,0.006594338519125054,-0.01892072518545537,0.0314138433644774,0.5953637799427531,0.007437070938215107,-0.03678946578631451,0.053442028985507255,0.7449973632945859,0.015474615222432986,-0.000302943284840762,0.03283966292430948,0.06214607630732353,0.14250954390876636,0.07061564548378671,0.21915256970722552,0.00017489107958931747,0.02040888888888892,True
SmolLM2-360M,SmolLM,behavior,32,26,0.8387096774193549,0.9928088188171387,False,auc_all,False,0.5,0.007397333333333367,0.0009403333333334096,0.013313088888888927,0.021750348562788686,0.034791263748775725,0.0025431860915536737,0.06485019902931653,0.029996725191103905,-0.0037437908496732453,-0.012090653594771277,0.003997189542483601,0.3603605999464047,0.01604032258064514,0.00575544354838701,0.025331182795698848,0.001575885474611657,-0.03394210570436984,-0.07970370182118759,0.013752373546364759,0.16163695769741293,0.06403343680522788,0.014467879284006963,0.10934334986299403,0.00649112418146328,0.050880626223091974,0.01609333127190267,0.09545387171111513,0.008197016950554093,0.012436557695178374,0.002412902931651012,0.022664199953885425,0.014515506962022121,0.011887355246227638,-0.0070375987316775935,0.029923532183547673,0.21178743237175524,0.006578947368421129,-0.015507587917700327,0.02782950653867306,0.5582824950559871,-0.019784113430318384,-0.031149443390259237,-0.008370353152013532,0.0006079784086603865,-0.09797554250959772,-0.14936928797424268,-0.043527811986824955,0.00026067761574731426,0.007397333333333367,True
SmolLM2-360M,SmolLM,behavior,32,27,0.8709677419354839,0.9886270761489868,False,auc_all,False,1.5,0.027013333333333334,0.01869377777777783,0.034607866666666647,6.919675876639937e-11,0.13513220348930277,0.09360258318875386,0.17380708451098856,3.7750264295426873e-11,0.02384836601307183,0.01405660130718955,0.034566928104575165,5.200188877809957e-06,0.032451612903225846,0.019602889784946256,0.04546740591397842,1.196703988239887e-06,0.14004623777535086,0.0772907533399025,0.20443516596251843,1.3454285682201662e-05,0.12908674010681753,0.07308882486457319,0.185937427227475,1.1787663175480554e-05,0.06017612524461835,0.020546717171717275,0.10599001210653756,0.004987520433053953,0.03046163606508434,0.016786830493727024,0.04311570741793632,8.068765702160234e-06,0.030018130775529284,0.00901868562141169,0.051150544206550796,0.0059017811612902,-0.007723112128146359,-0.05058064754583077,0.031755420791798404,0.7025226642024553,-0.008603246890154015,-0.02406856077377185,0.0069490789057558115,0.2715661051189958,0.010959497668533325,-0.0581661551180256,0.08330510136969436,0.7640016449815936,0.027013333333333334,True
SmolLM2-360M,SmolLM,behavior,32,28,0.9032258064516129,0.9709951877593994,False,auc_all,False,0.875,0.006582222222222156,-0.0013373333333333095,0.014215177777777801,0.10018437799104288,0.03342317176593812,-0.004680754416164606,0.07177074678502662,0.09398584639979674,0.01866405228758161,0.007706797385620934,0.029759346405228752,0.0013014130799566424,-0.008645161290322556,-0.0208135080645161,0.003225604838709676,0.1494522505251824,0.12629334942202952,0.05880798421675644,0.19751922009910627,0.0003234399621173792,-0.03609727688124964,-0.09208633965296112,0.022018019291563138,0.20499431256187262,0.020547945205479423,-0.007326660998204401,0.05631410864075101,0.21195169265275626,-0.00459490222421266,-0.01828471876087507,0.008531613430706866,0.4928098338614125,-0.013641946426482643,-0.03406317698620723,0.006142520678885451,0.17550006512871352,-0.030320366132723042,-0.0629034782228153,0.004097054730983349,0.0773192771565644,0.027309213577904168,0.01183898165717905,0.042950926628716087,0.0005361593172590342,0.16239062630327916,0.0901342782912698,0.2354680862001132,1.4271683303352867e-05,0.006582222222222156,True
SmolLM2-360M,SmolLM,behavior,32,29,0.9354838709677419,0.9774553775787354,False,auc_all,False,0.75,-0.0068346666666666556,-0.016728555555555583,0.002045577777777705,0.16207129567713374,-0.03547776439863437,-0.08224972039678005,0.011845035523229625,0.14164423714991758,0.001762091503267893,-0.00871196078431373,0.011938627450980453,0.7423895810235376,-0.020532258064516085,-0.03628534946236563,-0.004763844086021481,0.012833697237807584,0.005297395870192512,-0.061015203886307566,0.0717237846899281,0.8776877242496102,-0.10970164230672752,-0.18417363750064977,-0.03477641914939088,0.004485321023188823,-0.020792563600782743,-0.059318285610884716,0.00893524220032837,0.25174707847088607,-0.021733654276757775,-0.036487307948837415,-0.005826206707758789,0.00460886247628331,-0.03060299450228099,-0.05420924957068433,-0.007553672926135941,0.011846375662594309,-0.0583524027459954,-0.13030861244019135,0.014468242821473177,0.09913578241174385,0.022294349567783978,0.0054267394054396045,0.03899873366013071,0.008162252068664833,0.11499903817692003,0.03899727755125023,0.19276322284939734,0.004186324969970124,-0.0068346666666666556,True
SmolLM2-360M,SmolLM,behavior,32,30,0.967741935483871,1.0013009309768677,False,auc_all,False,0.625,-0.007284444444444427,-0.014632733333333323,0.0005041999999999489,0.05445128840137886,-0.030744156637037667,-0.06708970871636846,0.006486830601060428,0.09197413517474576,4.444444444440254e-05,-0.00854627450980385,0.008864575163398671,0.9920469590519698,-0.01809677419354838,-0.03073454301075269,-0.005030510752688171,0.007923028677166351,0.015129149920820373,-0.035486097866915624,0.06995643474443192,0.5821843955704297,-0.07883362521588166,-0.13589786581829288,-0.021743608470760574,0.006199020846596111,0.020547945205479423,-0.0044088436150583445,0.05118979694579625,0.13427713961280033,-0.014792319749216354,-0.026143324506014965,-0.004112618737051881,0.008280403945195006,-0.014870160252661191,-0.036223393526149714,0.00872767214932947,0.186332680546466,-0.07608695652173914,-0.1363039201855858,-0.0283501031991745,0.005948274410860151,0.018141218637992784,0.004322940649378049,0.03258469534050172,0.012089918070197998,0.09396277513670204,0.03552811259728788,0.1546968705018088,0.002531026745271049,-0.007284444444444427,True
SmolLM2-360M,SmolLM,behavior,32,31,1.0,0.9980695247650146,False,auc_all,False,0.875,0.004043555555555578,-0.002916244444444457,0.010624155555555532,0.24854934042218313,0.023323590003698325,-0.009750867545481995,0.054910328123053874,0.16566503355786177,0.00784575163398693,-2.1437908496640925e-05,0.01590209150326806,0.05331094876171291,-1.881720430108036e-05,-0.01129482526881726,0.011890994623655893,0.9973648855370513,0.061010605145364716,0.011767918021741786,0.10880917245821099,0.015482758204538885,-0.012393049100407061,-0.06138138632543989,0.03437040096017386,0.6131621842195412,0.03057729941291587,-0.011191964777538182,0.07854028863053393,0.16794223934951957,9.329750709052842e-05,-0.011552657949305748,0.01162305558990248,0.9875098479940776,0.005717042928997551,-0.013391579144127369,0.02497694052533642,0.5590328750822762,-0.026029748283752818,-0.06001989320615489,0.00284425398696099,0.09678701340888088,0.00786456883828801,-0.005009038319628909,0.020030760858106733,0.20754640257793,0.07340365424577178,0.0204258589049364,0.12609144122679553,0.008075613734395248,0.004043555555555578,True
Qwen2.5-1.5B,Qwen,layer13,13,1,0.037037037037037035,,False,d_all,False,154.1769256591797,-0.444608,-0.47205008888888883,-0.41733871111111104,1.1855429696614316e-200,-4.112310257601055,-4.35545474877912,-3.879966908796252,4.818484127296906e-251,-0.4012915032679739,-0.4456486274509804,-0.3546884967320261,6.0901712827956756e-68,-0.490510752688172,-0.5322801075268817,-0.451367876344086,2.6789972409448602e-121,-4.219384462353612,-4.55444657281667,-3.8924946543697136,1.2202060010922206e-136,-3.5758302524952996,-3.8557721261770186,-3.309323366836909,9.093740559475182e-139,-0.6165725047080979,-0.7906702389999535,-0.44502858178247456,4.87027745337672e-12,-0.4923733468542697,-0.5359886405584515,-0.44966445773886504,2.233294917889716e-108,-0.47435897435897434,-0.5384810166900242,-0.4126722851630922,3.32222166569877e-46,-0.49207746478873243,-0.6388815132236184,-0.34735308312514196,3.994197165073822e-11,0.0892192494201981,0.034753606367278,0.1464504227282311,0.001859965983463169,-0.6435542098583125,-0.9298686048817172,-0.325405442546259,3.548137736763563e-05,-4.112310257601055,True
Qwen2.5-1.5B,Qwen,layer13,13,2,0.07407407407407407,,False,d_all,False,14.400138854980469,-0.006767999999999996,-0.010071288888888922,-0.004038933333333328,9.476930993244198e-06,-0.4680969088500073,-0.6448607408380652,-0.3134388751093359,5.3696521769898736e-08,-0.0015006535947712507,-0.003630326797385558,-0.00012549019607843714,0.11948259919614075,-0.016430107526881677,-0.02550013440860223,-0.009278225806451632,7.810190351381032e-05,0.12237374525279598,-0.08883474085698255,0.3360855099645603,0.2512198017624315,-0.38086345936891997,-0.5909394507389606,-0.20082717450507248,9.870097404477097e-05,0.001129943502824915,-0.0033025376116207314,0.007772896813992627,0.6780489364455906,-0.009397050745764135,-0.014816400562899281,-0.0045547790728475476,0.00033232839809628793,-0.016794871794871713,-0.034292402843806524,-0.005060084133750184,0.022715827630310197,-0.007042253521126751,-0.024968660184675594,0.0,0.3254977558486152,0.014929453932110426,0.007465399536158543,0.024053438751844798,0.00039834718937030954,0.503237204621716,0.297316719133142,0.7039997142632004,3.6522918218349636e-06,-0.4680969088500073,True
Qwen2.5-1.5B,Qwen,layer13,13,3,0.1111111111111111,,False,d_all,False,11.311994552612305,-0.008494222222222292,-0.01266391111111107,-0.005191955555555578,1.4635989221053944e-05,-0.6212301129307161,-0.7943443335070403,-0.46250507605890945,6.154087651005388e-13,-0.0013124183006536505,-0.0035088888888888782,5.241830065364205e-05,0.16736683398479713,-0.019736559139785004,-0.030598387096774145,-0.011542741935483852,7.222231683563271e-05,-0.18507220901824262,-0.3893660191124049,0.001814831708720769,0.06422960717682448,-0.6112650602290652,-0.798310910706679,-0.43148260638609665,1.0658366064003308e-10,-0.0026365348399246535,-0.009040173423734997,0.0021312319833161814,0.37498787876959583,-0.009870283517133593,-0.01591521828789202,-0.005321766301812946,0.00024883132015205366,-0.014935897435897405,-0.029037424277311808,-0.003488642030519397,0.021244096563870087,-0.045774647887323994,-0.1307696177062374,-0.0010819042069042525,0.18847174732632466,0.018424140839131353,0.010276199662660726,0.02918306609740668,0.0001451494402117499,0.4261928512108226,0.253436987932619,0.6022327363377095,2.189063733419691e-06,-0.6212301129307161,True
Qwen2.5-1.5B,Qwen,layer13,13,4,0.14814814814814814,,False,d_all,False,7.185288429260254,-0.0035093333333333643,-0.006292266666666607,-0.0010398222222222616,0.007482453581620709,-0.36487993938849916,-0.4994630378542114,-0.22158571633791457,2.6743297675145793e-07,-0.0009411764705882231,-0.002892156862745071,0.000230196078431366,0.2792339944320309,-0.008000000000000007,-0.013844489247311784,-0.0018708333333333634,0.007062003004684326,-0.03492600570971316,-0.20015071930637163,0.13568886998775742,0.6840714090099758,-0.32578967264589487,-0.4725976352536241,-0.16328826899733087,3.609776735570832e-05,-0.005649717514124242,-0.015610326318517437,0.0012987055625977174,0.17563773517587977,-0.003667553978113025,-0.007982190693785859,0.0008462741483591268,0.10865481163543202,-0.005448717948717929,-0.011869663529045449,-0.0007288956538228839,0.05552535558039253,-0.014084507042253613,-0.03707132146948683,0.0,0.1450084103745514,0.007058823529411784,0.0013871283997470758,0.012709828167826256,0.01185061632234876,0.2908636669361817,0.15457498378250742,0.4280831646707632,3.001757438188692e-05,-0.36487993938849916,True
Qwen2.5-1.5B,Qwen,layer13,13,5,0.18518518518518517,,False,d_all,False,5.1768035888671875,-0.0008053333333333246,-0.0016041777777776932,3.9377777777876744e-05,0.05722235326691284,-0.08439151893723018,-0.18023267586802247,0.016931986766670123,0.09098827366954326,5.228758169883996e-06,-0.00046549019607847463,0.0005177777777777586,0.9841633574762776,-0.002430107526881775,-0.004613172043010733,-0.00044569892473117815,0.02692818978030275,-0.06114165884034595,-0.18048325220971545,0.06078456739098178,0.3303813979262208,-0.09411884619944555,-0.20040537040330006,0.007620824353626897,0.07315821143923545,0.0037664783427495685,-0.0004311090561985309,0.01124144064568936,0.22528948393267834,-0.0015042041661385008,-0.0032525312525631843,0.0002831915738910394,0.09258351351401999,-0.0016987179487178983,-0.004665012884119829,0.0005316335322318425,0.2202243112482568,0.002640845070422504,0.0,0.012073654045484999,0.4306525308976439,0.002435336285051659,0.0005016735188697525,0.004630963525194992,0.02556367460056906,0.0329771873590996,-0.05349542788884126,0.11244807962479345,0.4454733428215143,-0.08439151893723018,True
Qwen2.5-1.5B,Qwen,layer13,13,6,0.2222222222222222,,False,d_all,False,7.265448093414307,-0.002307555555555618,-0.004151333333333326,-0.0006559555555555457,0.008735203775440924,-0.4064819535421478,-0.5454292196386411,-0.2798679303267703,1.2537772806232457e-09,-0.0002771241830065163,-0.0012088888888889566,0.00039751633986931644,0.49857802807226026,-0.004150537634408646,-0.008453225806451631,-0.0005858870967741931,0.04454516968438567,-0.30784346490542625,-0.48856144548528035,-0.1371728406921539,0.0004882432598449341,-0.3515298297266729,-0.49503100557552937,-0.22237955152906616,4.913929951196137e-07,-0.0037664783427495685,-0.010036823080301332,0.00042116270785214045,0.16430184304575401,-0.0027041872649681276,-0.0058868172844831895,0.00010518739939698849,0.06620861608036752,-0.004679487179487074,-0.01172597189025267,0.00040545040201369324,0.14462797223144813,-0.004401408450704247,-0.018837060710258167,0.0,0.44152312240487923,0.00387341345140213,0.0004693153067678174,0.008039787054606836,0.05378591208550586,0.04368636482124666,-0.0821917123238265,0.16975146439369684,0.4803690412081051,-0.4064819535421478,True
Qwen2.5-1.5B,Qwen,layer13,13,7,0.25925925925925924,,False,d_all,False,4.865719318389893,-0.0012106666666666932,-0.0023968444444444235,-0.00020604444444443943,0.03473777825090428,-0.21582874657945794,-0.3028516089693428,-0.13030427895915925,9.635245463066275e-07,-0.0010405228758170182,-0.0020862745098039204,-0.00028745098039214834,0.02158644224620408,-0.0013924731182796135,-0.003683602150537618,0.0008010752688171225,0.22710209860205277,-0.3316686482878506,-0.4441546748760363,-0.22783505468064197,1.5166784541593833e-09,-0.13859573934345004,-0.2327017391515878,-0.046181669888440496,0.0030064009427148665,-0.0018832391713747842,-0.006779661016949157,0.0013899539678085494,0.3547713089618728,-0.0018253264038534667,-0.004279713085386003,0.0001328381118608776,0.10231681726805485,-0.0006089743589743346,-0.0028434984208128094,0.00121505662490195,0.5511365257924479,0.0061619718309858795,-0.0066737373029070735,0.02804383116883109,0.5077191143623032,0.0003519502424625953,-0.001892691334598484,0.0025713061353574594,0.7475216314299247,-0.19307290894440055,-0.27224848166474097,-0.12016899185994974,5.31320205186209e-07,-0.21582874657945794,True
Qwen2.5-1.5B,Qwen,layer13,13,8,0.2962962962962963,,False,d_all,False,5.069527626037598,-0.0016764444444444804,-0.0033226666666665875,-0.0005045777777777763,0.024849678533276923,-0.1098757621856894,-0.20636283387864673,-0.025668300425634952,0.01481548189223263,-0.0006954248366013438,-0.0013594771241830506,-0.00016718954248370345,0.02148772166068248,-0.003543010752688147,-0.008458467741935519,-0.00038131720430108245,0.09493152403223226,-0.23666820368971742,-0.349471378956708,-0.1330467565967205,1.1880974718107473e-05,-0.0904994698160082,-0.1869365633233801,-0.004513389796434469,0.05684522028232512,-0.0007532956685498693,-0.005384469696969629,0.0038495691728450618,0.7395866153073714,-0.0016478641145899475,-0.003194950785895273,-0.00030231131682867136,0.02306273230385643,-0.002147435897435823,-0.005934283398162149,0.0003759447443216485,0.17819710711932224,-0.020246478873239493,-0.0689458904160256,0.0,0.3206545740909791,0.0028475859160868033,-0.0003648134092345878,0.007787789373813899,0.18011446162192324,-0.1461687338737092,-0.2237660250214599,-0.060372695289563814,0.0005361751325359769,-0.1098757621856894,True
Qwen2.5-1.5B,Qwen,layer13,13,9,0.3333333333333333,,False,d_all,False,3.8369393348693848,-0.00043733333333340063,-0.0013831111111111127,0.00040182222222217006,0.33261058776258434,-0.14670575448499434,-0.23663720119986387,-0.06595307192903431,0.0005642533356468486,0.00010980392156856311,-0.00020392156862747424,0.0004500653594771,0.5114335974285127,-0.00043010752688177334,-0.0026400537634409223,0.0015645161290323006,0.6822816452863518,-0.12373085641601023,-0.22767749388672,-0.01959382380151325,0.020538592452926337,-0.1223298883311621,-0.21712570151230154,-0.03473617047743381,0.007219774465833255,-0.003013182674199588,-0.00992965367965365,0.0008384839925783739,0.3030108012314616,-0.0005154856973845767,-0.0024801330821495383,0.0011331649149166371,0.5730982380520584,0.00038461538461542766,-0.0015590950960465422,0.002751620993935146,0.7196947776761466,0.004401408450704136,0.0,0.018219481232416117,0.41352097030874524,0.0005399114484503365,-0.0014535446974489191,0.0027141740459624077,0.599063384700254,-0.001400968084848131,-0.07726988463101366,0.07108601230395906,0.9713284969515505,-0.14670575448499434,True
Qwen2.5-1.5B,Qwen,layer13,13,10,0.37037037037037035,,False,d_all,False,4.011740207672119,-0.001560888888888945,-0.002585511111111083,-0.0005990666666666616,0.0026693120135050778,-0.20272195583080777,-0.277883799181784,-0.12998552839118938,1.3520579377229774e-07,-0.0010666666666666602,-0.0021439215686274494,-0.00023006535947711626,0.030736258032108735,-0.002145161290322606,-0.004312634408602159,-0.0003219086021505785,0.0337912891527059,-0.3819219565366492,-0.48077474058518754,-0.28720913595540765,6.760448420171852e-14,-0.12194595182379597,-0.20220600994689403,-0.05039928592013431,0.002345590854533568,-0.005649717514124242,-0.01353450744558997,0.0,0.10286455317716799,-0.0020112392783200317,-0.0039041414313543883,-0.00029892020328477876,0.040162156557308,-0.0005448717948717263,-0.0022425945433868304,0.0007628890717125605,0.47462566073072754,0.0008802816901407606,0.0,0.005793776970247544,0.6067450924289337,0.0010784946236559456,-0.0006737850516551096,0.0031709303183638906,0.27629555837685904,-0.2599760047128532,-0.330643491909064,-0.19545863046974882,1.6300205176010472e-13,-0.20272195583080777,True
Qwen2.5-1.5B,Qwen,layer13,13,11,0.4074074074074074,,False,d_all,False,6.179754734039307,-0.004593777777777808,-0.007011999999999993,-0.002494177777777734,6.99581088662004e-05,-0.6674365269411497,-0.7867277493917468,-0.5536523107309317,2.0896888715637054e-28,-0.001725490196078483,-0.003242222222222241,-0.0005067973856208889,0.015426574917392912,-0.006586021505376349,-0.010243279569892483,-0.0035590053763441126,0.000142388799795342,-0.7546060816015725,-0.9087570270233705,-0.6035566906929073,3.6853376163640685e-21,-0.4967403538298445,-0.6214393375520695,-0.38056598498249883,2.866310102178333e-15,-0.031638418079096065,-0.09099366339055268,0.0007218496824135588,0.1982921016202034,-0.004690074787679022,-0.008212965778796238,-0.0013224732144205896,0.009053756617274745,-0.005448717948717929,-0.011204819555978638,-0.0010272058022102158,0.034137096729883465,-0.004401408450704247,-0.017395118230358518,0.0,0.38372188525572104,0.004860531309297866,0.002304239405439637,0.007859090238245917,0.000599608104093281,-0.257865727771728,-0.36765879409649355,-0.1480180687791634,3.644037576269854e-06,-0.6674365269411497,True
Qwen2.5-1.5B,Qwen,layer13,13,12,0.4444444444444444,,False,d_all,False,3.0148696899414062,-0.0009600000000000719,-0.0016267111111111093,-0.0003715555555555694,0.004352810381301356,-0.15035501834123544,-0.21142272451425728,-0.08517140497598455,3.226493837572264e-06,-2.0915032679758028e-05,-0.0004290196078430924,0.0004341176470588375,0.9228195454751573,-0.0018602150537634365,-0.003365994623655874,-0.0006290322580645407,0.00890128975512322,-0.23050199042263486,-0.31718125451449874,-0.14651803036850292,1.3224206457931336e-07,-0.15723032584179197,-0.22150764360910166,-0.09178740308060779,2.425524406026272e-06,0.00037664783427493465,-0.003415931930223681,0.004019662672484347,0.8336736709688272,-0.0016732158701989741,-0.0032585720656357676,-0.00031888275217806017,0.028413332819419237,-0.0009615384615384581,-0.002639483500513071,0.00039498571577656333,0.20879105467639314,0.0,-0.0051252551456600565,0.005482521775833704,1.0,0.0018393000210836785,0.0006244845034787866,0.003321401012017616,0.007572963101186092,-0.07327166458084289,-0.13794116892417854,-0.0055410280182159105,0.030445164553203348,-0.15035501834123544,True
Qwen2.5-1.5B,Qwen,layer13,13,13,0.48148148148148145,,False,d_all,False,7.841304302215576,-0.003633777777777847,-0.00536240000000002,-0.00215448888888897,1.0106642342514224e-05,-0.5857789273383691,-0.7267163089000159,-0.455178863137135,9.203047304841177e-18,-0.001777777777777767,-0.0030486274509803984,-0.0007683660130718891,0.003076776145131487,-0.0061720430107526925,-0.009463306451612955,-0.003279435483870982,9.31351224485652e-05,-0.7563102005564466,-0.9252562389399053,-0.5887080932036862,7.315047165554234e-18,-0.48668261541074154,-0.6335544038947181,-0.34733214504121673,2.4256514685670608e-11,0.002259887005649719,-0.004854477273185797,0.009922942045035136,0.5385786363150761,-0.0025774284869227726,-0.0058821908988029884,-3.303135856516094e-05,0.08094100838797749,-0.007211538461538436,-0.012900274983152013,-0.0025311078607585338,0.005379697309898538,-0.007042253521126751,-0.022177120280101346,0.0,0.2703492721841301,0.0043942652329749254,0.0017007663925785981,0.00734551127978075,0.002600060499405679,-0.26962758514570506,-0.3754400657381083,-0.16872429627027785,4.938018788490484e-07,-0.5857789273383691,True
Qwen2.5-1.5B,Qwen,layer13,13,14,0.5185185185185185,,False,d_all,True,0.0,0.0,0.0,0.0,1.0,0.0,0.0,0.0,1.0,0.0,0.0,0.0,1.0,0.0,0.0,0.0,1.0,0.0,0.0,0.0,1.0,0.0,0.0,0.0,1.0,0.0,0.0,0.0,1.0,0.0,0.0,0.0,1.0,0.0,0.0,0.0,1.0,0.0,0.0,0.0,1.0,0.0,0.0,0.0,1.0,0.0,0.0,0.0,1.0,0.0,True
Qwen2.5-1.5B,Qwen,layer13,13,15,0.5555555555555556,,False,d_all,True,0.0,0.0,0.0,0.0,1.0,0.0,0.0,0.0,1.0,0.0,0.0,0.0,1.0,0.0,0.0,0.0,1.0,0.0,0.0,0.0,1.0,0.0,0.0,0.0,1.0,0.0,0.0,0.0,1.0,0.0,0.0,0.0,1.0,0.0,0.0,0.0,1.0,0.0,0.0,0.0,1.0,0.0,0.0,0.0,1.0,0.0,0.0,0.0,1.0,0.0,True
Qwen2.5-1.5B,Qwen,layer13,13,16,0.5925925925925926,,False,d_all,True,0.0,0.0,0.0,0.0,1.0,0.0,0.0,0.0,1.0,0.0,0.0,0.0,1.0,0.0,0.0,0.0,1.0,0.0,0.0,0.0,1.0,0.0,0.0,0.0,1.0,0.0,0.0,0.0,1.0,0.0,0.0,0.0,1.0,0.0,0.0,0.0,1.0,0.0,0.0,0.0,1.0,0.0,0.0,0.0,1.0,0.0,0.0,0.0,1.0,0.0,True
Qwen2.5-1.5B,Qwen,layer13,13,17,0.6296296296296297,,False,d_all,True,0.0,0.0,0.0,0.0,1.0,0.0,0.0,0.0,1.0,0.0,0.0,0.0,1.0,0.0,0.0,0.0,1.0,0.0,0.0,0.0,1.0,0.0,0.0,0.0,1.0,0.0,0.0,0.0,1.0,0.0,0.0,0.0,1.0,0.0,0.0,0.0,1.0,0.0,0.0,0.0,1.0,0.0,0.0,0.0,1.0,0.0,0.0,0.0,1.0,0.0,True
Qwen2.5-1.5B,Qwen,layer13,13,18,0.6666666666666666,,False,d_all,True,0.0,0.0,0.0,0.0,1.0,0.0,0.0,0.0,1.0,0.0,0.0,0.0,1.0,0.0,0.0,0.0,1.0,0.0,0.0,0.0,1.0,0.0,0.0,0.0,1.0,0.0,0.0,0.0,1.0,0.0,0.0,0.0,1.0,0.0,0.0,0.0,1.0,0.0,0.0,0.0,1.0,0.0,0.0,0.0,1.0,0.0,0.0,0.0,1.0,0.0,True
Qwen2.5-1.5B,Qwen,layer13,13,19,0.7037037037037037,,False,d_all,True,0.0,0.0,0.0,0.0,1.0,0.0,0.0,0.0,1.0,0.0,0.0,0.0,1.0,0.0,0.0,0.0,1.0,0.0,0.0,0.0,1.0,0.0,0.0,0.0,1.0,0.0,0.0,0.0,1.0,0.0,0.0,0.0,1.0,0.0,0.0,0.0,1.0,0.0,0.0,0.0,1.0,0.0,0.0,0.0,1.0,0.0,0.0,0.0,1.0,0.0,True
Qwen2.5-1.5B,Qwen,layer13,13,20,0.7407407407407407,,False,d_all,True,0.0,0.0,0.0,0.0,1.0,0.0,0.0,0.0,1.0,0.0,0.0,0.0,1.0,0.0,0.0,0.0,1.0,0.0,0.0,0.0,1.0,0.0,0.0,0.0,1.0,0.0,0.0,0.0,1.0,0.0,0.0,0.0,1.0,0.0,0.0,0.0,1.0,0.0,0.0,0.0,1.0,0.0,0.0,0.0,1.0,0.0,0.0,0.0,1.0,0.0,True
Qwen2.5-1.5B,Qwen,layer13,13,21,0.7777777777777778,,False,d_all,True,0.0,0.0,0.0,0.0,1.0,0.0,0.0,0.0,1.0,0.0,0.0,0.0,1.0,0.0,0.0,0.0,1.0,0.0,0.0,0.0,1.0,0.0,0.0,0.0,1.0,0.0,0.0,0.0,1.0,0.0,0.0,0.0,1.0,0.0,0.0,0.0,1.0,0.0,0.0,0.0,1.0,0.0,0.0,0.0,1.0,0.0,0.0,0.0,1.0,0.0,True
Qwen2.5-1.5B,Qwen,layer13,13,22,0.8148148148148148,,False,d_all,True,0.0,0.0,0.0,0.0,1.0,0.0,0.0,0.0,1.0,0.0,0.0,0.0,1.0,0.0,0.0,0.0,1.0,0.0,0.0,0.0,1.0,0.0,0.0,0.0,1.0,0.0,0.0,0.0,1.0,0.0,0.0,0.0,1.0,0.0,0.0,0.0,1.0,0.0,0.0,0.0,1.0,0.0,0.0,0.0,1.0,0.0,0.0,0.0,1.0,0.0,True
Qwen2.5-1.5B,Qwen,layer13,13,23,0.8518518518518519,,False,d_all,True,0.0,0.0,0.0,0.0,1.0,0.0,0.0,0.0,1.0,0.0,0.0,0.0,1.0,0.0,0.0,0.0,1.0,0.0,0.0,0.0,1.0,0.0,0.0,0.0,1.0,0.0,0.0,0.0,1.0,0.0,0.0,0.0,1.0,0.0,0.0,0.0,1.0,0.0,0.0,0.0,1.0,0.0,0.0,0.0,1.0,0.0,0.0,0.0,1.0,0.0,True
Qwen2.5-1.5B,Qwen,layer13,13,24,0.8888888888888888,,False,d_all,True,0.0,0.0,0.0,0.0,1.0,0.0,0.0,0.0,1.0,0.0,0.0,0.0,1.0,0.0,0.0,0.0,1.0,0.0,0.0,0.0,1.0,0.0,0.0,0.0,1.0,0.0,0.0,0.0,1.0,0.0,0.0,0.0,1.0,0.0,0.0,0.0,1.0,0.0,0.0,0.0,1.0,0.0,0.0,0.0,1.0,0.0,0.0,0.0,1.0,0.0,True
Qwen2.5-1.5B,Qwen,layer13,13,25,0.9259259259259259,,False,d_all,True,0.0,0.0,0.0,0.0,1.0,0.0,0.0,0.0,1.0,0.0,0.0,0.0,1.0,0.0,0.0,0.0,1.0,0.0,0.0,0.0,1.0,0.0,0.0,0.0,1.0,0.0,0.0,0.0,1.0,0.0,0.0,0.0,1.0,0.0,0.0,0.0,1.0,0.0,0.0,0.0,1.0,0.0,0.0,0.0,1.0,0.0,0.0,0.0,1.0,0.0,True
Qwen2.5-1.5B,Qwen,layer13,13,26,0.9629629629629629,,False,d_all,True,0.0,0.0,0.0,0.0,1.0,0.0,0.0,0.0,1.0,0.0,0.0,0.0,1.0,0.0,0.0,0.0,1.0,0.0,0.0,0.0,1.0,0.0,0.0,0.0,1.0,0.0,0.0,0.0,1.0,0.0,0.0,0.0,1.0,0.0,0.0,0.0,1.0,0.0,0.0,0.0,1.0,0.0,0.0,0.0,1.0,0.0,0.0,0.0,1.0,0.0,True
Qwen2.5-1.5B,Qwen,layer13,13,27,1.0,,False,d_all,True,0.0,0.0,0.0,0.0,1.0,0.0,0.0,0.0,1.0,0.0,0.0,0.0,1.0,0.0,0.0,0.0,1.0,0.0,0.0,0.0,1.0,0.0,0.0,0.0,1.0,0.0,0.0,0.0,1.0,0.0,0.0,0.0,1.0,0.0,0.0,0.0,1.0,0.0,0.0,0.0,1.0,0.0,0.0,0.0,1.0,0.0,0.0,0.0,1.0,0.0,True
Qwen2.5-1.5B,Qwen,layer27,27,1,0.037037037037037035,,False,d_all,False,34.455474853515625,-0.48192,-0.5108033777777778,-0.45373146666666664,3.2002863404967585e-229,-3.597071422956478,-3.796987261993507,-3.3970524492132443,8.811048518245475e-263,-0.451592156862745,-0.49432888888888893,-0.40599176470588233,1.739491413604248e-90,-0.4999784946236559,-0.5377663978494625,-0.45953064516129033,6.814654033787179e-137,-3.8025266441118504,-4.069813899281281,-3.5219221971193844,2.4882857471859912e-158,-3.0189932079129793,-3.244519444719959,-2.804796251481226,1.6937971484391342e-153,-0.5344632768361582,-0.7467010270571421,-0.3139970462887132,1.1863141466989687e-06,-0.48650019013816703,-0.5282902743846087,-0.4425531811660081,6.467364610748551e-111,-0.541474358974359,-0.6054298622868282,-0.4764679880446751,4.841079632460497e-65,-0.482394366197183,-0.6412798489278753,-0.32695872202914456,1.5026306109465079e-09,0.04838633776091089,-0.005552858950031575,0.09838314199873494,0.06705354223882663,-0.7835334361988711,-1.017850393878593,-0.5429031306895316,9.606182101239789e-10,-3.597071422956478,True
Qwen2.5-1.5B,Qwen,layer27,27,2,0.07407407407407407,,False,d_all,False,11.295775413513184,-0.008691555555555563,-0.012219688888888932,-0.005306666666666682,1.3914702562921392e-06,-0.3751458208039318,-0.500614772913432,-0.24833650847815622,1.515910007859112e-09,-0.0005594771241829166,-0.0023166013071895335,0.0009517647058823518,0.5121960281570221,-0.02276344086021498,-0.03215712365591396,-0.013865053763440775,1.5804618710981893e-06,0.017915908262845726,-0.11646521278453802,0.1649344325936196,0.8052998794563986,-0.3811936159849232,-0.5326210634362004,-0.22485494705515602,1.867603509926471e-07,-0.025988700564971823,-0.07747643097643095,0.0,0.26038677905404706,-0.010284362192081842,-0.017605592874346702,-0.0037692001050442458,0.003760972469933905,-0.01935897435897438,-0.031115650801892516,-0.0085584930648759,0.0010181471278168208,-0.03873239436619713,-0.08901524644945699,-0.004594334893048062,0.08719384743271798,0.022203963736032062,0.013563584229390625,0.031663135146531636,2.8659943144963724e-06,0.3991095242477689,0.26494960773560255,0.5422288170891748,2.1417623945382425e-08,-0.3751458208039318,True
Qwen2.5-1.5B,Qwen,layer27,27,3,0.1111111111111111,,False,d_all,False,11.031317710876465,-0.025612444444444438,-0.03324871111111106,-0.01873506666666675,7.959569075467359e-12,-0.9700566986182424,-1.1211959102314157,-0.8283981953266645,7.143969897127666e-40,-0.01209411764705881,-0.019440653594771238,-0.006321437908496786,0.00034126656178953255,-0.04812903225806453,-0.0646344086021505,-0.03381881720430109,7.597663011744034e-09,-1.0114949695726567,-1.1869989545255324,-0.8408653985918636,1.696877772816454e-30,-0.8155637910272167,-0.9811640444870539,-0.6471183236876167,9.189367493273237e-23,-0.0629001883239172,-0.16274606640828368,-0.0020867960541873874,0.14883267244489912,-0.025782735454430217,-0.038115059778781143,-0.01533029610026937,1.1075414328533008e-05,-0.049423076923077014,-0.07691168184403814,-0.02697122746895607,0.00010367092130503115,-0.028169014084507005,-0.07508595330023898,0.002094381313131295,0.16931348885932562,0.03603491461100572,0.020712197975964637,0.053885792747206486,1.5082107557427548e-05,-0.19593117854544007,-0.33516524329514896,-0.05410279749243773,0.006010712136699316,-0.9700566986182424,True
Qwen2.5-1.5B,Qwen,layer27,27,4,0.14814814814814814,,False,d_all,False,7.469388484954834,-0.004789333333333312,-0.007850888888888897,-0.0019632888888888823,0.0016237748943166157,-0.26863104583007047,-0.3760459358266053,-0.15624009475659575,1.3004878997237055e-06,-0.0020601307189541673,-0.004496993464052362,-6.797385620915808e-05,0.0771361623350125,-0.00906989247311829,-0.014995430107526877,-0.0032826612903226133,0.004376135402904186,-0.18672257523441171,-0.3099753874785192,-0.05311892578221766,0.00521214961283392,-0.18495638158765448,-0.3060031663810271,-0.0625855714450119,0.0027849671765861114,-0.0026365348399247646,-0.01735304935808285,0.011743292026797246,0.7087203065244501,-0.004656272446866949,-0.009949786009001815,0.00029674184180614237,0.06615423494433534,-0.010705128205128256,-0.02011764889367775,-0.0027427587712738435,0.017507911712710794,-0.007042253521126751,-0.02485919570481097,0.0043873035808166495,0.412136094285077,0.007009761754164123,0.0013161047860004772,0.01285029200927683,0.019768611656843117,-0.0017661936467572303,-0.10329328459507135,0.10819925912976289,0.973548987441203,-0.26863104583007047,True
Qwen2.5-1.5B,Qwen,layer27,27,5,0.18518518518518517,,False,d_all,False,5.393012046813965,-0.002963555555555497,-0.0052500000000000185,-0.0009189333333333162,0.008357741797354342,-0.16521232058701774,-0.2475235340788698,-0.07756299829252694,0.0001437722974129848,-0.0021176470588234464,-0.004408496732026193,-0.0004075816993463435,0.03983243450068961,-0.0043817204301075385,-0.00853413978494629,-0.0002955645161290933,0.036634037030257235,-0.21352688879821669,-0.3113398742208949,-0.11891290153389368,3.916260042479591e-05,-0.1233729995976609,-0.212461633532689,-0.030626486773881804,0.007950464259593783,-0.012052730696798575,-0.03188567640043265,0.0017782410069643825,0.17731995007654977,-0.0020703933747412417,-0.00671204016697009,0.0018034477209825093,0.3260820281312766,-0.00740384615384615,-0.01445311271917874,-0.0020292959064323827,0.024025024078191123,0.0017605633802817433,-0.006061000631313168,0.011719898897058824,0.6636604689469334,0.002264073371284092,-0.0018432184271559293,0.006220219797596337,0.26642382075332605,-0.09015388920055578,-0.16619748922356414,-0.02326362447205864,0.010469558131952324,-0.16521232058701774,True
Qwen2.5-1.5B,Qwen,layer27,27,6,0.2222222222222222,,False,d_all,False,8.316768646240234,-0.01623999999999992,-0.021883377777777827,-0.011275066666666646,6.093061938780488e-09,-0.6729383720195812,-0.8047258344543685,-0.5355459474082451,6.87675978090032e-24,-0.01224575163398689,-0.019811895424836665,-0.006603921568627544,0.00020417833630863668,-0.022499999999999964,-0.034630913978494576,-0.01148373655913969,6.04308516293245e-05,-0.8653903696659238,-1.0265755495050355,-0.704091572585813,1.2731175519786363e-26,-0.4470608235789091,-0.5935717338203776,-0.2986303227749875,1.6227549810978505e-09,-0.027871939736346607,-0.05999093325491831,-0.004390230049476658,0.052728727070403096,-0.012937845945831694,-0.020916570810250938,-0.005498776429484044,0.0011053619399507904,-0.02189102564102563,-0.03965899210865175,-0.008302447118665143,0.008627160528030538,-0.0035211267605633756,-0.02157289002557548,0.009384485246554204,0.6490960264105599,0.010254248366013075,-0.0014388198397638492,0.022847083596879612,0.10106915985099262,-0.41832954608701467,-0.5503566930376367,-0.2936484243943741,3.942374035824106e-10,-0.6729383720195812,True
Qwen2.5-1.5B,Qwen,layer27,27,7,0.25925925925925924,,False,d_all,False,4.888734340667725,-0.0023893333333333544,-0.00462044444444443,-0.000766222222222217,0.016169957350687665,-0.13947247477639735,-0.22161647727752565,-0.06446824417284736,0.0003432602991569318,-0.0014117647058823346,-0.00356143790849677,2.1307189542504523e-05,0.12942048745544055,-0.0038172043010752388,-0.007666935483870901,-0.0005154569892473099,0.03628736593768968,-0.1450683573115228,-0.24370920911125424,-0.052218452262308396,0.003091912116515247,-0.11575167689523136,-0.2017160065934465,-0.034948238346362695,0.006246922526143912,-0.006403013182674222,-0.018307247994747942,0.002640565386432142,0.22528499036178984,-0.0034647399332403683,-0.0075741443574326665,8.321464357999073e-06,0.07144833651504622,-0.0012179487179487802,-0.0035032009556134475,0.000979206748402938,0.29481409032196704,-0.0061619718309858795,-0.02598137822322606,0.0052636212008895615,0.43391537901269084,0.002405439595192904,-0.0008701776301918762,0.005890979337971658,0.16804393054888433,-0.02931668041629143,-0.09896848732175957,0.03753183285088928,0.39292520350490123,-0.13947247477639735,True
Qwen2.5-1.5B,Qwen,layer27,27,8,0.2962962962962963,,False,d_all,False,5.2454657554626465,-0.0036479999999999846,-0.005820577777777741,-0.0018165333333333147,0.00041092635630607697,-0.10699281803584704,-0.17375021921235326,-0.03970655805409275,0.0018837941029555196,-0.0022588235294117576,-0.004293071895424783,-0.0006585620915032178,0.012092128114797887,-0.005854838709677401,-0.009575672043010833,-0.0026555107526881785,0.0009718975062139093,-0.16699032747734188,-0.2527747291356538,-0.08687943830823033,9.810351280967957e-05,-0.07757175382555381,-0.14825336179328827,-0.004190032603545618,0.04003390492247922,-0.04067796610169494,-0.12112049549549546,0.0,0.24740331105390867,-0.004909790002957659,-0.008584810873804468,-0.0014293212788407423,0.008036179830590396,-0.004679487179487185,-0.010187292940080726,-0.00012269005181381393,0.07445314747926145,-0.007922535211267512,-0.03706260364842449,0.010382690882134908,0.5395520434348919,0.0035960151802656437,0.0007729084967320305,0.0068981235504954885,0.02941047406504752,-0.08941857365178807,-0.15351572512770656,-0.0273286835891483,0.00753004670982969,-0.10699281803584704,True
Qwen2.5-1.5B,Qwen,layer27,27,9,0.3333333333333333,,False,d_all,False,4.107089042663574,-0.0016622222222222316,-0.003241022222222184,-0.00032702222222216753,0.024182392717418365,-0.12323830713770878,-0.18557946341657314,-0.05856174539947067,0.00019058280991073525,-0.0014692810457516137,-0.0029545098039215983,-0.00033398692810466315,0.026886809860695894,-0.001317204301075181,-0.0037635752688172236,0.0010165322580645672,0.2728338240535467,-0.2035039587742422,-0.2807873079701438,-0.12798016796340297,5.049448410400834e-07,-0.09551112045167898,-0.16414386309737025,-0.024762262549598957,0.008553719865376567,-0.007909604519774072,-0.027282350948509497,0.0034406611490248222,0.3148754056605376,-0.0013436430472809624,-0.004453548822530249,0.0013648631125170257,0.36270731521063293,-0.0029487179487179827,-0.006890016990851564,0.0006517716635131868,0.13218140597034042,0.0,-0.007925760075752436,0.007591589837966653,1.0,-0.00015207674467643262,-0.002478933164663666,0.0021904100780096533,0.8915982218132884,-0.10799283832256323,-0.1678596031836231,-0.048424323133007645,0.00031292784046983355,-0.12323830713770878,True
Qwen2.5-1.5B,Qwen,layer27,27,10,0.37037037037037035,,False,d_all,False,7.947890758514404,-0.005436444444444466,-0.008176133333333297,-0.0028672444444444033,3.763978701439306e-05,-0.32906016968839147,-0.40466294660556884,-0.25146934061095816,2.353452240889795e-17,-0.004240522875816999,-0.006730196078431469,-0.0020913725490196654,0.00044463199003683736,-0.005946236559139728,-0.010427016129032194,-0.0020106182795698205,0.0052431097993100775,-0.5362883416295556,-0.6323636939203037,-0.4420006402793055,4.757065153218895e-28,-0.22553520140739813,-0.31023972957528045,-0.13919664973730195,3.5769284651016194e-08,0.009039548022598765,-0.010927303000851369,0.03966267725243909,0.5039656792556235,-0.007664680779143951,-0.012560011672223977,-0.003442976691959428,0.0009151491235309246,-0.003012820512820591,-0.00651121189494715,-0.00020798599825081778,0.055648919476307346,-0.01320422535211263,-0.04168133802816908,0.0,0.28589819748795686,0.0017057136833227293,-0.0021119707990722683,0.0061016787897955,0.4171782427507933,-0.3107531402221575,-0.38219046964423237,-0.24172528069166743,6.792358565262725e-18,-0.32906016968839147,True
Qwen2.5-1.5B,Qwen,layer27,27,11,0.4074074074074074,,False,d_all,False,8.710090637207031,-0.00858133333333333,-0.012206311111111121,-0.005418355555555571,1.1942257487986487e-06,-0.3714845719009605,-0.48526633851401113,-0.25817397320644275,2.364895330918379e-10,-0.006169934640522845,-0.010070980392156908,-0.0030630065359476804,0.0005151647974345467,-0.01180107526881713,-0.02058817204301077,-0.004418682795698948,0.003918238766990974,-0.5417474477848736,-0.6926415085193801,-0.4031740763514396,2.514631509941814e-14,-0.13774983997640966,-0.27017819558673967,-0.008064453994174206,0.039704136951123695,-0.01883239171374773,-0.044750261752498896,-0.0005801254989634191,0.09750063567319399,-0.004943592343769843,-0.01049793323269702,-0.000230736097346094,0.05351088142429517,-0.013237179487179507,-0.02851709996268462,-0.002961018650641054,0.044227511076359784,-0.01936619718309851,-0.05468386467069951,0.004676820728291293,0.19688038643358552,0.005631140628294284,-0.0025567636516972522,0.014679815517604904,0.2017886329690235,-0.40399760780846394,-0.5273100537369341,-0.2743552372117384,4.693579703468301e-10,-0.3714845719009605,True
Qwen2.5-1.5B,Qwen,layer27,27,12,0.4444444444444444,,False,d_all,False,3.6926238536834717,7.28888888889001e-05,-0.001061422222222247,0.0013688888888888668,0.9094010418457341,0.09647064828074914,0.03776231817335801,0.15881733962589223,0.001677224163225904,0.00046535947712422754,-0.0002511111111111214,0.0012811764705882604,0.22516063792074692,0.00026344086021512503,-0.0018821236559139337,0.0025594086021505616,0.8215395495696786,0.21832669946538186,0.1448012371865616,0.2990829971642318,1.831707276444796e-08,0.13481878014152082,0.07483644457030697,0.1991176141396886,2.9657514113932996e-05,0.0018832391713746732,-0.012920550847457645,0.02138189704209334,0.8317006117636188,-2.5351755609026583e-05,-0.0025887720902932343,0.003062030029285836,0.986447530924593,-0.0005448717948718373,-0.00375034337206083,0.002361825210997228,0.726493246509651,0.0017605633802817433,0.0,0.007845122203811181,0.44509668355960263,0.0002019186169091025,-0.0017990264600462075,0.002186716213367079,0.8487951232464653,0.08350791932386104,0.020212999838273984,0.14592757871985576,0.008202265573510881,0.09647064828074914,True
Qwen2.5-1.5B,Qwen,layer27,27,13,0.48148148148148145,,False,d_all,False,7.921925067901611,-0.0029831111111110475,-0.005509466666666699,-0.0008176888888889151,0.015340499664084146,-0.20628595368423497,-0.30135986609910864,-0.11507406661782905,1.2871087130308872e-05,-0.0002614379084966423,-0.0021546405228758227,0.0012341176470588603,0.7630424112829284,-0.006215053763440781,-0.011711693548387062,-0.0012022849462365527,0.024053902311842495,-0.016869384889199424,-0.13504305221378737,0.09547465964579074,0.7721083864968076,-0.1704631130972567,-0.28225752515154023,-0.07106240230444402,0.0010914756347430914,-0.030131826741996326,-0.0894371418378041,0.0011185682326622093,0.23530522378970287,-0.0011746313432204891,-0.005346471773598096,0.003114389026413261,0.5881679866493701,-0.011410256410256503,-0.022686390999900042,-0.0033640314569536325,0.02288210374229204,0.0035211267605633756,-0.002715306045529914,0.016142473118279543,0.4510924638859922,0.005953615854944139,0.0009509355892894093,0.011226333017077813,0.026839772781868818,0.15359372820805728,0.07497010592133209,0.23371751100012716,0.00019705344270183823,-0.20628595368423497,True
Qwen2.5-1.5B,Qwen,layer27,27,14,0.5185185185185185,,False,d_all,False,3.848830223083496,-0.00025422222222215574,-0.0018017777777778494,0.0013653777777777737,0.761042070462719,0.012149855764771011,-0.05523044311466865,0.0865469784253153,0.7353423473937379,-0.000852287581699307,-0.001976601307189496,0.000214379084967245,0.1328313804845014,0.0017419354838710266,-0.0008389784946236933,0.004559811827957016,0.22011522870781308,-0.14644765881387212,-0.23177414397468893,-0.05711645121769051,0.0008823418684283803,0.06647723156886487,-0.004051221705139184,0.14206605428806068,0.07570637367945099,0.015442561205272987,-0.0008420361810192567,0.046023485606818945,0.24855306056538717,0.001183081928423535,-0.0018451433193092835,0.00459344097949913,0.4736183151841643,-0.0010256410256410664,-0.00391393704909754,0.0014689848161958286,0.47097463974933873,-0.005281690140845008,-0.018579369546861797,0.0023930685728187537,0.3207960797746767,-0.0025942230655703336,-0.0050260072738773755,-0.0003590354206198357,0.036276908457819265,-0.212924890382737,-0.26915528734558153,-0.16054935431235354,1.8566794778003184e-14,0.012149855764771011,True
Qwen2.5-1.5B,Qwen,layer27,27,15,0.5555555555555556,,False,d_all,False,7.198402404785156,-0.002227555555555538,-0.0042627111111111175,-0.0002858222222221905,0.031203326609857564,-0.2266355938125164,-0.30004257019347197,-0.14862914766849514,2.696113933166362e-09,-0.002807843137254906,-0.005145490196078448,-0.0008725490196078245,0.012074876510927209,-0.002112903225806373,-0.006055913978494581,0.0016560483870967783,0.2724926526586974,-0.4320757442669163,-0.5209644888724217,-0.34441794458735586,9.614740947130776e-22,-0.2214384557395772,-0.29921885328299236,-0.14023586479941666,3.215217805055202e-08,-0.006779661016949157,-0.025255242825607014,0.005451493918392788,0.39703583982933,-0.0001436599484514467,-0.003965375183648706,0.003433298634373164,0.9401685640369716,-0.006089743589743679,-0.01153404534886952,-0.0016458022199714434,0.02098843731416537,-0.004401408450704136,-0.019000974658869376,0.00782236426767676,0.5279996911937727,-0.0006949399114485333,-0.0046743000210837105,0.0032366982922200195,0.7310318961919864,-0.2106372885273391,-0.27934062272234217,-0.14668045076134295,6.398306551381266e-10,-0.2266355938125164,True
Qwen2.5-1.5B,Qwen,layer27,27,16,0.5925925925925926,,False,d_all,False,3.018601417541504,-0.001521777777777733,-0.0031060888888888747,-0.00022755555555564744,0.04802775041469934,-0.12168499730798477,-0.1778087191027507,-0.07117356190359998,6.8786403625057254e-06,-0.0013437908496731765,-0.0032471895424837386,5.2418300653533806e-05,0.1162056707077646,-0.001698924731182716,-0.0038817204301074826,0.00022096774193552612,0.10475110212472523,-0.1727086245960856,-0.24407586597018124,-0.1078722594027361,3.13673116082954e-07,-0.1039818740176357,-0.1549084506825654,-0.05073650100304898,0.00011903967802632048,-0.014312617702448294,-0.04106863796461103,0.0022499686623710644,0.22464180966923553,-0.0009464655427388058,-0.004087647944736481,0.001701994592490907,0.5171934073471167,-0.0034294871794872117,-0.006709292895664273,-0.0010168750106372012,0.018351118953344066,0.0017605633802817433,-0.006401282827485089,0.012092839592839655,0.6958468298733935,0.0003551338815095395,-0.0016291471642420285,0.0024122427788320494,0.736562541915861,-0.0687267505784499,-0.11449334922083461,-0.024517329861222643,0.002762754477336948,-0.12168499730798477,True
Qwen2.5-1.5B,Qwen,layer27,27,17,0.6296296296296297,,False,d_all,False,7.1524553298950195,-0.010951111111111134,-0.014712755555555563,-0.00776693333333339,1.1843445865924601e-09,-0.5166909436582348,-0.6298939889337316,-0.41343663938147907,2.850893611189837e-20,-0.006985620915032631,-0.01119581699346409,-0.0036337254901960742,0.00037920343425947364,-0.015430107526881676,-0.022056317204301047,-0.009585618279569903,1.4369905592081714e-06,-0.47316750969347554,-0.6179932193980571,-0.3324505570131641,8.14439132396103e-11,-0.35847196937440184,-0.4785527504721545,-0.24565424989424825,3.8990580950528795e-09,0.006026365348399176,-0.007752272119753984,0.02894927536231882,0.5413626637240669,-0.00921113787129757,-0.015057299125828646,-0.00430463920047675,0.0009648198442907208,-0.021121794871794886,-0.03332675393103657,-0.01045700349088899,0.0002431611093257518,-0.007922535211267512,-0.03130244626146261,0.009158350840336102,0.4545547968184298,0.008444486611849045,0.0019424446552814805,0.014928243727598569,0.011396740935173774,-0.1146955403190737,-0.20639656570571482,-0.02431630521316045,0.015891219685152346,-0.5166909436582348,True
Qwen2.5-1.5B,Qwen,layer27,27,18,0.6666666666666666,,False,d_all,False,4.172811985015869,-0.0023591111111110896,-0.004143333333333379,-0.0007007555555554975,0.008814034888757677,-0.11765131445468446,-0.17909353545755013,-0.05447709155871352,0.0002543189876641677,-0.0004444444444443585,-0.0021231372549019383,0.0007742483660131246,0.5649598532920911,-0.004569892473118231,-0.007694354838709694,-0.0018971774193548459,0.0017047212944030377,0.05930946175842999,-0.026755188046214993,0.14604504899967705,0.1793989810430775,-0.0835308322839281,-0.1516993991535837,-0.014596908918216665,0.018821697943328223,-0.012806026365348444,-0.04043975943646989,0.0036887531755277507,0.273604438970073,-0.0034647399332403683,-0.007225752408241204,-3.9414693479667014e-05,0.056031222145412805,-0.004935897435897507,-0.009681433941439693,-0.0012024138771858234,0.02194852389918008,0.002640845070422615,0.0,0.009662225338943472,0.33670660359145577,0.004125448028673873,0.001485435905544949,0.007047306557031374,0.0023721241394224443,0.1428402940423581,0.08651440110171925,0.20328663839870192,9.779168371527514e-07,-0.11765131445468446,True
Qwen2.5-1.5B,Qwen,layer27,27,19,0.7037037037037037,,False,d_all,False,6.17639684677124,-0.004906666666666615,-0.007417600000000027,-0.002626488888888829,3.3872424961089955e-05,-0.27257013768770166,-0.3555225368714856,-0.19870468808720132,8.758140296011131e-12,-0.002488888888888874,-0.0045335947712418865,-0.0007052287581699823,0.012426116235606952,-0.006134408602150532,-0.00960497311827952,-0.0025430107526881462,0.0006106912804043633,-0.13336404663597312,-0.23985190055859557,-0.028787855247042582,0.013068646674956136,-0.16743949189509122,-0.2549871564472417,-0.07954602913306999,0.00023950496487669325,-0.03992467043314507,-0.114256174277726,-0.00039983164983168034,0.22529363438284022,-0.007267503274601794,-0.011770702669061453,-0.003257555992913545,0.0012524745738175113,-0.0027243589743589647,-0.005960065017551785,0.0002576173088473371,0.09693139192289933,-0.0035211267605633756,-0.013334224598930458,0.002887981798285775,0.40336893893763504,0.003645519713261658,0.0004525890786421572,0.006766463208939476,0.021205785935672742,0.0340754452591181,-0.03813436210229615,0.1124067565802482,0.3755580304518916,-0.27257013768770166,True
Qwen2.5-1.5B,Qwen,layer27,27,20,0.7407407407407407,,False,d_all,False,6.012547492980957,-0.003916444444444389,-0.005939911111111143,-0.002106266666666701,5.061586064833465e-05,-0.33216842189777074,-0.4045269276542412,-0.25944969406780155,1.6215886117339248e-18,-0.0029019607843137063,-0.004753071895424873,-0.0013644444444444379,0.000872862205022981,-0.007698924731182721,-0.011597311827956924,-0.004145161290322605,0.00011519378410735147,-0.4095007624340181,-0.5000201572367988,-0.31759305497693185,3.6180461103041965e-18,-0.2951881892246013,-0.3712814151218913,-0.21519895776690157,2.0901134085098237e-14,-0.02184557438794732,-0.04925094882286659,-0.0024148329644797586,0.06538488239344474,-0.005146406388642388,-0.009063762190682906,-0.001295018045536506,0.00954833670786492,-0.0050000000000000044,-0.008969016285721786,-0.0018912183548809001,0.008174321095682495,0.0035211267605633756,-0.0021739130434782483,0.013790463794994367,0.3899275012900133,0.004796963946869015,0.00127236032047226,0.00859869491882781,0.014043060081201639,-0.11431257320941679,-0.17190481780454092,-0.06203103717865015,4.8575201651108695e-05,-0.33216842189777074,True
Qwen2.5-1.5B,Qwen,layer27,27,21,0.7777777777777778,,False,d_all,False,6.06657075881958,-0.00909155555555552,-0.013463644444444436,-0.005462888888888963,7.900085853659899e-06,-0.5029307883315095,-0.5978816545494486,-0.4135696048974573,1.1317314044718415e-26,-0.010666666666666602,-0.016747712418300642,-0.005704183006535985,0.00010185643119172792,-0.008978494623655853,-0.013518145161290332,-0.004971370967741857,6.752243617942677e-05,-0.7778046595639099,-0.8887553655579745,-0.6716294114966431,9.703637379974174e-44,-0.3781019964523904,-0.473341894608175,-0.27924649835089405,3.9974934242254344e-15,-0.09943502824858763,-0.29737950211864406,-0.002282715414465353,0.2370422166757128,-0.010233658680863678,-0.017362255927904066,-0.004231949575147518,0.0026683013971511853,-0.007307692307692348,-0.012900231034416504,-0.002880052028475855,0.005807844441988113,0.0008802816901408717,-0.007249040920716143,0.010990945674044227,0.8416128737917756,-0.0016881720430107494,-0.0070996189120809405,0.0030254048070840027,0.521751428725165,-0.3997026631115195,-0.48159159169692745,-0.3235603556761681,3.652021499565603e-22,-0.5029307883315095,True
Qwen2.5-1.5B,Qwen,layer27,27,22,0.8148148148148148,,False,d_all,False,4.790277004241943,-0.0002506666666666213,-0.001658888888888918,0.001047511111111107,0.7202930356383783,-0.03302824911744828,-0.08740030889027349,0.022411147670727587,0.23655067386844408,-9.93464052286841e-05,-0.001009542483660128,0.0007738562091502699,0.8313508816356883,-0.0001290322580644876,-0.0026189516129032225,0.002225806451612855,0.9164410764424331,-0.06419004211081525,-0.13341970597330222,0.006347921871555421,0.08428598277168589,-0.025861033971348313,-0.08183937567717983,0.030734386203895733,0.3783977360367351,0.0018832391713746732,-0.011023875114784204,0.01242863534675609,0.7393489941245555,0.0006422444754299317,-0.0021282836818492246,0.0033894448636547308,0.6562982817420253,-0.0018269230769231148,-0.005367041688470245,0.000882095332640339,0.25522779939769,-0.002640845070422504,-0.011941791044776131,0.0,0.4046468401726604,2.9685852835803495e-05,-0.002044977335020043,0.0019775637781994145,0.9771526335513308,-0.038329008139466936,-0.0853474447738207,0.004921804821734305,0.09750915610030307,-0.03302824911744828,True
Qwen2.5-1.5B,Qwen,layer27,27,23,0.8518518518518519,,False,d_all,False,6.233311653137207,-0.0016373333333332685,-0.003091866666666626,-0.00042257777777781664,0.02163689140887142,-0.15792932847004026,-0.2170278743693066,-0.1027018214290795,9.204872295381432e-08,-0.0029228758169934643,-0.0054801307189542405,-0.0010504575163399036,0.010643116628714698,0.0005698924731183386,-0.001404166666666634,0.0024088709677419213,0.557168626011963,-0.321941603419019,-0.39737792721006254,-0.2524797752682484,1.3123473518814591e-17,-0.08239802301921273,-0.1448613267731712,-0.030126121913782312,0.005045406977398314,0.0018832391713746732,-0.005660058095934317,0.009829593788638128,0.6287008767739676,-0.0015211053365445926,-0.00411389143033859,0.0008193880980936205,0.23910142118493782,-0.0003205128205128194,-0.0024213804730385978,0.001685384525606731,0.7572905013356926,0.0008802816901408717,-0.003355087791707495,0.0069210159554018704,0.724692336662822,-0.003492768290111803,-0.006293506746784638,-0.000979212523719248,0.011070307216753497,-0.23954358039980628,-0.2953965037597945,-0.18788739519858594,4.178468135642201e-17,-0.15792932847004026,True
Qwen2.5-1.5B,Qwen,layer27,27,24,0.8888888888888888,,False,d_all,False,4.823323726654053,-0.002410666666666672,-0.004254444444444491,-0.0007483999999999963,0.009741755279357032,-0.14847580793388504,-0.2114516135214864,-0.09231130517207643,1.3050729885760464e-06,-0.0023529411764705577,-0.004559607843137278,-0.000669019607843205,0.02222485622421655,-0.002494623655913908,-0.004774327956989191,-0.0005211021505376504,0.02402032190740091,-0.2596883154136016,-0.34061196389996423,-0.19029016084728556,1.3166290517514002e-11,-0.08689115499120348,-0.15353564892430582,-0.02808886540677445,0.006874438885460209,-0.023728813559322104,-0.06805778056387511,0.0,0.21838228848442875,-0.0028816495542316467,-0.006578517430509995,2.7100042789654166e-05,0.09370522486995225,-0.0019551282051282204,-0.005308122086215461,0.0004257262646517267,0.17229838329359948,0.0008802816901408717,0.0,0.004301773495321856,0.4963696086242063,0.00014168247944335022,-0.0020082532152646327,0.0021694544592031043,0.8961887049232107,-0.17279716042239812,-0.22711578875104493,-0.12577919115133265,8.472695241862758e-11,-0.14847580793388504,True
Qwen2.5-1.5B,Qwen,layer27,27,25,0.9259259259259259,,False,d_all,False,8.187959671020508,-0.015230222222222145,-0.020813333333333302,-0.010140888888888939,5.3796038911716315e-09,-0.790441170883172,-0.9063938982763992,-0.6580922412420309,9.698091947661357e-35,-0.012460130718954243,-0.018836078431372538,-0.007090065359477063,4.128541127440716e-05,-0.019198924731182787,-0.02858830645161293,-0.010730241935483904,3.449203606227989e-05,-0.8460731694552082,-1.0064864097964794,-0.686000904242274,2.920384743674966e-25,-0.48683533093238074,-0.617120236994261,-0.34801305620695494,4.914406688975615e-12,0.003389830508474523,-0.027406707605101555,0.04693023989898985,0.8616965356290712,-0.022148983817129375,-0.03256015791434672,-0.012549436921890662,1.354622630882776e-05,-0.021923076923076934,-0.0385226202079272,-0.009057807483285722,0.0038018334393706663,-0.012323943661971759,-0.04125410353535354,0.005043513482537267,0.31875929874559017,0.006738794012228544,-0.0031362418300654366,0.016561858528357527,0.17482874180241792,-0.3592378385228274,-0.47511973187413764,-0.24647975141293993,2.9640040044140923e-09,-0.790441170883172,True
Qwen2.5-1.5B,Qwen,layer27,27,26,0.9629629629629629,,False,d_all,False,5.302327632904053,-0.0014453333333332985,-0.0026151555555555678,-0.00033742222222221706,0.014034017393354482,-0.1329007036866634,-0.18540851603902664,-0.08131548359579696,1.1900234143991288e-06,-0.0011921568627450974,-0.0021386928104575624,-0.0004809150326797408,0.004792194432757906,-0.0021612903225806113,-0.004532526881720481,0.0001724462365591369,0.07714724963261772,-0.27959444519082277,-0.3547632808616995,-0.21249383195895882,9.24337488435577e-15,-0.1243936306579907,-0.18274659359385026,-0.06939039147351715,2.420608115931282e-05,-0.013935969868173359,-0.03435266834631242,0.00042966845441251014,0.12893627842791705,-0.00142814889931131,-0.0035891200848092693,0.0005989311293158381,0.18956013059047883,-0.002820512820512877,-0.007607522539421147,0.0011067418732175307,0.21619697599706478,0.0,-0.008336267605633774,0.010379023041759325,1.0,0.0009691334598355139,-0.0013043184693231984,0.0033801380982499676,0.4098689563239737,-0.15520081453283208,-0.20474692125415103,-0.10576360764505996,6.037899472198916e-10,-0.1329007036866634,True
Qwen2.5-1.5B,Qwen,layer27,27,27,1.0,,False,d_all,False,4.733860015869141,-0.003450666666666602,-0.005123866666666657,-0.0019607555555555658,2.4880544177984828e-05,-0.25466578664397765,-0.32496434799733126,-0.19306871310240703,1.581463314049656e-14,-0.001704575163398614,-0.0030014379084966404,-0.0005639215686274214,0.008143438724965814,-0.006354838709677346,-0.009667204301075313,-0.0030153225806451057,0.00022496024832755946,-0.3196176681498053,-0.4047785147539392,-0.24092125981269097,1.1639041405802536e-13,-0.2465399859720887,-0.3191352480694966,-0.17695873531260817,5.17741140885407e-12,-0.009416195856873921,-0.0344230244393706,0.004318769806928631,0.37245975450469904,-0.005923860227320721,-0.009855652271210134,-0.0022085020568475616,0.001776816834860215,-0.003269230769230802,-0.006912045538670281,-0.0004486976065106934,0.050044345695564124,-0.004401408450704136,-0.01667087542087536,0.0,0.3062888893655361,0.004650263546278732,0.0015342520556611311,0.007874430740038043,0.004864377883717038,-0.0730776821777166,-0.13832271596346069,-0.014674087586579792,0.022528493916257955,-0.25466578664397765,True
Qwen2.5-1.5B,Qwen,behavior,28,1,0.037037037037037035,0.10247381776571274,False,auc_all,False,15.53125,-0.6089297777777778,-0.6333339555555555,-0.5846352,0.0,-3.0674390974352193,-3.2376212644719784,-2.91853742401234,7.762930576508374e-299,-0.8238535947712419,-0.84988522875817,-0.795255816993464,0.0,-0.42949731182795703,-0.47189616935483875,-0.3868266129032259,1.1235481540102216e-83,-3.991183712445256,-4.214100693706368,-3.7934054229360097,1.918223175396918e-299,-2.2039461942266896,-2.4264292790335946,-1.9954348321679822,3.9187128264565317e-87,-0.5184557438794727,-0.6601898589413394,-0.36134988776655447,1.0760374786064803e-11,-0.42712215320910973,-0.4685720146826259,-0.38301114586585283,1.584669154287211e-81,-0.45979166666666665,-0.5306914601471268,-0.38540644641882954,2.075422775939886e-36,-0.4753521126760563,-0.6152611913913014,-0.32330502830502844,3.152455785744217e-10,-0.39435628294328484,-0.4455874828694919,-0.35110803157284415,3.2330529098731664e-61,-1.7872375182185665,-2.0366930988956278,-1.5659369884921401,5.081455891502902e-50,-0.6089297777777778,True
Qwen2.5-1.5B,Qwen,behavior,28,2,0.07407407407407407,0.9983195662498474,False,auc_all,False,2.75,-0.0012959999999999638,-0.008003955555555543,0.005243111111111065,0.702143959082919,0.013189573540730581,-0.08744374718202165,0.12249474207784425,0.8117182307181784,0.0057202614379084915,5.424836601304054e-05,0.011022418300653638,0.04417565647454436,-0.014561827956989237,-0.026685483870967832,-0.0019442204301075756,0.023310133211025666,0.4543453020699735,0.2952475786180651,0.6157243270652766,2.2163808959611372e-08,0.053228360635595884,-0.07932737751414787,0.19290685267396715,0.4470267930391081,-0.01563088512241051,-0.046556296052940344,0.00017160399513338736,0.2461766999046051,-0.0123209532260109,-0.021565530401961044,-0.003045860659981696,0.008767841248496066,-0.017644230769230718,-0.0402443206926967,0.002910059901338971,0.1021469652546959,0.013644366197183122,-0.025402930402930422,0.052097039473684124,0.47777621088244093,0.02028208939489773,0.007855834387518417,0.032519445498629534,0.0014036129301385366,0.4011169414343776,0.2605927846675169,0.5577819298842454,1.0489970179578518e-07,-0.0012959999999999638,True
Qwen2.5-1.5B,Qwen,behavior,28,3,0.1111111111111111,0.9998716115951538,False,auc_all,False,3.125,-0.03340799999999999,-0.042382466666666646,-0.02468386666666662,4.930908581380137e-13,-0.4930269175209774,-0.6027446337339348,-0.39015966147250647,2.711792444470629e-20,-0.014875816993464075,-0.022520980392156834,-0.007543921568627425,0.00017969407788467282,-0.05472311827956988,-0.07218991935483872,-0.03893857526881723,6.41274747313352e-11,-0.3283688930847557,-0.45921386259361857,-0.20660063845246265,8.383583731868189e-07,-0.5389157049862019,-0.6795324257538146,-0.4125774281115016,3.7394850693404187e-16,-0.0028248587570621764,-0.018473505625010257,0.016552765942283512,0.7402467199437941,-0.03840368445514852,-0.05274812668379626,-0.02427107185459633,6.295631548911985e-08,-0.07432692307692301,-0.10116142138194195,-0.05038152407602787,2.2572846722374298e-08,-0.13952464788732388,-0.26538983903420527,-0.037162069856741996,0.01354090876255638,0.03984730128610581,0.02385867910605106,0.05692966450558716,7.326195779335136e-07,0.2105468119014462,0.09608911836955802,0.32487730196803466,0.0006249884226247638,-0.03340799999999999,True
Qwen2.5-1.5B,Qwen,behavior,28,4,0.14814814814814814,0.9995869398117065,False,auc_all,False,2.875,0.0021520000000000428,-0.0046144222222222475,0.008710866666666654,0.5315786195128541,-0.0057550683276073045,-0.1165207341711567,0.10056940948445885,0.9173659542740298,0.005058823529411671,-0.0011025490196078956,0.011451437908496731,0.10847968376342365,-0.007252688172043054,-0.0192692876344085,0.00488319892473114,0.23974554270054826,0.06336879982430199,-0.08418084500296581,0.2128443057041406,0.390677873231842,-0.0642333766832115,-0.18911975756985858,0.062383037242789326,0.3213793683739622,0.004519774011299438,-0.00799770595206451,0.02506106906791839,0.6068783722304902,-0.012671652511936471,-0.021622314206973102,-0.004271474369058203,0.004000218020776477,0.00626602564102563,-0.016488148581009693,0.027554732805104655,0.572460546816852,-0.0035211267605633756,-0.044046992961623184,0.03238186954288645,0.860097545914684,0.012311511701454725,0.0009596436854311388,0.023742702403542117,0.037315330221646625,0.1276021765075135,0.009806002552201157,0.2466429628620165,0.03775085287322821,0.0021520000000000428,True
Qwen2.5-1.5B,Qwen,behavior,28,5,0.18518518518518517,1.0000759363174438,False,auc_all,False,2.125,-0.024706666666666655,-0.0322640888888889,-0.017475000000000074,4.9933385077556646e-11,-0.40141109874077774,-0.4819656465602904,-0.3188605122921022,2.061370693421339e-20,-0.009283660130719018,-0.01619209150326797,-0.0025979084967319493,0.008093337221274878,-0.040024193548387155,-0.05413588709677423,-0.026369892473118235,9.362140681523978e-09,-0.1545576738235468,-0.2532786044353823,-0.046444252930234284,0.0035353126902575365,-0.3722011768710476,-0.47314630987946465,-0.27230390186769426,1.6012441036650179e-12,-0.0702448210922787,-0.16256756756756754,-0.004327345521541976,0.09781681342130957,-0.025279925634850264,-0.035713430487153086,-0.01570047988851491,5.198162926905417e-07,-0.0519391025641025,-0.07611797121436524,-0.02897579041896626,2.779963449460146e-05,-0.033890845070422504,-0.09029356060606061,0.014254693274205464,0.19475779555624828,0.030740533417668137,0.01624905096985032,0.04527471194391744,1.814510465880508e-05,0.2176435030475008,0.11536344554726227,0.32253776784972826,4.192904211185176e-05,-0.024706666666666655,True
Qwen2.5-1.5B,Qwen,behavior,28,6,0.2222222222222222,1.000135064125061,False,auc_all,False,3.5,-0.020200888888888935,-0.02726777777777782,-0.013260088888888953,1.236583089658539e-08,-0.25586860187411453,-0.3510006980339228,-0.16578326766448662,7.300163021290236e-08,-0.021623529411764708,-0.02921915032679738,-0.0140707189542484,2.5484071359244693e-08,-0.019177419354838743,-0.030226142473118257,-0.008179704301075248,0.0005614883466040447,-0.2938943296929235,-0.4137722787604439,-0.16927122830896207,2.853719358904533e-06,-0.11045211333187055,-0.22551913239450402,0.0031672184450186832,0.05310595042223939,-0.020150659133709947,-0.051045429460164556,-0.002107538178422356,0.12127932390870025,-0.013030802383065088,-0.021718935697823304,-0.0040978114216463175,0.00373472425737212,-0.006923076923076921,-0.02029919825463177,0.007027842451424792,0.32802679523334144,-0.0008802816901407606,-0.037844425050722094,0.03608393128941071,0.960472141330214,-0.0024461100569259653,-0.013931155123339646,0.008588785842293986,0.6693685166721874,-0.18344221636105296,-0.30629782702895564,-0.06723902649445293,0.002143358936944354,-0.020200888888888935,True
Qwen2.5-1.5B,Qwen,behavior,28,7,0.25925925925925924,0.997400164604187,False,auc_all,False,3.75,-0.05125511111111114,-0.061782555555555625,-0.04039064444444445,1.8955103497158086e-20,-0.6636702574475066,-0.7760395753695594,-0.5507299663163217,4.986434477847666e-33,-0.03445490196078438,-0.04562692810457511,-0.02259450980392151,7.169528214592433e-09,-0.06241397849462371,-0.07942526881720428,-0.04532083333333337,3.6397745984158664e-13,-0.6140830989990818,-0.7619604490269536,-0.46807690863295304,4.548675924637467e-16,-0.551640036104176,-0.6887578280948549,-0.4224780076469503,2.780671759910048e-16,-0.10056497175141244,-0.18863647136897985,-0.022814569461736954,0.016984411523450493,-0.04991338150166902,-0.06487543048919762,-0.0359097043318329,5.930940902806806e-11,-0.0690705128205128,-0.09711088953367877,-0.04067681798939754,1.8845425285333553e-06,-0.11751760563380276,-0.2351669973544974,-0.015473803157626672,0.03453364579867938,0.027959076533839333,0.010832313409234648,0.04509633934218846,0.001364696033607411,-0.062443062894905754,-0.19745066121071295,0.08344631720834232,0.36887064647634316,-0.05125511111111114,True
Qwen2.5-1.5B,Qwen,behavior,28,8,0.2962962962962963,0.9941792488098145,False,auc_all,False,3.125,-0.026150222222222186,-0.03605386666666668,-0.0166753777777778,1.2837247497064328e-07,-0.42061047884486635,-0.5487662773357539,-0.2916498846585362,4.17208868377099e-11,-0.017409150326797462,-0.02670091503267972,-0.008101437908496803,0.00032949925733126906,-0.03297043010752687,-0.04931915322580639,-0.017920564516128987,6.582331433632125e-05,-0.5150467536572965,-0.676617877410215,-0.3516593736804193,3.867230081571587e-10,-0.3539429676566981,-0.49465814613662323,-0.21244759219938056,8.615575590587461e-07,-0.08587570621468932,-0.1973575228389935,-0.007277542100923026,0.10173511354728867,-0.05388093125448934,-0.07055434988777957,-0.03800564319667392,9.610043519864054e-11,-0.029439102564102537,-0.054644827980317626,-0.00637153586838075,0.020483791238206542,-0.002640845070422504,-0.0626301494191038,0.048115530303030285,0.9237851324172494,0.015561279780729409,0.0002630940333122807,0.03242325716845886,0.05609381068794049,-0.16110378600059838,-0.2989376692261539,-0.026687663929905386,0.0228461072610903,-0.026150222222222186,True
Qwen2.5-1.5B,Qwen,behavior,28,9,0.3333333333333333,0.9981747269630432,False,auc_all,False,3.75,-0.1480986666666667,-0.16698131111111114,-0.12961200000000003,9.149293949636746e-55,-1.3255705754987939,-1.449018686742529,-1.2162039326056728,2.3474084435124332e-110,-0.13936993464052294,-0.162009477124183,-0.11658346405228756,9.602926992041957e-33,-0.13424193548387098,-0.16308743279569893,-0.11029045698924728,8.492068396134306e-23,-1.4923708268963682,-1.6462821693219591,-1.348166351759461,5.815038561718353e-83,-1.0377405977239755,-1.1822710524977627,-0.8981975040887833,1.4841552274686243e-44,-0.3099811676082862,-0.4564473934550989,-0.17459089100645062,2.0781478008940752e-05,-0.12222503908395654,-0.14802746234943934,-0.09749057911940703,1.7944664397851597e-20,-0.1364102564102564,-0.18022830691410832,-0.09403465401353162,6.941060107338341e-10,-0.15933098591549288,-0.2694954004329004,-0.06829978613066855,0.002796753786355957,-0.005127999156651963,-0.03353779174573046,0.025554703246890253,0.7357097501466455,-0.4546302291723927,-0.60729835096989,-0.30488180943520876,8.831352287988033e-09,-0.1480986666666667,True
Qwen2.5-1.5B,Qwen,behavior,28,10,0.37037037037037035,0.9994733333587646,False,auc_all,False,3.25,-0.06319111111111109,-0.07430288888888893,-0.05254397777777776,2.0031399338251247e-29,-0.729964101787516,-0.8269134817674416,-0.6436030105916516,2.1894253970248294e-54,-0.0838875816993464,-0.09970705882352944,-0.06888895424836602,7.1199619451405e-26,-0.039497311827957016,-0.05298205645161294,-0.02737580645161292,5.669962719502969e-10,-1.129262709371495,-1.2602281325202238,-1.0189355306184702,1.0570640877261044e-74,-0.4911547430726315,-0.6025461894642904,-0.3858058709932537,9.532210404683717e-20,0.008851224105461353,-0.0034037063101102546,0.03025308959433976,0.3525333098358887,-0.032357290742383915,-0.044338448432530694,-0.021355173088103484,2.8935025619821354e-08,-0.034551282051281995,-0.05452974794626511,-0.015977354698338397,0.0005315543775783515,-0.017165492957746498,-0.06978183401963887,0.03007082254817373,0.48780424011821644,-0.04439026987138939,-0.061052500000000016,-0.02857730049546699,5.155599608275005e-08,-0.6381079662988636,-0.759512052966041,-0.517968082394615,4.15968998697739e-26,-0.06319111111111109,True
Qwen2.5-1.5B,Qwen,behavior,28,11,0.4074074074074074,0.996798038482666,False,auc_all,False,4.0,-0.16245422222222217,-0.1801922222222222,-0.14472691111111108,1.1566034285288306e-68,-1.3628902341390956,-1.4827821510383739,-1.2518567887249585,3.2536666832019687e-118,-0.1388653594771242,-0.1628396732026143,-0.11417732026143794,6.496029668081694e-29,-0.14695698924731182,-0.17414186827956993,-0.12220793010752687,3.391654309262522e-28,-1.3294825321698953,-1.498259927723076,-1.1601291665070588,6.559728081681037e-58,-1.0078186424885613,-1.169648456384652,-0.8597524686502681,4.1606454421491344e-39,-0.12542372881355934,-0.20244285804053028,-0.06920415224913501,0.00011320646240015835,-0.11814763172349685,-0.14242668184692173,-0.09473435814604039,8.602982067954638e-24,-0.1504647435897436,-0.19497468620600417,-0.11109756874741107,1.1468167143886514e-11,-0.06558098591549288,-0.1436016949152543,0.0036654491341990996,0.08961503750234773,0.008091629770187625,-0.023815159181952275,0.03904503136200725,0.6206558110762177,-0.32166388968133397,-0.5048186351175148,-0.16325470740030568,0.00023802045029267834,-0.16245422222222217,True
Qwen2.5-1.5B,Qwen,behavior,28,12,0.4444444444444444,0.9982483983039856,False,auc_all,False,3.125,-0.02222400000000002,-0.028298111111111086,-0.01574080000000005,5.0756029391037e-12,-0.2921500838890614,-0.365756741140183,-0.21817182736860719,3.4473811110675045e-15,-0.013529411764705901,-0.01952477124183003,-0.007646797385620955,5.919415859020931e-06,-0.027137096774193625,-0.03613245967741936,-0.018329838709677443,9.063587886279352e-09,-0.32287786965027765,-0.41454116024511295,-0.2191397577996534,9.799158864577657e-11,-0.31709764629286563,-0.4006003581553503,-0.2355672780959601,4.823046711508425e-13,-0.013559322033898313,-0.043939583522916804,0.0018397583667783832,0.3020861511017592,-0.021291249419022273,-0.03074549574707886,-0.013176317551166838,1.4762408621864696e-06,-0.03339743589743582,-0.04876422232880295,-0.01882094249743174,1.9683277284650117e-05,-0.0369718309859155,-0.08467066092960424,-0.004773995535714309,0.07832440549900123,0.013607685009487724,0.0049889798123550575,0.022410955091714143,0.00271676979896682,-0.005780223357412018,-0.10380607060255087,0.09317998453259448,0.908913164238528,-0.02222400000000002,True
Qwen2.5-1.5B,Qwen,behavior,28,13,0.48148148148148145,0.9764930009841919,False,auc_all,False,3.625,-0.03693688888888891,-0.04729457777777779,-0.026790466666666655,6.094212460296441e-13,-0.48232142482937146,-0.6058002979515258,-0.360204766801004,3.1813513107037137e-15,-0.023932026143790863,-0.03442947712418299,-0.013541960784313708,5.440504889178483e-06,-0.040844086021505466,-0.05718555107526877,-0.024946505376344113,9.722839342390686e-07,-0.3666429536641007,-0.5295267040236699,-0.20846353473285614,6.363951142701773e-06,-0.36186019090608923,-0.5081474532759356,-0.21370685679681667,1.8631240774179337e-06,-0.09529190207156313,-0.1650980869989034,-0.028203607024205078,0.006445326022810979,-0.054518950437317804,-0.07051788883555374,-0.039609081319310624,5.641502484870166e-12,-0.0691666666666666,-0.09542488374213179,-0.0449797309390287,1.9748593739620793e-07,-0.08362676056338025,-0.1646936813186814,-0.014654166666666727,0.03341939472025618,0.016912059877714603,0.0003523684904068959,0.033424371442125206,0.045850732730356,-0.004782762758011483,-0.16059166017753568,0.1485712250542815,0.9518839999938605,-0.03693688888888891,True
Qwen2.5-1.5B,Qwen,behavior,28,14,0.5185185185185185,0.9948886632919312,False,auc_all,False,2.875,0.012683555555555559,0.007727311111111068,0.01762986666666672,8.724963722819735e-07,0.319766965634237,0.22725988687404233,0.4152567467369588,7.049452042848801e-12,0.012590849673202564,0.007367320261437937,0.018394967320261427,5.400300901100035e-06,0.013723118279569846,0.00531014784946233,0.022207661290322634,0.0011436241946497824,0.4654978676726982,0.3509544978272978,0.586382798056143,1.5216741809473267e-14,0.2367891246294591,0.1360351631604527,0.33807362158361737,4.101445867596764e-06,-0.07570621468926553,-0.17919290854073466,-0.0064694678778583255,0.10056675658488165,7.182997422572335e-05,-0.0057182467475626305,0.006006628752789673,0.9805548854754942,0.013044871794871793,0.0005749257604423158,0.025732773784837966,0.04863037709221322,-0.022007042253521125,-0.06873901091380766,0.022110400579150563,0.33535061496723306,-0.0011322686063672815,-0.009761979759645873,0.00783730682057771,0.7963826416884818,0.22870874304323907,0.12195060375464797,0.34286393833485457,5.270462753876042e-05,0.012683555555555559,True
Qwen2.5-1.5B,Qwen,behavior,28,15,0.5555555555555556,0.9962151646614075,False,auc_all,False,2.875,-0.007020444444444496,-0.014440133333333244,0.0010568888888889425,0.07262550362135836,-0.20483392075225249,-0.3200878054355868,-0.09529808340884277,0.0005475693604768595,0.0021960784313724835,-0.004179346405228706,0.008652941176470561,0.4916562976409512,-0.02328494623655919,-0.0383549059139785,-0.00874072580645157,0.002343888558269172,-0.17919720406865913,-0.31775663522821423,-0.04237011966536695,0.013386366100379087,-0.33089809045027474,-0.47266683484838784,-0.19355829751626794,5.206574380547121e-06,-0.06158192090395476,-0.19288861925305578,0.0,0.28115561943880485,-0.012874466556809017,-0.023513176464447345,-0.0025163001349626964,0.012591760929303869,-0.03506410256410253,-0.060335232203561,-0.01200252193256371,0.004956405343422487,-0.12015845070422537,-0.2368331724581725,-0.030808483714788726,0.01967763509141468,0.025481024667931673,0.012027758011806985,0.04061674283154133,0.0005365771120703793,0.1517008863816156,0.018876352931354385,0.28621994613844165,0.02738870402827417,-0.007020444444444496,True
Qwen2.5-1.5B,Qwen,behavior,28,16,0.5925925925925926,0.9984314441680908,False,auc_all,False,2.0,0.004189333333333378,0.00044888888888888485,0.008300911111111179,0.035841208479635116,0.06445788308793388,0.001108584828820959,0.1332237595018873,0.05332027577220409,0.004870588235294071,0.00045477124183009867,0.009410326797385656,0.03219059828803761,0.003403225806451582,-0.0030135080645161652,0.010293884408602157,0.3171243062417619,0.16341244636112817,0.08120129732298603,0.2568371234344408,0.000262525950475944,0.035604210371469325,-0.03657182880830174,0.11115717333220994,0.3606102396163504,-0.017514124293785294,-0.04204580242152623,-0.001217297777115496,0.12241868129023026,-0.0010605484429796475,-0.00576775632026239,0.0036854997987283275,0.6618713581564037,-0.007259615384615392,-0.01857429331735007,0.004708542713004829,0.2182666365387268,-0.04181338028169013,-0.08813619599578502,-0.005329399585921405,0.051422456721810485,0.0014673624288424891,-0.00582786975542896,0.00822586996626595,0.6860275994119247,0.12780823598965885,0.04526750714184326,0.20328750544386445,0.001942693356821514,0.004189333333333378,True
Qwen2.5-1.5B,Qwen,behavior,28,17,0.6296296296296297,0.9876244068145752,False,auc_all,False,2.625,0.006685333333333321,0.0022753777777776876,0.010944733333333413,0.003027151589522983,0.12009627970294456,0.04786499968111679,0.19097020586738425,0.0011112570631074314,0.003388235294117581,-0.0016712418300653313,0.00828797385620915,0.16922121607949536,0.0055537634408602266,-0.001977486559139763,0.0129012768817204,0.1495008834124057,0.1176884837503569,0.019564959285380358,0.2138665906198569,0.016198794113578156,0.034597553837984574,-0.046448266638486425,0.1118627834575104,0.4121543185440719,0.006779661016949157,-0.00919401404243596,0.0332682463743506,0.5494491582754668,-0.001250686610047791,-0.008114180210323629,0.0049198840207669205,0.7072895458029838,-0.0006249999999999867,-0.009173179041212832,0.008304350646864281,0.8884502655585389,0.02420774647887325,-0.0040136630532971755,0.05981179971988796,0.1560444354611986,-0.0021655281467426457,-0.009895380560826533,0.005700374235715802,0.5932167034581376,0.08309092991237232,-0.005663561819727291,0.17623670031213606,0.07337576530520587,0.006685333333333321,True
Qwen2.5-1.5B,Qwen,behavior,28,18,0.6666666666666666,0.9954626560211182,False,auc_all,False,2.125,-0.015680000000000027,-0.020577888888888864,-0.011213333333333408,4.76910396125446e-12,-0.20920323246723704,-0.2584923650652355,-0.1605622823163379,1.3673248012440985e-17,-0.02500130718954252,-0.03151490196078436,-0.01902274509803922,6.4558122726031154e-15,-0.005817204301075352,-0.010580712365591388,-0.0009442204301075775,0.02040098660915155,-0.5670286513065892,-0.6356881496170569,-0.5051498260515114,5.7940893986562935e-65,-0.13278948179082217,-0.18046603941700548,-0.08000354582918957,2.797670978007459e-07,0.003013182674199588,-0.007008952702702708,0.016639647326507388,0.6211830776035023,-0.00043943043055727493,-0.0036803271479095095,0.0031520421688831257,0.7975879655953542,-0.003044871794871784,-0.011058343278228694,0.005214683483074968,0.46182017637989703,-0.01848591549295775,-0.042596691258663014,0.0019850784888735262,0.10126127602801777,-0.01918410288846717,-0.02542272111532784,-0.013097844718532571,2.2349350420707507e-09,-0.434239169515767,-0.507709152809473,-0.3718081098423868,6.9128481452444945e-37,-0.015680000000000027,True
Qwen2.5-1.5B,Qwen,behavior,28,19,0.7037037037037037,0.9508039951324463,False,auc_all,False,2.0,0.006084444444444448,0.0018936444444444644,0.010713711111111104,0.00558191169177264,0.1051849150737616,0.03451885097236519,0.18105116255012343,0.0044776188253088005,0.003586928104575171,-0.00017614379084958937,0.007446078431372485,0.06765882393457377,0.0077231182795698405,0.00049677419354838,0.015314919354838682,0.04473888027280583,0.15747530848640423,0.07888455393847373,0.2524098494823548,0.00035963683155690166,0.09047963432957529,0.011153983021763937,0.1812505431795154,0.032423769261994285,-0.00037664783427493465,-0.02177752538489917,0.020342867231638424,0.9718821461310205,-0.004440782524189779,-0.010510895529889855,0.0013634395724197686,0.1292965466194776,-0.0036378205128204666,-0.01748288390779858,0.009134084622730233,0.5954142102529247,-0.005721830985915499,-0.035167800739247315,0.013890224358974416,0.6473181429272814,-0.0041361901749946695,-0.01165046067889526,0.0031928188909972803,0.2730842531845993,0.06699567415682894,-0.011407397614276015,0.147771760454546,0.10435503994486264,0.006084444444444448,True
Qwen2.5-1.5B,Qwen,behavior,28,20,0.7407407407407407,0.9979837536811829,False,auc_all,False,0.875,0.005159111111111114,0.0031370888888889057,0.006998244444444463,5.040871961972429e-08,0.13851900577970477,0.10794153523049815,0.16581526581939232,5.9167598918798834e-21,0.005469281045751617,0.0035860784313725583,0.007477908496731991,8.44330993819209e-08,0.003717741935483798,0.0008815188172042549,0.006324260752688105,0.0057495935383082,0.10918870535903702,0.07101438482364353,0.14579313380303402,1.0003890504987245e-08,0.04654099985825688,0.016599253641998803,0.07401731870141538,0.001547266864458593,0.00395480225988698,0.0,0.01236784729935415,0.25116878905195117,0.0012253348544386533,-0.0008363259584057952,0.003532643993858347,0.2804143742632321,0.0059455128205128105,0.0015822955957506297,0.010400666587381199,0.009525160252123193,0.0048415492957746276,-0.006759331740276797,0.01978826918895406,0.45642692755328906,0.001751539110267819,-0.000959942019818677,0.004353645108581074,0.20055393455699055,0.06264770550078014,0.03118333506146369,0.09250899331622618,6.658749485722596e-05,0.005159111111111114,True
Qwen2.5-1.5B,Qwen,behavior,28,21,0.7777777777777778,0.9955811500549316,False,auc_all,False,1.625,-0.0137235555555556,-0.017256977777777776,-0.010475288888888904,3.1684029928183604e-15,-0.19757051038831008,-0.23657834207529238,-0.16108646936391102,4.242578162783968e-25,-0.017918954248366092,-0.02305653594771242,-0.013223725490196042,3.142807787518102e-12,-0.009500000000000064,-0.01362923387096778,-0.005862231182795761,3.5659391344888353e-06,-0.3571949797321108,-0.4080891348087551,-0.3088765026058594,4.723764015802469e-48,-0.11958937085488985,-0.16215718682800684,-0.08232462492469453,2.062382791700174e-09,0.005273069679849307,-0.0020377777141548036,0.01802156980728413,0.3546580843627747,-0.0021337727637639192,-0.005280026708088167,0.000721866601661477,0.15998270550066007,-0.00014423076923075762,-0.005074951396457986,0.005238750941906865,0.9550222147448055,-0.014084507042253502,-0.02912238506263864,-0.002777777777777768,0.04089318866186513,-0.008418954248366028,-0.013938354680581907,-0.0032114271030993322,0.0021931325660186213,-0.23760560887722093,-0.2817705954177079,-0.19941903658344645,2.5818716078091076e-27,-0.0137235555555556,True
Qwen2.5-1.5B,Qwen,behavior,28,22,0.8148148148148148,0.998262345790863,False,auc_all,False,0.875,0.0011466666666666292,-0.0002084444444444333,0.002498533333333377,0.10394084951742054,0.005943973062774166,-0.01692066610985906,0.027869420317318216,0.6043234102991679,0.00184052287581693,0.0003293464052286782,0.003556470588235271,0.028577611057262923,-0.0005295698924731029,-0.0027959005376344214,0.0015646505376343404,0.629791685202,-0.03279667640720385,-0.06354515629093974,-0.0027205922775839545,0.03461369987472446,-0.054802668255515385,-0.08018492021307014,-0.02884648781663929,3.901806077754866e-05,0.0016949152542372614,-0.003019424917935909,0.00924623321883588,0.6061585187249083,0.00011830819284230909,-0.0013925566642506658,0.0017253463626899666,0.883019605437774,0.0019551282051282204,-0.0018840311848376645,0.005606961776092328,0.3018421387073774,0.001320422535211252,-0.007354302832243984,0.011226466073480166,0.7785112505481397,0.002370092768290033,2.1382300232045208e-05,0.0046939495045328706,0.04948550501855363,0.022005991848311535,-0.006790142780402281,0.051412595546293315,0.12707098045473852,0.0011466666666666292,True
Qwen2.5-1.5B,Qwen,behavior,28,23,0.8518518518518519,0.9982070922851562,False,auc_all,False,2.0,-0.001608888888888882,-0.0034331333333333823,0.00016148888888887713,0.08364503777101806,-0.13116217984499734,-0.1635108716252685,-0.10196249187376455,5.579623179208799e-16,7.581699346403958e-05,-0.001841372549019546,0.001984967320261479,0.9393683220306943,-0.0032688172043011665,-0.0062784946236559775,-0.0002605510752688252,0.030025645359110103,-0.15844625960465653,-0.2055014264074281,-0.11808208330130458,3.5239677325137115e-12,-0.13282391816759453,-0.1701057812915462,-0.09639520061132004,1.4891446565859263e-12,-0.02184557438794732,-0.06618397358943576,0.0,0.2581560638092303,-0.001495753580935455,-0.00357999219617994,0.0005509215285409735,0.14601357462167633,0.0024679487179487536,-0.001708593076256623,0.006968107115578992,0.25618289771962577,0.002640845070422615,-0.01355457447156338,0.020140111287136536,0.74984805743296,0.003344634197765206,0.00045159155597735703,0.006395125975121224,0.02783745619109165,-0.02562234143706199,-0.0662689915909907,0.011119349611366057,0.2023421024970169,-0.001608888888888882,True
Qwen2.5-1.5B,Qwen,behavior,28,24,0.8888888888888888,0.9989013671875,False,auc_all,False,0.625,0.0008133333333333326,-0.0003577777777777652,0.0019734666666666066,0.16459119621161722,0.0005432722246276889,-0.015410336608162767,0.017188901876984724,0.9496147526024681,0.0004496732026143535,-0.0006615032679738342,0.0015739215686274178,0.4350729586932982,8.870967741936298e-05,-0.0019549059139784054,0.0019735887096774454,0.9296518190120832,0.02076018663943069,-0.00017703048672327272,0.04271259801900921,0.06204027173315168,0.0078894164621639,-0.012363779890508197,0.02881847943818316,0.45786943271477,0.0037664783427495685,-0.0008477468618037054,0.013891234984985039,0.3643624542967959,0.00068449740144505,-0.000623947946259637,0.002161387188356903,0.3330632039699678,0.00325320512820515,-6.562618987014649e-05,0.0067387309392525074,0.06870946795289688,-0.01276408450704225,-0.0274315056203967,-0.0032467532467532756,0.03026479881609111,0.00036096352519499053,-0.0014931348829854778,0.0022819436538056652,0.7124270961649903,0.012870770177266788,-0.007233560397255278,0.032075004040014087,0.21092402984290703,0.0008133333333333326,True
Qwen2.5-1.5B,Qwen,behavior,28,25,0.9259259259259259,0.9986438155174255,False,auc_all,False,0.5,0.0039040000000000186,0.0027341777777777493,0.005194200000000023,1.045891011224873e-09,0.0708705418913338,0.05404430602744899,0.09017604049691028,1.2856884786543442e-13,0.0026745098039214765,0.0015056862745097626,0.003963986928104493,3.5651954858336464e-05,0.004120967741935488,0.002313776881720392,0.006186290322580636,6.407846205660505e-05,0.06872178044139687,0.04582834132641176,0.093585444340465,4.202928018814104e-09,0.051443802518194026,0.031211349651041987,0.07433972820107441,4.093886065408621e-06,0.0037664783427495685,-0.0012051637331632725,0.013342592592592665,0.34889362033571536,0.0008788608611146609,-0.00026964123076953503,0.0023073251294403485,0.19276631813334377,0.004871794871794899,0.0008308028155391224,0.00906786406423028,0.025492615129518975,0.003961267605633867,-0.002415605151419456,0.012347982310668928,0.28592364079871624,-0.001446457938014012,-0.003553816677208521,0.0005257974910394591,0.1637736371187487,0.017277977923202847,-0.004316872725068766,0.03683609345074736,0.1155637145446604,0.0039040000000000186,True
Qwen2.5-1.5B,Qwen,behavior,28,26,0.9629629629629629,0.9958797693252563,False,auc_all,False,1.125,0.0027084444444444022,0.0010586000000000957,0.004398333333333304,0.0013801793364083773,-0.03469427573180717,-0.06197689367898411,-0.005919573459879089,0.017963872138429184,0.0022849673202613996,0.0005617647058824033,0.0040413725490196185,0.012496061403256844,0.001962365591397841,-0.00045450268817200654,0.004282661290322656,0.11064633649878551,0.05322414901318373,0.021064953947484543,0.08722864981558431,0.0022743289845365234,0.008955011825356518,-0.01973535504067986,0.03656603428808037,0.5288368945386787,0.005649717514124242,-0.001247330327479773,0.019628012962607112,0.34841865166654906,0.00035914987112861674,-0.0012204444436370947,0.0019425288699335159,0.6623981204540638,0.0007692307692308553,-0.00360578075908069,0.004983686653926902,0.7238951443259701,0.003961267605633867,-0.0061439043209876336,0.016999645252837904,0.4955821747565149,0.00032260172886355853,-0.001888859108159377,0.002854510594560387,0.7916470263922799,0.04426913718782721,0.014969115264298161,0.07541745958287205,0.004398691986633452,0.0027084444444444022,True
Qwen2.5-1.5B,Qwen,behavior,28,27,1.0,0.9952949285507202,False,auc_all,False,0.625,0.003764444444444459,0.0022753333333332543,0.0052267555555555985,6.133978874067315e-07,0.039262773165054554,0.01913898083988197,0.06088705448237196,0.0002457647923334581,0.0027006535947712296,0.0012234640522876094,0.0042983660130718965,0.0005860977570320046,0.003548387096774186,0.0012713709677418695,0.005809206989247312,0.0021190575401151463,0.05401517227839925,0.02887214755179911,0.08024578897401093,4.629000041682615e-05,0.03164678778235608,0.009227263584377532,0.056299668417626986,0.010105800395427248,0.001129943502824804,-0.002958277027026979,0.0062192133142396815,0.6176996266615555,0.0011323784172053708,-0.0004079445774296003,0.002790039025643692,0.18137775492537667,0.004407051282051322,0.0007831768275790796,0.00839293280498223,0.02304474333446904,0.007042253521126751,-0.0012820512820512775,0.01905405405405398,0.19655222973003317,-0.0008477335020029564,-0.0031502611743622925,0.0014199409656336147,0.4609244619283833,0.02236838449604317,-0.0008813210062525555,0.04445744521240016,0.06037592516579397,0.003764444444444459,True
Llama-3.2-1B,Llama,layer5,5,1,0.06666666666666667,,False,d_all,False,23.797683715820312,-0.09463111111111111,-0.10975902222222224,-0.08153231111111107,3.070593685270587e-39,-2.3447196280363127,-2.5812641657590745,-2.1506002100836694,5.780489027872548e-101,-0.0216313725490197,-0.03231111111111115,-0.01244862745098038,2.2805311490910762e-05,-0.18788709677419357,-0.21951344086021513,-0.15703588709677424,1.7523934575558196e-30,-1.0135002793130452,-1.2704851465034797,-0.7549720423330719,1.3374336073687533e-14,-2.252689006369401,-2.528872303721056,-2.0125230111192574,6.607981814956025e-73,-0.030169491525423697,-0.07728005089240061,-0.002432252525021224,0.12564556031839996,-0.13582625596822573,-0.1646541659218919,-0.11198725760873944,5.543301459549871e-24,-0.21670501022494892,-0.27191985016491577,-0.1640941020822409,5.94459131499679e-16,-0.3759057971014492,-0.5491093707287737,-0.2226015166340509,8.172524999574722e-06,0.16625572422517387,0.13383281678262693,0.19828894107105208,2.4908113966264225e-23,1.239188727056356,1.014306279234899,1.4962525749761977,2.428962171722562e-24,-2.3447196280363127,True
Llama-3.2-1B,Llama,layer5,5,2,0.13333333333333333,,False,d_all,False,16.37067413330078,-0.0651342222222222,-0.07681293333333335,-0.05364844444444446,2.9293822572597486e-29,-2.062729950978848,-2.2947035439734726,-1.8574455748900651,1.3075066250890012e-78,-0.011200000000000099,-0.01847921568627444,-0.00502405228758166,0.0011931328787027301,-0.1371129032258065,-0.1638052419354838,-0.11230080645161297,1.3559935725571625e-24,-0.9561843304864954,-1.2167474848756854,-0.7063721058389951,1.2555731274667606e-13,-2.007044314954488,-2.2617031620966617,-1.7821541934166625,1.791594703092298e-63,-0.03457627118644069,-0.07152521280595053,-0.002454409598891094,0.048410001378921846,-0.08983817129336202,-0.11087040134931522,-0.06871425369578558,3.0735340965515664e-17,-0.16427019427402867,-0.21124643722953523,-0.11953454683725448,2.1833169706270405e-12,-0.17753623188405798,-0.3097558635394456,-0.07017210748389963,0.004429970092055353,0.1259129032258064,0.10126066940754785,0.1542713620071684,5.353345587053107e-21,1.0508599844679924,0.8645661797053347,1.2636369038021864,8.826006343325539e-24,-2.062729950978848,True
Llama-3.2-1B,Llama,layer5,5,3,0.2,,False,d_all,False,14.758899688720703,-0.030794666666666637,-0.038013511111111176,-0.024294844444444488,9.2634100951033e-19,-1.6687957111611826,-1.8797876577945356,-1.487271720926816,1.1813439622241522e-63,-0.006886274509803947,-0.011081176470588167,-0.0032416993464051387,0.0008236694777337899,-0.06731720430107535,-0.08495094086021507,-0.051869489247311794,9.472166759987344e-16,-1.229014668390997,-1.4606612911046502,-1.0134556053268182,1.3640162112057815e-27,-1.6063071958170214,-1.8288697197988535,-1.4197946287773926,9.460172418468688e-54,-0.02779661016949153,-0.077957724427956,0.0,0.21208697300061607,-0.04061351248573963,-0.05422317483450931,-0.028155183887112138,3.7457391643821526e-09,-0.0658870143149285,-0.09598684084796333,-0.03844744980910865,4.490116762986481e-06,-0.09873188405797106,-0.16471835225318193,-0.04278288616441598,0.002196377116196435,0.060430929791271404,0.043945837550073724,0.07754497522664981,3.198366817480514e-13,0.37729252742602437,0.223599557733975,0.5411161327924171,5.390362491604058e-06,-1.6687957111611826,True
Llama-3.2-1B,Llama,layer5,5,4,0.26666666666666666,,False,d_all,False,12.95376968383789,-0.005795555555555554,-0.008715333333333316,-0.0032598666666667307,3.5317280524268366e-05,-0.8181393835554918,-0.9670634941656373,-0.6724154655946075,7.018932023280748e-25,-0.0009254901960784601,-0.0020969934640522963,3.686274509802055e-05,0.0949570425422985,-0.013252688172043059,-0.020849731182795674,-0.006666532258064559,0.0002912346140895839,-0.5933356165712924,-0.7713505436513346,-0.42792887265249624,8.151538127184475e-11,-0.7105746450123167,-0.867284834933064,-0.5461949517510973,4.409703366013491e-18,-0.0003389830508474523,-0.008502408962275138,0.007265240307175937,0.9305333962268021,-0.007428064393459222,-0.012724710352881969,-0.00268666785797399,0.003193541436567468,-0.009330265848670805,-0.017623259173706957,-0.003461099474673216,0.008430283220294776,-0.009963768115942018,-0.028791042083952535,0.0,0.18697504548173283,0.012327197975964599,0.005495459097617561,0.019725882352941128,0.0005761113980707392,0.1172390284410243,-0.0009083908410076441,0.22014982626876142,0.03640740614030832,-0.8181393835554918,True
Llama-3.2-1B,Llama,layer5,5,5,0.3333333333333333,,False,d_all,False,13.340594291687012,-0.006357333333333326,-0.009182844444444426,-0.004094933333333324,4.7447147989583984e-07,-0.6486273612125504,-0.7963777909446866,-0.5239558460525451,8.223703360256807e-21,-0.003665359477124208,-0.005966013071895482,-0.0017985620915032781,0.00043618623953552214,-0.01116129032258073,-0.016527688172043056,-0.006935080645161202,6.803772862111253e-06,-0.616607298841811,-0.7826328835095392,-0.4679780646906651,1.1338932897325946e-14,-0.519636868395263,-0.6742775252095388,-0.37810676561256124,7.886170871699515e-13,0.0003389830508474523,-0.00556556071309241,0.007161896745230161,0.9172713060274444,-0.004833734736130468,-0.007894765082762299,-0.002128098561378086,0.0009699168055535443,-0.012269938650306789,-0.020989277519606088,-0.004999059394904137,0.0031261037402660827,-0.04347826086956519,-0.09658455246147776,-0.010194766108690686,0.04685835634463222,0.007495930845456522,0.003276534366434744,0.01215659129243096,0.001113112481098302,-0.09697043044654796,-0.18628320820640973,-0.004472794668066089,0.040719341457223036,-0.6486273612125504,True
Llama-3.2-1B,Llama,layer5,5,6,0.4,,False,d_all,True,0.0,0.0,0.0,0.0,1.0,0.0,0.0,0.0,1.0,0.0,0.0,0.0,1.0,0.0,0.0,0.0,1.0,0.0,0.0,0.0,1.0,0.0,0.0,0.0,1.0,0.0,0.0,0.0,1.0,0.0,0.0,0.0,1.0,0.0,0.0,0.0,1.0,0.0,0.0,0.0,1.0,0.0,0.0,0.0,1.0,0.0,0.0,0.0,1.0,0.0,True
Llama-3.2-1B,Llama,layer5,5,7,0.4666666666666667,,False,d_all,True,0.0,0.0,0.0,0.0,1.0,0.0,0.0,0.0,1.0,0.0,0.0,0.0,1.0,0.0,0.0,0.0,1.0,0.0,0.0,0.0,1.0,0.0,0.0,0.0,1.0,0.0,0.0,0.0,1.0,0.0,0.0,0.0,1.0,0.0,0.0,0.0,1.0,0.0,0.0,0.0,1.0,0.0,0.0,0.0,1.0,0.0,0.0,0.0,1.0,0.0,True
Llama-3.2-1B,Llama,layer5,5,8,0.5333333333333333,,False,d_all,True,0.0,0.0,0.0,0.0,1.0,0.0,0.0,0.0,1.0,0.0,0.0,0.0,1.0,0.0,0.0,0.0,1.0,0.0,0.0,0.0,1.0,0.0,0.0,0.0,1.0,0.0,0.0,0.0,1.0,0.0,0.0,0.0,1.0,0.0,0.0,0.0,1.0,0.0,0.0,0.0,1.0,0.0,0.0,0.0,1.0,0.0,0.0,0.0,1.0,0.0,True
Llama-3.2-1B,Llama,layer5,5,9,0.6,,False,d_all,True,0.0,0.0,0.0,0.0,1.0,0.0,0.0,0.0,1.0,0.0,0.0,0.0,1.0,0.0,0.0,0.0,1.0,0.0,0.0,0.0,1.0,0.0,0.0,0.0,1.0,0.0,0.0,0.0,1.0,0.0,0.0,0.0,1.0,0.0,0.0,0.0,1.0,0.0,0.0,0.0,1.0,0.0,0.0,0.0,1.0,0.0,0.0,0.0,1.0,0.0,True
Llama-3.2-1B,Llama,layer5,5,10,0.6666666666666666,,False,d_all,True,0.0,0.0,0.0,0.0,1.0,0.0,0.0,0.0,1.0,0.0,0.0,0.0,1.0,0.0,0.0,0.0,1.0,0.0,0.0,0.0,1.0,0.0,0.0,0.0,1.0,0.0,0.0,0.0,1.0,0.0,0.0,0.0,1.0,0.0,0.0,0.0,1.0,0.0,0.0,0.0,1.0,0.0,0.0,0.0,1.0,0.0,0.0,0.0,1.0,0.0,True
Llama-3.2-1B,Llama,layer5,5,11,0.7333333333333333,,False,d_all,True,0.0,0.0,0.0,0.0,1.0,0.0,0.0,0.0,1.0,0.0,0.0,0.0,1.0,0.0,0.0,0.0,1.0,0.0,0.0,0.0,1.0,0.0,0.0,0.0,1.0,0.0,0.0,0.0,1.0,0.0,0.0,0.0,1.0,0.0,0.0,0.0,1.0,0.0,0.0,0.0,1.0,0.0,0.0,0.0,1.0,0.0,0.0,0.0,1.0,0.0,True
Llama-3.2-1B,Llama,layer5,5,12,0.8,,False,d_all,True,0.0,0.0,0.0,0.0,1.0,0.0,0.0,0.0,1.0,0.0,0.0,0.0,1.0,0.0,0.0,0.0,1.0,0.0,0.0,0.0,1.0,0.0,0.0,0.0,1.0,0.0,0.0,0.0,1.0,0.0,0.0,0.0,1.0,0.0,0.0,0.0,1.0,0.0,0.0,0.0,1.0,0.0,0.0,0.0,1.0,0.0,0.0,0.0,1.0,0.0,True
Llama-3.2-1B,Llama,layer5,5,13,0.8666666666666667,,False,d_all,True,0.0,0.0,0.0,0.0,1.0,0.0,0.0,0.0,1.0,0.0,0.0,0.0,1.0,0.0,0.0,0.0,1.0,0.0,0.0,0.0,1.0,0.0,0.0,0.0,1.0,0.0,0.0,0.0,1.0,0.0,0.0,0.0,1.0,0.0,0.0,0.0,1.0,0.0,0.0,0.0,1.0,0.0,0.0,0.0,1.0,0.0,0.0,0.0,1.0,0.0,True
Llama-3.2-1B,Llama,layer5,5,14,0.9333333333333333,,False,d_all,True,0.0,0.0,0.0,0.0,1.0,0.0,0.0,0.0,1.0,0.0,0.0,0.0,1.0,0.0,0.0,0.0,1.0,0.0,0.0,0.0,1.0,0.0,0.0,0.0,1.0,0.0,0.0,0.0,1.0,0.0,0.0,0.0,1.0,0.0,0.0,0.0,1.0,0.0,0.0,0.0,1.0,0.0,0.0,0.0,1.0,0.0,0.0,0.0,1.0,0.0,True
Llama-3.2-1B,Llama,layer5,5,15,1.0,,False,d_all,True,0.0,0.0,0.0,0.0,1.0,0.0,0.0,0.0,1.0,0.0,0.0,0.0,1.0,0.0,0.0,0.0,1.0,0.0,0.0,0.0,1.0,0.0,0.0,0.0,1.0,0.0,0.0,0.0,1.0,0.0,0.0,0.0,1.0,0.0,0.0,0.0,1.0,0.0,0.0,0.0,1.0,0.0,0.0,0.0,1.0,0.0,0.0,0.0,1.0,0.0,True
Llama-3.2-1B,Llama,layer15,15,1,0.06666666666666667,,False,d_all,False,18.818252563476562,-0.091136,-0.10476444444444447,-0.07806182222222224,3.746992098480609e-39,-1.8735450298701375,-2.0636133356437973,-1.6912285900808466,9.618026343388822e-89,-0.02508758169934644,-0.03995516339869286,-0.011878431372549085,0.00039264812749918135,-0.1846021505376344,-0.218052688172043,-0.15368736559139778,2.969457069012356e-28,-0.7166156872233369,-0.9771179935815619,-0.4512224592032138,8.406196086881636e-08,-1.9245517762966111,-2.147539574572312,-1.7031045285956983,1.2052855934919357e-68,-0.04101694915254228,-0.1084937454010302,-0.0015000675891764792,0.14625273386012605,-0.13179532682638273,-0.16088550980557656,-0.10655700176269128,1.158932538919008e-22,-0.23558921267893662,-0.2940759781864982,-0.1785584563944514,1.180539433127179e-14,-0.25452898550724634,-0.4131944444444445,-0.12286982730531125,0.0004309526734420131,0.15951456883828796,0.12622194971536999,0.19638305871811082,6.667257158714265e-19,1.2079360890732742,0.949145327426168,1.4717945321096952,4.2381620820310316e-19,-1.8735450298701375,True
Llama-3.2-1B,Llama,layer15,15,2,0.13333333333333333,,False,d_all,False,16.107181549072266,-0.06079644444444443,-0.0729538222222223,-0.05004213333333332,7.063676946662153e-25,-1.651351665857022,-1.853655756642147,-1.4634381409736499,7.247258288659704e-62,-0.018447058823529372,-0.027771895424836636,-0.009897516339869225,6.366464599717605e-05,-0.12217204301075268,-0.14974301075268812,-0.09578629032258067,2.0687511860273672e-19,-1.0252999666065876,-1.2485777894873276,-0.8026278458649506,2.101517062398789e-19,-1.642196981812265,-1.8778681024810355,-1.4270866428516267,2.052265580853562e-46,-0.01762711864406774,-0.048619579945799504,0.0004992577096969839,0.16664502749409216,-0.0744074027126378,-0.09410057798706305,-0.054599303166458536,2.627692679164326e-13,-0.16516487730061347,-0.21413270183038283,-0.11929184077800292,1.0925396868031222e-11,-0.1811594202898551,-0.3091243355800318,-0.07646699075616252,0.0028153779780497475,0.10372498418722331,0.07781313989036473,0.1302799862955935,2.5045935202075557e-14,0.6168970152056774,0.40490862555850554,0.8261267042168653,5.72559103826613e-09,-1.651351665857022,True
Llama-3.2-1B,Llama,layer15,15,3,0.2,,False,d_all,False,15.926815032958984,-0.06259199999999998,-0.07426008888888888,-0.05172933333333343,1.3028180871453702e-26,-1.6599115799821988,-1.8500248122324567,-1.4746420641833766,7.416125202052923e-69,-0.02042352941176473,-0.027676078431372604,-0.013565098039215717,2.5518358522819952e-08,-0.1131451612903226,-0.13735510752688174,-0.09010927419354839,1.701650684419509e-20,-1.2168608309874287,-1.445425888173446,-1.0065725127090708,5.2924639617011105e-27,-1.5848329132845356,-1.7935082180749562,-1.3786584692013546,1.9642927284013755e-52,-0.16203389830508474,-0.3356797621009189,-0.03407469342251954,0.031585414760206286,-0.0900663370938437,-0.11185054713590144,-0.06911546215794792,3.3379566884778805e-16,-0.10748977505112478,-0.14619362645368775,-0.07131780687913668,3.5143265659708515e-08,-0.12409420289855078,-0.23528757122507127,-0.04277931100114201,0.011754407812206736,0.09272163187855786,0.0690531019397006,0.11686885093822467,4.384785424816654e-15,0.3679720822971069,0.17809381664279142,0.5650510700961049,0.00020173082162078108,-1.6599115799821988,True
Llama-3.2-1B,Llama,layer15,15,4,0.26666666666666666,,False,d_all,False,7.5204925537109375,-0.009569777777777788,-0.013097022222222279,-0.006388844444444469,3.614219630562045e-08,-0.6383331310606182,-0.7689276139688341,-0.5189051713341688,2.0618405175401008e-22,-0.004538562091503273,-0.007085228758169923,-0.0022002614379084914,0.000296315577704966,-0.01665591397849464,-0.023591666666666705,-0.01056841397849469,4.4455474212580445e-07,-0.48055704915155273,-0.6345830492844573,-0.3358501752399521,2.4604572006035126e-10,-0.5446388207687014,-0.6901384634236792,-0.407723563286055,1.2274091574749587e-14,-0.028474576271186436,-0.05852636806356528,-0.005593719358055164,0.04012460678167075,-0.014070224363037176,-0.02171680990150517,-0.007521251360938481,0.00010148168676038505,-0.011183537832310853,-0.020880935215304503,-0.0037405741252218992,0.01064770834371948,-0.023550724637681153,-0.05487807148175725,-0.003846030729833533,0.09109076596882953,0.012117351886991368,0.006653936327219068,0.018674282627029335,7.907402187044187e-05,0.06408177161714868,-0.04083271793990954,0.1702906553429399,0.2402604443809856,-0.6383331310606182,True
Llama-3.2-1B,Llama,layer15,15,5,0.3333333333333333,,False,d_all,False,12.116975784301758,-0.01196088888888891,-0.015978133333333373,-0.008027288888888949,6.682359538015698e-09,-0.8347693225045094,-0.9872759941270525,-0.6963032402247318,3.475143814214117e-29,-0.010739869281045755,-0.015853594771241823,-0.0060741176470588175,1.1076644078960439e-05,-0.014752688172043005,-0.021295698924731155,-0.008672043010752747,4.499139153092717e-06,-0.8935559473036485,-1.0706051627775663,-0.7264767586615738,1.618294464234432e-23,-0.6703555307083184,-0.8295086658097887,-0.5156734938446683,1.703367063498396e-16,-0.051864406779660976,-0.1565690690690691,-0.0004242510428517609,0.2353586344808536,-0.008501288714243493,-0.015031391192813815,-0.0027119150960335015,0.00653361024796511,-0.016040388548057227,-0.026399681112324973,-0.008397234369856862,0.0008344665751707053,-0.03170289855072461,-0.070763963369359,-0.00549184113300491,0.052008168327544874,0.0040128188909972495,-0.002349739616276622,0.010419943601096307,0.22608781550458323,-0.22320041659533008,-0.3464462476085743,-0.09966555850456445,0.0004739774617095042,-0.8347693225045094,True
Llama-3.2-1B,Llama,layer15,15,6,0.4,,False,d_all,False,8.256879806518555,-0.004305777777777742,-0.00687511111111114,-0.0014184444444444585,0.00222490404804469,-0.5078818576637718,-0.6242681431056879,-0.39801505943952203,8.620733970183718e-19,-0.0039267973856209615,-0.007027712418300644,-0.0005903267973856712,0.01904716601596667,-0.005838709677419396,-0.010168682795698917,-0.0012301075268818,0.012409825302773798,-0.49874824924358485,-0.6331574821341951,-0.36756800255468813,5.854407123023084e-14,-0.4168102326146883,-0.5421400417896082,-0.29546796026814354,2.150602501343583e-11,-0.028135593220338984,-0.09027509652509652,0.0007062996922624446,0.2695974323157381,-0.004191490260700537,-0.00964959461056993,0.0015167860819631951,0.1276795402409103,-0.004792944785276032,-0.009925461536153984,-0.0005566012118405159,0.04260816623462205,-0.008152173913043459,-0.022869192722133846,0.0,0.20800093057589253,0.0019119122917984344,-0.00292167035631459,0.006402082015601972,0.43125135324178054,-0.08193801662889655,-0.1861127580691573,0.01704290076771066,0.11156237666490541,-0.5078818576637718,True
Llama-3.2-1B,Llama,layer15,15,7,0.4666666666666667,,False,d_all,False,10.258586883544922,-0.007324444444444467,-0.01076640000000002,-0.0044421333333332655,8.579301833804629e-06,-0.5587195328543029,-0.6854727970937053,-0.4387904216427605,1.0627094649601007e-19,-0.007681045751633975,-0.011739869281045742,-0.004113202614379087,7.286721812862357e-05,-0.009064516129032252,-0.014403897849462454,-0.004080107526881761,0.0006363633779253203,-0.6523351921785032,-0.7904017805918531,-0.517339876308823,2.278576400517426e-20,-0.38720957294854363,-0.5278415784675503,-0.2549111387493126,7.061281201244518e-09,-0.02474576271186435,-0.07630941619585695,0.0022753128555176305,0.2751323767604402,-0.010056196391600047,-0.017269953989481966,-0.004263957465302632,0.0029967254943657437,-0.006454498977505163,-0.01305641048811002,-0.000862652972027936,0.042837161584329146,-0.01449275362318836,-0.039069733796296295,-0.000901702786377709,0.14632872579022527,0.001383470377398277,-0.0037077951718321204,0.006959973118279716,0.6037282469148619,-0.2651256192299596,-0.37059331204205204,-0.15336542650725418,1.8730469691290564e-06,-0.5587195328543029,True
Llama-3.2-1B,Llama,layer15,15,8,0.5333333333333333,,False,d_all,False,6.604114055633545,-0.003818666666666637,-0.005729511111111066,-0.0021671111111111196,5.181592594941055e-05,-0.42476887473925196,-0.5126233831558352,-0.3289189876106352,1.3680784345601462e-18,-0.0031686274509803436,-0.005370718954248422,-0.0013019607843137687,0.002089893244963565,-0.006284946236559175,-0.010127688172042975,-0.0028741935483870377,0.0010232860586733364,-0.4246086770219275,-0.5405594583392611,-0.3171923549195076,9.179257238127947e-14,-0.3793908037703817,-0.48059180676924745,-0.28046936041413983,2.963684733368586e-13,0.0006779661016950156,-0.01631700153457825,0.01910357493800008,0.9386621587726907,-0.0062534330502387325,-0.010684333697649193,-0.0023745139417672475,0.003875188722098463,-0.0038343558282208923,-0.007327054297328661,-0.0011174740900021162,0.01791897122054462,-0.0036231884057971175,-0.01512702494021689,0.0,0.38576856310429253,0.003116318785578831,-0.0004979190385830916,0.007110784840818052,0.11791780955674844,-0.045217873251545804,-0.12371575473862428,0.029905579523119983,0.25031107600233404,-0.42476887473925196,True
Llama-3.2-1B,Llama,layer15,15,9,0.6,,False,d_all,False,9.98087215423584,-0.012106666666666599,-0.01668133333333342,-0.00812222222222217,4.815114348844455e-08,-0.8011667034838856,-0.9492236115635755,-0.6491079861251431,1.4622830250237433e-26,-0.014128104575163447,-0.01986575163398693,-0.009169542483660118,6.084235214214699e-07,-0.01453225806451619,-0.021795833333333358,-0.007976478494623705,3.6169224995045414e-05,-1.0173093394665242,-1.18512147908225,-0.8541424785368164,4.944474164078323e-32,-0.5906895456655636,-0.7533173169744383,-0.42861359523182785,1.0005327760190249e-12,-0.034237288135593125,-0.11130454340980661,0.0028457499315551566,0.2970307222310222,-0.010166053999239422,-0.016758396930909233,-0.003628114412467392,0.0031417017379005187,-0.010352760736196287,-0.018036362464593437,-0.004848904363532718,0.0027749739321386384,-0.021739130434782594,-0.05081500435540067,-0.0019206621004566155,0.08400081733649764,0.0004041534893527432,-0.006240439068100437,0.007919477651275587,0.9113364601259051,-0.4266197938009606,-0.5618620665221411,-0.2974614690436552,1.863821271505359e-10,-0.8011667034838856,True
Llama-3.2-1B,Llama,layer15,15,10,0.6666666666666666,,False,d_all,False,4.600798606872559,-0.0007164444444444085,-0.0021600444444444923,0.0006304444444444797,0.3030798940332192,0.052106355967108886,-0.02862718990710832,0.13785155305241195,0.2048572110376331,0.00030849673202615335,-0.0012759477124183766,0.0023686274509803207,0.7420247892328963,-0.002075268817204323,-0.004850537634408567,0.00040389784946243893,0.12218798796541269,0.015364774563199735,-0.08173582659080313,0.11173833790988498,0.7503461180734321,0.03529035486173804,-0.048373175996771545,0.12393565012876452,0.41565934771472335,0.006101694915254252,-0.004936566002490689,0.024763546628181334,0.4454590074192366,-0.0019098322558837033,-0.0049095692030745736,0.0006528374251286493,0.18254066395373292,-3.195296523517133e-05,-0.0021752655531797477,0.001757498133300591,0.9745661218298496,-0.004528985507246341,-0.015652079975708316,0.0,0.3034437113460714,0.0023837655492304766,-0.00024213419776511757,0.005627487349778631,0.11060849544894603,-0.019925580298538303,-0.09476689753410858,0.056059387761651085,0.6047024680267143,0.052106355967108886,True
Llama-3.2-1B,Llama,layer15,15,11,0.7333333333333333,,False,d_all,False,7.8419270515441895,-0.003418666666666681,-0.005591244444444437,-0.001568977777777781,0.0008967581982112213,-0.3217255243025403,-0.4365770284055708,-0.21330289842969163,1.025809840563831e-08,-0.0014901960784313717,-0.004062745098039169,0.0005762091503267776,0.20607370826025206,-0.006365591397849424,-0.010411290322580638,-0.0025801075268818145,0.0016155210268363202,-0.32052757564682066,-0.46344528476908553,-0.179675018909223,5.6520102988726575e-06,-0.30021202557989923,-0.4185754650574178,-0.1914082676594346,5.042093148221781e-07,-0.009491525423728775,-0.026801676552974146,0.005230408783814962,0.2343368285515468,-0.0043858537203701475,-0.008859233699969262,-0.00035197541788204237,0.04662024255470326,-0.005655674846625769,-0.010330346032353796,-0.0021118252954326986,0.0076545581488317626,-0.0027173913043477826,-0.011766196343402185,0.0,0.4401454838972314,0.004875395319418052,0.0009427045119123957,0.008991336706725679,0.019302430430860166,-0.02031555006692143,-0.13456610725480952,0.09516348183132621,0.7272007190102877,-0.3217255243025403,True
Llama-3.2-1B,Llama,layer15,15,12,0.8,,False,d_all,False,7.372314453125,-0.005786666666666607,-0.008496755555555504,-0.003375066666666713,2.282473220789516e-05,-0.4904089507631726,-0.604936230087512,-0.3828251022479878,1.3256989306540474e-17,-0.003482352941176492,-0.006463267973856229,-0.0011656209150326005,0.012693218141451888,-0.008419354838709703,-0.013194892473118358,-0.004148521505376281,0.0003833929366272358,-0.4468239953642321,-0.5765506633418988,-0.3237090871574502,1.9565542469266646e-11,-0.3935077507111817,-0.5198107424778723,-0.2784848086542681,7.08739777076082e-11,-0.003728813559321975,-0.01765358592771788,0.006953765846383261,0.557551571579338,-0.007512570245489458,-0.013527798990624127,-0.003029308525350197,0.0038883139295011627,-0.00686988752556239,-0.013043651887330403,-0.0018783262667416622,0.02027869028668561,-0.015398550724637694,-0.04089487932790111,-0.0008396539059430174,0.14274221092688436,0.004937001897533211,0.0004813388150960552,0.00979225015812778,0.03702775018587102,-0.053316244653050404,-0.1519628927626603,0.04525798428549994,0.2820557197737349,-0.4904089507631726,True
Llama-3.2-1B,Llama,layer15,15,13,0.8666666666666667,,False,d_all,False,5.263263702392578,-0.0035271111111110365,-0.0060446222222221985,-0.001555155555555535,0.0019741043517649336,-0.2057741353701381,-0.28863200879078493,-0.12901485323223377,6.42078440491193e-07,-0.0012183006535947394,-0.0030332026143790243,0.00033111111111113877,0.16186513755170395,-0.007096774193548372,-0.011006317204301102,-0.003881317204301141,6.55363305069756e-05,-0.13433525668031754,-0.2300419368421983,-0.04090745929197014,0.006252456381650871,-0.22452573500979245,-0.3055432154775035,-0.145139543393131,1.3302204496216877e-07,-0.03796610169491521,-0.10174174174174179,-0.001674251674251623,0.16910190324393404,-0.00584780496049353,-0.011167403140819468,-0.00178341562531078,0.01658905862817095,-0.0008946830265849082,-0.0032546514679655525,0.0009791726524103531,0.40472247600058553,-0.0018115942028985588,-0.009049773755656076,0.0,0.49949512662248696,0.0058784735399536325,0.003287213261648736,0.008847473118279547,3.6416149488639314e-05,0.09019047832947491,0.018074814105276595,0.16209282727719942,0.010445524318800631,-0.2057741353701381,True
Llama-3.2-1B,Llama,layer15,15,14,0.9333333333333333,,False,d_all,False,7.340579032897949,-0.00400888888888884,-0.006362977777777848,-0.0017973333333334257,0.0007985853537749428,-0.39620877936589993,-0.49519145643233764,-0.2946057552313994,2.2436110633083794e-14,-0.0038483660130719244,-0.0070171241830065175,-0.0013430065359476863,0.008820100010714482,-0.005623655913978509,-0.010679032258064594,-0.0011180107526882201,0.02087998219325191,-0.45682683289065773,-0.5739026457431621,-0.3410667865896978,2.275835664773321e-14,-0.30223105686456675,-0.40824289759229054,-0.19546234472300592,3.099294929321128e-08,-0.0020338983050847137,-0.010173837461973112,0.007950851306604586,0.6391690182432112,-0.002915451895043719,-0.007006173323638956,0.0008881420877837414,0.1524968624335434,-0.003035531697341498,-0.006806537706098231,0.00037160590365369593,0.09805634403074649,-0.009057971014492794,-0.026992583918813443,0.0,0.215721941631983,0.0017752899009065848,-0.003104965211891114,0.007092033523086688,0.4978927357385573,-0.15459577602609098,-0.23667810283405782,-0.07758655905365033,9.715339684012507e-05,-0.39620877936589993,True
Llama-3.2-1B,Llama,layer15,15,15,1.0,,False,d_all,False,6.974907875061035,-0.005135999999999918,-0.0077324888888888246,-0.002945511111111157,2.1730807489190897e-05,-0.37555142211272186,-0.46977331048462356,-0.27796787106252313,5.194750400740095e-14,-0.0006483660130719437,-0.002478431372548995,0.0013448366013071634,0.5064429504146105,-0.011139784946236575,-0.016538709677419324,-0.006736021505376392,1.075065740547834e-05,-0.3032682461132308,-0.41906808199444745,-0.18478175675403363,3.1018484750004357e-07,-0.3452884506247975,-0.4438625369430487,-0.2394658492492883,3.7714688115171436e-11,-0.0003389830508474523,-0.007877759039325522,0.007989685974115108,0.9305406001195596,-0.009929437613554692,-0.015785821590781797,-0.005155575768375894,0.0001727298278256678,-0.004409509202453976,-0.008976517340805411,-0.0009908986831210415,0.032589566481058194,-0.018115942028985477,-0.04616438356164378,-0.0017255509014751716,0.11334169126867137,0.010491418933164631,0.006096507484714248,0.016034336390470142,2.2319238224551245e-05,0.04202020451156674,-0.05065443235550586,0.12831067471160146,0.35882285908125655,-0.37555142211272186,True
Llama-3.2-1B,Llama,behavior,16,1,0.06666666666666667,0.988174557685852,False,auc_all,False,3.125,-0.2218391111111111,-0.24605477777777773,-0.1991636666666667,4.011076011911378e-72,-1.4686943666519223,-1.6267615145610155,-1.3302696476200124,8.862808492959133e-83,-0.14813071895424834,-0.17714653594771237,-0.11921588235294125,2.6366639868875623e-25,-0.27958064516129033,-0.319944623655914,-0.24047909946236556,3.4419832848379594e-44,-2.4475021264443493,-2.7539514948024353,-2.165316097988488,1.4185159512417276e-63,-1.820191515972331,-2.073909173401826,-1.579067744425421,6.889526459991812e-47,-0.09288135593220337,-0.2290056664376981,-0.00029576587795767414,0.12768784693759688,-0.24317826509485785,-0.27787903967581845,-0.20334656432634762,5.256212045690267e-35,-0.31256390593047034,-0.37820469621028296,-0.25466408851575834,1.2797274619292969e-23,-0.3999094202898551,-0.5394106715652769,-0.257234351217656,3.3431511339681504e-08,0.131449926207042,0.08996537160025288,0.17725083069787048,1.2970689745269108e-09,-0.6273106104720183,-0.960557354124444,-0.3175621496936439,9.86902581093315e-05,-0.2218391111111111,True
Llama-3.2-1B,Llama,behavior,16,2,0.13333333333333333,0.9797486066818237,False,auc_all,False,2.375,-0.5535795555555556,-0.5795560666666667,-0.525151111111111,0.0,-2.709866795242016,-2.848147256043965,-2.565419496674901,4.0419821173610864e-271,-0.6887032679738562,-0.7236156862745098,-0.6523828758169935,0.0,-0.4371021505376344,-0.48044536290322576,-0.395538306451613,1.8586582582148544e-90,-4.7495093253739915,-5.100934607570086,-4.46751432948057,5.871282008254662e-192,-2.3440514778796286,-2.5958001411534415,-2.1244189692127815,8.364666733844767e-79,-0.41423728813559313,-0.5251818224474475,-0.32055605003473087,7.846071057139475e-16,-0.44560358304812614,-0.48752493294935983,-0.4038071047420544,1.8936834691264248e-94,-0.42403182515337423,-0.48555230863326176,-0.36327508355666027,1.9161203093543194e-39,-0.4501811594202899,-0.6141770467515364,-0.2812303046218488,1.017516085526278e-07,-0.25160111743622177,-0.29880013651697224,-0.199579612323424,3.182566428523895e-23,-2.405457847494363,-2.7683019327098974,-2.075574113855252,7.204577077198865e-41,-0.5535795555555556,True
Llama-3.2-1B,Llama,behavior,16,3,0.2,0.9456225037574768,False,auc_all,False,3.125,-0.36856177777777777,-0.3965754444444445,-0.34026122222222216,1.6453733498757107e-146,-2.0356495844648324,-2.187342599549717,-1.881617684458957,4.909939304763073e-152,-0.30265359477124176,-0.33816254901960785,-0.2655401960784314,6.111355400540038e-62,-0.4234005376344086,-0.46703158602150535,-0.3778977150537634,3.1834866198111437e-81,-3.2571470527227318,-3.566183454784362,-2.976401564090921,1.7419438793079856e-104,-2.312745014913881,-2.5789879946053293,-2.0705251236024607,1.4944262049206389e-74,-0.235593220338983,-0.4261763468013468,-0.07206545587518286,0.008162294123586072,-0.4082477711581527,-0.45236473913473496,-0.36380105839820975,3.141843935858325e-74,-0.46595411554192234,-0.5322574944275538,-0.4017373750360197,2.7442336610206354e-44,-0.40081521739130443,-0.5454228913787738,-0.26942831088664415,7.915347888376999e-09,0.12074694286316684,0.0675226713050812,0.16996736901749948,1.818290769770561e-06,-0.9444020378088509,-1.2957041461326029,-0.6321708798819347,3.135884359432761e-08,-0.36856177777777777,True
Llama-3.2-1B,Llama,behavior,16,4,0.26666666666666666,0.9242581129074097,False,auc_all,False,3.375,-0.4062337777777778,-0.4329634888888888,-0.3786815111111111,3.97800885228467e-185,-2.240900779125699,-2.3856238385904334,-2.101378371724466,1.2168199164741635e-197,-0.4211032679738562,-0.45669568627450974,-0.38475261437908503,4.058749444391062e-112,-0.3448252688172043,-0.38563004032258064,-0.3068260752688172,1.9361924060808992e-64,-3.8295791682010973,-4.165103372513181,-3.5647961522421983,3.951229101984046e-146,-2.0465928918790306,-2.28958903747104,-1.8284880818976244,1.1713960918036094e-64,-0.13254237288135584,-0.21507610350076098,-0.058120182623493895,0.001046078146290915,-0.2356656948493684,-0.27191103436717545,-0.1987872967122688,1.3790939901296932e-36,-0.3031218047034765,-0.3623157331323142,-0.24306797212710157,5.6225570840343786e-24,-0.24139492753623193,-0.3762973907225691,-0.11783844302398992,0.000247322592078221,-0.0762779991566519,-0.12145868332279147,-0.031971282679738595,0.00112193515356745,-1.7829862763220667,-2.132033137704214,-1.4585646757771003,1.54679304935971e-26,-0.4062337777777778,True
Llama-3.2-1B,Llama,behavior,16,5,0.3333333333333333,0.9345045685768127,False,auc_all,False,2.875,-0.3403937777777778,-0.36757933333333337,-0.31335762222222224,4.800224807705299e-128,-2.0072765479637154,-2.1509956127158905,-1.8598445304855988,1.7607023225154917e-167,-0.28665098039215686,-0.3285664052287582,-0.24636581699346405,4.979039301797138e-47,-0.3514704301075269,-0.3938470430107527,-0.30511908602150545,2.1342562585962597e-55,-3.2521456926304637,-3.6024464868808765,-2.985850650963497,2.472097246531739e-105,-2.080138792462417,-2.3006617789475468,-1.8679989521170937,1.3271550254819093e-70,-0.5028813559322034,-0.7118268709852179,-0.2931194007086865,3.382606962538086e-06,-0.3454387966366671,-0.3881292664693115,-0.30288457431366933,1.6228244864105504e-57,-0.28688969836400824,-0.34656211831038275,-0.22577946239375996,4.074068856383203e-19,-0.34148550724637683,-0.5215460871848739,-0.16911505799502896,0.00027777891892103194,0.06481944971537001,0.005979587286527563,0.11575329933586331,0.019986209101724165,-1.1720069001680469,-1.4954965303637218,-0.8712961634198131,8.338104962768351e-13,-0.3403937777777778,True
Llama-3.2-1B,Llama,behavior,16,6,0.4,0.987461507320404,False,auc_all,False,1.875,-0.20286755555555558,-0.22518826666666666,-0.18089351111111115,3.167812909147279e-75,-1.40494396694936,-1.5270662602062581,-1.2793124774801994,3.1399155850115645e-110,-0.1335712418300653,-0.15976392156862748,-0.10717816993464058,2.649292089599134e-22,-0.2559327956989247,-0.2926937499999999,-0.21929663978494626,6.616449501002332e-41,-2.3337048767174196,-2.598900003496833,-2.0982244334704996,8.005533386869058e-72,-1.7034854325264388,-1.9194465848310902,-1.5067278944459448,6.778550319429505e-65,-0.163728813559322,-0.25724431375953166,-0.08686143082514378,0.000161149654103182,-0.24436134702328138,-0.2788207452631024,-0.20976752938541043,1.7292503009578334e-44,-0.28666602760736204,-0.3424959906155482,-0.23053703946923748,2.0957843117830535e-24,-0.3156702898550725,-0.47657437574958855,-0.1815784832451499,2.595629415947713e-05,0.12236155386885939,0.07917540401644531,0.162309981024668,1.071828957107923e-08,-0.6302194441909807,-0.9168735239368195,-0.38523818586875713,4.838585671074094e-06,-0.20286755555555558,True
Llama-3.2-1B,Llama,behavior,16,7,0.4666666666666667,0.7717818021774292,False,auc_all,False,1.875,-0.34271555555555555,-0.37354562222222226,-0.31413408888888883,2.4623050170175975e-114,-1.9580963584969218,-2.120242371824204,-1.8109884842100044,3.545329504122534e-130,-0.37282352941176466,-0.4164446405228758,-0.33525679738562086,9.645935546729866e-71,-0.3049274193548387,-0.3488335349462366,-0.26313642473118276,5.029560900935264e-40,-3.4965497880322634,-3.8288358949661445,-3.2239966114144454,1.458442857235255e-109,-1.845124192643982,-2.121420845378404,-1.6043836816580432,4.0689048712354146e-42,-0.2327118644067796,-0.33787790317611216,-0.13726423790345463,3.3101258181094415e-06,-0.25253306291460687,-0.2924547579495305,-0.21169443878135613,1.757514325545772e-34,-0.36274603783231085,-0.4433645074818256,-0.2932118300350489,2.928040551976231e-22,-0.6213768115942029,-0.7747702352472089,-0.4530982448630137,5.2447449829354914e-14,-0.06789611005692597,-0.12483033127767246,-0.013569592293906812,0.014942306342016744,-1.6514255953882813,-2.0215217756813124,-1.317857415148796,1.2510760434522848e-20,-0.34271555555555555,True
Llama-3.2-1B,Llama,behavior,16,8,0.5333333333333333,0.8796195983886719,False,auc_all,False,1.875,-0.24371733333333334,-0.2673550444444444,-0.22172786666666663,4.2268092788527164e-96,-1.5822258916806367,-1.72408156372412,-1.4438852783835348,4.3706638309327715e-116,-0.18936470588235288,-0.22077535947712412,-0.15839228758169946,1.2998135675616526e-30,-0.2745376344086021,-0.3114002688172044,-0.24060766129032263,3.9471693206283e-50,-2.7000835508893255,-2.993561792350443,-2.4377181734357447,3.837343662711847e-81,-1.795362594801874,-2.0134179535668824,-1.5954011438873503,2.44116925177108e-61,-0.28559322033898304,-0.40233482816203403,-0.1814908528383106,3.4483302815080746e-07,-0.2895212743482486,-0.32945513640413965,-0.2546973784538156,2.9127564555573734e-52,-0.3108544222903886,-0.3660299338176005,-0.25509676710998397,6.423339110302334e-26,-0.3908514492753624,-0.5330588624338626,-0.24750879983754148,1.1737170991674241e-07,0.08517292852624925,0.03995565280413237,0.12841263862534247,0.00022813437552449166,-0.9047209560874514,-1.2170991876232837,-0.6234671621976133,1.3167348768937588e-09,-0.24371733333333334,True
Llama-3.2-1B,Llama,behavior,16,9,0.6,0.8915602564811707,False,auc_all,False,2.25,-0.19987822222222218,-0.22176715555555554,-0.17785891111111107,3.1397029279663243e-71,-1.367469910616077,-1.5006472564715312,-1.2325332450136115,1.8702376898689536e-89,-0.13294379084967323,-0.1607398692810458,-0.10632915032679732,1.3216801733163609e-20,-0.23537903225806456,-0.2704579301075269,-0.19975456989247314,1.8586385725325673e-36,-2.3101462208895276,-2.616282666315763,-2.046909177608605,1.7775856882028243e-56,-1.5559716633622276,-1.7765005180985285,-1.353529589430314,1.439332237036416e-44,-0.24169491525423725,-0.3798995075584059,-0.1147662625421686,0.0002831732791517803,-0.24532893902902775,-0.2831201624323499,-0.21145864839093015,3.784837985437826e-42,-0.2236547801635992,-0.2842495173235369,-0.16712237408863298,3.842250417209257e-14,-0.31974637681159424,-0.45139090624288,-0.18582601222307113,4.729149912577571e-06,0.10243524140839133,0.05900058770820148,0.144723493833017,3.6357284136233737e-06,-0.7541745575273,-1.0795172328709683,-0.44304087619126087,2.7654289806512175e-06,-0.19987822222222218,True
Llama-3.2-1B,Llama,behavior,16,10,0.6666666666666666,0.989025354385376,False,auc_all,False,1.5,-0.1753688888888889,-0.19430044444444441,-0.15482882222222225,1.557972541291264e-66,-1.2643781193033559,-1.3833390874335845,-1.1456143209622869,2.0918282238402203e-97,-0.11517385620915033,-0.13978588235294118,-0.09190816993464059,7.360878405510769e-20,-0.19619086021505372,-0.23099993279569894,-0.1599659946236559,7.919282419352046e-27,-2.215197233925317,-2.48718728487719,-1.973827906649103,1.0022417859035144e-64,-1.3854065070854182,-1.5907195701103778,-1.2030334797164954,6.17707102408918e-42,-0.05796610169491523,-0.10925352473854424,-0.012450502469842842,0.020795915555272534,-0.23127984112899824,-0.2655889347182391,-0.19720406613336425,6.139561680984042e-40,-0.26242970347648265,-0.31945150122033994,-0.20513302916341736,5.543204581088501e-19,-0.3410326086956522,-0.5381647159073846,-0.1579188419298504,0.0002786329952571922,0.08101700400590339,0.03964463261648743,0.1254242910605102,0.00015400424333796107,-0.829790726839899,-1.1136070519748533,-0.556629799001321,4.321145233085307e-09,-0.1753688888888889,True
Llama-3.2-1B,Llama,behavior,16,11,0.7333333333333333,0.9901882410049438,False,auc_all,False,0.5,0.004085333333333274,9.30444444443901e-05,0.008016977777777847,0.04156104093076639,0.009141989853314936,-0.03539619184948535,0.05352629293768155,0.6985121308875774,0.0005620915032680251,-0.001325620915032666,0.0025680392156862764,0.5593686545531937,0.004989247311827927,-0.004783669354838735,0.014277016129032327,0.29988699698928845,-0.03751352280779985,-0.14163638225091169,0.0650744267022543,0.4758903966836844,-0.008298120436885714,-0.09742881387159065,0.07683456663150091,0.8492544262185613,0.009152542372881434,0.0,0.020626679802615115,0.085509502463297,0.0010901254911902525,-0.006517019959553385,0.00784845157607584,0.7645159129567146,0.0027000255623721436,-0.01017560051971097,0.015598387281117614,0.680135614560569,0.0027173913043477826,-0.01205015959359831,0.021546874999999962,0.7372481921547959,-0.004427155808559902,-0.013353654069154591,0.005136733080328957,0.3590763146096292,-0.029215402370914134,-0.1345710547522983,0.0699278919216568,0.5883015762533091,0.004085333333333274,True
Llama-3.2-1B,Llama,behavior,16,12,0.8,0.9936470985412598,False,auc_all,False,0.75,-0.006830222222222182,-0.011914688888888861,-0.00188600000000001,0.007515418364429417,-0.006448584495844845,-0.06466279467672034,0.05682707777663216,0.8400853042942733,-0.0070405228758169125,-0.010521241830065382,-0.003906078431372608,2.574633109404637e-05,-0.002959677419354878,-0.014134744623655915,0.007055846774193506,0.5822690594413966,-0.6044084053362915,-0.7592839550639442,-0.47514910229958085,6.47587203288056e-17,-0.1627483548348292,-0.27529461034048136,-0.06374453278114928,0.002581136685440708,0.004576271186440772,-0.004104840960111977,0.015770289316800995,0.3537702058383425,0.009050576752440032,0.0012870519237404704,0.016646827912979237,0.020521717880051544,-0.012222009202454087,-0.029136017390461854,0.005157778680645462,0.15833461768970625,-0.04438405797101452,-0.09067460317460319,-0.011538461538461605,0.02805162237727901,-0.0040808454564620344,-0.014093234503478838,0.007047414347459346,0.4420510182771632,-0.4416600505014623,-0.589749674165847,-0.3091434729801426,2.2753634741034664e-10,-0.006830222222222182,True
Llama-3.2-1B,Llama,behavior,16,13,0.8666666666666667,0.9895716309547424,False,auc_all,False,1.5,0.00548622222222217,0.0026612000000000107,0.008451133333333274,0.0003492319223198239,0.16700249448588256,0.12876624319057492,0.205986870445912,1.2442236695084635e-17,0.0010196078431372602,-0.0004109803921568289,0.0027382352941176125,0.20558804480109383,0.007913978494623608,0.0009568548387097143,0.015170295698924786,0.029648613072474975,0.17507939951521134,0.08597534078842928,0.2658862237530985,0.00011187695322937202,0.05822451690158781,-0.0026418891419483378,0.12008096037387268,0.06644127381375357,0.003728813559322086,-0.0017270209467634078,0.009770845986008985,0.1960973791958771,0.010233658680863567,0.005148889126041975,0.015775622525117532,0.00016548817211725714,0.0036745910020449246,-0.005346216349432403,0.014772365640999317,0.4834363355617708,-0.0022644927536232817,-0.01404083738667194,0.008635218961726615,0.6738458388664328,-0.006894370651486348,-0.01427152725068522,0.00014420751633992124,0.059946304689217585,0.11685488261362353,0.027194932683369224,0.20271907587387558,0.007974374572167053,0.00548622222222217,True
Llama-3.2-1B,Llama,behavior,16,14,0.9333333333333333,0.9845381379127502,False,auc_all,False,0.75,-0.029988444444444484,-0.03755504444444446,-0.02235744444444449,9.971530546925132e-15,-0.3645649525815138,-0.4219596441877709,-0.30085915393084,2.6206316005682896e-32,-0.020122875816993457,-0.029876274509803943,-0.011467777777777768,2.6003606662856017e-05,-0.030736559139784903,-0.04575900537634402,-0.016666129032258073,4.3757956564411354e-05,-0.6960993237785642,-0.8240401819679672,-0.5852013303330116,8.832286581663874e-30,-0.33427343416880184,-0.43301048080258486,-0.2114207622387729,1.8960604222130733e-09,-0.014915254237288122,-0.029307609453422145,-0.0029661016949152907,0.02961836976511762,-0.03583470655342891,-0.04947138608349942,-0.02215536721544909,3.3368271072734454e-07,-0.03212870654396738,-0.05754938181951249,-0.011709994242045581,0.003938494486097379,-0.04393115942028991,-0.10245587745587746,0.0006333213601532364,0.09537378386600165,0.010613683322791445,-0.006267630718954145,0.02721350701033106,0.22019725561006676,-0.36182588960976236,-0.5137912397741138,-0.24036294628406002,5.781382365947463e-08,-0.029988444444444484,True
Llama-3.2-1B,Llama,behavior,16,15,1.0,0.9466742873191833,False,auc_all,False,0.625,-0.00718311111111114,-0.010860111111111067,-0.002984155555555584,0.00031765123654546275,-0.06093125520029785,-0.0999647788492622,-0.019214670104227845,0.0030449181234514103,-0.002010457516339881,-0.004086928104575163,-0.00031849673202616097,0.03506727309648421,-0.014564516129032312,-0.024322513440860193,-0.004410685483870908,0.0036679491761664484,-0.08813036212251868,-0.187605220633972,-0.0016480880378639507,0.06963183866598228,-0.16371630284552552,-0.2392719017916486,-0.08701946846690603,2.173223523992433e-05,-0.010000000000000009,-0.02169601663665203,-0.00040878767881796823,0.06173304871096916,-0.009992817002577481,-0.016365206346008403,-0.0035415725451026256,0.0031246045320461706,-0.014251022494887522,-0.03051162187771696,-0.0002369151467089612,0.06519031195269596,-0.013134057971014523,-0.03552400468384079,0.005893521965748295,0.22682775555305967,0.012554058612692431,0.0027447635989879373,0.02277022954880877,0.01177089346284082,0.07558594072300684,-0.015931183168221674,0.16928923765620882,0.1135927407253475,-0.00718311111111114,True
Qwen2.5-3B,Qwen,layer19,19,1,0.02857142857142857,,False,d_all,False,29.277359008789062,-0.36861866666666665,-0.39478471111111113,-0.3441753777777778,6.604081752105761e-177,-4.0012244377014605,-4.23686568353621,-3.7791451414119805,3.084661336823178e-251,-0.20794771241830068,-0.24003921568627448,-0.18103137254901963,7.103396841315709e-45,-0.5086827956989248,-0.5493685483870968,-0.4696102150537635,2.0850846253101114e-139,-3.6574408368219675,-3.972732295154899,-3.3601768467285273,4.0196893025885744e-129,-3.7140645403152317,-3.9599859884583317,-3.473320643303161,4.405066895644914e-182,-0.44783427495291894,-0.6365713489409142,-0.27462904259542276,7.024210906606841e-07,-0.6008957620315206,-0.6408907879929681,-0.5607139494577388,5.418537974093409e-184,-0.5149999999999999,-0.5824548345995464,-0.4488175455803201,5.405411122936331e-55,-0.5211267605633803,-0.7042264256269324,-0.35034137665247095,1.0194587978491288e-08,0.30073508328062415,0.2606736474804976,0.34315130191861704,1.0147293881229449e-46,0.05662370349326418,-0.17877944104150367,0.30707296183316407,0.6384233213504857,-4.0012244377014605,True
Qwen2.5-3B,Qwen,layer19,19,2,0.05714285714285714,,False,d_all,False,5.999948978424072,-0.0001937777777777372,-0.0009708888888888988,0.0005049333333333322,0.6029664745021318,0.06494167072240842,-0.04696848335126706,0.1729187729815791,0.25120068302558196,-0.00015686274509807419,-0.0004339869281045905,8.366013071892109e-05,0.24363014708481412,-0.000440860215053851,-0.0021939516129032915,0.001231182795698893,0.6049261465301218,-0.032359112551836766,-0.16014173531246406,0.09649305494884051,0.6280870532003074,0.045583697228607,-0.06970565006612875,0.15990179412221345,0.4420712463230573,-0.0018832391713746732,-0.0066066841794974905,0.0011500260322799933,0.34668856727220754,7.605526682730179e-05,-0.00192437357130672,0.0018861544155772529,0.9363249563337217,-0.0005128205128204222,-0.0017013548596930327,0.00028991813297866666,0.29591364652523255,-0.0017605633802816323,-0.014036323202372062,0.009404761904761976,0.7619972005231843,0.0002839974699557768,-0.0012841181741513942,0.0020021916508539545,0.7273220844912375,-0.07794280978044377,-0.15977085937715169,0.0065120578139023465,0.07255998052751045,0.06494167072240842,True
Qwen2.5-3B,Qwen,layer19,19,3,0.08571428571428572,,False,d_all,False,5.181783199310303,-0.00027911111111111886,-0.0008320444444443881,0.00025666666666669885,0.3285976556067721,-0.059755799364336504,-0.13012950499860593,0.0074278664417884955,0.09559917524654263,-0.00020392156862747424,-0.0005283660130718876,5.7516339869279065e-05,0.1711042492392988,-0.0006182795698924659,-0.0020064516129032427,0.0006721774193548911,0.35742744409224925,-0.09875468405646703,-0.18095552401090137,-0.020849391929078424,0.019302142686759637,-0.05498877669495483,-0.12875386127214478,0.013936217581065169,0.13827266735143176,-0.0007532956685498693,-0.003484320557491266,0.0,0.46824196042812705,-0.0007605526682722408,-0.0023075460695279994,0.000777728303626765,0.3286746668209811,0.0001602564102564097,-0.00011795825325674191,0.0006977182839986578,0.4481815226112209,-0.002640845070422504,-0.011481858798114688,0.00408611580903902,0.4948845108998906,0.00041435800126499167,-0.000787366118490429,0.0017597554290534083,0.5271182285560102,-0.0437659073615122,-0.09451989488794242,0.007084092378427504,0.08260189356172634,-0.059755799364336504,True
Qwen2.5-3B,Qwen,layer19,19,4,0.11428571428571428,,False,d_all,False,15.756402969360352,-0.008426666666666693,-0.01231711111111113,-0.004751733333333422,1.339234863796449e-05,-0.5714056556331277,-0.7672597510930144,-0.35953495113194034,2.879688839902222e-08,-5.228758169939507e-05,-0.00038705882352943753,0.00027189542483652406,0.7461791993868432,-0.021338709677419354,-0.03175201612903225,-0.011321505376344134,5.1774996161512236e-05,0.6143474994167617,0.4053377437880916,0.8462169182531828,2.6262546463153026e-08,-0.5058482309269672,-0.7275588836631223,-0.26923119022474085,1.543155441870204e-05,-0.0026365348399246535,-0.00902122794149367,0.0006714821977021831,0.31308860963500973,-0.011408290024084167,-0.018646634754113732,-0.004766690614619325,0.0016500804283025954,-0.020288461538461533,-0.03762877893870354,-0.006775626964977727,0.010384520234866234,-0.008802816901408383,-0.030494458962446794,0.008731203007518874,0.378336657807659,0.02128642209571996,0.011382449926207041,0.03172997522664985,5.0889166545032194e-05,1.1201957303437289,0.8867009798989557,1.3400734902489255,1.2969469095723023e-22,-0.5714056556331277,True
Qwen2.5-3B,Qwen,layer19,19,5,0.14285714285714285,,False,d_all,False,10.077945709228516,-0.004199111111111153,-0.006565422222222203,-0.0022378666666666965,0.00017298045010002112,-0.3241802937184861,-0.48147056477002625,-0.1768695451670502,3.0242317826141632e-05,-0.0001725490196078372,-0.0006117647058823117,0.00020418300653597096,0.38226449799620066,-0.009021505376344163,-0.014118548387096724,-0.004666263440860147,0.0003999275779098681,0.009237446497810886,-0.16486367234029187,0.17094046730492074,0.9172431922899547,-0.2529817583241023,-0.415844224743827,-0.08858965788767864,0.0020344194987987466,0.0,-0.0033344519015659655,0.0024418421454031215,1.0,-0.006447796509908232,-0.010981399617030452,-0.00257833532169828,0.0036123080423219973,-0.0099358974358974,-0.019076240416349165,-0.003302700916886836,0.0176251681101934,0.0008802816901408717,-0.021405661337949307,0.025279288785843183,0.9392154930826803,0.008848956356736326,0.004524022770398492,0.01397413714948352,0.0004089138968052514,0.2622192048219132,0.1301669559397891,0.37399190670926763,3.670087284215195e-05,-0.3241802937184861,True
Qwen2.5-3B,Qwen,layer19,19,6,0.17142857142857143,,False,d_all,False,12.937841415405273,-0.008993777777777767,-0.012603777777777764,-0.005537066666666644,1.208053983275412e-06,-0.6456788372206703,-0.8272045236671406,-0.4785703452064109,6.213005789542223e-13,-0.0011503267973856923,-0.002185620915032607,-0.00037124183006542744,0.012183563694574417,-0.022505376344086114,-0.03292728494623655,-0.012812903225806433,2.2793332415245683e-05,-0.1363059732122487,-0.3236996570320249,0.051218359929340145,0.1558387497791551,-0.5727112421677396,-0.7814655288998508,-0.38522379212299684,3.047239709375994e-08,-0.003389830508474523,-0.011939666376637901,0.0,0.3141158415070715,-0.012988549457049858,-0.019791952103164846,-0.0070689539171143075,6.0657223533715056e-05,-0.01855769230769222,-0.036140027495179694,-0.005124908274502617,0.03014822684128577,-0.01936619718309862,-0.060190217391304285,0.011669758812615989,0.29189218119913507,0.021355049546700422,0.01166321157495272,0.03202022770398494,5.3694050163228875e-05,0.4364052689554909,0.24777917823068077,0.6272861423408476,8.464330208908752e-06,-0.6456788372206703,True
Qwen2.5-3B,Qwen,layer19,19,7,0.2,,False,d_all,False,6.4238762855529785,-0.0003253333333332886,-0.0010507111111110912,0.00039826666666663285,0.3793705340824325,-0.023004098523491834,-0.11076836144868342,0.07383170754218615,0.6329074663255125,-1.0457516339879014e-05,-0.00023529411764700026,0.00021973856209148423,0.9283742376305987,-0.0010000000000000009,-0.0028716397849462673,0.0005861559139784949,0.250552890088769,0.020538168510610078,-0.09286529506699888,0.13887730491902744,0.7209969283451472,-0.038409387255584626,-0.13756759298697113,0.06491573489536179,0.45142045182051305,-0.00037664783427493465,-0.00333445190156596,0.0015070643642072082,0.7389884717479135,-0.0010647737355811149,-0.00242988813252529,9.471127582918165e-05,0.0970718241386306,-0.0001602564102564097,-0.0009595202049337919,0.0005553881487943502,0.6624417899642931,-0.0008802816901408717,-0.03125822368421052,0.02315538194444443,0.9469795274041322,0.0009895424836601219,-0.0004662022981235636,0.0027949314779675064,0.2374981629558739,0.058947555766194704,-0.005048066680896333,0.13025000088508173,0.09276315148940556,-0.023004098523491834,True
Qwen2.5-3B,Qwen,layer19,19,8,0.22857142857142856,,False,d_all,False,5.52246618270874,-0.0001386666666666203,-0.000986977777777695,0.0006969333333333049,0.742898377119956,0.04449937883078281,-0.05932583386363914,0.15518906700728938,0.41350067060107154,6.274509803916306e-05,-0.0001725490196078372,0.0003450980392156744,0.6195263206455581,-0.000967741935483879,-0.00303400537634419,0.0008661290322580778,0.32035755143215006,0.12912943013066513,0.018143627534479425,0.25488958717544874,0.03579220664466912,-0.0025285193752551116,-0.11383743263801456,0.10704262062421611,0.9642407872834994,-0.0015065913370997386,-0.0069252716566502726,0.0007449578291162124,0.4466642307149675,-0.0008281573498964967,-0.0029616242784694406,0.0011987291816993677,0.4356424848041708,0.0001602564102564097,-0.000318525886177895,0.0008757860870692797,0.5844956109464574,0.0,-0.01787738095238089,0.017452322631440774,1.0,0.001030487033523042,-0.0006247696605524072,0.003037877398271163,0.2630917395720874,0.13165794950592025,0.06369855162215356,0.20515626084337182,0.0003657864234549609,0.04449937883078281,True
Qwen2.5-3B,Qwen,layer19,19,9,0.2571428571428571,,False,d_all,False,5.959201812744141,-0.0010453333333333426,-0.0019665777777777586,-0.00022044444444446754,0.017266511771601992,-0.19408131684543406,-0.2833081714763083,-0.08914972428670719,0.00016185609729489373,-0.0005019607843137486,-0.0010406535947712653,-9.934640522879512e-05,0.03677091075998764,-0.00248924731182798,-0.0048548387096774,-0.0004247311827956235,0.026543170690818275,-0.3373153398288524,-0.455535648572929,-0.22433317676288692,3.4079077315301356e-08,-0.14161318226702457,-0.240894681667116,-0.036170400834953466,0.007877755004545739,-0.0015065913370997386,-0.006746567996567976,0.001373556680135505,0.45564212624617684,-0.0018929310854776116,-0.0042364218820740785,-5.1927129121148994e-05,0.0708578223812909,-0.0008653846153845457,-0.002248022152731108,0.00010692539638991727,0.15129703478926143,0.0,-0.009435013987926209,0.009337833494053434,1.0,0.0019872865275142315,-3.939753320686965e-05,0.004353855154965171,0.07369839045376698,-0.19570215756182785,-0.2786304000041643,-0.11460719506085729,4.693957267012545e-06,-0.19408131684543406,True
Qwen2.5-3B,Qwen,layer19,19,10,0.2857142857142857,,False,d_all,False,5.068853855133057,-0.00021511111111116588,-0.0008729777777778114,0.0004515999999999853,0.5169058420841808,-0.04714635759818986,-0.13002880378275083,0.03729538982539547,0.2662342483952582,-0.0001516339869281902,-0.00045490196078424027,9.41176470588001e-05,0.27062809703494994,-0.0007903225806452641,-0.0024627688172043473,0.0007904569892473039,0.3292155456527046,-0.11875399494823569,-0.2194654099358003,-0.021550768679357044,0.01649781140549997,-0.05132462576031127,-0.14290109728629777,0.03597486655151111,0.243747958702342,-0.001129943502824804,-0.0056396559998254875,0.0011421450127189641,0.5084684995980844,-0.000498584526978485,-0.0022516282017148643,0.001217040372976935,0.5706117507665112,-0.00012820512820510555,-0.0008583048190580755,0.0006402211683295243,0.7286360234516549,0.0,-0.005521911663215973,0.005212053571428606,1.0,0.0006386885937170739,-0.0008745883407126704,0.002275772717689342,0.4137750407075266,-0.06742936918792442,-0.1254193764088685,-0.009533586928777139,0.02224487471734106,-0.04714635759818986,True
Qwen2.5-3B,Qwen,layer19,19,11,0.3142857142857143,,False,d_all,False,5.660123348236084,-0.0010559999999999459,-0.0019772444444444703,-0.00016506666666668305,0.022544252791914004,-0.22326849906056268,-0.32238248206089176,-0.12627778364069892,5.754674121420466e-06,-0.00028758169934650635,-0.0007633986928105019,4.705882352940005e-05,0.1592935996998276,-0.0027096774193549056,-0.0047805107526882416,-0.0008817204301074799,0.00652773257137806,-0.11767785439096468,-0.24277827857121098,-0.0060923247617318795,0.05307081021009808,-0.15838676900686854,-0.26044652856823114,-0.055332789766763174,0.002035705775926481,0.0007532956685499803,0.0,0.0033585679272510136,0.4414790968204577,-0.0012253348544386533,-0.0032089955052869074,0.0006181314365824109,0.21908526561063646,-0.0010897435897435637,-0.0032204046837805674,0.00022525039037025156,0.21004643722404037,-0.008802816901408383,-0.02812839673913039,0.0037042556714688445,0.26717256648397325,0.0024220957200083992,0.0008054005903436745,0.004408010225595654,0.008226209113955222,0.04070891461590387,-0.037483458671568534,0.11707170614705514,0.3038928033472045,-0.22326849906056268,True
Qwen2.5-3B,Qwen,layer19,19,12,0.34285714285714286,,False,d_all,False,4.097879409790039,-9.599999999998499e-05,-0.0006702666666666829,0.000453377777777858,0.7396286231910869,-0.07088933815229126,-0.14848624853460302,0.004328413062073808,0.07391340114495314,6.797385620904706e-05,-0.00013607843137256325,0.00029281045751639034,0.524244137524596,-0.0002903225806452081,-0.0015486559139784861,0.0009248655913978303,0.6384550942467899,-0.07965382567310986,-0.17420168556117038,0.0050469594110886746,0.08673787892953674,-0.042316114917429815,-0.12500863784598265,0.03310192730638279,0.29311402146771526,0.0007532956685499803,-0.0020795282024077986,0.004568195158147485,0.637393603505666,6.760468162425592e-05,-0.0013474070951266348,0.001536913117924837,0.9279487825158029,0.00012820512820521657,-0.0004339351089164056,0.000846270009765887,0.6819770383245418,-0.005281690140845008,-0.019235074626865713,0.0029820212143334955,0.3735384105041887,0.00035829643685425516,-0.0007365881298755262,0.0015803357579590033,0.5462822360188477,-0.03733771075568004,-0.10027619197690964,0.020662147006597863,0.22489262509786634,-0.07088933815229126,True
Qwen2.5-3B,Qwen,layer19,19,13,0.37142857142857144,,False,d_all,False,7.046051025390625,-0.0011484444444443964,-0.0020907111111111267,-0.0004157777777778595,0.006340656765645633,-0.33637320969566353,-0.44751538667883506,-0.23384087559849556,9.305897239595332e-10,-0.0006117647058824227,-0.0011922875816993473,-0.00018810457516335046,0.016346601155133512,-0.0016075268817205002,-0.003581989247311812,-3.198924731182298e-05,0.08410192437867176,-0.545027321597265,-0.6682200036543224,-0.42020425088915037,9.832947473822664e-17,-0.2503426240171609,-0.3708700499874854,-0.1363927443683667,1.2594192509473067e-05,0.0,-0.0019308291342189587,0.0019377071126940532,1.0,-0.0008873114463175957,-0.0026203807945293506,0.0006633763611680665,0.2832485536372452,-0.001153846153846061,-0.0032172264982669257,0.00019932078360577465,0.18849499585050866,-0.008802816901408383,-0.03045086612234025,0.006219682835820897,0.3562992353867732,0.0009957621758380775,-0.0006627519502424017,0.002964918300653651,0.2830151035789674,-0.29468469758010407,-0.36129123363933235,-0.2217988710889218,1.1381695322636896e-17,-0.33637320969566353,True
Qwen2.5-3B,Qwen,layer19,19,14,0.4,,False,d_all,False,4.700760364532471,-0.0010115555555555433,-0.00208200000000007,-0.00022213333333334648,0.03076215059961439,-0.23802258720285696,-0.3452208451322981,-0.13407687275417599,6.944049453831034e-06,-0.0006535947712418277,-0.0013754248366013105,-0.00017764705882358247,0.03723278183448256,-0.001231182795699004,-0.002962634408602144,0.00011344086021508555,0.10837764593452105,-0.30941137755318415,-0.4324227749305687,-0.19780276594796375,3.469018674532647e-07,-0.12309502823564822,-0.2358414760626753,-0.012232915395147278,0.02729691833402745,0.0007532956685499803,0.0,0.0033456076934337766,0.4564909966667109,-7.605526682719077e-05,-0.0017289064457394116,0.0014537008703930402,0.9254542048772506,-0.0006410256410256387,-0.0021788503423546242,0.00044189138927052654,0.32127472867643236,-0.014964788732394374,-0.03602578305667555,-0.0022946095415777843,0.08726064467228356,0.0005775880244571763,-0.0006954485557664342,0.0019496942863166027,0.3942881580081299,-0.18631634931753593,-0.27028575669325516,-0.11372842619186314,1.6260094614065804e-06,-0.23802258720285696,True
Qwen2.5-3B,Qwen,layer19,19,15,0.42857142857142855,,False,d_all,False,3.8623340129852295,-0.0007644444444444565,-0.0014668444444443957,-0.00017226666666664297,0.019686708239116425,-0.09465860271292037,-0.15570348202916154,-0.03368844135493658,0.003263053279050106,-0.0003555555555555534,-0.0008160784313726383,-2.0915032679758028e-05,0.09306909841647501,-0.0011290322580645995,-0.0023176075268817433,-0.00014502688172045322,0.040176125067153484,-0.12879262724362128,-0.20496573690044181,-0.04998740456148839,0.000871588979896904,-0.0503955788460515,-0.11236056496449441,0.019980682451446817,0.12421946628530732,-0.00037664783427493465,-0.00456410537932273,0.002779180695847354,0.8309034575605421,-0.0005323868677905574,-0.0017978802768822632,0.0006345132127770261,0.38158957815318195,-0.0001602564102564097,-0.0008377004041390801,0.0004757414733791876,0.6037723571902014,-0.014964788732394374,-0.0339226903576076,-0.0019219924812030008,0.07559882104000476,0.0007734767025090461,-0.00011045224541436913,0.0018133201560193905,0.10354720832557837,-0.07839704839756978,-0.12450926345129158,-0.03213623093100828,0.0010118921296083394,-0.09465860271292037,True
Qwen2.5-3B,Qwen,layer19,19,16,0.45714285714285713,,False,d_all,False,4.494763374328613,-0.0006257777777777251,-0.0011733777777778037,-0.0001559555555555152,0.014148091998936541,-0.1373277252065188,-0.2094127132949891,-0.07766284738914549,3.932303673965356e-05,-0.00010980392156867413,-0.00039738562091506946,0.00014117647058820015,0.4227105208855979,-0.0009784946236559566,-0.0022427419354838743,9.153225806447772e-05,0.09840878213273703,-0.0690459966891499,-0.14896360236851858,0.0070196223194836154,0.08745284431786472,-0.07691730243970918,-0.15172077538849374,-0.012185260799603222,0.028888021528933466,0.00037664783427504567,-0.0018427518427518441,0.0028449727953296805,0.7352251114045212,-0.0016901170406050658,-0.0030870754800077756,-0.0003878848640404361,0.016359156000308964,0.00019230769230771383,-0.0003058336354256619,0.0009130043267091074,0.5374299644783421,-0.0008802816901408717,-0.009134878819810326,0.007520860851452899,0.8267306089869118,0.0008686907020872825,-0.00019627714526668227,0.0021366271347248553,0.1429526495186358,0.007871305750559277,-0.05386729899886389,0.07232186124174143,0.8020711234015727,-0.1373277252065188,True
Qwen2.5-3B,Qwen,layer19,19,17,0.4857142857142857,,False,d_all,False,2.758906364440918,-0.0003395555555555374,-0.0009067111111111636,0.0001386666666666203,0.2074829518318586,-0.06581713851509363,-0.11781481282654496,-0.011403739422728966,0.013352000845549295,-0.0002718954248366323,-0.0006955555555555909,-1.0326797385523786e-05,0.11949815939275127,-0.00046236559139789524,-0.0014411290322580428,0.00044637096774192964,0.326090893342592,-0.10310607424100393,-0.1642290553934081,-0.03453673692227362,0.0019182465352870397,-0.03933632213307625,-0.09271301910613844,0.015383147702834,0.14943843364935008,0.00037664783427504567,-0.0014908752852068104,0.002778488702755793,0.7298755281366202,-0.0006675962310389583,-0.0015941450990560407,0.0002812700054819955,0.16701921690552168,6.410256410260828e-05,-0.000271082173883444,0.0005862657561047143,0.7589944340065526,-0.005281690140845008,-0.019843893480257075,0.0026756300564578007,0.39097177017075757,0.00019047016656126292,-0.000587807822053607,0.0009760578747628112,0.6356257949740105,-0.06376975210792768,-0.10428074585494437,-0.023609003894558802,0.00220383895203694,-0.06581713851509363,True
Qwen2.5-3B,Qwen,layer19,19,18,0.5142857142857142,,False,d_all,False,4.550176620483398,-0.0019573333333333665,-0.002999111111111066,-0.001142888888888874,4.922526285769584e-05,-0.2803680192007194,-0.3564909797968231,-0.215391435099283,2.3765832598410306e-15,-0.0005281045751635016,-0.0010721568627451495,-0.00010980392156867413,0.03770311414644577,-0.0038333333333333552,-0.005963709677419352,-0.0020750000000000217,0.00012559050752003663,-0.26642238110878225,-0.35650556346840717,-0.18406180117451795,1.4917153950757494e-09,-0.2235047338450693,-0.30504113240819847,-0.1536073556939043,3.034149073326154e-09,-0.001129943502824804,-0.004465538319704971,0.0,0.3876162019039827,-0.002729539020577154,-0.0045393516671455554,-0.0012269667311967244,0.001182637939087993,0.00022435897435901797,-0.00020871303521106943,0.0009514816210092036,0.43281642157996825,-0.020246478873239382,-0.04369793819167007,-0.0024559638690073143,0.07083094526593452,0.0033052287581698536,0.00170230234029094,0.0052723265865486,0.0003439469853117649,-0.042917647263712944,-0.10057507530205492,0.009899258293576092,0.12512932467284135,-0.2803680192007194,True
Qwen2.5-3B,Qwen,layer19,19,19,0.5428571428571428,,False,d_all,False,4.114025115966797,-0.0007040000000000379,-0.0012588444444445151,-0.00021142222222218798,0.007195868008147019,-0.13420390387070125,-0.20429699997641962,-0.06665869060938544,0.00015367268772881936,-0.0002562091503268693,-0.0006066666666666748,-1.555555555551603e-05,0.09119105948429533,-0.0011989247311828821,-0.0022045698924731127,-0.0002364247311827801,0.017377095023091003,-0.11696553427223666,-0.19878864040170116,-0.03595379289675168,0.006004456352570918,-0.12151432475675072,-0.19487624507341392,-0.05104590292574407,0.0009255779698453517,-0.0007532956685498693,-0.003484320557491266,0.0,0.46824196042812705,-0.0004056280897452025,-0.0013052495292462524,0.00047948659129860285,0.3696467183228067,-9.61538461538014e-05,-0.000710227417962811,0.00045773237550177076,0.7447921377472583,-0.016725352112676006,-0.03921656084378452,-0.0018204007285974888,0.0866738501863546,0.0009427155808560128,6.902066202829072e-05,0.0018434856630824724,0.04176297345436232,0.004548790484514065,-0.037149523127699764,0.045763190658318076,0.8361457590616519,-0.13420390387070125,True
Qwen2.5-3B,Qwen,layer19,19,20,0.5714285714285714,,False,d_all,True,0.0,0.0,0.0,0.0,1.0,0.0,0.0,0.0,1.0,0.0,0.0,0.0,1.0,0.0,0.0,0.0,1.0,0.0,0.0,0.0,1.0,0.0,0.0,0.0,1.0,0.0,0.0,0.0,1.0,0.0,0.0,0.0,1.0,0.0,0.0,0.0,1.0,0.0,0.0,0.0,1.0,0.0,0.0,0.0,1.0,0.0,0.0,0.0,1.0,0.0,True
Qwen2.5-3B,Qwen,layer19,19,21,0.6,,False,d_all,True,0.0,0.0,0.0,0.0,1.0,0.0,0.0,0.0,1.0,0.0,0.0,0.0,1.0,0.0,0.0,0.0,1.0,0.0,0.0,0.0,1.0,0.0,0.0,0.0,1.0,0.0,0.0,0.0,1.0,0.0,0.0,0.0,1.0,0.0,0.0,0.0,1.0,0.0,0.0,0.0,1.0,0.0,0.0,0.0,1.0,0.0,0.0,0.0,1.0,0.0,True
Qwen2.5-3B,Qwen,layer19,19,22,0.6285714285714286,,False,d_all,True,0.0,0.0,0.0,0.0,1.0,0.0,0.0,0.0,1.0,0.0,0.0,0.0,1.0,0.0,0.0,0.0,1.0,0.0,0.0,0.0,1.0,0.0,0.0,0.0,1.0,0.0,0.0,0.0,1.0,0.0,0.0,0.0,1.0,0.0,0.0,0.0,1.0,0.0,0.0,0.0,1.0,0.0,0.0,0.0,1.0,0.0,0.0,0.0,1.0,0.0,True
Qwen2.5-3B,Qwen,layer19,19,23,0.6571428571428571,,False,d_all,True,0.0,0.0,0.0,0.0,1.0,0.0,0.0,0.0,1.0,0.0,0.0,0.0,1.0,0.0,0.0,0.0,1.0,0.0,0.0,0.0,1.0,0.0,0.0,0.0,1.0,0.0,0.0,0.0,1.0,0.0,0.0,0.0,1.0,0.0,0.0,0.0,1.0,0.0,0.0,0.0,1.0,0.0,0.0,0.0,1.0,0.0,0.0,0.0,1.0,0.0,True
Qwen2.5-3B,Qwen,layer19,19,24,0.6857142857142857,,False,d_all,True,0.0,0.0,0.0,0.0,1.0,0.0,0.0,0.0,1.0,0.0,0.0,0.0,1.0,0.0,0.0,0.0,1.0,0.0,0.0,0.0,1.0,0.0,0.0,0.0,1.0,0.0,0.0,0.0,1.0,0.0,0.0,0.0,1.0,0.0,0.0,0.0,1.0,0.0,0.0,0.0,1.0,0.0,0.0,0.0,1.0,0.0,0.0,0.0,1.0,0.0,True
Qwen2.5-3B,Qwen,layer19,19,25,0.7142857142857143,,False,d_all,True,0.0,0.0,0.0,0.0,1.0,0.0,0.0,0.0,1.0,0.0,0.0,0.0,1.0,0.0,0.0,0.0,1.0,0.0,0.0,0.0,1.0,0.0,0.0,0.0,1.0,0.0,0.0,0.0,1.0,0.0,0.0,0.0,1.0,0.0,0.0,0.0,1.0,0.0,0.0,0.0,1.0,0.0,0.0,0.0,1.0,0.0,0.0,0.0,1.0,0.0,True
Qwen2.5-3B,Qwen,layer19,19,26,0.7428571428571429,,False,d_all,True,0.0,0.0,0.0,0.0,1.0,0.0,0.0,0.0,1.0,0.0,0.0,0.0,1.0,0.0,0.0,0.0,1.0,0.0,0.0,0.0,1.0,0.0,0.0,0.0,1.0,0.0,0.0,0.0,1.0,0.0,0.0,0.0,1.0,0.0,0.0,0.0,1.0,0.0,0.0,0.0,1.0,0.0,0.0,0.0,1.0,0.0,0.0,0.0,1.0,0.0,True
Qwen2.5-3B,Qwen,layer19,19,27,0.7714285714285715,,False,d_all,True,0.0,0.0,0.0,0.0,1.0,0.0,0.0,0.0,1.0,0.0,0.0,0.0,1.0,0.0,0.0,0.0,1.0,0.0,0.0,0.0,1.0,0.0,0.0,0.0,1.0,0.0,0.0,0.0,1.0,0.0,0.0,0.0,1.0,0.0,0.0,0.0,1.0,0.0,0.0,0.0,1.0,0.0,0.0,0.0,1.0,0.0,0.0,0.0,1.0,0.0,True
Qwen2.5-3B,Qwen,layer19,19,28,0.8,,False,d_all,True,0.0,0.0,0.0,0.0,1.0,0.0,0.0,0.0,1.0,0.0,0.0,0.0,1.0,0.0,0.0,0.0,1.0,0.0,0.0,0.0,1.0,0.0,0.0,0.0,1.0,0.0,0.0,0.0,1.0,0.0,0.0,0.0,1.0,0.0,0.0,0.0,1.0,0.0,0.0,0.0,1.0,0.0,0.0,0.0,1.0,0.0,0.0,0.0,1.0,0.0,True
Qwen2.5-3B,Qwen,layer19,19,29,0.8285714285714286,,False,d_all,True,0.0,0.0,0.0,0.0,1.0,0.0,0.0,0.0,1.0,0.0,0.0,0.0,1.0,0.0,0.0,0.0,1.0,0.0,0.0,0.0,1.0,0.0,0.0,0.0,1.0,0.0,0.0,0.0,1.0,0.0,0.0,0.0,1.0,0.0,0.0,0.0,1.0,0.0,0.0,0.0,1.0,0.0,0.0,0.0,1.0,0.0,0.0,0.0,1.0,0.0,True
Qwen2.5-3B,Qwen,layer19,19,30,0.8571428571428571,,False,d_all,True,0.0,0.0,0.0,0.0,1.0,0.0,0.0,0.0,1.0,0.0,0.0,0.0,1.0,0.0,0.0,0.0,1.0,0.0,0.0,0.0,1.0,0.0,0.0,0.0,1.0,0.0,0.0,0.0,1.0,0.0,0.0,0.0,1.0,0.0,0.0,0.0,1.0,0.0,0.0,0.0,1.0,0.0,0.0,0.0,1.0,0.0,0.0,0.0,1.0,0.0,True
Qwen2.5-3B,Qwen,layer19,19,31,0.8857142857142857,,False,d_all,True,0.0,0.0,0.0,0.0,1.0,0.0,0.0,0.0,1.0,0.0,0.0,0.0,1.0,0.0,0.0,0.0,1.0,0.0,0.0,0.0,1.0,0.0,0.0,0.0,1.0,0.0,0.0,0.0,1.0,0.0,0.0,0.0,1.0,0.0,0.0,0.0,1.0,0.0,0.0,0.0,1.0,0.0,0.0,0.0,1.0,0.0,0.0,0.0,1.0,0.0,True
Qwen2.5-3B,Qwen,layer19,19,32,0.9142857142857143,,False,d_all,True,0.0,0.0,0.0,0.0,1.0,0.0,0.0,0.0,1.0,0.0,0.0,0.0,1.0,0.0,0.0,0.0,1.0,0.0,0.0,0.0,1.0,0.0,0.0,0.0,1.0,0.0,0.0,0.0,1.0,0.0,0.0,0.0,1.0,0.0,0.0,0.0,1.0,0.0,0.0,0.0,1.0,0.0,0.0,0.0,1.0,0.0,0.0,0.0,1.0,0.0,True
Qwen2.5-3B,Qwen,layer19,19,33,0.9428571428571428,,False,d_all,True,0.0,0.0,0.0,0.0,1.0,0.0,0.0,0.0,1.0,0.0,0.0,0.0,1.0,0.0,0.0,0.0,1.0,0.0,0.0,0.0,1.0,0.0,0.0,0.0,1.0,0.0,0.0,0.0,1.0,0.0,0.0,0.0,1.0,0.0,0.0,0.0,1.0,0.0,0.0,0.0,1.0,0.0,0.0,0.0,1.0,0.0,0.0,0.0,1.0,0.0,True
Qwen2.5-3B,Qwen,layer19,19,34,0.9714285714285714,,False,d_all,True,0.0,0.0,0.0,0.0,1.0,0.0,0.0,0.0,1.0,0.0,0.0,0.0,1.0,0.0,0.0,0.0,1.0,0.0,0.0,0.0,1.0,0.0,0.0,0.0,1.0,0.0,0.0,0.0,1.0,0.0,0.0,0.0,1.0,0.0,0.0,0.0,1.0,0.0,0.0,0.0,1.0,0.0,0.0,0.0,1.0,0.0,0.0,0.0,1.0,0.0,True
Qwen2.5-3B,Qwen,layer19,19,35,1.0,,False,d_all,True,0.0,0.0,0.0,0.0,1.0,0.0,0.0,0.0,1.0,0.0,0.0,0.0,1.0,0.0,0.0,0.0,1.0,0.0,0.0,0.0,1.0,0.0,0.0,0.0,1.0,0.0,0.0,0.0,1.0,0.0,0.0,0.0,1.0,0.0,0.0,0.0,1.0,0.0,0.0,0.0,1.0,0.0,0.0,0.0,1.0,0.0,0.0,0.0,1.0,0.0,True
Qwen2.5-3B,Qwen,layer35,35,1,0.02857142857142857,,False,d_all,False,17.97662353515625,-0.3347982222222222,-0.3612592000000001,-0.30839502222222226,2.294061650105352e-138,-3.3316830674162197,-3.5517292935047022,-3.124484310536037,2.596462607508843e-208,-0.22134901960784303,-0.25604405228758165,-0.18797372549019611,8.532845897557892e-38,-0.4155322580645162,-0.45935,-0.371890188172043,4.896948425392328e-82,-3.1382289487926824,-3.450609822265413,-2.8538830180849772,1.6198366656629805e-92,-3.081561068324579,-3.3295875619485837,-2.8491080088404743,8.806212413007608e-130,-0.2542372881355932,-0.46815927993121176,-0.08119752506265673,0.010404067634616316,-0.4344361347023281,-0.47653134977042694,-0.39009943270306313,3.078480549889537e-82,-0.43644230769230763,-0.5002429724064663,-0.3703694753458221,4.3088360990719595e-41,-0.3468309859154929,-0.5103814800456591,-0.19995495495495505,1.7398754113784258e-05,0.19418323845667318,0.14653150906599188,0.24404616065781148,1.667767131551378e-14,-0.05666788046810334,-0.29920914680235905,0.21087035554711017,0.6596500901734983,-3.3316830674162197,True
Qwen2.5-3B,Qwen,layer35,35,2,0.05714285714285714,,False,d_all,False,5.963403701782227,-0.0014399999999999968,-0.00351648888888888,0.00024231111111111767,0.13525799858252702,-0.03673846812902193,-0.14075280220798636,0.06851420577548317,0.483313086288097,-0.0005699346405227956,-0.002567581699346408,0.0012447058823529865,0.5497648007332598,-0.0032043010752689227,-0.007236693548387088,-8.481182795704422e-05,0.08066881384418462,-0.0050887070288148095,-0.14192840462129894,0.11899704083879925,0.9385068888394223,-0.05437729190887097,-0.168566133701464,0.05641888401463378,0.34839933104222187,0.0015065913370998496,-0.006207939624493791,0.008418304348536814,0.6745717838018246,-0.002661934338952898,-0.007291797806785081,0.0009267434048283285,0.21545496073365467,-0.0012179487179486692,-0.004415514588119865,0.0015646157439436752,0.4364288289713908,-0.002640845070422504,-0.013333333333333312,0.0038461538461538325,0.5524690430594648,0.002634366434746127,-0.0005590449082858717,0.006788707041956634,0.16145728383889335,0.04928858488005616,-0.04051328262604681,0.14529164796321303,0.30884625755836703,-0.03673846812902193,True
Qwen2.5-3B,Qwen,layer35,35,3,0.08571428571428572,,False,d_all,False,4.753020286560059,-0.000904888888888844,-0.0016268000000000005,-0.00025062222222217717,0.009968132522015399,-0.05647562430426545,-0.11197440716953241,-0.005644451393015366,0.04153129971265209,-0.0008261437908496649,-0.0019032679738562042,-8.352941176467411e-05,0.09434885645107807,-0.0013924731182796135,-0.0026669354838710054,-0.0002255376344086626,0.028013277449078937,-0.033870582575906916,-0.10393553548458231,0.03288658374359848,0.3393183381717759,-0.025156562952022732,-0.08353831873908389,0.03883774632808111,0.4227232239448716,-0.0037664783427495685,-0.009263773768893202,0.0,0.10876189663966228,-0.0010732243207841607,-0.0027490505172998113,0.00043035021222898756,0.1855545810745134,-0.00048076923076922906,-0.0014936791006170292,0.0002459356026703413,0.29175500382515573,-0.0035211267605633756,-0.014681269875244643,0.003585129906025439,0.43958244423379633,0.0005663293274299486,-0.0010100643052920217,0.0020173181530676707,0.45377577263368907,-0.008714019623884184,-0.04945885198048171,0.029504114702119208,0.6710154784208165,-0.05647562430426545,True
Qwen2.5-3B,Qwen,layer35,35,4,0.11428571428571428,,False,d_all,False,13.325465202331543,-0.008755555555555516,-0.013037111111111086,-0.0047889777777778645,3.066652127628345e-05,-0.44424549287655957,-0.6158825851493165,-0.28619862291886244,1.4877671265771256e-07,0.0007058823529412228,-0.0013406535947712655,0.0026149019607843043,0.46990926275165545,-0.023698924731182847,-0.03558709677419358,-0.012966935483870987,2.9388837576357176e-05,0.519548990337765,0.3265725343752049,0.709866183243747,1.9086766147196803e-07,-0.46058603171600687,-0.66516610820927,-0.26156620678401876,5.489362014880763e-06,-0.0007532956685498693,-0.008099785058366487,0.006273973867637108,0.8317256570657254,-0.012735031900959148,-0.02077205073551347,-0.004806792661385681,0.0018537688841369089,-0.0214102564102564,-0.038451422013989975,-0.008325064092428301,0.0074368363660868965,-0.004401408450704247,-0.022073820395738228,0.006758340821640093,0.5285738483504676,0.02440480708412407,0.013826522770398624,0.03564433955302565,1.625511589786229e-05,0.9801350220537719,0.776977357138773,1.1677276230060112,8.257426759887675e-23,-0.44424549287655957,True
Qwen2.5-3B,Qwen,layer35,35,5,0.14285714285714285,,False,d_all,False,7.335176467895508,-0.0032888888888888967,-0.005563244444444493,-0.001256888888888863,0.00290663231247135,-0.2711304425221175,-0.3856508731118484,-0.15454216971553983,3.712790962015202e-06,-3.660130718952104e-05,-0.0016631372549019557,0.0013752941176470633,0.9622597302986307,-0.007580645161290422,-0.013123790322580611,-0.002999731182795701,0.004436213355985285,-0.06336687260578522,-0.21103240813411672,0.07738537538091435,0.3797647166363757,-0.24405041921475412,-0.3817761129094025,-0.11094680714184653,0.0003687241754510587,-0.001129943502824804,-0.009300454897045833,0.006126671358198517,0.778472798376884,-0.005340769848311999,-0.010575254900769682,-0.0008200777590392157,0.029937579259791704,-0.0052564102564102155,-0.01081183365608548,-0.000812745465090667,0.03953338290447096,-0.0017605633802816323,-0.01736032664431899,0.008772411798727505,0.7677098539754084,0.007544043854100901,0.0029222438330170435,0.012966371494834518,0.0045326642009068585,0.1806835466089689,0.07635284986777244,0.2832508081274034,0.0006131356114453824,-0.2711304425221175,True
Qwen2.5-3B,Qwen,layer35,35,6,0.17142857142857143,,False,d_all,False,9.700029373168945,-0.011050666666666653,-0.015667644444444434,-0.00691568888888887,9.075531624214843e-07,-0.5929181886572858,-0.7468039064668762,-0.4423258041194832,2.641838158913839e-13,-0.0029437908496731113,-0.007106405228758178,0.0002720261437908793,0.13179346954318868,-0.025037634408602183,-0.03716854838709679,-0.014392204301075323,3.353219886493499e-05,-0.24950514383285372,-0.43513680747837663,-0.07416253057512914,0.006954711092635235,-0.5810270151038681,-0.7752267025745837,-0.3965686369795078,4.4524879716332355e-09,0.0,-0.008155950530950617,0.00846177944862148,1.0,-0.01605611188574807,-0.025355415237242867,-0.007774193533978695,0.00047749098660563433,-0.017628205128205066,-0.03138442716003922,-0.006762185591301371,0.007229479377957355,-0.022887323943661997,-0.060946788266362864,0.002198412698412691,0.16363619082811431,0.02209384355892907,0.010407625975121243,0.034962128399747106,0.0004165571497376434,0.3315218712710144,0.1598909807164331,0.505577152181356,0.00024305861448781075,-0.5929181886572858,True
Qwen2.5-3B,Qwen,layer35,35,7,0.2,,False,d_all,False,6.217715740203857,-0.0008799999999999919,-0.0019486222222221989,0.0002507555555556178,0.10797587301596148,-0.07557087952157815,-0.15752986529556626,0.006662843047304256,0.06551413145245988,0.0004339869281045905,-0.00016235294117645515,0.0011818300653594653,0.19566584375348395,-0.003258064516129089,-0.0059036290322580925,-0.0009510752688171619,0.007354849819088866,-0.03970914708923878,-0.14283632549868175,0.0596508749058052,0.4400339679212131,-0.130326339836067,-0.22035148795393047,-0.044236256338866214,0.0036009440226357067,0.002259887005649719,-0.002304870892018801,0.008155995167623085,0.3985542481575013,-0.0015211053365444815,-0.003936431536558138,0.0009696763557262842,0.2172608945748402,-0.0017948717948718107,-0.004275484295750445,-0.00012923285979308028,0.08533084431334424,-0.002640845070422504,-0.024700052164840895,0.012776623475776024,0.7745219107242476,0.0036920514442336794,0.001404212523719231,0.006203994834492765,0.0018646656993927993,0.09061719274682822,0.023540701572609447,0.15543358304469168,0.007340937752206436,-0.07557087952157815,True
Qwen2.5-3B,Qwen,layer35,35,8,0.22857142857142856,,False,d_all,False,6.369633197784424,-0.0002524444444443885,-0.001438933333333342,0.0008428888888888817,0.6702703643281267,0.1216652058987644,0.03349287140954623,0.21725359736607375,0.007837941827045449,0.0005437908496732646,-8.366013071892109e-05,0.001286535947712397,0.12815071940983555,-0.0018870967741936306,-0.0044790322580646165,0.00023709677419353156,0.11238283678243915,0.3572607566765482,0.23882392345534703,0.48845236867072417,3.289637134944539e-08,0.08754410740503316,-0.013667271922182029,0.19362484594349214,0.09784130418031052,0.001129943502824915,-0.004638571491250088,0.007478526907874725,0.6954906045723153,-0.0019182828410867492,-0.005121533915369176,0.0007270310333250068,0.20139982976188475,6.410256410260828e-05,-0.0011557070675278641,0.0012183269911610977,0.9129760693579019,0.004401408450704247,0.0,0.01607221934667592,0.3318304130073674,0.0024308876238668953,0.0004447944339025456,0.004914379612059993,0.032719537146120935,0.26971664927151506,0.1920214637186942,0.3589818775364873,2.9419631249383403e-10,0.1216652058987644,True
Qwen2.5-3B,Qwen,layer35,35,9,0.2571428571428571,,False,d_all,False,7.092122554779053,-0.0014062222222221976,-0.003265955555555483,0.00025257777777783197,0.1141021961246187,-0.15742040649407985,-0.2547102473357647,-0.060797924585942444,0.001345121505111881,-0.0019973856209150043,-0.004543921568627407,-0.00020379084967311623,0.07718342909346723,-0.0013924731182796135,-0.004844892473118229,0.0015915322580645319,0.4025052642900012,-0.2101018983514873,-0.3333764086439625,-0.1018762955127586,0.0005273447658903219,-0.11929740398957334,-0.22526243398493354,-0.016392898130810178,0.03319640928722459,-0.003013182674199588,-0.010279305114471182,0.002655610047636638,0.3338406794993176,-0.002171800397177459,-0.006193186559690228,0.0010837144775866553,0.23515131098406583,-0.00028846153846151523,-0.004061896755839231,0.0034390176716111204,0.878451488124065,0.0035211267605633756,0.0,0.013134548378450746,0.34505769144412723,-0.0006049125026353908,-0.004427790955091768,0.0028802619650011136,0.745108974767073,-0.09080449436191396,-0.17257091778018674,-0.014810886108015371,0.02407015686145254,-0.15742040649407985,True
Qwen2.5-3B,Qwen,layer35,35,10,0.2857142857142857,,False,d_all,False,5.607874870300293,0.0004942222222222847,-0.0003379111111111027,0.0014509777777778202,0.2756179071926568,0.07805207549166493,0.005852550586033112,0.14653045694460645,0.02972775190358002,-3.137254901952602e-05,-0.0007585620915032509,0.0006535947712418277,0.9313807045960067,0.0010645161290322447,-0.0006077956989247984,0.0029249999999999827,0.24102948255762757,0.06844353123114821,-0.023624251192630695,0.15696588060326566,0.13884824538923027,0.08981016313258339,0.0049422827528162626,0.16921479368420445,0.028914538704625525,-0.001129943502824804,-0.005853627898943214,0.003068180014837888,0.6213420299673902,0.0013943465584992376,-0.0007095330072023426,0.0037999448538057617,0.23956648877183429,0.0003205128205128194,-0.0007585876450390911,0.0016852055386504523,0.5942567498292708,0.0,-0.003998411833188659,0.004870327842888861,1.0,-0.0010958886780517707,-0.0029461200716846213,0.0005311084756483841,0.2276013468771566,-0.021366631901435174,-0.07348874112597663,0.028464186799718398,0.4157293913496657,0.07805207549166493,True
Qwen2.5-3B,Qwen,layer35,35,11,0.3142857142857143,,False,d_all,False,6.140662670135498,-0.0018079999999999208,-0.003584222222222255,-0.00042471111111113975,0.026795708714220646,-0.11500365318904793,-0.2068730876834537,-0.029154113560005242,0.010793136797206324,-0.00262483660130719,-0.004680000000000078,-0.001008235294117644,0.0058739587451147,-0.0008978494623655964,-0.0032904569892472507,0.001232392473118356,0.4355100346356362,-0.10286895398858409,-0.231806100536016,0.013183383513314462,0.10136683860095294,-0.006586297406414143,-0.11321035353893749,0.0875281744929761,0.8948991535490385,0.0,-0.007139181397825927,0.007536376418791638,1.0,-0.00330417881438283,-0.007491492165331709,-9.859066167528642e-05,0.07901517303371862,-0.0006089743589743346,-0.002918271744358622,0.001024676798666474,0.5473057228815925,-0.0008802816901408717,-0.0106956646294882,0.008206264063002141,0.843977930695625,-0.0017269871389415936,-0.004135503373392427,0.0005892415138098377,0.15829750097445605,-0.09628265658216995,-0.17644474174168473,-0.01761453069229014,0.01793039382530758,-0.11500365318904793,True
Qwen2.5-3B,Qwen,layer35,35,12,0.34285714285714286,,False,d_all,False,4.822999477386475,-0.0010293333333333266,-0.0022045333333333417,3.413333333335512e-05,0.06298682991714077,-0.08383176702459538,-0.15719489157556638,-0.022575166526431458,0.015162642980206635,-0.0012549019607842604,-0.0028201307189542613,-8.88888888889161e-05,0.07580868524006192,-0.0009139784946237128,-0.0028607526881720387,0.0007795698924730782,0.3234601039020686,-0.14065481613971187,-0.2332415723972553,-0.056907960574331805,0.0012545084866567313,-0.06324278184320864,-0.14145528534507548,0.005558752091939093,0.09860485672638807,0.00037664783427493465,-0.003527449771581331,0.004490096156762807,0.8505122550203219,-0.0017915240630413942,-0.004567243287974215,0.00043297886994363643,0.15193052842293892,-0.00019230769230771383,-0.001745628562546417,0.00138331313311949,0.8076268887172361,0.0017605633802817433,-0.004167542016806708,0.010529520147400495,0.6265195947406391,-0.0003409234661605476,-0.0023778478810879385,0.0017212112586969975,0.7518248479861114,-0.07741203429650323,-0.14183668957666365,-0.01357524115878778,0.016299050210607187,-0.08383176702459538,True
Qwen2.5-3B,Qwen,layer35,35,13,0.37142857142857144,,False,d_all,False,6.30455207824707,-0.003116444444444366,-0.004841288888888892,-0.0016957333333333631,0.0001262755137154321,-0.3103289305166421,-0.38874295655253815,-0.23195012710374102,1.720216017791451e-14,-0.0021542483660129674,-0.004462483660130706,-0.00047045751633986455,0.041196635725637094,-0.004870967741935517,-0.007597311827957029,-0.002424193548387133,0.000243206528231774,-0.2525115324028002,-0.35322934417230667,-0.15066047888458,1.5704563773685704e-06,-0.2601517957168151,-0.3470319121541179,-0.17754160498096028,4.467002561180926e-09,-0.002259887005649719,-0.009840951036803812,0.003367572117572098,0.5140007276934018,-0.005180208729454461,-0.008841638623007339,-0.0022416493660352118,0.0031037773477019443,-0.003076923076923088,-0.0069325180568751725,-0.0002326609201273841,0.08896552821971881,-0.004401408450704247,-0.01761957977134612,0.003798670465337106,0.4312006427302719,0.0027167193759225494,-0.00027100885515495275,0.005745695235083334,0.0738471032175561,0.007640263314014906,-0.054551178401800446,0.06707658376179101,0.8118124081451641,-0.3103289305166421,True
Qwen2.5-3B,Qwen,layer35,35,14,0.4,,False,d_all,False,5.19761848449707,-0.0021813333333332574,-0.004035733333333347,-0.0005847111111110804,0.013366421366711978,-0.17982603735585423,-0.275553295985802,-0.0949060797887302,9.710515170450498e-05,-0.0028653594771241853,-0.005265882352941245,-0.0008732026143791732,0.010570587623066828,-0.00273118279569895,-0.0062595430107527435,0.00016733870967740254,0.09139277066151241,-0.2839078684122054,-0.4071479760825151,-0.17240938567276687,1.8936162519407234e-06,-0.10300943905156679,-0.21091597717527896,-0.010283271585242495,0.041726098262159256,-0.003013182674199588,-0.011145677137604747,0.0034570762036680225,0.42080697063836203,-0.002045041619132104,-0.005823191250330442,0.0011959951240392169,0.25948928016957296,-0.0028525641025640702,-0.00782876015472895,0.0010022640937467203,0.20223606195530752,-0.0061619718309858795,-0.022271750805585435,0.005030689185618741,0.37728612466531997,-0.00013417668142523542,-0.003632419354838684,0.00376655861269235,0.9415221651799046,-0.1808984293606386,-0.26484698281323316,-0.09828444755547495,3.452830095618296e-05,-0.17982603735585423,True
Qwen2.5-3B,Qwen,layer35,35,15,0.42857142857142855,,False,d_all,False,3.620823860168457,-0.001672888888888835,-0.003009777777777778,-0.00039644444444452976,0.01333389143278004,-0.15151270979962428,-0.21588063759704196,-0.08505486991512914,4.348815870096998e-06,-0.0019816993464051302,-0.004408627450980332,-0.0002924183006535356,0.06814011247886033,-0.0018118279569893092,-0.003870967741935516,0.00017755376344087679,0.0774714616573521,-0.27985238293384684,-0.36420883196225956,-0.1936650605779394,2.71808270054156e-10,-0.09867601884409583,-0.17063058942854414,-0.029095614670374116,0.005078655458245717,0.0026365348399246535,-0.0015295785545934965,0.008489810668329425,0.30475474341723974,-0.0010647737355811149,-0.0034914460620019904,0.0015360138388734648,0.40165896028636305,-0.00022435897435901797,-0.001874598996346219,0.0013099219492586466,0.7774007229522941,-0.017605633802816878,-0.04166666666666663,-0.0007849331807676585,0.09343706577218448,-0.00016987138941582103,-0.0030805871811088875,0.0024331636095298254,0.901366268524232,-0.18117636408975102,-0.24285343112072666,-0.12421695270434262,4.251069808167547e-09,-0.15151270979962428,True
Qwen2.5-3B,Qwen,layer35,35,16,0.45714285714285713,,False,d_all,False,3.3634395599365234,-0.0010133333333333105,-0.0019502666666666307,-0.00017062222222220816,0.025953883923143663,-0.16631588046782486,-0.222027555202865,-0.11152302958655962,1.1860620129052773e-08,-0.0001830065359477162,-0.000737516339869354,0.00028771241830064507,0.475795367008378,-0.0017634408602150708,-0.003672446236559196,-0.00011814516129026188,0.05212734600359805,-0.17863846074424572,-0.25211516584228716,-0.1110521753742223,1.483348495143222e-06,-0.1527222402485786,-0.22072335276191646,-0.09399437001170648,1.8336614399354004e-06,0.0007532956685498693,-0.00328766203647195,0.004817307692307668,0.6867480355593192,-0.001799974648244329,-0.004034220708783201,0.0005315308333247081,0.11325709202675756,-0.0005128205128205332,-0.0021467204253884957,0.0007012346487957894,0.47732700792495475,-0.012323943661971759,-0.03304181284027298,0.0,0.14163763657423542,0.0015804343242673546,3.8374446552885695e-05,0.003375105418511523,0.0676777935462377,-0.02591622049566711,-0.07375574464331258,0.018888895094785252,0.2862257175657228,-0.16631588046782486,True
Qwen2.5-3B,Qwen,layer35,35,17,0.4857142857142857,,False,d_all,False,2.712808609008789,-0.0005937777777778042,-0.001299555555555501,0.0001014222222221777,0.1029637228995787,-0.04929195411630394,-0.09474407749146395,-0.0018214233758684262,0.04518232662143055,-0.0008209150326796699,-0.002123660130718932,5.241830065364205e-05,0.15644087874536972,-0.0006989247311828262,-0.001763575268817219,0.00032311827956993063,0.19731781719098662,-0.0668825725681117,-0.1271569384437904,-0.0006771194953628572,0.03434822554738597,-0.03303943941464427,-0.08741870902034833,0.02080023762327872,0.22094644002217778,0.0,-0.0029259031678499302,0.0033450427599829354,1.0,7.605526682730179e-05,-0.0011258202389406613,0.0014069974246487288,0.9076634437080751,-0.001153846153846172,-0.0029637244152047686,6.32884625324764e-05,0.14558415574566036,-0.0061619718309858795,-0.022222222222222254,0.0008964156314699734,0.2897359678988011,-0.00012199030149684376,-0.0016855539742779784,0.0012059693232131096,0.8678658739283516,-0.03384313315346743,-0.06959204843880218,0.002840057166469713,0.0797605039329591,-0.04929195411630394,True
Qwen2.5-3B,Qwen,layer35,35,18,0.5142857142857142,,False,d_all,False,3.5387916564941406,-0.0007964444444443775,-0.0018188888888888588,0.00012453333333337083,0.11633887857460007,-0.1520495787760865,-0.21904842658719664,-0.0899340068446958,4.384801803855772e-06,-0.00047058823529411153,-0.0012707189542483816,0.00024091503267973898,0.20269367983396103,-0.0011505376344086438,-0.0034689516129031814,0.0007971774193548456,0.2986489332564738,-0.15341870839904104,-0.23862604564341489,-0.0749052615809001,0.00034800464132040304,-0.10849685523994701,-0.17961396428266538,-0.0406290998834073,0.002902380806571897,-0.0018832391713747842,-0.007602639715987247,0.002474687211927759,0.43635554069182925,-0.001115477246799279,-0.0030983441285465595,0.000805872104506421,0.2694690320860088,0.0,-0.0015341196184871758,0.0014281839566684577,1.0,-0.007042253521126751,-0.028521772345301795,0.002987370838117135,0.4206729531003548,0.0006799493991145322,-0.0012370171832173204,0.0030583259540376048,0.537727004403023,-0.04492185315909403,-0.10885913867268739,0.015559441824801757,0.14354893999091697,-0.1520495787760865,True
Qwen2.5-3B,Qwen,layer35,35,19,0.5428571428571428,,False,d_all,False,4.111196517944336,-0.000552888888888825,-0.0015968444444444008,0.0005640444444444276,0.3310941000387949,-0.06159466826512228,-0.12481615207684213,-0.005521680965981319,0.04118931812267359,-0.00031895424836592134,-0.0011190849673203024,0.00044457516339871926,0.4202040537557765,-0.0014569892473118573,-0.003661290322580668,0.0006291666666666944,0.1819688075319128,0.1158748781991692,0.03614982120183312,0.192633292637527,0.0029950002763096217,0.009252768168443115,-0.059612070106772254,0.07372614503675902,0.791868733564427,-0.0015065913370998496,-0.0078064992411033315,0.0022630366739502723,0.5356427420396709,-0.0016901170406050658,-0.0037002164069313307,0.0002859934794939675,0.09917451815605428,0.0016025641025640969,-0.00027642876284055814,0.005057152151478467,0.28343232077147984,0.0008802816901408717,-0.0043270181375717805,0.007522888527336318,0.7557314945332436,0.001138034998945936,-0.0008237571157494516,0.0032000922411976464,0.272486269284827,0.10662211003072608,0.05283988048802353,0.1596925701529379,0.00013761181723532097,-0.06159466826512228,True
Qwen2.5-3B,Qwen,layer35,35,20,0.5714285714285714,,False,d_all,False,4.5075578689575195,-0.0004195555555555064,-0.001402888888888884,0.0004675555555555544,0.38361648207147825,-0.08995562342603414,-0.15940705875890446,-0.02579208516901655,0.007832814749055303,-0.0005908496732025537,-0.0013023529411764073,-2.0915032679758028e-05,0.066068465806648,-0.0004139784946236569,-0.0024893817204301285,0.00133373655913975,0.6695809370568409,-0.04901819513422012,-0.13855974161184642,0.03900805473927401,0.2730507413710547,-0.013745963750649182,-0.08723820853645042,0.05942473647452751,0.7212242311363327,0.0007532956685498693,-0.0018443349628916637,0.004282504695359788,0.6361369163463555,-0.0009380149575357599,-0.003100414517396033,0.0009018904968312255,0.3600278595408485,0.00019230769230771383,-0.001047058355081068,0.001825003874264791,0.7951177256412525,-0.007922535211267623,-0.033346354166666654,0.005466449783722877,0.4548853162385137,-0.00017687117857889678,-0.0019133196289268656,0.0018024910394265098,0.8485984944002971,-0.03527223138357094,-0.09505691797977162,0.025028082287708427,0.26251198336425374,-0.08995562342603414,True
Qwen2.5-3B,Qwen,layer35,35,21,0.6,,False,d_all,False,1.9364113807678223,-0.00047288888888885605,-0.0010312888888888733,7.293333333334425e-05,0.08610859376568152,-0.0322547716509356,-0.07101763559064782,0.004540646087940609,0.09780562099876902,-0.0005751633986927907,-0.0011924183006535942,-9.92156862744399e-05,0.044622178834627546,-0.0003870967741935738,-0.0015698924731182284,0.0006345430107526222,0.473906114095449,-0.04601138800049842,-0.09559240049611388,-0.0007708210814516673,0.05437259721399483,0.018334290200010095,-0.026142866880379357,0.0585964664202992,0.4042081654336631,-0.00037664783427493465,-0.003425838450637708,0.0029196793002915296,0.8154857111002694,-0.00068449740144505,-0.0018930818396390215,0.0005549596500479591,0.2691322567234298,3.205128205130414e-05,-0.0006859290742380758,0.0008994876208797741,0.9347700211993906,0.0,-0.004082050853128183,0.003848039215686259,1.0,-0.00018806662449921685,-0.0013003621125868975,0.000977535315201322,0.7418549624860045,-0.06434567820050852,-0.09626062539409518,-0.030064529415111136,0.00015241623402371615,-0.0322547716509356,True
Qwen2.5-3B,Qwen,layer35,35,22,0.6285714285714286,,False,d_all,False,3.093132495880127,-0.00011555555555553543,-0.0008694666666667211,0.0005849777777777453,0.7606637717585305,-0.13033189100926768,-0.18647318220658454,-0.07898083950205846,4.5410198585210685e-06,0.000867973856209181,-0.00016810457516344132,0.0021707189542483317,0.17191524468460007,-0.0008440860215054302,-0.001989381720430075,0.0002153225806451856,0.14306589452408103,-0.17977448950514496,-0.2615586220593174,-0.10689695161889641,8.370867469159342e-06,-0.1675386473652516,-0.230669158748614,-0.11312700407336242,2.185026709109834e-08,0.0015065913370998496,-0.004077982827117709,0.007499486461850539,0.5888890331728325,-0.0010225208095659966,-0.002401190929609756,0.0002461279387044711,0.13283607341820525,-0.00028846153846151523,-0.0015010060216712861,0.0008006302604798173,0.6197302034157925,-0.0017605633802816323,-0.01388888888888884,0.007616347362848305,0.7323558972063098,0.0017120598777146112,0.0003378209993674164,0.003355717372970762,0.03025972224722075,-0.012235842139893371,-0.06882088531159178,0.0439101232431975,0.6773911786199232,-0.13033189100926768,True
Qwen2.5-3B,Qwen,layer35,35,23,0.6571428571428571,,False,d_all,False,2.9683008193969727,-0.001336888888888832,-0.00218315555555558,-0.0005528444444443837,0.0010886639246065783,-0.1570666897472175,-0.2045778134957139,-0.10792201139903015,2.531515198674434e-10,-0.0010196078431371491,-0.0019347712418300883,-0.00031372549019603735,0.015512718275317042,-0.001376344086021608,-0.0027958333333333446,-0.00013373655913977495,0.03698540270118038,-0.2516334907950739,-0.31628018655320206,-0.19201574049425274,9.045051645485839e-15,-0.13325320280528707,-0.18886263823405958,-0.07981946788319083,1.008888127670067e-06,-0.00037664783427493465,-0.006757901969766311,0.005102911471755888,0.896903571165554,-0.002357713271644024,-0.004213236545585955,-0.0007863346767301051,0.006958887736360768,0.0004166666666667318,-0.0006917292786267071,0.0019080084342465245,0.5271650164826254,-0.010563380281690127,-0.026611237715425166,0.0,0.1177546807127703,0.00035673624288445893,-0.0010198856209150619,0.0016679712207463915,0.5980021573806713,-0.11838028798978684,-0.16102689659770864,-0.07745672837340167,6.564909797720254e-08,-0.1570666897472175,True
Qwen2.5-3B,Qwen,layer35,35,24,0.6857142857142857,,False,d_all,False,4.624904155731201,-0.0024871111111111066,-0.004091066666666687,-0.0011500444444443871,0.0009403849367675647,-0.41045087028115024,-0.4970715718283008,-0.3334047029401588,2.2050733835377907e-22,-0.0021124183006535624,-0.004402614379084957,-0.0005436601307189066,0.03584823611745073,-0.002284946236559171,-0.0047154569892473965,-3.212365591397383e-05,0.058814752734698834,-0.5820037168697061,-0.6927026385170675,-0.4867854583471035,1.45846972135827e-27,-0.39998753354312555,-0.49663860585124786,-0.31265825346657683,1.8753663279724466e-17,0.0026365348399246535,-0.0022859088360169533,0.00881488290164086,0.3429402628582342,-0.0034985422740524408,-0.006566657289403435,-0.0009115824386837863,0.013501700913700364,-0.001858974358974308,-0.004829728457095561,0.000650837963061268,0.1902013637248442,-0.005281690140845008,-0.02283998411753033,0.00490610095389505,0.45085839528410987,0.00017252793590560866,-0.0027714937803078516,0.002735735821210189,0.9028423562179105,-0.18201618332658054,-0.2646283570671274,-0.1060754658095659,5.795350612898922e-06,-0.41045087028115024,True
Qwen2.5-3B,Qwen,layer35,35,25,0.7142857142857143,,False,d_all,False,4.520881652832031,-0.0032231111111110655,-0.0050224000000000405,-0.0014291999999999502,0.000648674826027772,-0.35567476627279726,-0.4423356336732124,-0.270528155104956,2.379089269129289e-15,-0.0040000000000000036,-0.007703267973856218,-0.0011490196078431003,0.014941101484478622,-0.0024193548387096975,-0.005023252688172005,-6.424731182794488e-05,0.05983795598889656,-0.4709831881380131,-0.5911156002541755,-0.357288902372705,8.953052663659028e-16,-0.2399904350436266,-0.3441726909725088,-0.14097023084977722,3.1289364398546088e-06,0.001129943502824915,-0.004931696665134732,0.008448818716675851,0.7247795582696391,-0.0017746228926353025,-0.0046916498944891,0.0011618434620423966,0.23364709725248234,-0.003717948717948727,-0.00719098518085976,-0.0010980679900280624,0.020954325843782838,-0.007922535211267623,-0.027542270531400955,0.004945808029689625,0.33901219306644403,-0.001580645161290306,-0.005708390786422063,0.002083982184271543,0.41394475213597426,-0.2309927530943865,-0.3035118458363152,-0.15489170783280135,1.9900302391554828e-09,-0.35567476627279726,True
Qwen2.5-3B,Qwen,layer35,35,26,0.7428571428571429,,False,d_all,False,1.9015741348266602,-0.00011377777777776821,-0.0004871999999999932,0.00023644444444448354,0.530104315252981,-0.05540763393056958,-0.08931929460491712,-0.02271756655677636,0.0009806497400105618,-0.00012026143790844213,-0.000726928104575228,0.00031895424836603237,0.664370182735199,-0.00013978494623656523,-0.0008387096774192832,0.0005377688172043675,0.6858405386510538,-0.022750063559778155,-0.06672923919183131,0.02016234272244841,0.29881562032183895,-0.04733326757920642,-0.0813138334778318,-0.014773573688567646,0.007948885265290253,0.0007532956685498693,-0.0035942760942760882,0.0050972632883604626,0.7219063722822625,-0.0002535175560907099,-0.0010353438161011003,0.0004929383169310853,0.5104246384026252,-0.00012820512820510555,-0.0009442795446879564,0.0005350162481462659,0.7403210107902353,-0.002640845070422504,-0.009876812567132173,0.0,0.3644855373468484,1.9523508328123107e-05,-0.000942613324899802,0.000822295488087731,0.9645560044524539,0.024583204019428262,-0.005421975729851147,0.05283690317016576,0.11322005926173619,-0.05540763393056958,True
Qwen2.5-3B,Qwen,layer35,35,27,0.7714285714285715,,False,d_all,False,3.951234817504883,-0.0010275555555555593,-0.0018332444444444402,-0.00024524444444443133,0.01181357424016694,-0.1644338782637016,-0.22631355707450096,-0.10933240285764537,4.869389644600833e-08,-0.0007215686274508748,-0.0014903267973856188,-8.888888888891333e-05,0.04693479469481328,-0.0008064516129032695,-0.0022797043010752806,0.0005548387096774261,0.2726240049807397,-0.27809868548910055,-0.3598319761588889,-0.205308979420988,6.6622747958552185e-12,-0.14467518820206537,-0.21445269017316046,-0.08438731007010049,8.241489738373391e-06,0.0,-0.006503991783901075,0.005691696979222846,1.0,-0.0004901339417754391,-0.002173030229315012,0.001099571644597866,0.5556579896524176,-0.0008012820512820484,-0.0025166400042166194,0.0005195636784155771,0.30217184710041567,-0.011443661971830998,-0.03194600634371395,0.0,0.15085035694835766,8.48829854523947e-05,-0.0013581583386043177,0.0016014753320683327,0.9079512163884267,-0.13342349728703518,-0.18498535909766647,-0.08373151985895945,1.4862403111975963e-07,-0.1644338782637016,True
Qwen2.5-3B,Qwen,layer35,35,28,0.8,,False,d_all,False,4.4832916259765625,-0.0006684444444443605,-0.001445688888888963,7.47555555555556e-05,0.0979074578029612,-0.06984010652858164,-0.11556134861543856,-0.02133232679757226,0.004342241316604669,2.0915032679758028e-05,-0.0007895424836601439,0.000831503267973907,0.9590907158351145,-0.000908602150537674,-0.002172043010752689,0.0003228494623656289,0.1565737986558385,-0.06515595092937243,-0.13166222115076284,-0.0020984142452368025,0.045313570465920924,-0.06433342235308981,-0.11514114654361143,-0.010205535342387021,0.016880339208142116,-0.00037664783427493465,-0.005818863922061606,0.0044487950469738295,0.8789059514139895,-0.0013858959732960807,-0.003351534520715482,0.0003721707458778505,0.13739486402320505,-0.0006089743589743346,-0.0019189963066964188,0.0004004229029632987,0.29292612245899785,-0.0035211267605633756,-0.013687876381443934,0.002041555752735901,0.3745476180395917,0.000929517183217432,-0.0002963277461522917,0.0022692799915666026,0.15083692068460994,-0.0008225285762826218,-0.04520656199943154,0.04381125223179609,0.9717434884781428,-0.06984010652858164,True
Qwen2.5-3B,Qwen,layer35,35,29,0.8285714285714286,,False,d_all,False,2.5180282592773438,-0.0002648888888888701,-0.0007217777777778212,0.0001886222222222121,0.2685989087401507,-0.03969222805381989,-0.07045842833036811,-0.008970747932425752,0.010549067941751214,-0.0001830065359477162,-0.0005020915032679957,8.915032679741007e-05,0.2153632711508443,-0.00014516129032260405,-0.0010645161290322447,0.0007797043010753345,0.7659596204824927,-0.1247789673369546,-0.16647658425562584,-0.08389706139347487,4.5662792927766145e-09,-0.03954137109494793,-0.07358885327453087,-0.005328286677996634,0.024614337280571677,0.001129943502824915,0.0,0.0038267749628587253,0.2837633049372853,-0.0007182997422571225,-0.0017647706865001084,0.00016724404970024076,0.14909076386662115,3.205128205130414e-05,-0.0014189464403563418,0.0014751450854756623,0.9650437426607348,-0.002640845070422504,-0.010719652615144489,0.0,0.36343138913966755,-3.7845245625112156e-05,-0.000918995361585423,0.0008447585916085602,0.9356659910851064,-0.08523759624200666,-0.11232742393331083,-0.0585399838454004,9.407908323251063e-10,-0.03969222805381989,True
Qwen2.5-3B,Qwen,layer35,35,30,0.8571428571428571,,False,d_all,False,2.4365291595458984,-0.00011555555555553543,-0.000894355555555465,0.0006901333333333451,0.7719626926013969,0.0290969724028054,-0.014611831818012544,0.07786526957227985,0.21245389782444835,-0.0006901960784313488,-0.002024705882352884,0.0003450980392156744,0.2658068528993397,0.00027419354838709165,-0.0008172043010752361,0.001478897849462354,0.6384976142399521,0.0025136375470999894,-0.05533759812902832,0.06417415093623968,0.9331852931132747,0.045492775097991434,-0.0006958895588265345,0.09549225446661296,0.0628073820868914,0.0018832391713747842,0.0,0.005893251205751253,0.2293360894591937,5.070351121816419e-05,-0.0011508241250636653,0.0012623959423550405,0.9324422042902151,0.0004166666666667318,-0.0008496008019360929,0.002063032061510447,0.5869662806330509,-0.0008802816901408717,-0.005480333400483567,0.0,0.6123798317674201,-0.0009643896268184404,-0.00243102150537636,0.0003595535526038329,0.19475683269631305,-0.042979137550891444,-0.0807415056457416,-0.0040437760626622155,0.026888848487847977,0.0290969724028054,True
Qwen2.5-3B,Qwen,layer35,35,31,0.8857142857142857,,False,d_all,False,5.8160223960876465,-0.003900444444444373,-0.005854666666666758,-0.002246977777777756,5.1964615211402003e-05,-0.34335584024070576,-0.41078297125925267,-0.27234972052900336,7.457147933331871e-22,-0.0029176470588234693,-0.005736470588235357,-0.0007790849673202649,0.02328386257903814,-0.005747311827957069,-0.00882822580645162,-0.0031770161290321677,0.0001066830832656703,-0.41838083394578485,-0.5083349534889549,-0.33281943884678894,1.0168737085248455e-19,-0.33159424058680464,-0.4078226724968981,-0.2554957721937199,7.624626624777864e-17,-0.00037664783427493465,-0.008023648648648579,0.006690085519965876,0.9165594280395548,-0.004191490260700537,-0.0068537672513431565,-0.0015691277331008058,0.0017360372171753428,-0.004102564102564044,-0.008105115360595296,-0.001046966008935388,0.025667660484682144,-0.021126760563380254,-0.05321486082355645,0.0,0.11620685725493891,0.0028296647691335997,-0.0003901691967109183,0.006338719692177904,0.09949575772492501,-0.0867865933589802,-0.14475999908780532,-0.028324604856165003,0.0035409422758890595,-0.34335584024070576,True
Qwen2.5-3B,Qwen,layer35,35,32,0.9142857142857143,,False,d_all,False,6.09407901763916,-0.0014346666666665842,-0.002406266666666704,-0.0005954666666666803,0.0029520301382740008,-0.17974960173052557,-0.2422957977039578,-0.11706621260719975,3.137584543826441e-08,-0.0005437908496731536,-0.0014696732026143605,0.00022535947712422295,0.20351047792442245,-0.0024408602150538528,-0.004290860215053813,-0.0007741935483871476,0.008332601498400056,-0.26558624545694665,-0.3577189095380105,-0.17952103811918252,2.9604744751170254e-09,-0.18739606184440927,-0.25698471202223905,-0.11489803076613919,2.2156413689615543e-07,0.002259887005649719,-0.003521565439146507,0.00902874568051928,0.46100599722825353,-0.0029492542358557916,-0.0049965407119557294,-0.001244457473394095,0.0029665465011543286,-3.205128205130414e-05,-0.0015361246856061717,0.00147332858325771,0.9638749513419012,-0.005281690140845008,-0.01710884025614882,0.002052895874617266,0.2889796641527901,0.0018970693653806991,0.0002443126713050637,0.003904371178578922,0.04342516311232828,-0.07819018361253738,-0.1386522059029986,-0.02377913894048294,0.005556252676896383,-0.17974960173052557,True
Qwen2.5-3B,Qwen,layer35,35,33,0.9428571428571428,,False,d_all,False,4.422712326049805,-0.0020462222222221715,-0.0033689777777778625,-0.0009030222222221885,0.0009496717545379921,-0.2112019504997642,-0.2747110676879082,-0.15477691032492144,8.870184822070824e-11,-0.00086797385620907,-0.002123660130718932,0.00038692810457519045,0.16507532784014844,-0.0034193548387096984,-0.0060809139784945565,-0.0012041666666666618,0.005015960966397026,-0.32889102548124827,-0.41711803543863785,-0.2519787972859829,1.5793330709610634e-14,-0.2212394765484711,-0.2932493974984029,-0.15535929761465156,1.0150553402513125e-09,-0.004896421845574372,-0.02028415401703074,0.006131941148552397,0.47824330481364763,-0.002239405078801715,-0.0048813047560437445,7.817250280467018e-05,0.08059054882699365,-0.0015064102564102955,-0.0034310337614543744,-0.00023123316536573238,0.06989611785671344,-0.014964788732394374,-0.0469332298136646,0.0,0.2461677689095051,0.0025513809825006284,0.00019830276196507459,0.0053325864431794925,0.05075598660797543,-0.10765154893277717,-0.168590927376475,-0.04725963821991189,0.00035725705774926575,-0.2112019504997642,True
Qwen2.5-3B,Qwen,layer35,35,34,0.9714285714285714,,False,d_all,False,8.204638481140137,-0.0025813333333333244,-0.004624266666666629,-0.0005794666666666671,0.01041784135297294,-0.4498566874913612,-0.572749158275172,-0.3367636708070864,1.3945163576824383e-13,0.0007529411764706229,-0.0006275816993463246,0.0023742483660130595,0.33953414407651283,-0.004467741935483938,-0.00824301075268818,-0.0011495967741935907,0.014880838682287104,-0.5475145867332407,-0.716048667084855,-0.3897273023974803,2.3527640855513464e-11,-0.4687784958285284,-0.602321714169175,-0.34452714027143166,1.3108625624870103e-12,-0.006026365348399287,-0.03133583589276915,0.010846153819632585,0.5727926883973848,-0.003295728229179895,-0.00722883354096609,0.0010770323979523069,0.11930293194623086,-0.0035576923076923173,-0.007671585783396095,-0.00012768911018863776,0.07051252547307306,-0.022007042253521125,-0.05373511904761908,-0.001570877111154695,0.09181924284018868,0.0052206831119545605,0.0018656520134936155,0.00901817204301081,0.004724564165604872,-0.07873609090471234,-0.19705382158092064,0.0388072586597568,0.18840355562679267,-0.4498566874913612,True
Qwen2.5-3B,Qwen,layer35,35,35,1.0,,False,d_all,False,1.8547801971435547,-0.0001866666666666683,-0.0004996000000000306,8.893333333336025e-05,0.2195631621097509,-0.03405885540466169,-0.05909082897385546,-0.008382425391105784,0.008853899568937038,-0.0001830065359477162,-0.0006535947712418277,0.0001830065359477162,0.39166399086638926,-0.00026881720430116385,-0.0008443548387097293,0.00023682795698934088,0.33493991646664434,-0.04401128181582781,-0.08056617592319504,-0.009893256497979881,0.014630535645780575,-0.06495639363436423,-0.09466143278004949,-0.03674083079293081,1.060366385853996e-05,0.001129943502824915,0.0,0.0045367005249589126,0.4195707277795243,-0.00043097984535422906,-0.0011143796652718114,0.00012363269526892426,0.18944930694339912,-3.205128205130414e-05,-0.0007908646829059257,0.0006449360454317068,0.9254878777957796,0.0,0.0,0.0,1.0,8.581066835344764e-05,-0.0006185547122074004,0.0007080750579800868,0.7941013471914224,0.02094511181853642,-0.002397042604145627,0.045405449937789166,0.08664762027456112,-0.03405885540466169,True
Qwen2.5-3B,Qwen,behavior,36,1,0.02857142857142857,0.00045478434185497463,False,d_all,False,6.4375,-0.4408293333333333,-0.47124380000000005,-0.4138998888888889,4.1899278841290896e-189,-3.7740438941621774,-4.026882631703859,-3.556589358821721,1.2038306308693314e-216,-0.3219267973856209,-0.3633943790849673,-0.2827085620915033,6.644735299933652e-58,-0.5207903225806452,-0.5623893817204301,-0.4780069220430107,2.944415589726197e-132,-3.6094711217810733,-3.9523148098932346,-3.337068203140975,1.1281561659921486e-121,-3.560153775779279,-3.8512333691843383,-3.3069732321160674,7.837192155180821e-149,-0.455743879472693,-0.6654046570713236,-0.2360561933106577,3.4817507905983604e-05,-0.5263151223222209,-0.571159806754111,-0.48510168614850546,2.3512492367975363e-122,-0.507900641025641,-0.5678565140203774,-0.44217113767338206,7.631512617647892e-56,-0.6205985915492958,-0.7748641497481537,-0.45942556042884986,6.928295252960251e-15,0.19886352519502426,0.15080370519713265,0.24824933744465533,1.4445776724175803e-15,-0.04931734600179416,-0.3287313941230184,0.22051424265774183,0.7234669968734567,-3.7740438941621774,True
Qwen2.5-3B,Qwen,behavior,36,2,0.05714285714285714,1.0007357597351074,False,d_all,False,2.625,-0.0029004444444444832,-0.0056948888888889325,-0.00019513333333339195,0.041627947557822,-0.10095683257092691,-0.2216885265339312,0.023190687750305836,0.10838479538313249,-0.0025542483660130344,-0.006294313725490252,0.00011797385620917725,0.11437264725551773,-0.003279569892473133,-0.007610215053763469,0.0004547043010753423,0.10195813513167983,-0.1516014440550304,-0.2910595447121908,-0.001956746310696114,0.0345631193555399,-0.07270727686709533,-0.20243222158070803,0.054816817877279475,0.2649566795455617,-0.002071563088512196,-0.007990867579908634,0.0008564596126595045,0.37666691198742375,-0.0014196983141082642,-0.004937454026181287,0.0019234184051081888,0.4078900903831649,-0.0022115384615384315,-0.008289884838355641,0.0023119296997402192,0.4276810410499895,-0.008362676056338003,-0.02992294986133014,0.005714449166394206,0.38209642221763285,0.0007253215264600987,-0.003920499420198229,0.005095018184693241,0.7499125260166362,-0.07889416718793507,-0.18208499108656334,0.018530269706185112,0.1235908478145079,-0.10095683257092691,True
Qwen2.5-3B,Qwen,behavior,36,3,0.08571428571428572,1.000264048576355,False,d_all,False,2.375,-0.0014933333333333465,-0.0032414888888888495,0.00013815555555557157,0.0808746515777835,-0.2684495254038546,-0.37465972238929895,-0.16775646197577934,2.541358199429734e-07,-0.002541176470588269,-0.004685424836601337,-0.0008993464052288152,0.008190206487882084,-0.0018978494623655973,-0.005847580645161302,0.001135685483870956,0.29349340678973823,-0.5374315971101575,-0.6625524749152834,-0.4284437989501039,9.660832998179568e-20,-0.28386518752859713,-0.4082135032322531,-0.1731917918935402,7.339235582314236e-07,-0.0013182674199623268,-0.004984219269102969,0.0,0.3588785790388217,-0.0014408247771158234,-0.005169566790137361,0.0020187063226833166,0.43091971434075804,-0.00187499999999996,-0.0049692105525207895,0.0007859382652228655,0.20187139212923022,-0.007922535211267512,-0.027060595806244602,0.0,0.2928899232846409,-0.0006433270082226716,-0.004115309403331249,0.003345579538266985,0.7367832946263392,-0.2535664095815604,-0.3488270565509919,-0.16876313739760576,1.793846357450159e-08,-0.2684495254038546,True
Qwen2.5-3B,Qwen,behavior,36,4,0.11428571428571428,1.0001146793365479,False,d_all,False,6.375,-0.025301333333333287,-0.032401133333333255,-0.018365266666666602,1.3746101779226961e-12,-1.0220230517248394,-1.209947502341665,-0.8282551706698306,2.8072620414918928e-25,-0.011827450980392173,-0.0191067320261437,-0.0057949019607842975,0.0008226786662172697,-0.0424811827956989,-0.05790987903225803,-0.028194825268817253,4.3337773942828904e-08,-0.6527589465652253,-0.9035970709660462,-0.4294064858332283,9.297165464414368e-08,-0.8411008646349769,-1.05847829153715,-0.6235086339114151,1.3372725492578535e-13,-0.006403013182674222,-0.01598063312168595,-0.000449020417505631,0.11725386549049936,-0.026936240334643147,-0.03834164272631767,-0.016119629133984043,2.1365225895285285e-06,-0.037804487179487145,-0.06153284639069431,-0.019102412145924678,0.0004146125259988325,-0.029929577464788637,-0.07045094936708869,-0.0011493135560676684,0.09949284688944995,0.03065373181530673,0.015358547596457956,0.04703303236348298,0.00016995301526710152,0.18834191806975165,-0.05458148613435075,0.4164968955546689,0.11168168858570102,-1.0220230517248394,True
Qwen2.5-3B,Qwen,behavior,36,5,0.14285714285714285,1.0023521184921265,False,d_all,False,4.625,-0.0035048888888888907,-0.005615377777777794,-0.0014460000000000141,0.0010614479771152412,-0.28184857008756703,-0.40900119021366305,-0.15291328444314375,1.9022581078754966e-05,-0.0026274509803921875,-0.004996601307189502,-0.0007674509803921519,0.01712814373896446,-0.006400537634408621,-0.011409341397849566,-0.001843951612903172,0.00932746508105526,-0.35376534575248053,-0.5162372911886038,-0.20542338071312916,1.2111238360335126e-05,-0.2756367081112048,-0.4274502591433416,-0.13039164947029952,0.00019336784889207367,-0.0005649717514124575,-0.0022491973698776702,0.0,0.3758156216923504,-0.0046985253728820675,-0.008994934657921339,-0.0010899049348291406,0.019738883686422442,-0.004214743589743497,-0.009821166888295976,0.0004666559857887553,0.10897170628283209,-0.0061619718309858795,-0.023349610517693856,0.005362477752351933,0.40201272675205135,0.003773086654016433,-0.001115001317731426,0.008934406230234147,0.13814473552453252,-0.07812863764127576,-0.20285035883045707,0.046431296177051815,0.22277672875928156,-0.28184857008756703,True
Qwen2.5-3B,Qwen,behavior,36,6,0.17142857142857143,1.0009270906448364,False,d_all,False,5.5,-0.00842133333333328,-0.012454733333333318,-0.0045694444444444515,3.65892876843226e-05,-0.4399762849639526,-0.596640219280104,-0.2744596345211448,1.4789611348431904e-07,-0.0002928104575162793,-0.0013911111111110735,0.0007220261437908544,0.5851448469709637,-0.01782795698924733,-0.028316330645161272,-0.008033534946236513,0.0006568529058714539,0.30151217772943095,0.12191109315550804,0.4889144576386482,0.0015288000649902884,-0.2782096053085681,-0.4730359639329403,-0.07351459762697284,0.006453188333749146,-0.0005649717514124575,-0.0025928716876993047,0.0,0.4402529715753669,-0.009468880719989858,-0.016040210281521063,-0.0035128532063080126,0.0030195836339945528,-0.02051282051282044,-0.035249432455871844,-0.009184341559471267,0.001505272260377587,0.001320422535211363,-0.0016749895070207103,0.008083705911574812,0.606037448653878,0.01753514653173105,0.007797325532363464,0.027945948239510958,0.0007520741560222232,0.579721783037999,0.37529959288702497,0.7763794841420151,6.841512487845433e-09,-0.4399762849639526,True
Qwen2.5-3B,Qwen,behavior,36,7,0.2,1.0011085271835327,False,d_all,False,3.25,-0.00225955555555557,-0.004056244444444501,-0.0005301555555555675,0.013683019309954894,-0.10353236415267597,-0.2159697636747762,0.004936629800616315,0.07038992581352699,-0.0033333333333332993,-0.0059377124183006,-0.0008783006535948103,0.013567206018155337,-0.002142473118279531,-0.004871236559139708,0.0004953629032258426,0.10686774422848799,-0.07577828524391972,-0.21686957220369846,0.06579672958174786,0.2949640945202936,-0.0032270938415419614,-0.11547305758504547,0.1053790299590618,0.9564669729087263,-0.0026365348399246535,-0.007235268536638334,0.0,0.19676800424980745,-0.00179997464824444,-0.004800488116365376,0.001006646813339195,0.22146514540328155,-0.0014743589743588803,-0.004950964304220396,0.001436162279066241,0.36147706137721725,-0.0004401408450703803,-0.0064468917585929295,0.003767013353877798,0.8521777195962378,-0.0011908602150537684,-0.0050140488614801,0.0023517425679950073,0.5123757609459851,-0.07255119140237776,-0.18759168994766978,0.04502386959593888,0.2344196693819971,-0.10353236415267597,True
Qwen2.5-3B,Qwen,behavior,36,8,0.22857142857142856,0.9996945261955261,False,d_all,False,3.625,-0.0016079999999999428,-0.00309613333333332,-0.00013859999999995547,0.03264884054987794,0.07488476082520101,-0.0502781276819523,0.20669017739968226,0.25668921999879823,-0.0005254901960783931,-0.0018487581699345584,0.0005752941176470404,0.4058682437563471,-0.0025994623655913873,-0.006176008064516086,0.0004949596774192846,0.12361872728149127,0.43752040813730986,0.26230158470076165,0.6246874464504252,4.1787807287821215e-06,0.28038965147614636,0.13307522191877302,0.45396415546128227,0.00046489465926088784,-0.0001883239171374118,-0.0016949152542372614,0.0008563114908440193,0.763556998347382,-0.0017154687962142035,-0.004435093015348018,0.0009971355667928608,0.219224418985414,0.0005448717948718373,-0.0022794163944654137,0.003320192551526254,0.695631506300565,-0.0017605633802816323,-0.011806859354413663,0.006577227260640004,0.6943700013768497,0.0020739721695129942,-0.001226587339236698,0.005566583913135154,0.2316469395039068,0.1571307566611635,-0.01674104568846273,0.33342740298654666,0.07782687120989384,0.07488476082520101,True
Qwen2.5-3B,Qwen,behavior,36,9,0.2571428571428571,1.0006169080734253,False,d_all,False,2.875,-0.0005404444444444545,-0.0025531111111111587,0.0015571777777778038,0.6024333936673589,-0.27976710759429313,-0.3761230149070782,-0.17926479054348093,2.8296731307129397e-08,-0.0001751633986928347,-0.0008632679738561799,0.0004654901960784773,0.6146984906748372,-0.0027983870967741575,-0.007277284946236623,0.0016057795698924784,0.23373830458450673,-0.20624817572106124,-0.3048034896670977,-0.1014316362727739,0.0001233164905161202,-0.2808746503329904,-0.38280280366807706,-0.17583696486668496,2.0056249341177753e-07,0.0,-0.0017244362247941236,0.00195694716242667,1.0,-0.0011619554654159758,-0.005005361003972311,0.0025395531461997736,0.5348828638433246,-0.00014423076923075762,-0.004726010432147362,0.0038876746055673036,0.9449893696291258,-0.027728873239436513,-0.0602106665837066,-0.0035818230277185645,0.06327317919488618,0.002623223698081323,-0.0017205165507062914,0.007094546700400564,0.25839824691825464,0.07462647461192917,-0.0148119766753394,0.15762384092307904,0.09801051927663164,-0.27976710759429313,True
Qwen2.5-3B,Qwen,behavior,36,10,0.2857142857142857,0.9997564554214478,False,d_all,False,2.625,0.00021244444444445953,-0.0008420888888888311,0.0013087777777777778,0.7032227908749515,-0.09976288210393758,-0.17907569975537369,-0.02693229514934511,0.012676970851602925,0.0002745098039216298,-0.0007294771241829923,0.0017124183006536065,0.6582676337758702,-0.0006693548387096682,-0.0026213709677418845,0.0015862231182795698,0.5288558373766827,-0.001071923686598808,-0.09885821242378887,0.08871189358674879,0.9826079758974137,-0.04658401769603149,-0.13782559016210147,0.041580934489796315,0.3074160664080676,-0.0001883239171374118,-0.0011153921480008043,0.0,0.5912915429558123,-1.6901170406091737e-05,-0.002093281251870599,0.0019703192763970007,0.98715846804337,-0.0012339743589743213,-0.003305531385791205,0.0006330804684125052,0.21139445424690884,0.001320422535211363,0.0,0.007105875329380739,0.5079562924788816,0.000943864642631298,-0.0014272443601095809,0.0031987905861268844,0.4224711754096844,0.04551209400943268,-0.01926962206560907,0.11132650659241058,0.16590972505294355,-0.09976288210393758,True
Qwen2.5-3B,Qwen,behavior,36,11,0.3142857142857143,1.0003544092178345,False,d_all,False,2.5,-0.006550222222222235,-0.009849466666666742,-0.003691555555555559,2.3328741702975453e-05,-0.5272921411813201,-0.657222166646545,-0.405689056550684,1.1845274047958706e-17,-0.004546405228758155,-0.007752287581699371,-0.0017093464052288486,0.0036479055181274254,-0.009712365591397876,-0.016967876344086044,-0.004418077956989162,0.002186103157737155,-0.5697656228346668,-0.7156043403759017,-0.44145457827631074,3.2158654743230693e-15,-0.505787199372556,-0.6368880958997443,-0.3870854223189212,5.3176170646640876e-15,-0.0016949152542372614,-0.005712476818302231,0.0,0.29214643731903234,-0.004901339417754724,-0.00958817242918793,-0.0006685250521994982,0.028765147103650898,-0.0047916666666666385,-0.009871118408447569,-0.0006279505534938447,0.035221710087156785,-0.004401408450704136,-0.022777154362198574,0.006059823394598514,0.5711257548354971,0.005165960362639721,-0.0008217338709676585,0.012153746046805865,0.1305857797293245,-0.0639784234621108,-0.18787821247669026,0.04100395733943816,0.2806641130193118,-0.5272921411813201,True
Qwen2.5-3B,Qwen,behavior,36,12,0.34285714285714286,1.0006345510482788,False,d_all,False,2.875,-0.0018995555555555432,-0.003335355555555622,-0.0006256666666666134,0.0058961506438360905,-0.04767207744016755,-0.13593999608006835,0.05020545500595305,0.3238329478129949,-0.0023843137254901947,-0.003906078431372467,-0.0010614379084966652,0.0011183975196642744,-4.8387096774127336e-05,-0.0023637768817204334,0.002176008064516193,0.967378403992323,-0.20839643022079635,-0.31832530200900827,-0.09189650993199129,0.00028010782642061107,0.17167318151196698,0.0711115090317512,0.27920818019953364,0.0010634992785974033,-0.0013182674199623268,-0.004984219269102969,0.0,0.3588785790388217,-0.0014239236067097316,-0.003829605726595864,0.0008163341954655393,0.23650765958770192,0.0008012820512820484,-0.0018539979997840462,0.003825142283462422,0.5991704070332255,-0.0030809859154928843,-0.012605042016806789,0.0,0.4038227908019134,-0.0023359266287160674,-0.004727656282943249,0.00037912186379933805,0.0740958817785411,-0.3800696117327633,-0.47317761743732506,-0.29289988228105884,3.4777569980165487e-16,-0.04767207744016755,True
Qwen2.5-3B,Qwen,behavior,36,13,0.37142857142857144,1.000465750694275,False,d_all,False,3.0,-0.006831999999999949,-0.009494688888888849,-0.0042008444444444765,1.1557251062061808e-06,-0.5622786264820876,-0.6740789255978413,-0.45730652836776303,2.512756859255576e-24,-0.005158169934640466,-0.008086339869281048,-0.002818300653594785,0.00015137007207729399,-0.010344086021505383,-0.014904502688171969,-0.006245362903225831,3.4478323509977977e-06,-0.8304099675282437,-0.9560164284523799,-0.7120626224344216,3.1354129697826222e-40,-0.6214011021790413,-0.7353335688445296,-0.5206461146392626,2.187661052794452e-28,-0.0035781544256120457,-0.00916834107653185,0.0,0.15348227497199093,-0.0033760087886086643,-0.006774861092647225,-0.0001598589213480916,0.05967400897533408,-0.00985576923076914,-0.017209957368143437,-0.0040257168084089955,0.003910602074343871,-0.0255281690140845,-0.060134596729490064,-0.0038409090909090828,0.07848904091542842,0.005185916086864917,0.0010695308876238708,0.0096805537107317,0.01879012521878816,-0.20900886534920238,-0.3101330582515759,-0.11247653614101802,3.769220847545654e-05,-0.5622786264820876,True
Qwen2.5-3B,Qwen,behavior,36,14,0.4,1.0019835233688354,False,d_all,False,4.5,-0.024565333333333328,-0.03125602222222217,-0.0184946888888889,2.7690088778442706e-14,-1.2192505468473533,-1.3710624548997536,-1.087554477291748,4.769753199657997e-60,-0.02149019607843139,-0.0301992156862745,-0.013521960784313688,2.345470361681408e-07,-0.026491935483870965,-0.03775853494623659,-0.016875537634408574,3.1147861072554806e-07,-1.3340539915543355,-1.5169629125227881,-1.1771305516858692,1.3574724336081623e-49,-0.8927563408501049,-1.0698389177674004,-0.7386831384196957,2.936117712423499e-26,-0.008097928436911483,-0.023504898015661295,0.0,0.1860032337667502,-0.01216461739975494,-0.01940462635378557,-0.005586617160348066,0.0006548388017131262,-0.01725961538461529,-0.02874107922199918,-0.00773271191216165,0.0010141336282536951,-0.020246478873239382,-0.05472832907534397,0.0,0.16700991634325713,0.005001739405439576,-0.006770398481973405,0.016912132880033657,0.4103316899043702,-0.44129765070423055,-0.6134966303492738,-0.27750935341269883,3.029913854131481e-07,-1.2192505468473533,True
Qwen2.5-3B,Qwen,behavior,36,15,0.42857142857142855,0.9999668598175049,False,d_all,False,3.375,-0.01329333333333338,-0.01758937777777779,-0.009234644444444393,6.952754772775332e-10,-0.8893361358137395,-1.0047103117525746,-0.7835223259102254,1.2751843013290656e-56,-0.009487581699346381,-0.013973921568627493,-0.005542091503267916,1.155121434808982e-05,-0.01892741935483866,-0.0264002016129032,-0.011856182795698868,2.601265950468624e-07,-1.1660413809099714,-1.3135750302901934,-1.034215760008238,1.8464588066788852e-57,-0.8233012861376907,-0.9518457124755985,-0.7012173034565442,9.44306903389891e-39,-0.0013182674199623268,-0.00437754740386318,0.0,0.29342289183892667,-0.01589977605949211,-0.023470637306245302,-0.009203722728831175,8.970037671660127e-06,-0.012179487179487136,-0.02116084870257546,-0.004749479987777966,0.0036926586428745944,-0.01892605633802813,-0.05084247587924062,0.0,0.16412402935691128,0.009439837655492278,0.0026179735926628285,0.016787745888678072,0.00939952738766929,-0.34274009477228073,-0.4575468230189792,-0.2423505749170032,2.5455233069565223e-10,-0.8893361358137395,True
Qwen2.5-3B,Qwen,behavior,36,16,0.45714285714285713,1.0004806518554688,False,d_all,False,2.875,-0.014289777777777735,-0.018557444444444425,-0.010534044444444446,1.592880088960098e-11,-0.773251708913008,-0.8873578736488592,-0.6608165521611363,2.0868463481323816e-41,-0.009179084967320228,-0.014324575163398676,-0.004638823529411838,0.00014794510757615878,-0.020618279569892484,-0.028354233870967735,-0.01352405913978488,6.509487018525367e-08,-0.6952152835596399,-0.8412402627759916,-0.5519662701256474,1.6438041839907496e-23,-0.6163661509168272,-0.7495501737108479,-0.4807949475750263,9.607807850913745e-20,-0.0028248587570621764,-0.007525477265713021,0.0,0.1706948187055961,-0.01778003126716532,-0.025251184878340056,-0.011251565321356596,1.3890310500813297e-06,-0.01604166666666662,-0.027264543758765112,-0.007245151003381876,0.0015811625250008914,-0.026848591549295753,-0.058479859335038374,-0.004826138474884903,0.07069516999791813,0.011439194602572256,0.0037125144950454297,0.019330108053974136,0.003952882755482867,-0.07884913264281268,-0.21344676187080766,0.044411732629225195,0.21666808631759826,-0.773251708913008,True
Qwen2.5-3B,Qwen,behavior,36,17,0.4857142857142857,1.0006345510482788,False,d_all,False,3.625,-0.003723555555555591,-0.005890088888888881,-0.001733333333333307,0.0004622341972971349,-0.28358293752545016,-0.4030553822785832,-0.1676045584012934,6.274326730071953e-06,-0.0038013071895424133,-0.007248039215686247,-0.0012570588235294976,0.013504636631942542,-0.002809139784946235,-0.006430510752688229,0.0002105510752688242,0.10900144703978158,-0.0288260228067152,-0.18934483048918171,0.1355039304852063,0.7394273220933352,0.02557197859238114,-0.10950897254564998,0.16500462131617,0.7128277725505585,-0.002071563088512196,-0.006412523844073836,0.0,0.24098870542451245,-0.002315460345628906,-0.005728261446262978,0.0008455331400900989,0.1572612905593719,-0.0017467948717948545,-0.003857635209712984,-0.00013995211183717216,0.06477270266901418,-0.005721830985915388,-0.020250540735400113,0.0,0.306044034448266,-0.0009921674045961781,-0.005243390786422122,0.0033290072211679873,0.6509867113399385,-0.05439800139909634,-0.2238388597339187,0.1102760963948461,0.5303846972150814,-0.28358293752545016,True
Qwen2.5-3B,Qwen,behavior,36,18,0.5142857142857142,1.0004802942276,False,d_all,False,4.625,-0.011778666666666604,-0.016217777777777775,-0.007476022222222278,1.0568193234196279e-07,-0.6238612615358372,-0.8009403848397358,-0.45831892359793847,1.354712345553501e-12,-0.008013071895424773,-0.012270980392156874,-0.004624836601307192,9.314679987612639e-05,-0.016728494623655887,-0.02694905913978497,-0.007328696236559222,0.0008917286429067266,-0.49469672442612067,-0.7274318769218189,-0.28132213645578735,1.959437031241912e-05,-0.32436295607412413,-0.5331496524430808,-0.12135561821807479,0.0022650552262545396,-0.00470809792843685,-0.012259443218052517,-0.00024491672120978815,0.14097273879169808,-0.011040689567752615,-0.018535234682975885,-0.004391838583739693,0.0023562729635554737,-0.010865384615384555,-0.019207946581947927,-0.0031159027498555234,0.01004262200972643,-0.00660211267605626,-0.02381360078277889,0.0,0.3587334020531555,0.008715422728231115,-0.0011935636727810062,0.018946906757326465,0.09436418845239467,-0.17033376835199654,-0.39878383410353613,0.056140772816148286,0.14847435405375992,-0.6238612615358372,True
Qwen2.5-3B,Qwen,behavior,36,19,0.5428571428571428,0.9956261515617371,False,d_all,False,2.375,-0.001241777777777786,-0.002770733333333364,0.00019522222222223223,0.11142153441013493,-0.07851032788109036,-0.18501710495106322,0.03321045276533072,0.1606279515896717,0.00010980392156867413,-0.0016496732026143352,0.0024420915032679377,0.9171858363710487,-0.0020672043010752095,-0.004921102150537709,0.0005404569892473286,0.13851633136999913,-0.3074643587373207,-0.43068849247184837,-0.17484524390639777,4.284870009639479e-06,-0.1528044745736712,-0.25475422958224464,-0.04501696342036876,0.0057329326642698766,0.00018832391713752283,-0.0008720894122615174,0.0017197149929108631,0.7784438836395939,-0.004457683694595871,-0.0076628941591426886,-0.0017510425332440379,0.0042133944947066624,-0.0009935897435896512,-0.004203784642548949,0.001955079138170601,0.5265112365050408,0.0008802816901408717,-0.0030036855036855463,0.007042253521126751,0.717231841500285,0.0021770082226438836,-0.0008126589184060227,0.005537543485136021,0.18619489169511694,-0.1546598841636495,-0.25752760468332553,-0.05286488650132413,0.001987051443235648,-0.07851032788109036,True
Qwen2.5-3B,Qwen,behavior,36,20,0.5714285714285714,0.9964209794998169,False,d_all,False,2.375,-0.0035600000000000076,-0.00558535555555553,-0.0017891333333333093,0.0002175271170705835,-0.36547492047817576,-0.45815099597664943,-0.2766311127974628,4.6733099658408174e-14,-0.002345098039215676,-0.004065620915032769,-0.0007737254901961311,0.004629816621123724,-0.0046774193548386744,-0.008251142473118261,-0.0013511424731182506,0.009288109584800024,-0.796936701953741,-0.9249887406109598,-0.677445424816198,1.3227492867547131e-37,-0.4413025542730624,-0.5428214337396751,-0.348075131234923,6.941746671677073e-19,0.00018832391713752283,-0.0008720894122615174,0.0017197149929108631,0.7784438836395939,-0.0038576921451810575,-0.007345856491650557,-0.0010864592232753855,0.021268442875231004,-0.0019711538461537614,-0.0058189007685429785,0.001639108877816883,0.3148998359623515,-0.017165492957746387,-0.043082427301460835,-0.0019832093012472694,0.11524695964661853,0.0023323213156229983,-0.0010665485979337197,0.00567025880244561,0.1785234626781802,-0.3556341476806786,-0.478457549209322,-0.24782340342757167,1.4432292072512137e-09,-0.36547492047817576,True
Qwen2.5-3B,Qwen,behavior,36,21,0.6,0.9977520108222961,False,d_all,False,3.0,-0.002290666666666663,-0.004441866666666655,-0.00010820000000001961,0.03986575228551496,-0.5376397088794906,-0.6444153790475402,-0.4335616131124152,3.5511586466912917e-23,-0.0003346405228757954,-0.0026096078431372934,0.002745294117647007,0.8031931650808105,-0.0053790322580644645,-0.00861841397849462,-0.002367943548387117,0.0008491860553419912,-0.6638081659195563,-0.7973110945258429,-0.540901296405556,2.163874627174519e-23,-0.5837330740592925,-0.6993354982844376,-0.4794367643765429,2.144729825284315e-25,0.00018832391713752283,-0.001712328767123239,0.002484271523178843,0.8517759955607532,-0.006853424599653546,-0.01171953323668116,-0.0025495282796942063,0.003821784914000938,-0.0019070512820512642,-0.004734449050290748,0.0006212723096455894,0.16476703922505287,-0.022447183098591506,-0.054371020807810776,-0.0004166666666666749,0.1144802066499368,0.005044391735188669,0.0018997741408390222,0.008629025932953812,0.004008220972650213,-0.08007509186026374,-0.1994296738598269,0.03383609296888728,0.17793136612288663,-0.5376397088794906,True
Qwen2.5-3B,Qwen,behavior,36,22,0.6285714285714286,0.9967787265777588,False,d_all,False,2.375,-0.0010213333333333185,-0.0020040666666666486,-0.00011404444444448381,0.030861122032587587,-0.0002517147994800517,-0.06891111720574764,0.07025948925841431,0.994294460130979,-0.0017437908496731325,-0.0032580392156862535,-0.0005724836601306711,0.0116200046549845,0.00021774193548385057,-0.0014251344086020801,0.0019409274193548708,0.7992234822210182,0.07901703966787732,-0.015826451397524376,0.17811999615353932,0.09790950617483087,0.12989527981789317,0.05394825519733444,0.20220544945391877,0.0006375297202455923,-0.0005649717514124575,-0.0025092057700752787,0.0004238008762826317,0.44989862409895554,-0.001123927832002325,-0.003137838915893562,0.0005099212223280913,0.2260269095771087,0.0013301282051282337,-0.000651893915483992,0.004408954990227592,0.3278374912179055,0.00044014084507049134,0.0,0.00303030303030305,0.6037830550588583,-0.001961532785156983,-0.004273428737086168,7.944233607422852e-05,0.06259933353616151,-0.05087824015001585,-0.14515838856640578,0.04258365734190642,0.2887871783693542,-0.0002517147994800517,True
Qwen2.5-3B,Qwen,behavior,36,23,0.6571428571428571,0.9983714818954468,False,d_all,False,2.375,-0.0038435555555556,-0.005516711111111053,-0.00228813333333334,3.2596858141361918e-06,-0.20057374446659315,-0.27557198967723123,-0.12259249739078441,1.8455774302567595e-07,-0.0022379084967319995,-0.0035007843137254994,-0.0011762745098038542,0.0001625354587581796,-0.005793010752688121,-0.008846908602150552,-0.0031234543010753347,9.509031049967542e-05,-0.41213189397177974,-0.5027053875708067,-0.31366919957538447,5.748464267679033e-18,-0.2661703513289164,-0.3407161619697354,-0.19270728618624394,5.5542835657765045e-12,-0.0007532956685498693,-0.0031115012576876707,0.0,0.3947723294938329,-0.004930916465965329,-0.008443025808584062,-0.0021709872508494715,0.00183637608493569,-0.00610576923076922,-0.011858765507073385,-0.002000227059650803,0.014933844401006082,-0.007922535211267512,-0.024706665167191482,0.0,0.2222377820378154,0.003555102255956122,0.0012692341345140051,0.006396913345983512,0.007908499503745323,-0.14596154264286332,-0.2119907790205606,-0.08096089081038886,1.6640239333153844e-05,-0.20057374446659315,True
Qwen2.5-3B,Qwen,behavior,36,24,0.6857142857142857,0.9849937558174133,False,d_all,False,3.625,0.0010000000000000009,-0.00020308888888890538,0.0023169777777777866,0.13240575474574662,0.30171776687332574,0.19991211257527483,0.40962118290591676,1.2766535890788962e-08,0.0014666666666667272,0.00016464052287583076,0.0033394117647059067,0.08378083370603558,-0.00011827956989240995,-0.0021593413978494764,0.001674865591397856,0.902457835150774,0.2419767705355964,0.10249390072495944,0.37732130809169906,0.0004858388474295086,0.07694999360438493,-0.029380069989637703,0.18334754008137208,0.14036041514825376,0.0,-0.0013293481038678945,0.0014668581991923945,1.0,7.182997422572335e-05,-0.0023022447433482694,0.0023197847514799743,0.9498299748509756,-0.0012660256410256254,-0.0037765447702684,0.0004715031342039482,0.23729118812462602,-0.0074823943661971315,-0.025453542710943994,0.0017545404002965196,0.32605147863057815,0.0015849462365591371,-0.0006728434008012123,0.004255735557663916,0.1984211415217203,0.16502677693121148,0.08919362370352621,0.2472140392816568,3.742496751202575e-05,0.30171776687332574,True
Qwen2.5-3B,Qwen,behavior,36,25,0.7142857142857143,0.9719927310943604,False,d_all,False,2.25,0.0004844444444443985,-0.00015291111111109256,0.0012045333333333408,0.17476444276891678,-0.26653809583215127,-0.3310233183323051,-0.2071680227689108,2.4434618395413535e-17,-0.00014640522875819517,-0.0008134640522876435,0.00058326797385628,0.6761294875890138,0.0009489247311827986,-0.00016135752688179462,0.0022394489247312323,0.13012697632663728,-0.6670472204157241,-0.7555445312474339,-0.5838497396058127,1.929483393221634e-52,-0.400318603219016,-0.48043553484001295,-0.33787420935108864,1.7539497309624305e-28,0.00037664783427493465,0.0,0.0021013751459791163,0.5646237046384548,0.00152533062914606,0.000464794334022281,0.0027379771951102526,0.010910797853813698,-0.00038461538461531664,-0.0010782839500959374,0.00019647931561101725,0.2525245331163055,-0.0035211267605633756,-0.015411487400642656,0.003805728988829881,0.4703435942136377,-0.0010953299599409938,-0.0024916808981656656,0.00020072343453507154,0.11516356637200863,-0.26672861719670804,-0.35014929065190475,-0.19303250249959553,6.528031568311863e-11,-0.26653809583215127,True
Qwen2.5-3B,Qwen,behavior,36,26,0.7428571428571429,0.99594646692276,False,d_all,False,1.875,0.0011955555555556163,0.0004888666666666514,0.0020001111111111135,0.0015792474854777,0.03862365508105858,-0.00537704756087326,0.08121523245308905,0.08764504191753664,0.0005908496732026647,0.00012549019607843438,0.0011242483660130643,0.02164430763373434,0.0016451612903225499,0.00030638440860224767,0.0030541666666667297,0.022315085180019196,-0.013128171284277457,-0.07132651140793292,0.03909150195431268,0.6480086640199156,-0.055936399834091155,-0.10832284349365742,-0.007278461720386265,0.029094474968489208,0.00018832391713752283,0.0,0.001115392148000915,0.5912915429555909,0.0014915282883339875,4.7329791453110115e-05,0.0030272295647408264,0.038656458532455605,0.000929487179487265,-0.00020489773236685715,0.0022570734106771156,0.14456072540565365,0.0008802816901408717,0.0,0.006060606060605991,0.6037830550589038,-0.0010543116171198852,-0.0024958691756271716,0.00028768131983980815,0.13322218139379305,0.0428082285498137,-0.005300547060462967,0.09049648838121932,0.09144883910797977,0.03862365508105858,True
Qwen2.5-3B,Qwen,behavior,36,27,0.7714285714285715,0.9916832447052002,False,d_all,False,0.875,9.155555555551143e-05,-0.0003663999999999362,0.0005822444444444824,0.7035578797014145,0.006423089367272539,-0.030483502811207486,0.04048992735385461,0.7328547388934267,-0.00014901960784308166,-0.0005727450980392762,0.00024581699346400414,0.4679504049769624,0.000526881720430139,-0.000564852150537673,0.0017448924731181812,0.36275240287869537,0.08620537854510779,0.038423560859554895,0.13607728555923548,0.000586667229556375,0.0913497534540646,0.05187938964606638,0.12790740743616688,4.928950976461956e-06,0.00018832391713752283,0.0,0.0010506875729895556,0.5646237046383389,0.000988718468753924,4.488170704119998e-05,0.0020630649677979506,0.05529485561971993,0.0006249999999999867,-0.00030613785538429746,0.0017064213217936398,0.219907429304401,0.00044014084507049134,-0.0015873646755999644,0.0034968102073364617,0.7112800838050279,-0.0006759013282732207,-0.0018447973329115159,0.0004409774931478094,0.25650063242967913,-0.005144374908956806,-0.04779870583610855,0.03618993562276158,0.8136390652969802,0.006423089367272539,True
Qwen2.5-3B,Qwen,behavior,36,28,0.8,0.9957305788993835,False,d_all,False,2.0,0.0002088888888889251,-2.6733333333286974e-05,0.0004604666666667062,0.1022732032456016,0.014508481938194429,-0.009628161957894508,0.03862860860211636,0.2568336537459862,0.0001777777777778322,-2.882352941176169e-05,0.000410457516339946,0.1237071094430795,0.0003790322580645711,-0.00018333333333336583,0.0009784946236558456,0.20594045404637495,0.07338644043227305,0.041175597999226564,0.10584033067580385,6.925306358219658e-06,0.010438162645851179,-0.019230725295177664,0.03700557742615744,0.4750015665287993,0.00018832391713752283,0.0,0.0010506875729895556,0.5646237046383389,0.00032112223771496584,-0.00015685793081239295,0.0008652354431367996,0.20608087189628477,0.00028846153846162625,-0.00050682975061348,0.0012546322095437676,0.5150817569583097,0.0,0.0,0.0,1.0,-0.00020125448028673887,-0.0007993972696605317,0.00037631641366221973,0.5052044817989768,0.06294827778642187,0.03717491808721578,0.08968071660458904,4.21326456066978e-06,0.014508481938194429,True
Qwen2.5-3B,Qwen,behavior,36,29,0.8285714285714286,1.0004488229751587,False,d_all,False,0.625,0.0001386666666666203,-0.00012535555555553412,0.00041688888888891107,0.30556905281468916,-0.06649127483364392,-0.08992913448448027,-0.04837535983296358,6.330575383161901e-10,9.150326797391362e-05,-7.849673202616203e-05,0.0003137254901960401,0.34101430742570127,0.00020967741935484785,-0.00037372311827960634,0.0008738575268817021,0.5214706807750618,-0.1373556264072242,-0.16583295944409548,-0.11118073884272742,3.892891664691157e-22,-0.09859254011083074,-0.12507166910774653,-0.07718176824227536,5.390890169654652e-16,0.00018832391713752283,0.0,0.0010506875729895556,0.5646237046383389,2.9577048210605028e-05,-0.00048736250583243933,0.0005320618558313199,0.9062455202963831,0.0007211538461538991,1.5053738655868011e-05,0.0018187609662810493,0.1346017209717031,-0.0004401408450703803,-0.002884707958921684,0.0,0.6030658925189174,-0.00011817415138093423,-0.0008003681741513141,0.0004365309403331407,0.7156515395910112,-0.03876308629639347,-0.06567881541081896,-0.01393822628202749,0.0036387735776965686,-0.06649127483364392,True
Qwen2.5-3B,Qwen,behavior,36,30,0.8571428571428571,0.9957994222640991,False,d_all,False,0.5,5.422222222217776e-05,-0.00016004444444449317,0.0002819333333332728,0.6407421023089279,0.02246462645742353,0.0060315435488821015,0.03885183056218972,0.007768774810077534,0.00020130718954247673,-2.6143790849753046e-05,0.0006198039215685651,0.24673056728813636,-0.00027956989247313047,-0.0007311827956989481,0.00016942204301079728,0.22523582488076999,0.034697326625942715,0.01390828115231051,0.056613894173279396,0.0011982121576680452,0.005517424188285602,-0.011960181715701257,0.022864662719687956,0.5436578899802378,0.00018832391713752283,0.0,0.0010506875729895556,0.5646237046383389,-0.00021548992267717004,-0.0005884714417562331,0.0001558819937647837,0.26330093895910356,-0.00011217948717945347,-0.0008926331046602259,0.0004756345441868176,0.7372500610976083,-0.0004401408450703803,-0.002884707958921684,0.0,0.6030658925189174,0.0004808770820156072,-5.603468269030076e-05,0.0010605318363904298,0.09082034322186508,0.029179902437657113,0.0128103654039051,0.04610245613104528,0.0006498413099550977,0.02246462645742353,True
Qwen2.5-3B,Qwen,behavior,36,31,0.8857142857142857,0.9974282383918762,False,d_all,False,0.875,2.5777777777791222e-05,-0.00024986666666668156,0.00034408888888889927,0.8615922810014982,0.05077846056814517,0.02228074249070664,0.08078463907257956,0.0006420247146035051,-0.00021437908496735325,-0.0005413071895425143,5.294117647008874e-06,0.11792337026949405,0.00015053763440864287,-0.0004301747311828474,0.0008092741935483843,0.6357097877248665,-0.12161858826218896,-0.1550150345894516,-0.08841199284741016,1.3138956347337988e-12,-0.04242438617994582,-0.0667454677453184,-0.018957971089816995,0.0005031103750767021,0.00037664783427493465,0.0,0.0018248769236911982,0.4775220473207632,0.0002999957747074067,-0.00017499645071658297,0.0008490559493721288,0.2584236073289853,4.807692307695621e-05,-0.0009390886763707196,0.0011129561905127536,0.9277449680633998,-0.002640845070422504,-0.009525112370529573,0.0,0.3290299878816063,-0.0003649167193759961,-0.001050589289479198,0.000269159287370818,0.28831310425490475,-0.07919420208224315,-0.11120213860777431,-0.04974341407924493,3.6845196886633486e-07,0.05077846056814517,True
Qwen2.5-3B,Qwen,behavior,36,32,0.9142857142857143,0.9827976226806641,False,d_all,False,1.25,0.0001786666666666603,-0.0001698222222222684,0.0005938444444444717,0.36972679181352464,-0.16918278265012576,-0.20333479753212994,-0.13893223149771486,6.3809369837629544e-24,0.0004601307189542325,-7.594771241828667e-05,0.0013751633986928136,0.25959971036815177,-0.0001612903225806095,-0.0007016129032257929,0.00038454301075264974,0.5696143631062129,-0.27054750633527513,-0.3191548139640287,-0.22441837976796214,1.0042907868972526e-29,-0.21057756552622298,-0.24983264862724167,-0.1792668375509465,9.390235466895613e-30,0.00037664783427493465,0.0,0.0018248769236911982,0.4775220473207632,0.00017746228926351915,-0.0002563317883658295,0.0007332746650134058,0.47064398740592583,0.0002724358974359742,-0.0005972813633018492,0.0014227540795339081,0.5962163050533007,-0.0017605633802816323,-0.00728810032088725,0.0,0.4084069094459323,0.000621421041534842,-0.0001500527092557463,0.0016448197343452292,0.18691834463913604,-0.05996994080905216,-0.10440200036581823,-0.019734827740624614,0.0051857921204421665,-0.16918278265012576,True
Qwen2.5-3B,Qwen,behavior,36,33,0.9428571428571428,0.9931051731109619,False,d_all,False,1.75,0.0001386666666666203,-0.00011557777777786716,0.0003937999999999386,0.2906003405118529,0.08815770485074559,0.06450257918488131,0.1114282066476788,3.17286039828071e-13,-0.00022745098039211875,-0.0004811111111111127,-4.183006535951328e-05,0.04414711121197249,0.0006586021505377015,5.907258064512811e-05,0.0013282930107526344,0.04356905813376033,0.11242750108477662,0.0805931324032304,0.14780386560148803,4.0338909402321415e-11,0.13679346475889131,0.10784185665392781,0.16682984435537687,1.3187832378630369e-21,0.0,-0.0009589341804107032,0.000838926174496657,1.0,0.0005704145012042083,2.59975231316767e-05,0.0011642408515626034,0.0488720509529838,0.0006570512820512908,-4.0484518720182914e-07,0.0015936533965154702,0.12346498844745214,0.0,0.0,0.0,1.0,-0.0008860531309298203,-0.0016168556293485764,-0.00025027356103727303,0.010187248647254826,-0.0243659636741147,-0.050298490889803184,0.004551229305556865,0.09209854439789589,0.08815770485074559,True
Qwen2.5-3B,Qwen,behavior,36,34,0.9714285714285714,0.9855099320411682,False,d_all,False,2.875,-0.001088888888888917,-0.0019041111111111285,-0.00040708888888891517,0.004038969313115836,-0.2823466609184355,-0.33364244818801375,-0.23564452690504545,9.537206533933312e-28,-0.0012156862745097419,-0.0029649673202614747,-0.00020130718954247673,0.10574436956234523,-0.0016801075268817467,-0.0027670698924730894,-0.0006906586021504875,0.0018742352449411298,-0.45217429620769156,-0.5222306117802695,-0.3930248686030323,8.177073195589766e-44,-0.32642565464243134,-0.38668805788563,-0.27392261639331733,1.933015077270299e-29,-0.0013182674199623268,-0.004984219269102969,0.0,0.3588785790388217,-0.0004352051379558075,-0.0013223798244468925,0.00035552414526633647,0.30926133063608285,-0.0017628205128205066,-0.003869471901008656,-0.00022148366797428192,0.06113375389426384,-0.007042253521126751,-0.023280119003803185,0.000469371075099331,0.25099906696960794,0.0004644212523720048,-0.0014036601307189811,0.0020408380771664318,0.6006693966056547,-0.12574864156526022,-0.17696120746706084,-0.07370865659457147,1.8649886830381235e-06,-0.2823466609184355,True
Qwen2.5-3B,Qwen,behavior,36,35,1.0,0.9933562874794006,False,d_all,False,1.25,0.00018044444444442753,-5.513333333334036e-05,0.00043648888888890564,0.1529505874886754,-0.15493215722217268,-0.18517121693735053,-0.12838100536574504,1.4974437096240037e-26,0.0002614379084967533,-2.6143790849642023e-05,0.0007505882352941193,0.20673101703964614,0.00020430107526880903,-0.0003037634408601386,0.0006989919354839002,0.42666406047272454,-0.162522837870978,-0.19775622011161129,-0.13105766122922494,3.231446633307354e-21,-0.13390177645861945,-0.1647105324754241,-0.10689269209062806,1.0830988095701138e-19,0.0005649717514124575,0.0,0.0028529241153826,0.48451657814360727,0.0002535175560907099,-0.00011703627253729087,0.0006459199338572752,0.19904566331757012,0.0001602564102564097,-0.0003095686880796866,0.0006506035196603199,0.5060512350711335,-0.0035211267605633756,-0.012233245362586465,0.0,0.2630919915744274,5.713683322794427e-05,-0.0005534065991988635,0.0006837695024245775,0.8576142733430263,-0.02862106141235854,-0.05674446293261668,-0.001716630823964927,0.04477324142838979,-0.15493215722217268,True
Llama-3.2-3B,Llama,layer10,10,1,0.037037037037037035,,False,d_all,False,21.264360427856445,-0.06300088888888888,-0.07508880000000005,-0.05110013333333339,2.014968398338318e-25,-2.5481638436172855,-2.812144123577066,-2.307815203850143,7.069149369469992e-80,-0.015681045751633982,-0.028048627450980405,-0.005443529411764676,0.007373773354256735,-0.13664516129032256,-0.16702043010752685,-0.1065248655913978,2.423351970185987e-18,-1.0901201293980898,-1.475163021580705,-0.7216219238647279,7.3175844108560495e-09,-2.5695327349000614,-2.8853749433783937,-2.259795477912908,9.718801034307263e-57,-0.012881355932203409,-0.028392603283576928,-0.001346492813884108,0.09335300000871116,-0.06388642413487144,-0.0823167826036098,-0.046437684926305324,4.156327877356226e-12,-0.18542305725971375,-0.23862039905869778,-0.1332199131419037,8.116386416996673e-12,-0.2907608695652174,-0.43667652027027026,-0.14799005681818178,8.925058196422712e-05,0.12096411553868858,0.0884188630613535,0.15328395213999582,3.946214753927416e-13,1.4794126055019716,1.1185045902098438,1.8603224340872504,8.736798377565864e-16,-2.5481638436172855,True
Llama-3.2-3B,Llama,layer10,10,2,0.07407407407407407,,False,d_all,False,18.629878997802734,-0.04559466666666667,-0.05538177777777785,-0.03668044444444442,3.068853359555193e-22,-2.4597906259640143,-2.7375398544962355,-2.199469912022621,6.147656802762086e-76,-0.008026143790849649,-0.01349607843137251,-0.0038117647058822923,0.0014637476279418425,-0.10440322580645156,-0.1290766129032258,-0.08305295698924733,8.362098845152813e-19,-1.4563812339632847,-1.79656719771795,-1.1336455379202115,2.1654119127022856e-18,-2.4364527193942878,-2.759842181769969,-2.1360203297136313,1.9494225973061304e-56,-0.07796610169491525,-0.14972755414626013,-0.015513815863645211,0.020502069905750892,-0.058993535302319766,-0.07562748979966312,-0.04314911418194044,4.102088282911354e-13,-0.11666027607361962,-0.15890848510564123,-0.08111661054400765,8.240694712527026e-10,-0.09873188405797106,-0.2056888640873016,-0.015863787375415238,0.04699818978432055,0.09637708201560191,0.07556451823740255,0.12006359160868646,1.3725779531563458e-16,0.9800714854310031,0.7068385888804494,1.2511074301929679,2.332077825149534e-12,-2.4597906259640143,True
Llama-3.2-3B,Llama,layer10,10,3,0.1111111111111111,,False,d_all,False,17.95498275756836,-0.16313244444444452,-0.18223035555555558,-0.14446515555555556,1.8783699310294009e-65,-3.4955691096076653,-3.778804059191155,-3.2496599183550434,6.42786484640805e-147,-0.11578039215686264,-0.13838627450980392,-0.09435908496732022,4.960202786955134e-26,-0.2162365591397849,-0.24773051075268818,-0.185357123655914,4.522417799643312e-44,-3.239779101039784,-3.5850419387199284,-2.9503163798521346,1.550826341633256e-88,-3.2051936236449103,-3.52601277402533,-2.909759445705304,1.8872082425266e-92,-0.10813559322033905,-0.21260826658582813,-0.02281550877675214,0.02578498374847615,-0.19936620610977318,-0.23414365197334971,-0.1687659594654293,3.617871594560656e-33,-0.23657975460122704,-0.28649908765337356,-0.18723915616276732,2.3288592229937434e-20,-0.16394927536231885,-0.29632864792503344,-0.06398857509627724,0.007411833955161279,0.10045616698292226,0.06903218954248361,0.1334248814041746,1.6005899940783339e-09,-0.03458547739487372,-0.30594617211872877,0.21499742098461486,0.7966802283504796,-3.4955691096076653,True
Llama-3.2-3B,Llama,layer10,10,4,0.14814814814814814,,False,d_all,False,15.385274887084961,-0.07245866666666667,-0.08482960000000005,-0.0602170222222222,2.0676154448780103e-30,-2.854930645184815,-3.1236026062710365,-2.60456307921226,5.8266489258240175e-105,-0.04231633986928096,-0.05311830065359485,-0.031961437908496676,9.52970189787631e-15,-0.1142204301075268,-0.13836666666666664,-0.09121989247311821,1.354291510253591e-22,-2.5409323541008733,-2.8641379118697183,-2.267004208074928,2.0626608439420204e-61,-2.6515511998561974,-2.9737935983572727,-2.3738430802730437,6.354387059859589e-69,-0.11627118644067802,-0.2533341515300278,-0.02112753708040598,0.046780651774913355,-0.09184941057168217,-0.11300593127032921,-0.07134109435028553,1.3780450707095563e-16,-0.08326942740286303,-0.11191771105086368,-0.05638378716256808,2.733199672118999e-09,-0.11050724637681164,-0.2000077041602465,-0.04215649692712902,0.005373052123768732,0.07190409023824584,0.0512413309087075,0.09534053974277888,1.0246485332921338e-10,0.1106188457553241,-0.12251791896514493,0.3437213686291593,0.3575624634212391,-2.854930645184815,True
Llama-3.2-3B,Llama,layer10,10,5,0.18518518518518517,,False,d_all,False,12.383031845092773,-0.00552000000000008,-0.008336044444444454,-0.0029860000000000255,5.279248172895856e-05,-1.1442862015594288,-1.3744240456084167,-0.9396721625594375,1.6135871234386854e-26,-0.0015686274509802978,-0.0032419607843137436,-0.00012522875816994042,0.05187631641014417,-0.010618279569892475,-0.016279838709677447,-0.005779301075268889,9.398386340942326e-05,-0.4892071821834536,-0.7461784787522824,-0.21567956811562874,0.0001284194575098134,-1.0184138346973497,-1.2606625454492275,-0.8009994020714601,1.887855851200978e-18,-0.03016949152542381,-0.0710834689139148,-0.0008307636495556122,0.10864144996380591,-0.006498500021126508,-0.011372780406955602,-0.0023971741830930066,0.005038009271711847,-0.005623721881390598,-0.011211435561984515,-0.0012734178230532469,0.03188758438750426,-0.019927536231884035,-0.052954322079709105,0.001242144951822434,0.16551285572321517,0.009049652118912177,0.004435657284419101,0.014392787265443822,0.0003078731554281654,0.5292066525138961,0.3302898505347667,0.7260452253460296,2.9196108554968504e-07,-1.1442862015594288,True
Llama-3.2-3B,Llama,layer10,10,6,0.2222222222222222,,False,d_all,False,11.087383270263672,-0.0015964444444445114,-0.0029265777777777195,-0.0004745333333333991,0.012328066711368707,-0.6053456912548087,-0.788221436481276,-0.44259747738135696,4.0407019224282586e-12,-0.0005437908496731536,-0.0013908496732025766,0.00014130718954255816,0.17800283505205083,-0.0032956989247311386,-0.006100403225806436,-0.0006760752688171652,0.018496154887540747,-0.46759939975943965,-0.6741680402055298,-0.27753060608357966,2.216998494749582e-06,-0.6136644431995264,-0.8159827575127772,-0.4362818910114554,2.45495833270371e-10,-0.0010169491525424679,-0.006101215396716741,0.0025692674595589873,0.6426661577891801,-0.0019436345966958868,-0.004664163203989438,0.0007762823664371671,0.1553439362968007,0.0003834355828220559,-0.0007628465824143727,0.0019087198581438749,0.5634990834398337,-0.019927536231884035,-0.050009328358208996,-0.002794383576215293,0.09585533058233216,0.002751908075057985,0.00016320050600874547,0.005467982289690163,0.0359512626793413,0.14606504344008675,-0.003193210037165581,0.2943308049473724,0.06088800932499142,-0.6053456912548087,True
Llama-3.2-3B,Llama,layer10,10,7,0.25925925925925924,,False,d_all,False,8.358099937438965,-0.00019377777777784821,-0.0010778666666665991,0.000844533333333422,0.6849610160993183,-0.25975407108817716,-0.4020505297739192,-0.12624833566648783,0.00016258590928937326,5.228758169995018e-06,-0.0004184313725490746,0.0004811764705882403,0.9819751081054428,-0.0001344086021505264,-0.0022420698924731225,0.0026451612903225534,0.9128119195232003,-0.2541473211658438,-0.4119193343753233,-0.10065760851235697,0.0013665689566895315,-0.24415635323487628,-0.40480673493652297,-0.1079857236819445,0.0011164264540517866,-0.0020338983050848247,-0.007258454508454509,0.0017138507045077508,0.35296097365151613,-0.00012675877804546598,-0.002137364971186775,0.0023615640918848674,0.9105583323352981,0.0003514826175868846,-0.0007317233510411081,0.0016581989789607148,0.5788060952785086,-0.0027173913043478937,-0.014468409351692487,0.005436780690537105,0.597868977335353,0.00013963736032052143,-0.0026338909972591887,0.0021253789795488134,0.9091712217215718,-0.009990967930967543,-0.13600809627261262,0.11621031904996766,0.8745945329089779,-0.25975407108817716,True
Llama-3.2-3B,Llama,layer10,10,8,0.2962962962962963,,False,d_all,False,6.670328617095947,-0.0008586666666666742,-0.0018542666666666457,5.013333333336834e-05,0.08046351709453822,-0.3058451070651538,-0.4359018890236587,-0.18158252849894693,2.509964937459634e-06,-0.00032418300653591636,-0.0009623529411764781,0.00021973856209159248,0.2721080250766925,-0.0013548387096773418,-0.0034098118279569764,0.0007205645161291295,0.20081995156706645,-0.28107237688214237,-0.42939833831063473,-0.12899542320339916,0.00022597553790083694,-0.3057646606775921,-0.449184907981641,-0.1712755169187302,2.2250084947269165e-05,-0.0003389830508474523,-0.003977468682273566,0.002790571747093448,0.8358755143739767,-0.0005661892086027409,-0.0025421267729349327,0.001430494175716107,0.5637065162125965,-0.0011183537832311075,-0.0030473581416483346,0.0005225715104322706,0.24529406924157382,-0.008152173913043459,-0.023536414565826353,0.0,0.1795263197136191,0.0010306557031414254,-0.0010590296226016453,0.0030577656546489553,0.3179847241595931,0.024692283795449743,-0.0746845715017194,0.14411329953199237,0.6609483806271086,-0.3058451070651538,True
Llama-3.2-3B,Llama,layer10,10,9,0.3333333333333333,,False,d_all,False,6.3590593338012695,-0.0010844444444444434,-0.002149866666666669,-0.00029146666666670935,0.02095040778256424,-0.296305715799682,-0.40540198978018327,-0.18930291723162598,5.76523924696121e-08,-0.000909803921568586,-0.001783006535947762,-0.0002611764705881483,0.02275639953640146,-0.0012258064516128542,-0.0029197580645160953,7.540322580646951e-05,0.10171626012863173,-0.3745249859613269,-0.4952663628741913,-0.2599954937458878,8.107206148496101e-10,-0.14601501200501676,-0.2611311641263587,-0.03255521160037942,0.014889587757530687,-0.0010169491525424679,-0.006734006734006814,0.002438379928296141,0.6555056904760214,-0.0012844889508598634,-0.0030900264550512645,0.00025212474364763826,0.12742669552315353,-0.0001278118609406853,-0.0017266602906814727,0.0013004967346638362,0.8650503724801859,0.0,-0.005221357784569783,0.00439560439560438,1.0,0.00031600253004426815,-0.0007812022981235067,0.0018537861058401466,0.6312441832339646,-0.22850997395631012,-0.3286337355876332,-0.12638865845695865,1.073974993657656e-05,-0.296305715799682,True
Llama-3.2-3B,Llama,layer10,10,10,0.37037037037037035,,False,d_all,False,8.385074615478516,0.00012799999999990597,-0.00037733333333331564,0.0006453333333332756,0.6229685670384507,-0.15400667102998078,-0.24371225487315692,-0.07326184526715772,0.00043652500121052457,0.00023006535947722728,-7.869281045753128e-05,0.0005911111111111586,0.18731008661431636,3.763440860216072e-05,-0.0009624999999999911,0.0011236559139785607,0.9448334747505228,-0.08692650755159104,-0.19670980229491622,0.0108245631319033,0.10054328196576423,-0.1903968787671797,-0.28983726715806263,-0.10470313640847373,8.929490092474857e-05,-0.0003389830508474523,-0.003968042436781327,0.0030660696824075014,0.8450865922826625,0.0,-0.0010681242086194003,0.0009952266077232455,1.0,0.0001278118609406853,-0.0010148459019237526,0.001541635070763394,0.8390139670357253,-0.0036231884057971175,-0.01560878761273843,0.0028571428571428914,0.4450736968408522,0.00019243095087506656,-0.0008414294750158146,0.0011194781783681162,0.7041883257171542,0.10347037121558866,0.02433863929096001,0.17874858818362965,0.007737374028067406,-0.15400667102998078,True
Llama-3.2-3B,Llama,layer10,10,11,0.4074074074074074,,False,d_all,True,0.0,0.0,0.0,0.0,1.0,0.0,0.0,0.0,1.0,0.0,0.0,0.0,1.0,0.0,0.0,0.0,1.0,0.0,0.0,0.0,1.0,0.0,0.0,0.0,1.0,0.0,0.0,0.0,1.0,0.0,0.0,0.0,1.0,0.0,0.0,0.0,1.0,0.0,0.0,0.0,1.0,0.0,0.0,0.0,1.0,0.0,0.0,0.0,1.0,0.0,True
Llama-3.2-3B,Llama,layer10,10,12,0.4444444444444444,,False,d_all,True,0.0,0.0,0.0,0.0,1.0,0.0,0.0,0.0,1.0,0.0,0.0,0.0,1.0,0.0,0.0,0.0,1.0,0.0,0.0,0.0,1.0,0.0,0.0,0.0,1.0,0.0,0.0,0.0,1.0,0.0,0.0,0.0,1.0,0.0,0.0,0.0,1.0,0.0,0.0,0.0,1.0,0.0,0.0,0.0,1.0,0.0,0.0,0.0,1.0,0.0,True
Llama-3.2-3B,Llama,layer10,10,13,0.48148148148148145,,False,d_all,True,0.0,0.0,0.0,0.0,1.0,0.0,0.0,0.0,1.0,0.0,0.0,0.0,1.0,0.0,0.0,0.0,1.0,0.0,0.0,0.0,1.0,0.0,0.0,0.0,1.0,0.0,0.0,0.0,1.0,0.0,0.0,0.0,1.0,0.0,0.0,0.0,1.0,0.0,0.0,0.0,1.0,0.0,0.0,0.0,1.0,0.0,0.0,0.0,1.0,0.0,True
Llama-3.2-3B,Llama,layer10,10,14,0.5185185185185185,,False,d_all,True,0.0,0.0,0.0,0.0,1.0,0.0,0.0,0.0,1.0,0.0,0.0,0.0,1.0,0.0,0.0,0.0,1.0,0.0,0.0,0.0,1.0,0.0,0.0,0.0,1.0,0.0,0.0,0.0,1.0,0.0,0.0,0.0,1.0,0.0,0.0,0.0,1.0,0.0,0.0,0.0,1.0,0.0,0.0,0.0,1.0,0.0,0.0,0.0,1.0,0.0,True
Llama-3.2-3B,Llama,layer10,10,15,0.5555555555555556,,False,d_all,True,0.0,0.0,0.0,0.0,1.0,0.0,0.0,0.0,1.0,0.0,0.0,0.0,1.0,0.0,0.0,0.0,1.0,0.0,0.0,0.0,1.0,0.0,0.0,0.0,1.0,0.0,0.0,0.0,1.0,0.0,0.0,0.0,1.0,0.0,0.0,0.0,1.0,0.0,0.0,0.0,1.0,0.0,0.0,0.0,1.0,0.0,0.0,0.0,1.0,0.0,True
Llama-3.2-3B,Llama,layer10,10,16,0.5925925925925926,,False,d_all,True,0.0,0.0,0.0,0.0,1.0,0.0,0.0,0.0,1.0,0.0,0.0,0.0,1.0,0.0,0.0,0.0,1.0,0.0,0.0,0.0,1.0,0.0,0.0,0.0,1.0,0.0,0.0,0.0,1.0,0.0,0.0,0.0,1.0,0.0,0.0,0.0,1.0,0.0,0.0,0.0,1.0,0.0,0.0,0.0,1.0,0.0,0.0,0.0,1.0,0.0,True
Llama-3.2-3B,Llama,layer10,10,17,0.6296296296296297,,False,d_all,True,0.0,0.0,0.0,0.0,1.0,0.0,0.0,0.0,1.0,0.0,0.0,0.0,1.0,0.0,0.0,0.0,1.0,0.0,0.0,0.0,1.0,0.0,0.0,0.0,1.0,0.0,0.0,0.0,1.0,0.0,0.0,0.0,1.0,0.0,0.0,0.0,1.0,0.0,0.0,0.0,1.0,0.0,0.0,0.0,1.0,0.0,0.0,0.0,1.0,0.0,True
Llama-3.2-3B,Llama,layer10,10,18,0.6666666666666666,,False,d_all,True,0.0,0.0,0.0,0.0,1.0,0.0,0.0,0.0,1.0,0.0,0.0,0.0,1.0,0.0,0.0,0.0,1.0,0.0,0.0,0.0,1.0,0.0,0.0,0.0,1.0,0.0,0.0,0.0,1.0,0.0,0.0,0.0,1.0,0.0,0.0,0.0,1.0,0.0,0.0,0.0,1.0,0.0,0.0,0.0,1.0,0.0,0.0,0.0,1.0,0.0,True
Llama-3.2-3B,Llama,layer10,10,19,0.7037037037037037,,False,d_all,True,0.0,0.0,0.0,0.0,1.0,0.0,0.0,0.0,1.0,0.0,0.0,0.0,1.0,0.0,0.0,0.0,1.0,0.0,0.0,0.0,1.0,0.0,0.0,0.0,1.0,0.0,0.0,0.0,1.0,0.0,0.0,0.0,1.0,0.0,0.0,0.0,1.0,0.0,0.0,0.0,1.0,0.0,0.0,0.0,1.0,0.0,0.0,0.0,1.0,0.0,True
Llama-3.2-3B,Llama,layer10,10,20,0.7407407407407407,,False,d_all,True,0.0,0.0,0.0,0.0,1.0,0.0,0.0,0.0,1.0,0.0,0.0,0.0,1.0,0.0,0.0,0.0,1.0,0.0,0.0,0.0,1.0,0.0,0.0,0.0,1.0,0.0,0.0,0.0,1.0,0.0,0.0,0.0,1.0,0.0,0.0,0.0,1.0,0.0,0.0,0.0,1.0,0.0,0.0,0.0,1.0,0.0,0.0,0.0,1.0,0.0,True
Llama-3.2-3B,Llama,layer10,10,21,0.7777777777777778,,False,d_all,True,0.0,0.0,0.0,0.0,1.0,0.0,0.0,0.0,1.0,0.0,0.0,0.0,1.0,0.0,0.0,0.0,1.0,0.0,0.0,0.0,1.0,0.0,0.0,0.0,1.0,0.0,0.0,0.0,1.0,0.0,0.0,0.0,1.0,0.0,0.0,0.0,1.0,0.0,0.0,0.0,1.0,0.0,0.0,0.0,1.0,0.0,0.0,0.0,1.0,0.0,True
Llama-3.2-3B,Llama,layer10,10,22,0.8148148148148148,,False,d_all,True,0.0,0.0,0.0,0.0,1.0,0.0,0.0,0.0,1.0,0.0,0.0,0.0,1.0,0.0,0.0,0.0,1.0,0.0,0.0,0.0,1.0,0.0,0.0,0.0,1.0,0.0,0.0,0.0,1.0,0.0,0.0,0.0,1.0,0.0,0.0,0.0,1.0,0.0,0.0,0.0,1.0,0.0,0.0,0.0,1.0,0.0,0.0,0.0,1.0,0.0,True
Llama-3.2-3B,Llama,layer10,10,23,0.8518518518518519,,False,d_all,True,0.0,0.0,0.0,0.0,1.0,0.0,0.0,0.0,1.0,0.0,0.0,0.0,1.0,0.0,0.0,0.0,1.0,0.0,0.0,0.0,1.0,0.0,0.0,0.0,1.0,0.0,0.0,0.0,1.0,0.0,0.0,0.0,1.0,0.0,0.0,0.0,1.0,0.0,0.0,0.0,1.0,0.0,0.0,0.0,1.0,0.0,0.0,0.0,1.0,0.0,True
Llama-3.2-3B,Llama,layer10,10,24,0.8888888888888888,,False,d_all,True,0.0,0.0,0.0,0.0,1.0,0.0,0.0,0.0,1.0,0.0,0.0,0.0,1.0,0.0,0.0,0.0,1.0,0.0,0.0,0.0,1.0,0.0,0.0,0.0,1.0,0.0,0.0,0.0,1.0,0.0,0.0,0.0,1.0,0.0,0.0,0.0,1.0,0.0,0.0,0.0,1.0,0.0,0.0,0.0,1.0,0.0,0.0,0.0,1.0,0.0,True
Llama-3.2-3B,Llama,layer10,10,25,0.9259259259259259,,False,d_all,True,0.0,0.0,0.0,0.0,1.0,0.0,0.0,0.0,1.0,0.0,0.0,0.0,1.0,0.0,0.0,0.0,1.0,0.0,0.0,0.0,1.0,0.0,0.0,0.0,1.0,0.0,0.0,0.0,1.0,0.0,0.0,0.0,1.0,0.0,0.0,0.0,1.0,0.0,0.0,0.0,1.0,0.0,0.0,0.0,1.0,0.0,0.0,0.0,1.0,0.0,True
Llama-3.2-3B,Llama,layer10,10,26,0.9629629629629629,,False,d_all,True,0.0,0.0,0.0,0.0,1.0,0.0,0.0,0.0,1.0,0.0,0.0,0.0,1.0,0.0,0.0,0.0,1.0,0.0,0.0,0.0,1.0,0.0,0.0,0.0,1.0,0.0,0.0,0.0,1.0,0.0,0.0,0.0,1.0,0.0,0.0,0.0,1.0,0.0,0.0,0.0,1.0,0.0,0.0,0.0,1.0,0.0,0.0,0.0,1.0,0.0,True
Llama-3.2-3B,Llama,layer10,10,27,1.0,,False,d_all,True,0.0,0.0,0.0,0.0,1.0,0.0,0.0,0.0,1.0,0.0,0.0,0.0,1.0,0.0,0.0,0.0,1.0,0.0,0.0,0.0,1.0,0.0,0.0,0.0,1.0,0.0,0.0,0.0,1.0,0.0,0.0,0.0,1.0,0.0,0.0,0.0,1.0,0.0,0.0,0.0,1.0,0.0,0.0,0.0,1.0,0.0,0.0,0.0,1.0,0.0,True
Llama-3.2-3B,Llama,layer27,27,1,0.037037037037037035,,False,d_all,False,21.97853660583496,-0.056520888888888954,-0.0677672444444445,-0.04577555555555558,1.312999663644648e-25,-1.721447598195784,-1.9222479697650225,-1.5349539088541284,2.264653870085584e-70,-0.014802614379085033,-0.025744836601307223,-0.0052598692810457625,0.004363196973595029,-0.11969354838709667,-0.14771061827956997,-0.09103198924731191,1.7226265114981687e-17,-0.6458151885417638,-0.9035621474956198,-0.3990658829487458,5.155311729009064e-07,-1.7211718286126603,-1.943197738096047,-1.502226196363199,4.616876292669284e-52,-0.003389830508474634,-0.013267848376464036,0.005615369600876821,0.4770473332583557,-0.0632441796594414,-0.08108850457253472,-0.047181488469915156,2.0937920180610735e-12,-0.16046779141104295,-0.20840346470406737,-0.11460709116454149,7.235431839838228e-11,-0.2717391304347826,-0.4148853637304724,-0.14092499043245318,0.00010330316366634646,0.10489093400801164,0.0751714210415349,0.1355622311827957,4.3379971342986235e-12,1.0753566400708965,0.8258117285177857,1.3400534959437789,1.373406429819798e-16,-1.721447598195784,True
Llama-3.2-3B,Llama,layer27,27,2,0.07407407407407407,,False,d_all,False,15.567331314086914,-0.03951288888888893,-0.04848293333333329,-0.031190755555555612,1.799439742681493e-19,-1.5380402657848684,-1.726959053711191,-1.3652591151636888,5.130452230308894e-61,-0.004946405228758222,-0.009061437908496676,-0.0015669281045751814,0.01094937811152829,-0.09110752688172041,-0.11403602150537631,-0.07042634408602154,3.387046304072112e-16,-0.10583775524539529,-0.37053579438110235,0.1547686134006601,0.4206932867848513,-1.4786669838388362,-1.6885479641787737,-1.2738073327785522,2.578990255596308e-43,-0.04644067796610174,-0.13360849878091252,-0.00147126641972002,0.21124294805537314,-0.054649934507964626,-0.07231519368831978,-0.04020947990924378,1.8176296445280503e-11,-0.1116117075664621,-0.15235145754880475,-0.07279366050069389,2.3048395103945384e-08,-0.008152173913043459,-0.035846577716014676,0.009678990364474203,0.4806706314586161,0.08616112165296219,0.06565670672570093,0.10870383196289261,4.798196645013037e-15,1.372829228593441,1.1523019982202494,1.6018765032186604,2.1507443994490565e-33,-1.5380402657848684,True
Llama-3.2-3B,Llama,layer27,27,3,0.1111111111111111,,False,d_all,False,19.946016311645508,-0.0775893333333334,-0.09107782222222215,-0.06455244444444443,5.363200094621846e-31,-2.1032065691361335,-2.2920778340422796,-1.9209977114302503,5.211865338213016e-100,-0.03824836601307191,-0.04925032679738555,-0.027904967320261376,8.371248516659065e-12,-0.11561290322580642,-0.13849583333333326,-0.09259623655913979,1.3414068807197761e-22,-1.717116595089958,-1.9513615653272331,-1.4895325680514,5.444672081647929e-49,-1.8743849353384676,-2.0846803234477624,-1.6682797689035715,2.5352192579334027e-68,-0.017966101694915304,-0.05845133132889106,0.003718995693005581,0.29362689231726957,-0.09680145350065494,-0.12023390323935823,-0.07366571440606316,1.750952621241004e-16,-0.16474948875255624,-0.20713444945150644,-0.12282426915028277,3.085023508172523e-14,-0.15217391304347827,-0.24545427623785832,-0.06590791238631163,0.0007952474632007578,0.07736453721273451,0.055272931161711975,0.09962778673835122,3.239004739104042e-12,0.15726834024850955,-0.015764014126927475,0.3325785008378243,0.07459816587229524,-2.1032065691361335,True
Llama-3.2-3B,Llama,layer27,27,4,0.14814814814814814,,False,d_all,False,22.46677017211914,-0.11104533333333333,-0.12795817777777774,-0.09610088888888882,5.584051169754695e-41,-2.425103876391989,-2.621727254434675,-2.2503425698409876,8.646345987618042e-148,-0.08017254901960791,-0.09910457516339873,-0.06378196078431375,7.916345310585501e-19,-0.1582849462365591,-0.18476989247311826,-0.13295672043010762,8.261143181585542e-33,-2.1967279141841805,-2.4294923699598163,-1.9885063495132418,4.3369068910572047e-88,-2.1733286514514543,-2.3691844005442197,-1.988520744368297,1.003304400670826e-101,-0.09220338983050846,-0.20144717253019342,-0.007426731226951871,0.06705026108028318,-0.13693328262982207,-0.1662985383209057,-0.11095083567877186,9.991506988383766e-23,-0.16516487730061347,-0.21031609466466786,-0.12157461562762371,3.452361489354018e-13,-0.2028985507246377,-0.310837150710032,-0.10642344497607653,0.00018533124524400165,0.07811239721695118,0.052853989036474806,0.10218387571157496,1.8182704871399052e-09,-0.02339926273272619,-0.19203829749846468,0.13870374004766442,0.7882911044020666,-2.425103876391989,True
Llama-3.2-3B,Llama,layer27,27,5,0.18518518518518517,,False,d_all,False,14.509427070617676,-0.008126222222222257,-0.011363733333333348,-0.005256844444444422,3.435282004509565e-07,-0.7139332362760555,-0.8642270664595424,-0.545866534403886,2.5741644564078924e-17,-0.0037699346405228873,-0.0066667973856209565,-0.0013645751633986876,0.006761813277325218,-0.01372580645161281,-0.02084112903225812,-0.0075370967741935115,7.28309881617867e-05,-0.4372279153737133,-0.6305117378949715,-0.24224353386265687,1.7634345977770394e-05,-0.5719129199687254,-0.7382032908150525,-0.38943751738149945,2.8228436328618877e-10,-0.0027118644067796183,-0.016360316422098436,0.006940069744018849,0.6463558189596924,-0.011932226306671678,-0.018655249198345276,-0.006422962081704768,0.00014282901180823015,-0.006965746421267904,-0.013416876124350278,-0.0018372640313666679,0.01644403410660615,-0.02717391304347827,-0.06223406478578899,-0.001384879197379197,0.08254178267623724,0.009955871811089922,0.003844265232974853,0.01749398587391949,0.004559078578461542,0.1346850045950121,0.023850361181733355,0.2502991335801512,0.02353967765074088,-0.7139332362760555,True
Llama-3.2-3B,Llama,layer27,27,6,0.2222222222222222,,False,d_all,False,12.486936569213867,-0.005726222222222299,-0.008240355555555582,-0.0034912888888889134,2.2903032322442316e-06,-0.5085709933181559,-0.6449553420655129,-0.35908965381160113,3.868552593113064e-12,-0.0037856209150327613,-0.006359869281045782,-0.0017830065359477592,0.0012640077444309849,-0.007779569892473082,-0.013408736559139777,-0.0031696236559139827,0.0025058559567258326,-0.36586499624963054,-0.5279487022662834,-0.19252591090343915,2.00036582455303e-05,-0.306180849802304,-0.4533493656421227,-0.1506919720743922,0.00016964024115773162,-0.0006779661016949046,-0.006691215386867666,0.0049298854221628665,0.8071466678571895,-0.008180166476528528,-0.01337223164302411,-0.0035468683761269494,0.0010160707263466681,-0.00616692229038851,-0.012387804728305515,-0.0014520958898098179,0.028948022356272304,-0.015398550724637694,-0.03583117023577767,-0.000703463203463178,0.09662956677585777,0.00399394897744032,-0.0008102993885725938,0.009732867910605084,0.13707345911725377,-0.05968414644732656,-0.17078036844753383,0.05127175342694612,0.28521526256073104,-0.5085709933181559,True
Llama-3.2-3B,Llama,layer27,27,7,0.25925925925925924,,False,d_all,False,11.73497486114502,-0.005031111111111097,-0.008135822222222314,-0.002648844444444476,0.0002465552032524566,-0.383289131565129,-0.5188138699495568,-0.24946061112694362,3.163005580431586e-08,-0.0028339869281046592,-0.0052079738562091134,-0.000888758169934581,0.01069282509243639,-0.007123655913978455,-0.01246612903225812,-0.0031451612903226067,0.0025103781237298846,-0.21682619322563745,-0.36610837188796524,-0.049962532909208435,0.010655385707688947,-0.20661747145411402,-0.3529233348579641,-0.054028001545694794,0.005740937486322478,-0.006440677966101704,-0.0210619511381997,0.00540144310977641,0.36202817577961677,-0.007647779608737859,-0.014752613121959659,-0.002525288391307199,0.013024963198985074,-0.0043456032719836335,-0.009276331412748732,-0.000939581236997203,0.04576106852384741,-0.0126811594202898,-0.03361362648507678,0.0,0.1505595377183133,0.004289668985873796,0.0005825664136622611,0.009312238034998881,0.04240633059114346,-0.010208721771523432,-0.1201134049115786,0.09395529485951454,0.8462217567001017,-0.383289131565129,True
Llama-3.2-3B,Llama,layer27,27,8,0.2962962962962963,,False,d_all,False,9.41391372680664,-0.0018719999999999848,-0.003104933333333329,-0.000673733333333329,0.0023997437675086684,-0.25666442918647325,-0.3612158452340315,-0.15396011473200666,2.2742712642853607e-06,-0.0014483660130719667,-0.002877124183006546,-0.0003240522875816694,0.028786259695279582,-0.002016129032258007,-0.004624059139784959,0.00038198924731183665,0.09782639773236511,-0.18905353324050722,-0.3131100406722765,-0.06810067555605259,0.0027516607879846965,-0.14567484608360726,-0.25825216170502485,-0.0345798970706566,0.011483542528908118,0.0010169491525423568,-0.0033927527761543506,0.005054086968980611,0.6260138454920505,-0.001867579329868585,-0.004511396611586829,0.0005907147107763074,0.15085121492790263,-0.002716002044989785,-0.006188276308048679,-0.0003912552913799719,0.06963997852424429,-0.010869565217391242,-0.025384345876252525,0.0,0.09803793774425847,0.0005677630191860406,-0.0018518511490618061,0.0032490949820789287,0.6630323643957874,-0.043378687156899964,-0.11320388566822333,0.025571035818202793,0.22750293114843778,-0.25666442918647325,True
Llama-3.2-3B,Llama,layer27,27,9,0.3333333333333333,,False,d_all,False,9.710264205932617,-0.003594666666666746,-0.00556853333333335,-0.0020638666666666222,7.538815479930021e-05,-0.299715221947106,-0.42361711919717193,-0.187321823459307,1.361964090445542e-06,-0.0022274509803922315,-0.003963790849673118,-0.000883529411764697,0.0052052137496409615,-0.00597849462365585,-0.009712634408602113,-0.0029823924731182325,0.0005505807108778437,-0.1567798954958488,-0.29643788669822957,-0.014289039803249779,0.031337275398860866,-0.16783619965439378,-0.2989905282638243,-0.03564125540280001,0.01436527701123335,-0.002372881355932166,-0.00865709197229183,0.002498045432828016,0.4010916286569117,-0.004842185321333514,-0.00813356014141237,-0.0021964830097389535,0.001221607874430006,-0.0020769427402862473,-0.005329312386883786,3.174073490744545e-05,0.12103796969988938,-0.019927536231884035,-0.051201200115673834,0.0,0.14145429411099994,0.0037510436432636185,0.0009182516339869191,0.007181787370862292,0.018577018758910636,0.011056304158544972,-0.07244050187802926,0.09322688074896748,0.803090075283623,-0.299715221947106,True
Llama-3.2-3B,Llama,layer27,27,10,0.37037037037037035,,False,d_all,False,7.671245574951172,-0.0017333333333333645,-0.003020488888888828,-0.0007163555555555229,0.0023127800005167377,-0.19474178393713037,-0.28673767944732825,-0.10115448804465321,4.367347008817709e-05,-0.0012653594771242505,-0.0023011764705882674,-0.00040771241830069873,0.011392133276231321,-0.0025967741935483124,-0.0054467741935483845,-0.00031680107526883865,0.048444741961159006,-0.14881332907312084,-0.25762979404741215,-0.03703145815692681,0.007513223744371228,-0.0985559100635287,-0.19791272890982212,0.0028125558507828227,0.052932292083969705,-0.0006779661016949046,-0.003889463946394689,0.002017843109214962,0.6546824317117972,-0.0023830650272531617,-0.0051073357985572995,-0.0003338173145651083,0.051306809812806324,-0.0007029652351737692,-0.0020676697283667084,0.00025561976319281863,0.22644177128985798,-0.004528985507246341,-0.014285714285714346,0.0,0.25816385271013775,0.001331414716424062,-0.000961147480497676,0.004148187855787437,0.31190423635136133,-0.05025741900959213,-0.11483416717227198,0.015735817614549695,0.12057837667745783,-0.19474178393713037,True
Llama-3.2-3B,Llama,layer27,27,11,0.4074074074074074,,False,d_all,False,5.986579895019531,-0.0010453333333333426,-0.001731555555555489,-0.0004941777777777324,0.0013223102042329803,-0.04802725626565163,-0.12138886715851097,0.028896920807879752,0.20705820326589164,-0.0010771241830065392,-0.001987058823529375,-0.00034483660130718043,0.009168519101213544,-0.0008064516129031585,-0.001930645161290323,0.0001612903225806095,0.13093667663443154,-0.046540975348551505,-0.13326440426069042,0.04212824575944254,0.2894334317298328,0.05098597912377789,-0.025932427721345963,0.1307938072689238,0.20920542713819668,0.0016949152542372614,-0.001209532438768318,0.006316122185308278,0.380876852130802,-0.0014788524105294742,-0.002968646380953818,-0.0002931106498031328,0.034976527959049215,-0.0004473415132923986,-0.0015061689860045107,0.0005488867099099208,0.38908868589546697,-0.0036231884057971175,-0.015627893518518517,0.003831662913741623,0.4457293849167224,-0.00027067257010338075,-0.0015765449082859068,0.0009161996626608043,0.6595827253875469,-0.0975269544723294,-0.1506528225453685,-0.04705653592096509,0.00021773261690292593,-0.04802725626565163,True
Llama-3.2-3B,Llama,layer27,27,12,0.4444444444444444,,False,d_all,False,4.287441253662109,-0.0007982222222222557,-0.0015131111111111178,-0.00017751111111105635,0.021278559090160073,-0.08329328549885551,-0.14945539110402964,-0.011822492913226013,0.015014704303434179,-0.00028235294117651133,-0.0007843137254902599,0.00016745098039209192,0.2492801840899187,-0.0015322580645160677,-0.0035268817204300333,-4.825268817197649e-05,0.08996407717627272,-0.04903370387275663,-0.12152172892141173,0.029581001976462507,0.2039202869547624,-0.028167270531532562,-0.09904235124290475,0.04750698810046617,0.4440406529943768,-0.0016949152542372614,-0.0061677655340889705,0.0013342342342342042,0.376412464318742,-0.0012337854396416992,-0.0026493653023331926,-5.910935763724373e-05,0.062393250802086124,-0.00041538854805722725,-0.0017881986577913706,0.0008107373192341474,0.5227917390625699,-0.0018115942028985588,-0.011839177707373173,0.005749504751032406,0.6814043419226019,0.0012499051233395564,-0.00029837602783033547,0.0033378921568626703,0.17620580892590088,-0.020866433341224067,-0.07597630753874315,0.03346208436690511,0.45534714753132544,-0.08329328549885551,True
Llama-3.2-3B,Llama,layer27,27,13,0.48148148148148145,,False,d_all,False,5.959722518920898,-0.0008622222222222087,-0.0017175111111111252,-0.00011013333333334271,0.042626754937006094,-0.08446337822735162,-0.15728267338654148,-0.01520161539960661,0.020319760729457893,-0.00013594771241831616,-0.0006277124183005717,0.0002930718954248843,0.5665592094405633,-0.0017526881720429932,-0.004096774193548369,1.6532258064569006e-05,0.10096626023561808,0.027406925905519408,-0.05574217069118108,0.10550010238792107,0.5080487383553587,0.0005923744570059952,-0.08066898546516117,0.07971173234019327,0.9879693151318937,-0.0003389830508474523,-0.004816375677302864,0.003895141220788543,0.8750605992243875,-0.00179997464824444,-0.003894450976495023,0.0,0.0659442541349314,-0.0004473415132923986,-0.0014882816450032172,0.0002730846516604767,0.3411767985651458,0.0036231884057971175,0.0,0.012126823793490421,0.30518264964791264,0.001616740459624677,-2.5703668564283627e-05,0.003946195973012953,0.12168957992523742,0.026814551448513413,-0.0258001473300258,0.0798387378311819,0.3094515117009238,-0.08446337822735162,True
Llama-3.2-3B,Llama,layer27,27,14,0.5185185185185185,,False,d_all,False,5.721505165100098,-0.0021600000000000508,-0.0037016888888888877,-0.0007892444444444203,0.003612647157692484,-0.3298940947703075,-0.42020958432733807,-0.2318145245654991,2.8042319322717362e-12,-0.0009830065359477391,-0.001955686274509738,-0.00024575163398687927,0.022165373519046492,-0.0032419354838709724,-0.007511155913978479,7.056451612903408e-05,0.0946717849529201,-0.34871975958888646,-0.45146229910351193,-0.24172646856980493,4.9632533495871425e-11,-0.23435640036367156,-0.32406085112238425,-0.13215077400055797,2.5991960860532284e-06,-0.0030508474576271816,-0.010811441040199172,0.002454536776287556,0.3369645327146612,-0.0035323446148646243,-0.0067330446851553375,-0.000622779408257918,0.026827267736626526,-0.0009905419222903111,-0.0026545628541880277,0.00021111352121981614,0.17817689614015775,0.0018115942028985588,-0.0025018500643500113,0.008708104215763329,0.525386508247719,0.0022589289479232333,-0.001053332806240856,0.0066262913767658384,0.2455571721905082,-0.1143633592252149,-0.1938103427555297,-0.04004630833413477,0.003330450148135055,-0.3298940947703075,True
Llama-3.2-3B,Llama,layer27,27,15,0.5555555555555556,,False,d_all,False,6.751877784729004,-0.0011893333333333755,-0.002167155555555564,-0.000357066666666653,0.010572198625074362,-0.18329018579018452,-0.26958380330558124,-0.09256887980379541,3.51235313978757e-05,-0.0010562091503268922,-0.0023164705882352836,-4.705882352940005e-05,0.07967587444123042,-0.001817204301075237,-0.003597446236559068,-0.00023642473118288832,0.04073629086000565,-0.09107991057755482,-0.19048274824205674,0.01243844198432142,0.07695247661603603,-0.0997371615898679,-0.19051142996869883,-0.008731180971124904,0.03155301452096175,0.0006779661016949046,-0.003378950984883211,0.005122143420015712,0.749295087358679,-0.001436599484514245,-0.0031383022612340465,0.00012135677050047177,0.09329611929848458,-0.0023964723926379605,-0.005526914684596623,0.00018074269551142069,0.09535338899791779,-0.0063405797101449,-0.022065388655462218,0.002298982996980811,0.3020253823928939,0.0007609951507483448,-0.0011824404385410658,0.0027460668353362825,0.4332447953925507,0.008657251012313072,-0.05418713460575445,0.07139511919149295,0.7871966626818664,-0.18329018579018452,True
Llama-3.2-3B,Llama,layer27,27,16,0.5925925925925926,,False,d_all,False,4.772517204284668,-0.0006631111111111698,-0.001544888888888929,-1.2222222222258086e-05,0.09765162693342934,-0.07870210057067917,-0.14524025308110985,-0.015798756706106924,0.019372982456447512,-0.0005647058823530227,-0.0014484967320261056,0.0001047058823529261,0.14846016471685136,-0.0008602150537634357,-0.0024893817204300226,0.00024744623655915943,0.2137346882799217,-0.03206758238458507,-0.11497967193675288,0.04382416670189627,0.4177076969022012,-0.0769767624091835,-0.14420206077925815,-0.011532199859239511,0.021789427275651894,-0.003389830508474634,-0.010703828828828909,0.00285896164021167,0.3125693746009869,-0.0007098491570540766,-0.0029743054636512585,0.0007030197022701353,0.4452133624398843,-0.00028757668711654194,-0.0011698611989601814,0.00039112856752209206,0.48572744462963857,-0.0027173913043477826,-0.012245695153061259,0.0028521825396824905,0.49617781956913964,0.000295509171410413,-0.0008162866329326945,0.0017534097617541932,0.6475909489681064,0.04490918002459843,-0.0035477807614972988,0.09746024794638472,0.07732128480103015,-0.07870210057067917,True
Llama-3.2-3B,Llama,layer27,27,17,0.6296296296296297,,False,d_all,False,6.7131853103637695,-0.0002168888888889331,-0.0011235999999999913,0.0006656888888889371,0.6413892646748782,-0.1446382734078977,-0.23457615238830262,-0.054313454281408075,0.0014967904783311967,-0.00013071895424843216,-0.0008840522875817963,0.0006483660130719437,0.7398690487303274,-0.0001290322580644876,-0.002156182795698983,0.002156048387096726,0.9078371311980256,-0.1680324551510579,-0.2698836568197165,-0.06584651577882872,0.0014382750161977204,-0.1032258332890823,-0.19453429052677385,-0.009702725597505991,0.02783899492546773,0.0006779661016949046,-0.004884982461864756,0.006340849000883873,0.8038661764126063,-0.00032112223771496584,-0.0024246437496378477,0.0018278116748455225,0.7607862505159284,-0.0007349182004089405,-0.0022095672430774566,0.00028180542199237045,0.24151457239890395,-0.005434782608695676,-0.0197241902834008,0.0029877514099262764,0.354996688295798,-1.6866961839445693e-06,-0.0022548719165085855,0.0020346236559139527,0.9987856736196459,-0.06480662186197561,-0.13736842262024584,0.002423388112023081,0.07253684301382338,-0.1446382734078977,True
Llama-3.2-3B,Llama,layer27,27,18,0.6666666666666666,,False,d_all,False,3.5277795791625977,-0.00015111111111110187,-0.0007538222222221891,0.0004944444444443972,0.6237119419356332,-0.062024129392502125,-0.12447127377350119,-0.005055363340566939,0.039336718556628486,9.41176470588001e-05,-0.0003452287581699215,0.0006118954248366697,0.6950732274455773,-0.00017204301075268713,-0.0014893817204301302,0.001419758064516038,0.8134908361868056,-0.051342842486430396,-0.12254249605772487,0.014963556359069336,0.13200118369603903,-0.05901561432139557,-0.12105786563615666,0.0031429646178115556,0.05980361807540048,0.0006779661016949046,-0.0051309369112665865,0.006713676764012326,0.8122530429900399,-0.00022816580048168333,-0.0014562272647474562,0.001116023032439836,0.7301980757659791,-0.0005112474437627412,-0.0013987476739605598,0.00012134599464988514,0.1961249941844182,0.0036231884057971175,0.0,0.012126823793490421,0.30518264964791264,0.00026616065781148723,-0.0012555892894791198,0.0015917394054397044,0.7125943589176564,0.007672771834965175,-0.03948976053155101,0.0519480599516937,0.7407505657798299,-0.062024129392502125,True
Llama-3.2-3B,Llama,layer27,27,19,0.7037037037037037,,False,d_all,False,5.9465742111206055,-0.001585777777777797,-0.0024911555555556407,-0.0007751111111110598,0.00028563002305567005,-0.1187009829892629,-0.20239659510697317,-0.03184196555109481,0.005935160115754891,-0.0005071895424837436,-0.0012235294117647344,0.00012549019607843714,0.14432567191068552,-0.0029462365591397255,-0.004845564516129089,-0.0012686827956989056,0.0013482548260794949,-0.06286804810181978,-0.1589788719169888,0.039334603338279005,0.20871747946276709,-0.08235352367157,-0.16685216227880661,0.0072380064116484245,0.06174590061889695,-0.004406779661016991,-0.011336938925680622,0.00067486950037284,0.16125525890702064,-0.002188701567583551,-0.003948785727192025,-0.0007286305591876931,0.009580151401993342,-0.00214084867075659,-0.004309709536854963,-0.0005116527681346048,0.027535384491209323,-0.005434782608695676,-0.01959218438108381,0.0029448075526506768,0.34066160716869576,0.002439047016655982,0.0007315211891207291,0.0043026017288635135,0.006825814816176093,0.01948547556975022,-0.041634504321461784,0.07809254263111733,0.5286727268959285,-0.1187009829892629,True
Llama-3.2-3B,Llama,layer27,27,20,0.7407407407407407,,False,d_all,False,4.861285209655762,-0.0007200000000000539,-0.0014899111111110364,1.608888888890428e-05,0.05460865192424755,-0.11704801636818774,-0.18201068244110064,-0.05338380411827354,0.0004118956556279522,-0.0005385620915032696,-0.0013334640522875475,0.00025098039215676603,0.1857608576284181,-0.0009032258064515242,-0.002355107526881753,0.0007478494623656623,0.24834119445635872,-0.15569581492262508,-0.2263378939924361,-0.08230704694657659,2.594867034727025e-05,-0.058141077919179995,-0.1251375165829928,0.005772861626691415,0.08315669379717489,0.0006779661016949046,-0.00539287262059539,0.00666743031691489,0.8221600648691594,-0.000870410275911615,-0.0023332749583109408,0.0006788987560529396,0.26104898682604327,-0.0012461656441717928,-0.0029395238973479675,-0.0001527360750621323,0.07495349610331278,-0.0009057971014492239,-0.008929237739872036,0.0068519952352589985,0.81220110758766,0.00036466371494825456,-0.001310818047649137,0.0018754622601728772,0.646134933336874,-0.09755473700344508,-0.1461315856961002,-0.04958905748761247,0.00010881924835165413,-0.11704801636818774,True
Llama-3.2-3B,Llama,layer27,27,21,0.7777777777777778,,False,d_all,False,7.20468807220459,-0.0013066666666666782,-0.0023893333333333544,-0.00038915555555557607,0.01012948154380857,-0.20458861687997443,-0.28314625990253445,-0.12543900299475813,4.063272924762634e-07,-0.0018509803921569201,-0.0037807843137255106,-0.0003712418300653164,0.042363067909666464,-0.001145161290322494,-0.002924999999999983,0.00036626344086017,0.17260839191397181,-0.27075292044479626,-0.35738447599905004,-0.17810439703746084,3.748142334445676e-09,-0.12721584940516095,-0.20989823089320253,-0.04622140033560057,0.0019664998954042764,-0.002372881355932166,-0.008156460572525347,0.001911544059800505,0.3472628455144826,-0.0011577301728145084,-0.0029872534662954754,0.0005253777170919847,0.2054719348605003,-0.0010224948875254825,-0.0030297616742793465,0.00012945462696115878,0.22550691636686426,0.0018115942028985588,-0.007101648351648343,0.011111626468769287,0.6899240412899211,-0.0007058191018344262,-0.0030950874973645097,0.0014791587602782888,0.5476687325297169,-0.1435370710396353,-0.19909562397825173,-0.08658920288812587,1.1123121663471363e-06,-0.20458861687997443,True
Llama-3.2-3B,Llama,layer27,27,22,0.8148148148148148,,False,d_all,False,5.675664901733398,-0.00044622222222223673,-0.0013605333333333608,0.00044106666666670887,0.32463474573301254,-0.08697431890861562,-0.17545516671139924,-0.006861262257028768,0.042050964675849165,0.0006222222222221907,-1.5947712418368217e-05,0.0014483660130718556,0.09335610110904329,-0.001553763440860112,-0.003603091397849517,7.553763440851211e-05,0.11601625947935795,0.020845537873588782,-0.07464817275901722,0.11446860989776665,0.6723114762915471,-0.09720405976331659,-0.18010848488440764,-0.014546275610811921,0.02438598725382083,0.004067796610169427,0.0,0.010641142337012235,0.14226089765510141,-0.001250686610047791,-0.003552443987815157,0.000718880564545823,0.25903597508647447,-0.0011822597137014501,-0.0028441669932628088,6.343017378952205e-05,0.12100578871980527,0.0018115942028985588,-0.005226319019422423,0.00968040599386291,0.6145040202214431,0.0021759856630823027,0.0005409203036052413,0.004367288635884421,0.027426974602641294,0.11804959763690537,0.0579746537535245,0.178654396720808,8.08881848148108e-05,-0.08697431890861562,True
Llama-3.2-3B,Llama,layer27,27,23,0.8518518518518519,,False,d_all,False,5.43942403793335,-0.0017173333333333485,-0.002987022222222249,-0.0007464000000000057,0.002569610619743287,-0.22237219672202713,-0.2898263380907182,-0.15545986278433563,2.3100665221812095e-10,-0.0012549019607843714,-0.0024315032679738447,-0.00028745098039214834,0.018724138078802015,-0.00208602150537629,-0.003897849462365599,-0.0006020161290323096,0.016478522027282127,-0.1608923979249428,-0.24490953739148055,-0.08514123724986158,0.00011182615861229118,-0.13415348075013966,-0.20700181053953304,-0.06200445454000075,0.0002134066349554183,-0.005084745762711895,-0.016375333611492786,0.0022159542762008257,0.282930061134834,-0.0028816495542316467,-0.005816556444004986,-0.0007466397660851388,0.023536988106563357,-0.0009905419222903111,-0.002376814362108501,3.767940683934153e-05,0.12044831641709297,-0.0018115942028985588,-0.012793449980752894,0.007815600198412695,0.7108927135219509,0.0008311195445919184,-0.0005419154543537169,0.0023369006957621756,0.2565565791404698,-0.026738917174803145,-0.08848393880792758,0.029609397217555067,0.3520892917415873,-0.22237219672202713,True
Llama-3.2-3B,Llama,layer27,27,24,0.8888888888888888,,False,d_all,False,5.411413192749023,-0.0002257777777777692,-0.0006880000000000219,0.0001835111111110229,0.31118421837805843,-0.13989956948128413,-0.19185839248241032,-0.08478494003719125,5.101677871595506e-07,0.00024052287581699527,-0.00018849673202609717,0.0007848366013072506,0.34829022276299826,-0.0007096774193547928,-0.001705779569892521,0.00018830645161295166,0.161256283154677,-0.09071092282278848,-0.1541393196363265,-0.025589828337729915,0.006693222957280297,-0.12827231896641322,-0.1826901542911623,-0.0755959553887691,5.02707321610881e-06,-0.0013559322033898091,-0.008372983896755021,0.004301308365171729,0.6626269672854757,-0.00068449740144505,-0.0017036263592444562,0.00024527169306541515,0.16255488661199646,-9.585889570551398e-05,-0.000722585462041847,0.0004683289806407916,0.741328640545504,-0.004528985507246341,-0.020004385964912295,0.0033621525533290113,0.4381984220635601,0.0009502002951717881,-6.535157073581376e-05,0.0020710952983344216,0.08140309702143732,0.03756139614362475,-0.008387742377723916,0.08255457414380178,0.10524896668574518,-0.13989956948128413,True
Llama-3.2-3B,Llama,layer27,27,25,0.9259259259259259,,False,d_all,False,7.181795120239258,-0.0008462222222223037,-0.0014652888888888494,-0.0002807111111111095,0.00651061019246262,-0.09420163333729459,-0.16168488904575012,-0.02652836589335539,0.00529770127155191,-0.00030326797385626936,-0.0011295424836601814,0.00030339869281051634,0.40103000414199386,-0.0018924731182795584,-0.0033931451612903675,-0.0005913978494623828,0.008314728454033206,-0.024852720766850744,-0.0977164822015192,0.05356439925162098,0.5168688035220086,-0.06914507607753695,-0.14276409500248338,0.0029222290105160934,0.05289499124231154,-0.0030508474576271816,-0.00783524238746811,0.0,0.13554131034215375,-0.001183081928423535,-0.002430587304212692,0.0001502659529860311,0.07555549657843097,-0.0002236707566461993,-0.0010051243923114989,0.00046074775914015917,0.5467546282033594,-0.004528985507246341,-0.016192769916650522,0.0,0.30743893821076596,0.001589205144423289,0.0001928030782205964,0.003142874235715745,0.04119772287711225,0.044292355310686204,0.0010439500714300445,0.09173439693120858,0.06026611196951734,-0.09420163333729459,True
Llama-3.2-3B,Llama,layer27,27,26,0.9629629629629629,,False,d_all,False,5.523186683654785,-0.002008888888888949,-0.003435333333333257,-0.0008390222222222327,0.0032348173092177903,-0.2932864551906964,-0.3733811601600946,-0.21105981098795165,3.5039574209229896e-12,-0.0011660130718954553,-0.0023581699346404417,-0.0002088888888888615,0.03909375297930765,-0.004048387096774131,-0.007129435483870944,-0.0015583333333332513,0.005949398540143455,-0.3638984450193856,-0.45748911011948734,-0.2712756425566896,8.625536454148808e-15,-0.2583864150075681,-0.34321143402662735,-0.17381302828448664,2.019019318830282e-09,-0.0027118644067796183,-0.010495985495985526,0.0026821071644360425,0.41647453379939614,-0.00336333291080404,-0.006496618418862332,-0.0007191881739809203,0.020157049440751345,-0.0013100715746421354,-0.0035170751730483675,0.0003024345192993021,0.19194884857875028,-0.004528985507246341,-0.016383791381900995,0.002381705846895712,0.3631967797897735,0.0028823740248786756,0.0005980908707569094,0.0058509777566941226,0.03484950175564063,-0.10551203001181753,-0.17670469451760815,-0.03998461546583539,0.0029574888518745907,-0.2932864551906964,True
Llama-3.2-3B,Llama,layer27,27,27,1.0,,False,d_all,False,4.74595308303833,-0.0005724444444444865,-0.001441999999999985,3.73777777777778e-05,0.11996682091105122,-0.025982203780580804,-0.08711141246906762,0.035104498665310374,0.39686895143392165,-0.0004392156862745855,-0.0013179084967320314,0.00023006535947711902,0.28794560896758736,-0.0011290322580644885,-0.0026137096774193347,8.615591397854715e-05,0.10480904577936391,0.0990057551615271,0.02788719205106276,0.1742757940736526,0.010411452712273358,-0.03830446140773702,-0.10220764804232992,0.022526521445938533,0.23215650123041465,-0.007118644067796609,-0.02357523183104569,0.001588440028403635,0.31037284222356587,-0.0002873198969028934,-0.0015410849694560747,0.0007353042956418865,0.6169296779483902,-0.0002556237218813706,-0.000778132297695186,0.00012779654821373776,0.2690059158854742,-0.004528985507246341,-0.018790628385698855,0.0014056234335839838,0.38805357854340616,0.000689816571789903,-0.0007119201981867634,0.0020075648323846086,0.3136997223316995,0.13731021656926412,0.08754386297873841,0.19219720989624664,3.8425217284290854e-07,-0.025982203780580804,True
Llama-3.2-3B,Llama,behavior,28,1,0.037037037037037035,0.997829020023346,False,auc_all,False,6.375,-0.1304684444444444,-0.14893982222222227,-0.11182475555555557,1.2355151836045006e-40,-0.7565874976507097,-0.8886509348695925,-0.6289222242407551,4.739596842038629e-31,-0.034305882352941186,-0.059651699346405254,-0.012735620915032645,0.004820750920512833,-0.21756720430107523,-0.2524007392473118,-0.18284603494623658,5.43884098785942e-35,0.06483454059722749,-0.12449332098258784,0.23049433806667857,0.4714640147527337,-1.1102078906936323,-1.2956855774005487,-0.9307179026560514,4.3600794372864736e-33,-0.025932203389830488,-0.055183946488294285,-0.004383474828304361,0.044717907476071156,-0.17082012929395363,-0.2015752331566486,-0.14058676971267414,1.5306471260657866e-27,-0.307978655419223,-0.372014336278549,-0.24335274671827672,2.402586605354082e-20,-0.26403985507246386,-0.4312544642857143,-0.10073863636363634,0.001570615377180012,0.18326132194813405,0.14268802761964997,0.22225122259118715,1.3336104356024555e-19,1.1750424312908598,0.9635571415988515,1.3947563706243085,6.391870462053848e-26,-0.1304684444444444,True
Llama-3.2-3B,Llama,behavior,28,2,0.07407407407407407,0.9433019161224365,False,auc_all,False,3.375,-0.33514844444444436,-0.3620435777777778,-0.30983104444444437,5.556713426517938e-142,-1.644158719322769,-1.7996250117378219,-1.502927309515422,2.7515591771304363e-106,-0.2890065359477124,-0.3294918954248366,-0.2526569281045752,1.6002499256608847e-48,-0.35765322580645165,-0.39975651881720425,-0.3163306451612904,6.443687232199088e-63,-1.3466653129946695,-1.5452602498447692,-1.1669272345279373,5.6475895368369596e-42,-1.7170221179475735,-1.9307289248844435,-1.5030965505183427,1.4564894531173672e-57,-0.2671186440677966,-0.38763413584948236,-0.16267696926977476,2.628733828083337e-06,-0.30636329065787815,-0.34805493837252094,-0.2679968873920999,1.0683832946210768e-52,-0.39783039366053174,-0.46398214757750844,-0.3327561165181745,1.0854063343005679e-32,-0.43161231884057977,-0.6111496913580248,-0.21918407153447006,8.274491560338074e-06,0.06864668985873923,0.015840596932321305,0.12010359029095503,0.01066712336688326,0.370356804952904,0.1262488451966117,0.6110717103837255,0.0035833994457539577,-0.33514844444444436,True
Llama-3.2-3B,Llama,behavior,28,3,0.1111111111111111,0.9449391961097717,False,auc_all,False,3.75,-0.382856,-0.4132180444444444,-0.35098688888888896,3.2241288831603937e-135,-1.8016988148235025,-1.9721431631714583,-1.623544725802154,3.169694831046284e-94,-0.3080183006535948,-0.3491996078431373,-0.26535450980392167,6.045639076678401e-44,-0.44535483870967746,-0.48936532258064513,-0.399814247311828,1.5373847763803573e-79,-1.4727800996948213,-1.6979574589290154,-1.2494123739983434,7.029441281384564e-37,-1.9934089915856226,-2.2114678726943255,-1.771106820430373,3.784518616763181e-67,-0.49779661016949156,-0.6971353171252055,-0.2879662380188644,3.5198887662808305e-06,-0.4855537245954283,-0.5286637784652113,-0.43931091551588775,5.953335626145549e-105,-0.5018213190184049,-0.570472206517749,-0.43518664172725674,6.228037578290301e-48,-0.41983695652173914,-0.6154857954545455,-0.2162037433002622,3.6669369968570385e-05,0.13733653805608265,0.08053246758380775,0.19313834914611,1.5302808024260072e-06,0.5206288918908013,0.2489236091805628,0.7843678619185585,0.00022260715184426613,-0.382856,True
Llama-3.2-3B,Llama,behavior,28,4,0.14814814814814814,0.9077973365783691,False,auc_all,False,4.625,-0.2825644444444444,-0.3122027333333333,-0.2550291555555556,7.073913863083022e-81,-1.4515111425414822,-1.6316262777734207,-1.2892204063004853,1.5109134897014381e-63,-0.17993725490196077,-0.22077777777777777,-0.14065104575163398,1.7426953057548156e-17,-0.3909327956989247,-0.4323844758064516,-0.3492009408602151,3.5964816643276283e-71,-0.9711796561836813,-1.2062123212529823,-0.7495734010338857,1.6530169143873365e-16,-1.8334071098977394,-2.0451363949035573,-1.634208369534503,1.355326498571678e-65,-0.6089830508474576,-0.7871746467349616,-0.4409358175882451,3.943020139783256e-12,-0.3651159842819116,-0.4110313297926004,-0.3241739424748525,8.203957998546115e-60,-0.4137908997955011,-0.48556750305258856,-0.33935524795862054,4.642702214182251e-31,-0.44972826086956524,-0.6331369844241698,-0.27825035483270505,9.269130089831821e-07,0.21099554079696392,0.15869923597933797,0.2616560251950243,2.601615723610451e-15,0.8622274537140581,0.6058102973592911,1.1218066572793484,1.6181463348997236e-10,-0.2825644444444444,True
Llama-3.2-3B,Llama,behavior,28,5,0.18518518518518517,0.9789965152740479,False,auc_all,False,4.5,-0.32864799999999994,-0.355534,-0.3028076888888889,7.606226724350641e-129,-1.6491938768729524,-1.7888638456379002,-1.5031803994766153,7.48310755255481e-110,-0.22762352941176467,-0.2673795424836601,-0.19169490196078423,5.60289639399401e-32,-0.3978548387096774,-0.44072069892473115,-0.3551628360215054,5.742343937342571e-72,-1.214801242013881,-1.4141074861972194,-1.0276766787395468,3.501470953596526e-33,-1.8675418809252018,-2.074466710366982,-1.669937084840176,1.6864317511878458e-72,-0.32525423728813563,-0.46727698279087165,-0.19703334404717932,1.340364940194944e-06,-0.37020746186673437,-0.41084004002504876,-0.3282147287782792,3.0072580499588003e-68,-0.4818666922290389,-0.5448688502336116,-0.4173049060967014,6.431910370709796e-49,-0.29483695652173914,-0.47593954248366016,-0.10082305073928305,0.002348437919653355,0.17023130929791275,0.11476233844613117,0.22278204590976178,7.430183515267391e-10,0.6527406389113208,0.38040209582322526,0.8895850274924835,6.430143716331481e-07,-0.32864799999999994,True
Llama-3.2-3B,Llama,behavior,28,6,0.2222222222222222,0.9871549010276794,False,auc_all,False,3.5,-0.16751022222222223,-0.19131344444444445,-0.14470022222222229,3.825851550194238e-46,-0.9751854890187788,-1.1297053720754622,-0.831620909540577,1.584504598104125e-39,-0.10257516339869277,-0.13341274509803916,-0.07347274509803921,1.7580844004092092e-10,-0.21898655913978493,-0.2563220430107527,-0.18414657258064526,3.832517807245864e-35,-0.598105275789149,-0.7938700420692922,-0.4087317806494987,2.067202517855584e-09,-1.186099206242527,-1.3639167797367264,-1.0150008190671824,3.8403368897854373e-38,-0.2549152542372882,-0.454713998838061,-0.09678650576894147,0.004408142864265622,-0.16975958085097398,-0.20209838195200283,-0.139689439892652,4.36572826677692e-27,-0.22889506646216773,-0.2832656643070031,-0.1781751724435115,4.705283702326536e-17,-0.1340579710144928,-0.2700745652652432,0.002617210257147594,0.05170554661583887,0.11641139574109216,0.0759206172253848,0.1611839118174151,3.958076049861533e-08,0.5879939304533781,0.3618599309244222,0.8034715426706851,2.282588644796424e-07,-0.16751022222222223,True
Llama-3.2-3B,Llama,behavior,28,7,0.25925925925925924,0.9890583753585815,False,auc_all,False,3.0,-0.06713599999999997,-0.08493793333333328,-0.05034062222222224,4.576775820264574e-14,-0.44439454736207473,-0.5843446711220943,-0.31118928578399746,1.1851528232577872e-10,-0.029152941176470604,-0.05378346405228764,-0.00621326797385625,0.018953265516508756,-0.09170161290322587,-0.11604905913978497,-0.06687741935483867,6.798475128849125e-13,-0.21890859179790922,-0.3916364843863786,-0.05591264211800839,0.01190983162785397,-0.608266341480679,-0.7766161788580394,-0.44200925540100616,1.2623878988539051e-12,-0.06677966101694921,-0.17449673202614385,-0.002462852297504592,0.1533611500720887,-0.07908480162251241,-0.10151063522082375,-0.056187023077157845,4.265507320885309e-12,-0.1338349948875256,-0.18424195891949008,-0.08512833864917223,4.4935610654802864e-08,-0.12273550724637683,-0.23202417307648873,-0.01344236337750054,0.028082963652211006,0.06254867172675527,0.0314000337339237,0.09134801154332706,6.44500415264164e-05,0.3893577496827698,0.18952500864923363,0.5712762280604333,8.198132569585092e-05,-0.06713599999999997,True
Llama-3.2-3B,Llama,behavior,28,8,0.2962962962962963,0.9991678595542908,False,auc_all,False,2.25,-0.03937333333333326,-0.05149431111111112,-0.026945111111111104,1.2152760943345203e-10,-0.2300003523407721,-0.3323360148230557,-0.12751386875705087,1.0523498346828255e-05,-0.022467973856209134,-0.04027875816993466,-0.005515490196078511,0.014286383245242394,-0.05298387096774193,-0.07138467741935475,-0.03480295698924728,1.4520443003928938e-08,-0.048274391522653115,-0.18020700273801737,0.0717200473756796,0.4709230547530139,-0.2581544165988281,-0.38075663524366127,-0.11726613730874215,0.00014448073428949412,-0.029661016949152574,-0.05691212515989308,-0.00890800927156473,0.01672604165345805,-0.04985845269784939,-0.06743587480934243,-0.03354764146589866,6.53829177550696e-09,-0.07128706543967289,-0.10028746685081139,-0.04534062202398511,3.627692444949841e-07,-0.00815217391304357,-0.06431315179050687,0.05185939918730654,0.7872351916154289,0.030515897111532797,0.006273515180265721,0.05393074609951517,0.010042994346315188,0.20988002507617498,0.04378664081212922,0.3497772407598802,0.00633070143209156,-0.03937333333333326,True
Llama-3.2-3B,Llama,behavior,28,9,0.3333333333333333,0.979088544845581,False,auc_all,False,2.75,-0.19667911111111103,-0.21753102222222226,-0.176485,8.621886462746752e-79,-1.0855730233751157,-1.194562924424642,-0.9766363794114068,4.676285579526917e-85,-0.19787712418300651,-0.225294705882353,-0.1690109803921568,8.422558784800912e-41,-0.18134946236559146,-0.20938689516129033,-0.1547256720430108,1.9414983894154953e-38,-1.0867267159007628,-1.2309088529654242,-0.9512390167612079,9.0693713214402e-51,-1.0310503140824034,-1.163368223079377,-0.9026007856976013,1.6292599048112701e-52,-0.09186440677966101,-0.16186465036153766,-0.03823898170167024,0.0026592150257562525,-0.1422698271855326,-0.1694867468733464,-0.11468870669523427,6.456365541802963e-25,-0.18866628323108392,-0.23632747857296746,-0.1452926235808077,1.3511017245262635e-15,-0.2065217391304348,-0.32173192523056654,-0.10385721792108982,0.0002698087503883643,-0.01652766181741505,-0.0489136113746574,0.016741706989247155,0.32298499454074847,-0.05567640181835931,-0.21266509794599922,0.10129311685670442,0.49134123341632485,-0.19667911111111103,True
Llama-3.2-3B,Llama,behavior,28,10,0.37037037037037035,1.0003209114074707,False,auc_all,False,2.125,-0.07495733333333332,-0.08767262222222232,-0.06278522222222216,4.0944044013311775e-31,-0.547604313662861,-0.6332644195663384,-0.4589918829170236,2.6099871022435103e-33,-0.08729150326797386,-0.10886509803921564,-0.06773856209150322,1.3556825592529094e-16,-0.06793279569892474,-0.0870448252688172,-0.05054926075268816,1.5510263492223154e-13,-0.5965357264624784,-0.7192469616251136,-0.4796224189205008,2.4805613822353016e-22,-0.486878085786955,-0.5965186256175244,-0.3815589848779718,9.297480777693676e-19,-0.011355932203389818,-0.028621195452878657,0.0016450082508250195,0.14901941644962646,-0.04922043351502092,-0.06422577337025291,-0.03380494239549364,2.2784761732920657e-10,-0.03974948875255624,-0.06956981714258527,-0.012860354561282693,0.007421813302682042,-0.08650362318840588,-0.17809027777777772,-0.0017011019283747644,0.05180069275036061,-0.019358707569049116,-0.04359938040269875,0.00488605286738346,0.1239076403209391,-0.10965764067552342,-0.24287764595570682,0.03424208387494235,0.12355880744431887,-0.07495733333333332,True
Llama-3.2-3B,Llama,behavior,28,11,0.4074074074074074,0.9953855276107788,False,auc_all,False,2.75,0.009393777777777834,0.00012955555555556054,0.018910644444444385,0.052439490078967206,0.18713008508271112,0.08762801739405027,0.2884427873245113,0.00026065000774176336,0.04470326797385615,0.03005294117647061,0.060845294117647136,1.6842874036718885e-08,-0.023102150537634425,-0.03745772849462361,-0.008521102150537654,0.0015113278808144457,0.6114353992975528,0.47881006427856754,0.7453394933474963,5.051302031635433e-20,-0.1233161392482014,-0.23950772242897506,-0.008199966925601338,0.03778172451565389,0.00728813559322028,0.0002929282041455539,0.01692224074403755,0.0897970391007465,-0.02712637850171129,-0.039709892196943604,-0.014649300160140278,1.433267025764635e-05,-0.049367331288343586,-0.0740566554749871,-0.026312379006761026,3.407627151076097e-05,-0.0036231884057971175,-0.060479437229437216,0.05842063492063488,0.9034005926253065,0.06780541851149058,0.0480786540691546,0.08749107342399332,5.695752411402582e-11,0.7347515385457541,0.5834080535935776,0.8794699069825478,3.719429048217158e-21,0.009393777777777834,True
Llama-3.2-3B,Llama,behavior,28,12,0.4444444444444444,0.9948924779891968,False,auc_all,False,2.75,-0.02712088888888886,-0.03577251111111117,-0.017860977777777783,5.18665088127966e-09,-0.181327689273868,-0.26104353295073934,-0.10039601948004848,2.2528223800797585e-05,-0.023555555555555552,-0.03674287581699341,-0.011877777777777735,0.0001990122999579469,-0.024809139784946255,-0.04071330645161289,-0.010279435483870902,0.001449066231125416,-0.13567972857640842,-0.23784603527950765,-0.03496174156886103,0.007966749371555608,-0.1132652367759277,-0.22477241023990363,0.0006049712166256906,0.056602758799889845,0.0006779661016949046,-0.006077842631047231,0.00799964469397956,0.8419226705025389,-0.03659103392909968,-0.05077608537560534,-0.023357608951279488,1.8518293115487318e-07,-0.05016615541922298,-0.07759755056794823,-0.02658111341869467,9.176355818992623e-05,-0.0656702898550725,-0.1515299773755655,0.0026855091698841558,0.09832153732595754,0.001253584229390703,-0.016509113957410997,0.01980784471853263,0.8930641765826269,-0.022414491800480718,-0.14831723495851784,0.1068309938091999,0.7339032363357731,-0.02712088888888886,True
Llama-3.2-3B,Llama,behavior,28,13,0.48148148148148145,0.9835184812545776,False,auc_all,False,2.25,-0.017450666666666614,-0.023562977777777733,-0.011483888888888906,5.930788678831947e-09,-0.067066741206673,-0.12143821645293033,-0.01204435804333959,0.018029592248904297,-0.007443137254901977,-0.01580156862745092,0.0008186928104575271,0.0780417843113611,-0.02681720430107526,-0.03603380376344093,-0.018712096774193582,8.872445559324768e-09,0.08416796797251447,0.010720783696940857,0.15624126664364407,0.02129737348444984,-0.09670375331673275,-0.16961306387380545,-0.02945670148851451,0.007648840323783653,-0.01457627118644067,-0.029520465067340122,-0.004066115370073865,0.021769126791214878,-0.02548273967972292,-0.034470410611861915,-0.01780370092675707,3.206317854115372e-09,-0.02747955010224956,-0.04142358597285067,-0.014991462536750714,4.693928390629852e-05,-0.07699275362318847,-0.14620130835563488,-0.0157617166012689,0.02150022076011818,0.019374067046173282,0.00828073450347876,0.03105802946447396,0.0007496931763263277,0.18087172128924722,0.10291842137078497,0.26018895631130706,4.079341373377367e-06,-0.017450666666666614,True
Llama-3.2-3B,Llama,behavior,28,14,0.5185185185185185,0.9848836064338684,False,auc_all,False,1.875,-0.016581333333333337,-0.021445511111111044,-0.011830422222222237,1.161933002814036e-11,-0.16865686640881083,-0.2080563762240596,-0.13144437922385246,1.5672656250272662e-17,-0.01898823529411764,-0.02631790849673204,-0.012145490196078466,1.2313697341888284e-07,-0.01415322580645162,-0.020906451612903325,-0.007346706989247378,5.532170768757491e-05,-0.18372831595303207,-0.23623838117983598,-0.13491903375639372,1.3656333123782637e-12,-0.14758081224254793,-0.20070168176989128,-0.09293168119636526,4.956261931800467e-08,-0.007966101694915295,-0.01709652686014454,-0.001279429629201129,0.05690658955821544,-0.018603963324460238,-0.025220661308056617,-0.012132774384051052,2.211460250789589e-08,-0.01655163599182008,-0.027293380651741146,-0.006042745463143282,0.0017002749983827102,-0.009510869565217406,-0.0485266444394213,0.02825056561085968,0.618042015577948,-0.00483500948766602,-0.01391203694918815,0.0036305231393632567,0.2878224156215161,-0.03614750371048414,-0.08987094319801457,0.02185278537967528,0.18910425342712456,-0.016581333333333337,True
Llama-3.2-3B,Llama,behavior,28,15,0.5555555555555556,0.998926043510437,False,auc_all,False,0.875,0.012758222222222226,0.009799888888888919,0.01618593333333341,1.447585006568326e-15,0.138636222092426,0.11352843733059573,0.1646627070491007,3.6396181159327514e-26,0.01743790849673199,0.012958431372549008,0.022367777777777802,2.3409481243011537e-13,0.0048225806451612785,0.0009694220430107148,0.009123723118279534,0.01899700478943873,0.20032557121856764,0.16847456603429764,0.2369249663858836,6.012253883852629e-32,0.047550410600368576,0.013891415411929713,0.08288614366241594,0.005254550249094498,0.00016949152542367063,-0.0021356965699097785,0.0027507303710504025,0.8916438467676687,0.0035914987112857233,0.0006009099663013523,0.006771796090716977,0.02252467745809638,0.002236707566462104,-0.004472233412438254,0.008355242273157983,0.4958432534564424,0.011322463768115854,-0.012917345497990692,0.03828788233458169,0.3813366958996963,0.012615327851570712,0.0072060942441491945,0.018345951665612495,7.068988165734379e-06,0.15277516061819907,0.11815822245812552,0.18981262170396573,5.1004127567094407e-17,0.012758222222222226,True
Llama-3.2-3B,Llama,behavior,28,16,0.5925925925925926,0.9987468123435974,False,auc_all,False,0.375,-0.0010195555555555513,-0.00283704444444442,0.0008509999999999987,0.2764322334365247,0.054228081574203335,0.03357350146465418,0.07362407922628056,2.2096474092446452e-07,-0.0007790849673202649,-0.003819803921568657,0.001875098039215683,0.5848588907624689,-0.0023575268817204176,-0.0048420026881720365,-3.0241935484059144e-06,0.06008336937779953,0.11735497978272114,0.09083014059430307,0.14513648035235027,2.0114984146196232e-16,0.07322813851413423,0.04620140725527877,0.10171225054438113,3.495651639920726e-07,-0.0003389830508474523,-0.0021872704763187313,0.001516815110565066,0.6972105080957997,-0.0020408163265306367,-0.004296497252977166,-1.5031757477694405e-05,0.055142531243050144,0.0029077198364008128,-0.00010786990552864861,0.006221415159430872,0.07982978810820256,-0.0036231884057971175,-0.02053767230576445,0.013096246973365679,0.6621540400824328,0.0015784419144001527,-0.0018027168985873475,0.0047695219270505,0.3538654161340138,0.0441268412685869,0.015005137830213478,0.07163118081102134,0.002659481364200302,-0.0010195555555555513,True
Llama-3.2-3B,Llama,behavior,28,17,0.6296296296296297,0.9995943307876587,False,auc_all,False,0.875,0.0035368888888889227,0.0014456222222221289,0.005770822222222257,0.0016840028847887388,0.038616066975704966,0.018898662672543108,0.06166255530137073,0.00029603351273491775,0.005223529411764738,0.002184444444444478,0.008201633986928103,0.000510358117806355,-0.0003548387096774519,-0.00351895161290329,0.0028794354838709703,0.8273083998381953,0.036547183310459586,0.014236443663410276,0.06053968737544089,0.0025329085161635077,-0.016967957679810297,-0.04408117032652505,0.01172534603914369,0.2371518294525724,0.0006779661016949046,-0.0005896179014727442,0.002320210845055519,0.36900180180249054,-0.0004816833565725043,-0.003328461338048144,0.002409682404899155,0.7356401491491291,-0.001453859918200462,-0.005840832642921989,0.002761421311335549,0.5083373626490897,0.0027173913043477826,-0.02209256699775109,0.02501692343604109,0.8172697467911832,0.00557836812144219,0.0015564937803078439,0.009360839394897704,0.004671592446333664,0.05351514099026988,0.025779248172363416,0.07929024497112308,0.00010753642898274017,0.0035368888888889227,True
Llama-3.2-3B,Llama,behavior,28,18,0.6666666666666666,0.9987370371818542,False,auc_all,False,1.375,-0.0018675555555555112,-0.003929377777777759,-5.7666666666711486e-05,0.060518908462135215,0.051356085355558134,0.028394991702610776,0.07294691199852882,8.026193675244754e-06,-0.004656209150326829,-0.007418496732026189,-0.002031176470588156,0.0006010054613106346,-0.001615591397849503,-0.004161895161290291,0.0007527553763440691,0.20024109736709417,0.07913046702000903,0.05116013416219724,0.10730918954196773,9.97517633222518e-08,0.12301990126129869,0.09084488395390317,0.15564492458196447,5.881482480571787e-14,-0.0003389830508474523,-0.003351711735858087,0.0017194104194355564,0.7904587865772777,0.0019098322558837033,-4.341166168281007e-05,0.0040362747783628415,0.06583511731829662,0.0010544478527606538,-0.0031404540025008337,0.005052253184516728,0.6309621921232736,-0.005887681159420288,-0.026786866062214372,0.008717791313488429,0.5049966023595356,-0.003040617752477326,-0.006015573213156186,0.00010730892894781294,0.05957361448775765,-0.04388943424128966,-0.07600896196941634,-0.014003615642169755,0.004972721900847785,-0.0018675555555555112,True
Llama-3.2-3B,Llama,behavior,28,19,0.7037037037037037,0.9977907538414001,False,auc_all,False,0.875,0.006592000000000042,0.004456577777777734,0.008890866666666603,6.101919296832751e-09,0.05896589073784542,0.04068294137389128,0.07749992320764296,2.85333623268712e-10,0.008964705882352986,0.005492679738562015,0.012585816993464055,1.0924236737404547e-06,0.0016854838709676745,-0.0010084677419354565,0.004556586021505449,0.23561112921743266,0.0902510130460299,0.0649290986136406,0.11590782166976826,1.9333350374025747e-12,0.02291224097440958,0.0010332612895937844,0.04501021180149699,0.0420748019227965,0.0003389830508474523,-0.003244418637721008,0.005067567567567549,0.8662759655146923,-0.0006422444754299317,-0.002646151012196557,0.0017180137708301397,0.5613742399386437,0.0007029652351737692,-0.0027195375424586554,0.003752487610552338,0.6622428882868664,0.004528985507246341,-0.012122632443388334,0.02150778408511504,0.5869951335719519,0.007279222011385311,0.003083915770609308,0.01130643738140411,0.0005162528671706931,0.06733877207162031,0.04028269297962471,0.09464250038853768,9.600311433134307e-07,0.006592000000000042,True
Llama-3.2-3B,Llama,behavior,28,20,0.7407407407407407,0.9995157122612,False,auc_all,False,0.5,0.0010284444444444985,-0.000575155555555526,0.0026956666666666457,0.22042240826789605,0.019793187093839704,0.004536070282449345,0.034939197306613906,0.01061038774155631,-0.0005620915032680251,-0.0026431372549019505,0.001579803921568653,0.6161047046296191,-8.064516129002719e-06,-0.0023070564516129988,0.002126881720430129,0.994289704038028,0.021696602435399726,0.004080257144780541,0.041506804825522256,0.025952660112440597,0.02101552573759058,0.0020063748845645605,0.04014420815381249,0.033183947923312425,0.00016949152542367063,-0.0016781348157187293,0.002300320021593243,0.8644939344894068,0.00032534753031643326,-0.0016964080353868121,0.0022728847557865832,0.7473579887489622,0.0012301891615541516,-0.0017547198436274197,0.004439557496887542,0.4424430389105327,0.008605072463768071,-0.0033411183589049814,0.02521388990378751,0.22191204600910408,-0.0005540269871390224,-0.0031053802972802746,0.001967880560826532,0.6785697078617658,0.0006810766978091465,-0.018433478298056027,0.02138898380999345,0.9455355685269724,0.0010284444444444985,True
Llama-3.2-3B,Llama,behavior,28,21,0.7777777777777778,0.9975883364677429,False,auc_all,False,1.0,0.00028622222222229876,-0.0018009111111111837,0.0024758888888887884,0.7948775807728596,0.014235048453657306,-0.003647338191589078,0.03265206909873876,0.1413284591571888,-0.0029594771241829854,-0.00617784313725496,7.385620915028253e-05,0.06289323621265656,0.0013978494623655413,-0.002056854838709693,0.004895228494623602,0.4249370700944226,0.006326401658035996,-0.016802694522358767,0.02934674741191643,0.5951474000975996,0.04833841652909099,0.0228503582611284,0.07301902638750125,0.00017511398299876628,0.0011864406779660275,-0.0009753010559500452,0.0050684264773247605,0.4440196297925709,-0.0003802763341361759,-0.0031250385335820055,0.0025312730304644844,0.7913536027157625,-0.0007988241308793942,-0.0058157072352751134,0.003567529590659474,0.7390932375720574,0.013586956521739135,0.0,0.03457394000488756,0.11464924370023656,-0.004357326586548527,-0.008694564358001344,-0.00011078747628077709,0.043805300474493825,-0.04201201487105499,-0.06994101146259744,-0.014833016130279568,0.0021123842619937203,0.00028622222222229876,True
Llama-3.2-3B,Llama,behavior,28,22,0.8148148148148148,0.9979422092437744,False,auc_all,False,0.375,-0.0006177777777777171,-0.002350422222222251,0.0012311333333332951,0.4928377550669024,0.008916387093027556,-0.007663853862591307,0.025861388689717383,0.30328864060488814,-0.0036575163398693267,-0.006199084967320231,-0.001353725490196062,0.004116595767724747,-0.0011290322580644885,-0.003391263440860198,0.0012688844086021277,0.34724508078096494,-0.00011655932185727913,-0.021840761802015995,0.020503999486292036,0.9913383659296664,0.03232865055345013,0.010820620983658292,0.054525800574536355,0.003191177780192085,0.0010169491525423568,-0.0008103491902833881,0.0036530688411920346,0.38635832744046716,-7.605526682730179e-05,-0.002276590965666575,0.001971616179306168,0.9452612764472079,-0.0006071063394683662,-0.004112552467052241,0.0028952736142277393,0.727943216283641,0.0,-0.014473263478945305,0.014366802464228935,1.0,-0.002528484081804838,-0.005661076586548566,0.00043637544802861347,0.09822944085209648,-0.03244520987530741,-0.05549179402873653,-0.010953113987591207,0.003599230565750506,-0.0006177777777777171,True
Llama-3.2-3B,Llama,behavior,28,23,0.8518518518518519,1.000327706336975,False,auc_all,False,1.0,0.006530666666666685,0.004447066666666624,0.008969844444444411,2.0681538249597142e-08,0.05452746792489438,0.03554994101121224,0.07505564157128294,6.066231570045156e-08,0.008475816993464003,0.005529281045751647,0.011770130718954266,1.0334268076750228e-07,0.002456989247311858,0.0001610215053764158,0.005102419354838711,0.04942837442942041,0.07531254816771837,0.05055749458367393,0.10106644182641107,1.0308889822778272e-08,-0.007094010382118432,-0.02888871574798586,0.01618871795813693,0.5476433954403703,0.0013559322033898091,-0.0007637819120222544,0.004982636886684859,0.3726804809666685,0.0005746397938056758,-0.0013493007439924238,0.002701636483916456,0.5573395216016941,0.001853271983640048,-0.0013186991692576977,0.0050437099604646275,0.2586201137883226,0.0031702898550723946,-0.017281853864734326,0.026171034363068307,0.7713231303973407,0.0060188277461521444,0.002989290533417685,0.009119123972169501,0.00012829176861467199,0.0824065585498368,0.05899943941944368,0.10428925786419305,4.0706900604078526e-12,0.006530666666666685,True
Llama-3.2-3B,Llama,behavior,28,24,0.8888888888888888,0.9977982044219971,False,auc_all,False,0.875,0.00030311111111114286,-0.001309444444444388,0.0018979777777777761,0.7079318089373857,-0.030667181518492237,-0.04720370783449245,-0.014289869574424114,0.00030344013144258705,-0.0016810457516339694,-0.0037994771241830175,0.00018405228758170317,0.11159772899751355,-0.0011021505376344054,-0.003631989247311812,0.0014178763440859765,0.3979495644932204,-0.0649918761663959,-0.08657043394507827,-0.04554762489347781,7.915966695710422e-10,-0.05526323672223277,-0.07607317651924202,-0.035029879822715396,2.1362022618850165e-07,0.0,-0.0030357610854073735,0.00245638165208029,1.0,0.0,-0.002063146335338548,0.00198042942262594,1.0,0.0011503067484661678,-0.0027026246315278056,0.004703979050594749,0.5264799279113352,0.0022644927536231707,-0.01045119810978272,0.016859983148510563,0.7423961676847972,-0.000578895213999564,-0.0036717391418932765,0.002259619702719739,0.7041001139369556,-0.009728639444163134,-0.03168011909984146,0.010856355040926257,0.38048754466839463,0.00030311111111114286,True
Llama-3.2-3B,Llama,behavior,28,25,0.9259259259259259,0.9955917596817017,False,auc_all,False,0.875,-0.007128888888888851,-0.009113777777777776,-0.005156399999999966,3.1511605617229397e-12,-0.07589482781064283,-0.09300741380917525,-0.05930237705179616,2.6628558673946904e-20,-0.006381699346405201,-0.009263464052287626,-0.003863594771241819,7.093800158851043e-06,-0.00817473118279577,-0.011037903225806361,-0.005307526881720377,3.318437903261011e-08,-0.06835378331787978,-0.08974274101886366,-0.04898607012592336,5.078402593890831e-11,-0.0915754315254067,-0.11361344132602832,-0.07012231934240226,4.8001090673214905e-17,-0.00016949152542378165,-0.0023500781069197064,0.0019497688829084752,0.8740530815844727,-0.005032323488401658,-0.007755370433273142,-0.002686365255083273,0.00012384019958950061,-0.009426124744376319,-0.014761282330619286,-0.004964232150482848,0.00011946804501999338,-0.004981884057971064,-0.026292958221024246,0.017722373058112757,0.6522513380137978,0.0017930318363905684,-0.001893761068943675,0.005109289479232602,0.32129262461706476,0.023221648207526924,0.0012800164876250414,0.04441196787484666,0.036505387847765566,-0.007128888888888851,True
Llama-3.2-3B,Llama,behavior,28,26,0.9629629629629629,0.9973365664482117,False,auc_all,False,1.75,-0.016104888888888835,-0.018788911111111063,-0.013399977777777855,2.2394890482256e-33,-0.1736699944344211,-0.19414266557919269,-0.15580890493328806,1.3192213566498173e-69,-0.021315032679738555,-0.025720849673202626,-0.01704660130718956,7.944591463719986e-22,-0.011072580645161256,-0.014331250000000023,-0.008128024193548368,2.2922415151441325e-12,-0.2360645304028104,-0.26519842326785315,-0.21162327591722174,1.5182510387433458e-62,-0.1489187215947152,-0.17244547924334108,-0.12765257210181238,1.4469147127395143e-37,-0.0003389830508474523,-0.0019581045352857706,0.001411124794745504,0.6900211740151501,-0.0035069928592555977,-0.00591615668705611,-0.0013081253994013612,0.00324289194234209,-0.006262781186094135,-0.010460728120917384,-0.0025093353708936813,0.0023754059578103646,-0.007246376811594235,-0.025255270092226556,0.010776094507750444,0.4039078991759315,-0.010242452034577298,-0.015373499367489062,-0.005725797754585747,1.967482676661182e-05,-0.0871458088080952,-0.11386810180857562,-0.061938451557420816,7.575773119556457e-11,-0.016104888888888835,True
Llama-3.2-3B,Llama,behavior,28,27,1.0,0.957405686378479,False,auc_all,False,1.0,-0.0104764444444444,-0.013403822222222278,-0.007718311111111121,5.148273011613853e-14,-0.10753280894448092,-0.13091552359471553,-0.08581799740095478,6.122227648643397e-22,-0.013356862745098064,-0.017468104575163474,-0.009207777777777742,4.82620301658011e-10,-0.008607526881720395,-0.012547110215053808,-0.005063844086021497,4.702657699198972e-06,-0.1388761126354221,-0.16681923223323739,-0.11361546944904646,1.021332876144142e-23,-0.09779485421856204,-0.12938941107806265,-0.07013697742598489,4.745314490766902e-11,0.00016949152542367063,-0.00170068027210879,0.0020441657054978786,0.8482393681581962,-0.0031224912325179544,-0.006043929207094853,-0.0006091515469971862,0.020792417397113298,-0.0015177658486708046,-0.005658348364499008,0.002326423902894549,0.46689153553062324,-0.013134057971014523,-0.03827824745748604,0.008407563025210051,0.26855161148500806,-0.004749335863377668,-0.009652011912291794,0.00011927656546491235,0.057794408222174964,-0.041081258416860056,-0.06832921172050221,-0.012828386017271577,0.0034385269646488494,-0.0104764444444444,True
SmolLM3-3B-Base,SmolLM,layer17,17,1,0.02857142857142857,,False,d_all,False,23.14475440979004,-0.06993422222222223,-0.0822134666666667,-0.05817488888888889,4.5035729039596716e-29,-2.5086987353629118,-2.7769979602889587,-2.288151463404701,4.727956690243318e-87,-0.02174640522875826,-0.03590248366013071,-0.010127320261437953,0.0010706707105152596,-0.11917741935483872,-0.14684462365591402,-0.09283010752688171,9.836279684535503e-18,-0.7789175365132683,-1.1869745311229218,-0.3637314876770585,0.0002242078359754958,-2.2004022775045105,-2.506749449037187,-1.9397400807637868,1.0773023166164713e-52,-0.0027118644067796183,-0.02047664754862461,0.012164182180960796,0.7337045937923954,-0.09895635272742642,-0.12219965510315206,-0.0785505860211439,5.741486293288096e-18,-0.1742395194274029,-0.22752855447160308,-0.12437662016340816,4.595149429772241e-11,-0.16757246376811596,-0.28967496141975313,-0.05970933994823122,0.0048312642890378805,0.09743101412608046,0.06859389468690691,0.12821636095298328,2.2986649358080814e-10,1.4214847409912421,1.0021152252320733,1.85204635409288,5.73250052494243e-11,-2.5086987353629118,True
SmolLM3-3B-Base,SmolLM,layer17,17,2,0.05714285714285714,,False,d_all,False,10.20800495147705,-0.0026773333333333094,-0.004588622222222174,-0.0010062222222222417,0.003640223935617574,-0.32552049902352653,-0.5002568653800441,-0.14984307043020584,0.00046529770781586347,-5.7516339869279065e-05,-0.0007530718954247617,0.0006066666666666747,0.8690574916532354,-0.007059139784946322,-0.012589650537634419,-0.00242930107526887,0.005973038335656318,0.19492203456803203,0.00359102649183174,0.3810956666056953,0.04367018396557657,-0.25639561124285626,-0.4612218882032246,-0.0529761587034984,0.01496073355090333,-0.00881355932203387,-0.0353485126395727,0.005157033563577693,0.41437202549437047,-0.0027379896057802,-0.006783026296358474,0.0004753173863911377,0.15360992162202583,-0.007508946830265817,-0.014786927451300497,-0.0020245687663556864,0.02640844670986175,-0.0063405797101449,-0.022227891156462617,0.0,0.282872389966505,0.007001623445077043,0.0023963799283153397,0.012460540796963985,0.006343148799776364,0.4513176458108883,0.2702830230178174,0.6446923035282017,1.8727413375134798e-06,-0.32552049902352653,True
SmolLM3-3B-Base,SmolLM,layer17,17,3,0.08571428571428572,,True,d_all,False,7.895623683929443,-0.0014933333333333465,-0.002631422222222249,-0.00041226666666666095,0.011762512129166956,-0.3297957200599635,-0.5011616773010722,-0.17972466960327266,0.00010753748401724828,-0.0005228758169935066,-0.0013856209150326926,0.00012549019607843714,0.15812623102165702,-0.003279569892473133,-0.0059642473118279495,-0.0008118279569893055,0.017662974335008286,-0.23510889949127467,-0.42707445831604407,-0.046537143482075397,0.01571559667894795,-0.2969429298483379,-0.47456002239176054,-0.13157232400523242,0.0011536362625927772,0.0003389830508474523,-0.015371693686006832,0.01773217952253997,0.9672173791581054,-0.002805594287404456,-0.005135082075712427,-0.0007039792749021504,0.017877785629202215,-0.0010224948875255935,-0.003910578088401492,0.002289314289882327,0.5194660076958995,0.0,0.0,0.0,1.0,0.0027566940754796265,0.00022993200506012113,0.005394023824583604,0.0410321793789118,0.06183403035706325,-0.06302665848812795,0.18372445220170586,0.33848373428925693,-0.3297957200599635,True
SmolLM3-3B-Base,SmolLM,layer17,17,4,0.11428571428571428,,True,d_all,False,10.455190658569336,-0.005761777777777755,-0.008672533333333357,-0.0033842222222222143,2.9162193151998274e-05,-0.8991437645561358,-1.1023651128974412,-0.7124680024067874,2.4132089126141153e-18,-0.0032366013071896127,-0.0055533333333332826,-0.0014006535947713233,0.0016069191527786082,-0.00790860215053768,-0.01329314516129038,-0.0035743279569892157,0.001630080734630815,-0.5846155496108558,-0.8386355285479231,-0.33898237543684745,9.914720056373597e-06,-0.4751353904058293,-0.7096864860932687,-0.25614363356832265,4.419219430748614e-05,-0.012881355932203409,-0.02857591564305346,-0.0009792131862887798,0.07127111259193343,-0.005957662568132793,-0.011364497245179054,-0.0024178161067672068,0.007881177949703118,-0.01064033742331294,-0.021986850179714162,-0.002879783557122898,0.04120896193256203,-0.01449275362318836,-0.03692963386727691,0.0,0.12108594573217958,0.0046720008433480675,8.130033733923242e-05,0.010236476386253463,0.06861275117956535,-0.10948015920502652,-0.29741665343898904,0.08942168408681166,0.28097863802537715,-0.8991437645561358,True
SmolLM3-3B-Base,SmolLM,layer17,17,5,0.14285714285714285,,False,d_all,False,12.958967208862305,-0.00779911111111109,-0.010603644444444426,-0.0049280000000000435,1.3614266956790067e-07,-1.2878295599660716,-1.4800805987385275,-1.1076330389762497,4.0468262664125834e-38,-0.004507189542483747,-0.007278692810457519,-0.002143398692810453,0.0006015669523097243,-0.012236559139784942,-0.01787768817204307,-0.007042741935483904,1.526224877489956e-05,-1.3450684518693747,-1.5911941572458272,-1.1170666939372076,2.6609595934914485e-28,-1.1539629511137934,-1.3665932900281617,-0.9575381811111533,4.398093373646204e-27,-0.052881355932203444,-0.15632870370370378,0.0003917744799594041,0.23338877263403512,-0.007673131364346997,-0.012681628929837412,-0.0034653736417811836,0.0009456978971227638,-0.012589468302658502,-0.020970416809214056,-0.005175067679424622,0.0018070482614490977,-0.02083333333333337,-0.05679570809515034,0.0,0.15481198154774373,0.0077293695973011944,0.002724622601728885,0.013680833860425809,0.0038653594005282257,-0.1911055007555813,-0.35025687488123036,-0.039262875980265635,0.016388505168231295,-1.2878295599660716,True
SmolLM3-3B-Base,SmolLM,layer17,17,6,0.17142857142857143,,False,d_all,False,9.090158462524414,-0.0014720000000000288,-0.003005955555555478,-0.00028084444444444195,0.04098593224207735,-0.16620968025243066,-0.33104353993947566,0.0031136715873727266,0.053441517688752944,-2.0915032679758028e-05,-0.0005334640522876328,0.00043411764705884024,0.9296966806053046,-0.004005376344086042,-0.008382526881720444,-0.0008381720430107908,0.047178482404398245,0.17820943519016375,-0.02277795497130941,0.3874115318583378,0.08912515795537489,0.029715580529619423,-0.1544997978461555,0.23127818747046255,0.763985835279535,-0.003389830508474634,-0.012173423423423412,0.0033568383820062097,0.4081600812662437,-0.0014788524105294742,-0.004811365384668501,0.0005488140870128719,0.2951237358207417,-0.0037384969325153783,-0.009577781555139173,-0.00022260196024610226,0.13523545681730206,-0.007246376811594235,-0.027742040478163105,0.0,0.3641346475604712,0.003984461311406284,0.0008297132616488512,0.008399064410710456,0.045946278310490446,0.14849385466054432,-0.011355868876367766,0.3259071802188692,0.08047285721205139,-0.16620968025243066,True
SmolLM3-3B-Base,SmolLM,layer17,17,7,0.2,,True,d_all,False,6.633687973022461,-0.0002328888888889491,-0.0008907111111111504,0.0005048888888888881,0.5136111657404604,-0.1805030043663738,-0.28190574412921515,-0.07408090138071279,0.0004163468865475182,-0.00040261437908495346,-0.001014640522875762,8.366013071892109e-05,0.1665055189398421,-4.301075268819954e-05,-0.0014411290322580428,0.0016778225806451243,0.9559963339775124,-0.19993105601140204,-0.3089676355681741,-0.08009082551498373,0.0009541028868622063,-0.07469787493062441,-0.18414866741663485,0.030585898712324942,0.17638408747485834,0.006440677966101704,0.0,0.02055870561282932,0.27620475296493596,-0.0008281573498964967,-0.001921325524085804,1.7889899863373656e-05,0.097133488332976,0.0005112474437627412,-0.0015335949980571112,0.004163201059776208,0.7251186622498048,-0.0036231884057971175,-0.014143244814886585,0.0,0.34677667901988596,-0.0003596036263967539,-0.0020348566308244246,0.0010630276196500834,0.6391165627750521,-0.12523318108077763,-0.20302382406545194,-0.041143065379394696,0.00272062486538022,-0.1805030043663738,True
SmolLM3-3B-Base,SmolLM,layer17,17,8,0.22857142857142856,,True,d_all,False,9.164889335632324,-0.0023484444444444863,-0.004204666666666676,-0.000645199999999946,0.0076027625663299386,-0.8686593220861458,-1.068156467700007,-0.6787202620504232,1.99652655821833e-18,-0.0009777777777778551,-0.0021751633986928365,5.2418300653533806e-05,0.09598116508659484,-0.0025107526881720243,-0.005909139784946171,0.0012211021505376752,0.16758735935005065,-0.8887104482644919,-1.1154396037215801,-0.6604716405060925,1.0499291218374254e-13,-0.5698361379815129,-0.7874368930071242,-0.35204885602712804,1.4422413993965866e-07,0.0006779661016949046,-0.013460388450913074,0.014613740477912692,0.9239363294511942,-0.0046393712764608575,-0.007603693566353695,-0.0016865737548418087,0.003161150530700049,9.585889570551398e-05,-0.003920748238655253,0.00600442945459283,0.9693915735267761,-0.0036231884057971175,-0.013559552008831046,0.0,0.34926804463478334,0.0015329749103941692,-0.00212715159181954,0.0049326723592663015,0.3905870622988076,-0.31887431028297897,-0.4825569248337061,-0.14861501078790781,0.00017846850791626405,-0.8686593220861458,True
SmolLM3-3B-Base,SmolLM,layer17,17,9,0.2571428571428571,,False,d_all,False,6.412858009338379,-0.00021511111111116588,-0.0010418666666666965,0.000529777777777743,0.6090944805718185,-0.12505880128203284,-0.25512392835595427,0.009631261277679744,0.06328303132855745,-0.0002457516339869903,-0.0007479738562091248,0.00016209150326795818,0.2870668814942261,-0.00011290322580648215,-0.002715860215053736,0.001985215053763499,0.9246943188315995,-0.1648088845308413,-0.321144354607765,-0.006039761081301309,0.04276558308865919,0.09104373774178676,-0.04357990229266557,0.2413433429777666,0.21755892494405316,-0.012203389830508504,-0.04211700181410078,0.005938623523369241,0.34615110059918386,-0.0008535091055055233,-0.002873937380268221,0.0004790900114288981,0.34721100197041654,0.0016935071574641913,-3.514918263575195e-05,0.005204428341162839,0.21368674327620385,0.0,0.0,0.0,1.0,-0.00013284840818050814,-0.002231708834071275,0.002533544170356247,0.9127497511230382,-0.25585262227262806,-0.36306922974041583,-0.15486316176253004,2.669386050063032e-06,-0.12505880128203284,True
SmolLM3-3B-Base,SmolLM,layer17,17,10,0.2857142857142857,,False,d_all,False,7.580197334289551,-0.0012640000000000429,-0.002121555555555615,-0.0004550222222221845,0.0035795941813368728,-0.413307498623233,-0.5710969699087223,-0.2615336715235813,1.3038214597621935e-07,-0.0004967320261438646,-0.0011921568627450974,4.1830065359516055e-05,0.10858944214234378,-0.0021505376344086446,-0.003956989247311807,-0.0006282258064516385,0.012244990295847346,-0.23175572921927579,-0.4368060178413352,-0.03167610281240878,0.025916786431858227,-0.16067593524074653,-0.3249499120474934,-0.003196539764134268,0.04807060651436148,0.0010169491525423568,-0.010598552485237861,0.013621334930885024,0.8660057750907655,-0.001250686610047791,-0.002802637543796979,-2.4299773744021486e-05,0.08300589950210775,-0.0023964723926380715,-0.005154531897488599,-0.00040461953578814605,0.056671300018938366,-0.007246376811594235,-0.021381922675026158,0.0,0.2092336890471066,0.00165380560826478,0.00017879401222844205,0.003434479759645767,0.04450013198010682,-0.07107979397852926,-0.19871606400201366,0.057535433820210855,0.2925046788480986,-0.413307498623233,True
SmolLM3-3B-Base,SmolLM,layer17,17,11,0.3142857142857143,,True,d_all,False,5.787358283996582,-0.0004355555555555224,-0.0012715555555555564,0.00044986666666666224,0.342503794860769,-0.15211260432780893,-0.26915134581520983,-0.033203054945970534,0.01169473726435868,-0.0007895424836601439,-0.0017580392156863521,-1.0457516339879014e-05,0.08238958836440598,0.00024193548387096975,-0.001661693548387011,0.0024194892473118484,0.8116859198808394,-0.18779791927259826,-0.324952817929286,-0.04734456740312199,0.007819539697966841,0.10513473752349167,-0.015583986105332048,0.23433966833134992,0.09858618410198416,0.004067796610169538,-0.001028437605823029,0.013700983853504732,0.31852677905008586,-0.000870410275911615,-0.002153368065842509,0.0002833675202779605,0.17868423121694244,0.0011183537832311075,-0.00039130062016109747,0.004032988509669216,0.3349527517362665,-0.0018115942028985588,-0.009047033018551991,0.0,0.4655028419224383,-0.0010314779675311136,-0.003150316255534552,0.0011026781572842342,0.3329349596080321,-0.29293265679608993,-0.3959216647671096,-0.19144781643347064,2.2921306334257844e-08,-0.15211260432780893,True
SmolLM3-3B-Base,SmolLM,layer17,17,12,0.34285714285714286,,True,d_all,False,8.907593727111816,-0.001617777777777829,-0.0027692444444444354,-0.0006272888888888275,0.0031093490128324165,-0.7080409687940996,-0.8488447261952514,-0.5735067125286476,4.840375791670539e-23,-0.0011555555555555763,-0.0022798692810457656,-0.0003450980392156744,0.024041878172418173,-0.001876344086021553,-0.004028629032258043,-0.0001236559139785598,0.06529486186225802,-0.7865759855271577,-0.967278491867729,-0.6402062323770342,3.3233400969984675e-20,-0.511485517968215,-0.6643009469485047,-0.3764880223176806,6.699326563000733e-12,0.0,-0.005558361391694705,0.006145455824918221,1.0,-0.0014450500697172908,-0.0033806204543135017,6.0175018931341004e-05,0.09800189353919422,-0.0020130368098159046,-0.004508796305387111,3.201142146697364e-05,0.08888759009854272,-0.0018115942028985588,-0.009377966772151922,0.0,0.5079686087444384,0.0007207885304659767,-0.00121998313303813,0.0029791403120387663,0.5020691619653028,-0.27509046755894273,-0.3852759041871312,-0.17809116591906568,3.733395526055903e-07,-0.7080409687940996,True
SmolLM3-3B-Base,SmolLM,layer17,17,13,0.37142857142857144,,False,d_all,False,6.276662826538086,-0.0009297777777778071,-0.0016961777777778075,-0.00018995555555564338,0.018694300869957103,-0.38923732474867734,-0.5013229212864757,-0.27782484007572306,2.135706249181566e-11,-0.00010980392156867413,-0.0005908496732025537,0.0003450980392156744,0.6471532814971821,-0.002575268817204379,-0.0045017473118279085,-0.0009186827956988891,0.005921666433794843,-0.426622347096159,-0.573540914934281,-0.2769697415493629,1.4113716298851523e-08,-0.334395448495588,-0.45557941587517364,-0.2188811334790709,2.9169428427785472e-08,-0.0006779661016949046,-0.015272374090555972,0.01816880241628057,0.9355024765419258,-0.0016056111885748292,-0.003094786822544887,-0.0004351743839769135,0.018077402893988036,-0.0015017893660531634,-0.004208354065561618,0.00019652034437592502,0.20267939575814742,0.0,0.0,0.0,1.0,0.002465464895635705,0.0009108986928104024,0.004398612165296294,0.006382804533712803,-0.09222689860057098,-0.1811461426342965,-0.0008047143088300109,0.05151908501965004,-0.38923732474867734,True
SmolLM3-3B-Base,SmolLM,layer17,17,14,0.4,,False,d_all,False,5.487926006317139,-0.0004284444444444535,-0.001043733333333352,0.00013537777777775347,0.1478026750978562,-0.1875200329361446,-0.2815652972201144,-0.09286482927939284,7.44011419194684e-05,0.00020915032679735823,-0.0001045751633986819,0.0005912418300654084,0.23708137403555873,-0.001290322580645209,-0.0027043010752688668,0.0001831989247312173,0.0745479653321201,-0.10644058551718594,-0.21439598557083153,0.011256222326770376,0.06538125706993209,-0.20192552379370188,-0.2916631366658071,-0.10582571650406455,3.0113928987789548e-05,0.0020338983050847137,-0.0038915165165165685,0.011638702460850086,0.5984809670609488,-0.0015718088477627568,-0.003089695683669738,-0.0004560861301942972,0.02092940247426875,0.0005751533742330839,-0.0013445200655551575,0.00376383253569941,0.6745189807937134,0.0,0.0,0.0,1.0,0.0014994729074425672,-6.427788319612322e-05,0.0028875458570524312,0.036512066117309054,0.09548493827651594,0.016863879832960428,0.17371349651584958,0.019537017987428747,-0.1875200329361446,True
SmolLM3-3B-Base,SmolLM,layer17,17,15,0.42857142857142855,,True,d_all,False,2.8264999389648438,-0.00035911111111108784,-0.00085519999999992,0.00010493333333337625,0.13387897368888832,-0.02467377865009901,-0.08565723803980345,0.03581021232701361,0.43209408992433074,-0.00029803921568627434,-0.0007163398692811018,4.183006535940781e-05,0.13095117685642285,-0.0006774193548387819,-0.0018879032258064226,0.0002583333333333851,0.21182734952011217,-0.01786324076903245,-0.08656366234043601,0.05829168787980097,0.6259961038887565,0.06953411530557307,0.004431398317824622,0.13692839967234555,0.0445607526410506,0.0027118644067796183,-0.0036569536014069925,0.012375865642564798,0.5251553992919897,-0.0005661892086027409,-0.001221965301035366,-5.0948919293769594e-05,0.06644148733028422,-0.0009266359918200795,-0.0037168930617759053,0.0006232053985925577,0.403947647966832,0.0,0.0,0.0,1.0,0.00037938013915250757,-0.0005443764495044967,0.0015383069787054252,0.48437703682820976,-0.08739735607460553,-0.1450644082289721,-0.025689217705823122,0.0031020452461975176,-0.02467377865009901,True
SmolLM3-3B-Base,SmolLM,layer17,17,16,0.45714285714285713,,True,d_all,False,5.8139142990112305,-0.00047822222222226873,-0.001547111111111138,0.00040368888888893384,0.32365870234857375,-0.24645407643934547,-0.3604115599016218,-0.13701893382708522,1.1384989122526135e-05,-0.0012601307189542554,-0.002494117647058869,-0.00029267973856203234,0.027179567793845477,0.0005591397849461499,-0.0008604838709677348,0.0025434139784945987,0.513508484057595,-0.47162282422635915,-0.6021495379660593,-0.34989892562332936,1.3853336418182748e-13,-0.03653396416958987,-0.1525613954302895,0.07043789924368067,0.5156523816195991,-0.003728813559322086,-0.014802565244025434,0.0025261354806809014,0.4205459941549279,2.5351755609026583e-05,-0.0007084456460225736,0.0006734370156149777,0.9415976021423301,0.0007988241308793942,-0.0018577577918941573,0.004362249151027258,0.6044101869504331,0.0,0.0,0.0,1.0,-0.0018192705039004053,-0.003871826375711665,-0.00028111058401868476,0.04422720820265901,-0.4350888600567693,-0.5294606499216411,-0.3526264080305709,4.25118804264731e-23,-0.24645407643934547,True
SmolLM3-3B-Base,SmolLM,layer17,17,17,0.4857142857142857,,False,d_all,False,4.955592155456543,-0.00038222222222228375,-0.0008997777777777632,-3.4222222223102664e-06,0.10368864473353964,-0.14435347619320815,-0.20477202420966018,-0.0808924790189454,9.83867872166567e-06,-0.00047058823529411153,-0.0011398692810458133,-5.228758169939229e-05,0.09097016764667697,-0.00023118279569900313,-0.0008388440860214313,0.0002907258064516579,0.4162003363946689,-0.28380190403229566,-0.3648604913699964,-0.20349543336107956,1.0497010605317432e-12,-0.0378815426392487,-0.10531893273240492,0.029561225716857684,0.2761520714462594,-0.021016949152542375,-0.07160245942395368,0.0012951149425286948,0.30340139029789315,1.6901170406091737e-05,-0.0004756001731995696,0.0004826465422881093,0.9458073095750831,-0.00041538854805722725,-0.0013639682084937486,0.0003791818833963619,0.35653605343272665,0.0,0.0,0.0,1.0,-0.0002394054395951084,-0.0008369186169090465,0.0003281952350833366,0.4177073122528797,-0.24592036139304696,-0.3068190631220139,-0.18994549522792376,1.655315331114709e-17,-0.14435347619320815,True
SmolLM3-3B-Base,SmolLM,layer17,17,18,0.5142857142857142,,False,d_all,True,0.0,0.0,0.0,0.0,1.0,0.0,0.0,0.0,1.0,0.0,0.0,0.0,1.0,0.0,0.0,0.0,1.0,0.0,0.0,0.0,1.0,0.0,0.0,0.0,1.0,0.0,0.0,0.0,1.0,0.0,0.0,0.0,1.0,0.0,0.0,0.0,1.0,0.0,0.0,0.0,1.0,0.0,0.0,0.0,1.0,0.0,0.0,0.0,1.0,0.0,True
SmolLM3-3B-Base,SmolLM,layer17,17,19,0.5428571428571428,,True,d_all,True,0.0,0.0,0.0,0.0,1.0,0.0,0.0,0.0,1.0,0.0,0.0,0.0,1.0,0.0,0.0,0.0,1.0,0.0,0.0,0.0,1.0,0.0,0.0,0.0,1.0,0.0,0.0,0.0,1.0,0.0,0.0,0.0,1.0,0.0,0.0,0.0,1.0,0.0,0.0,0.0,1.0,0.0,0.0,0.0,1.0,0.0,0.0,0.0,1.0,0.0,True
SmolLM3-3B-Base,SmolLM,layer17,17,20,0.5714285714285714,,True,d_all,True,0.0,0.0,0.0,0.0,1.0,0.0,0.0,0.0,1.0,0.0,0.0,0.0,1.0,0.0,0.0,0.0,1.0,0.0,0.0,0.0,1.0,0.0,0.0,0.0,1.0,0.0,0.0,0.0,1.0,0.0,0.0,0.0,1.0,0.0,0.0,0.0,1.0,0.0,0.0,0.0,1.0,0.0,0.0,0.0,1.0,0.0,0.0,0.0,1.0,0.0,True
SmolLM3-3B-Base,SmolLM,layer17,17,21,0.6,,False,d_all,True,0.0,0.0,0.0,0.0,1.0,0.0,0.0,0.0,1.0,0.0,0.0,0.0,1.0,0.0,0.0,0.0,1.0,0.0,0.0,0.0,1.0,0.0,0.0,0.0,1.0,0.0,0.0,0.0,1.0,0.0,0.0,0.0,1.0,0.0,0.0,0.0,1.0,0.0,0.0,0.0,1.0,0.0,0.0,0.0,1.0,0.0,0.0,0.0,1.0,0.0,True
SmolLM3-3B-Base,SmolLM,layer17,17,22,0.6285714285714286,,False,d_all,True,0.0,0.0,0.0,0.0,1.0,0.0,0.0,0.0,1.0,0.0,0.0,0.0,1.0,0.0,0.0,0.0,1.0,0.0,0.0,0.0,1.0,0.0,0.0,0.0,1.0,0.0,0.0,0.0,1.0,0.0,0.0,0.0,1.0,0.0,0.0,0.0,1.0,0.0,0.0,0.0,1.0,0.0,0.0,0.0,1.0,0.0,0.0,0.0,1.0,0.0,True
SmolLM3-3B-Base,SmolLM,layer17,17,23,0.6571428571428571,,True,d_all,True,0.0,0.0,0.0,0.0,1.0,0.0,0.0,0.0,1.0,0.0,0.0,0.0,1.0,0.0,0.0,0.0,1.0,0.0,0.0,0.0,1.0,0.0,0.0,0.0,1.0,0.0,0.0,0.0,1.0,0.0,0.0,0.0,1.0,0.0,0.0,0.0,1.0,0.0,0.0,0.0,1.0,0.0,0.0,0.0,1.0,0.0,0.0,0.0,1.0,0.0,True
SmolLM3-3B-Base,SmolLM,layer17,17,24,0.6857142857142857,,True,d_all,True,0.0,0.0,0.0,0.0,1.0,0.0,0.0,0.0,1.0,0.0,0.0,0.0,1.0,0.0,0.0,0.0,1.0,0.0,0.0,0.0,1.0,0.0,0.0,0.0,1.0,0.0,0.0,0.0,1.0,0.0,0.0,0.0,1.0,0.0,0.0,0.0,1.0,0.0,0.0,0.0,1.0,0.0,0.0,0.0,1.0,0.0,0.0,0.0,1.0,0.0,True
SmolLM3-3B-Base,SmolLM,layer17,17,25,0.7142857142857143,,False,d_all,True,0.0,0.0,0.0,0.0,1.0,0.0,0.0,0.0,1.0,0.0,0.0,0.0,1.0,0.0,0.0,0.0,1.0,0.0,0.0,0.0,1.0,0.0,0.0,0.0,1.0,0.0,0.0,0.0,1.0,0.0,0.0,0.0,1.0,0.0,0.0,0.0,1.0,0.0,0.0,0.0,1.0,0.0,0.0,0.0,1.0,0.0,0.0,0.0,1.0,0.0,True
SmolLM3-3B-Base,SmolLM,layer17,17,26,0.7428571428571429,,False,d_all,True,0.0,0.0,0.0,0.0,1.0,0.0,0.0,0.0,1.0,0.0,0.0,0.0,1.0,0.0,0.0,0.0,1.0,0.0,0.0,0.0,1.0,0.0,0.0,0.0,1.0,0.0,0.0,0.0,1.0,0.0,0.0,0.0,1.0,0.0,0.0,0.0,1.0,0.0,0.0,0.0,1.0,0.0,0.0,0.0,1.0,0.0,0.0,0.0,1.0,0.0,True
SmolLM3-3B-Base,SmolLM,layer17,17,27,0.7714285714285715,,True,d_all,True,0.0,0.0,0.0,0.0,1.0,0.0,0.0,0.0,1.0,0.0,0.0,0.0,1.0,0.0,0.0,0.0,1.0,0.0,0.0,0.0,1.0,0.0,0.0,0.0,1.0,0.0,0.0,0.0,1.0,0.0,0.0,0.0,1.0,0.0,0.0,0.0,1.0,0.0,0.0,0.0,1.0,0.0,0.0,0.0,1.0,0.0,0.0,0.0,1.0,0.0,True
SmolLM3-3B-Base,SmolLM,layer17,17,28,0.8,,True,d_all,True,0.0,0.0,0.0,0.0,1.0,0.0,0.0,0.0,1.0,0.0,0.0,0.0,1.0,0.0,0.0,0.0,1.0,0.0,0.0,0.0,1.0,0.0,0.0,0.0,1.0,0.0,0.0,0.0,1.0,0.0,0.0,0.0,1.0,0.0,0.0,0.0,1.0,0.0,0.0,0.0,1.0,0.0,0.0,0.0,1.0,0.0,0.0,0.0,1.0,0.0,True
SmolLM3-3B-Base,SmolLM,layer17,17,29,0.8285714285714286,,False,d_all,True,0.0,0.0,0.0,0.0,1.0,0.0,0.0,0.0,1.0,0.0,0.0,0.0,1.0,0.0,0.0,0.0,1.0,0.0,0.0,0.0,1.0,0.0,0.0,0.0,1.0,0.0,0.0,0.0,1.0,0.0,0.0,0.0,1.0,0.0,0.0,0.0,1.0,0.0,0.0,0.0,1.0,0.0,0.0,0.0,1.0,0.0,0.0,0.0,1.0,0.0,True
SmolLM3-3B-Base,SmolLM,layer17,17,30,0.8571428571428571,,False,d_all,True,0.0,0.0,0.0,0.0,1.0,0.0,0.0,0.0,1.0,0.0,0.0,0.0,1.0,0.0,0.0,0.0,1.0,0.0,0.0,0.0,1.0,0.0,0.0,0.0,1.0,0.0,0.0,0.0,1.0,0.0,0.0,0.0,1.0,0.0,0.0,0.0,1.0,0.0,0.0,0.0,1.0,0.0,0.0,0.0,1.0,0.0,0.0,0.0,1.0,0.0,True
SmolLM3-3B-Base,SmolLM,layer17,17,31,0.8857142857142857,,True,d_all,True,0.0,0.0,0.0,0.0,1.0,0.0,0.0,0.0,1.0,0.0,0.0,0.0,1.0,0.0,0.0,0.0,1.0,0.0,0.0,0.0,1.0,0.0,0.0,0.0,1.0,0.0,0.0,0.0,1.0,0.0,0.0,0.0,1.0,0.0,0.0,0.0,1.0,0.0,0.0,0.0,1.0,0.0,0.0,0.0,1.0,0.0,0.0,0.0,1.0,0.0,True
SmolLM3-3B-Base,SmolLM,layer17,17,32,0.9142857142857143,,True,d_all,True,0.0,0.0,0.0,0.0,1.0,0.0,0.0,0.0,1.0,0.0,0.0,0.0,1.0,0.0,0.0,0.0,1.0,0.0,0.0,0.0,1.0,0.0,0.0,0.0,1.0,0.0,0.0,0.0,1.0,0.0,0.0,0.0,1.0,0.0,0.0,0.0,1.0,0.0,0.0,0.0,1.0,0.0,0.0,0.0,1.0,0.0,0.0,0.0,1.0,0.0,True
SmolLM3-3B-Base,SmolLM,layer17,17,33,0.9428571428571428,,False,d_all,True,0.0,0.0,0.0,0.0,1.0,0.0,0.0,0.0,1.0,0.0,0.0,0.0,1.0,0.0,0.0,0.0,1.0,0.0,0.0,0.0,1.0,0.0,0.0,0.0,1.0,0.0,0.0,0.0,1.0,0.0,0.0,0.0,1.0,0.0,0.0,0.0,1.0,0.0,0.0,0.0,1.0,0.0,0.0,0.0,1.0,0.0,0.0,0.0,1.0,0.0,True
SmolLM3-3B-Base,SmolLM,layer17,17,34,0.9714285714285714,,False,d_all,True,0.0,0.0,0.0,0.0,1.0,0.0,0.0,0.0,1.0,0.0,0.0,0.0,1.0,0.0,0.0,0.0,1.0,0.0,0.0,0.0,1.0,0.0,0.0,0.0,1.0,0.0,0.0,0.0,1.0,0.0,0.0,0.0,1.0,0.0,0.0,0.0,1.0,0.0,0.0,0.0,1.0,0.0,0.0,0.0,1.0,0.0,0.0,0.0,1.0,0.0,True
SmolLM3-3B-Base,SmolLM,layer17,17,35,1.0,,True,d_all,True,0.0,0.0,0.0,0.0,1.0,0.0,0.0,0.0,1.0,0.0,0.0,0.0,1.0,0.0,0.0,0.0,1.0,0.0,0.0,0.0,1.0,0.0,0.0,0.0,1.0,0.0,0.0,0.0,1.0,0.0,0.0,0.0,1.0,0.0,0.0,0.0,1.0,0.0,0.0,0.0,1.0,0.0,0.0,0.0,1.0,0.0,0.0,0.0,1.0,0.0,True
SmolLM3-3B-Base,SmolLM,layer35,35,1,0.02857142857142857,,False,d_all,False,19.39527130126953,-0.08121777777777772,-0.09351706666666673,-0.06902613333333339,9.549496558273309e-37,-1.8971249592275048,-2.1006117393013586,-1.7331348719151074,1.8224318363052897e-92,-0.014185620915032726,-0.023163660130718973,-0.006187712418300645,0.001974891403299069,-0.15691935483870967,-0.18823965053763445,-0.1284111559139785,6.000905538291128e-25,-0.6945919139580772,-0.943389253753147,-0.4581774858011208,3.1486737946508366e-08,-1.9480635540902396,-2.1838530619077674,-1.752471438244459,1.6121598423433398e-68,-0.011864406779661052,-0.02816035076930961,-0.0004256390226544138,0.08102096175171966,-0.1264883593188828,-0.15231939212352666,-0.10233305493715733,3.719014960491093e-24,-0.19801252556237225,-0.25336904395421384,-0.1414652460956881,5.816849814961416e-12,-0.13224637681159424,-0.23117854320337194,-0.05321537290715371,0.0031942297393309964,0.14273373392367694,0.11329629875606147,0.17413938646426314,1.3491549798247388e-19,1.2534716401321624,1.001007624262072,1.496242265966443,5.350502835808302e-21,-1.8971249592275048,True
SmolLM3-3B-Base,SmolLM,layer35,35,2,0.05714285714285714,,False,d_all,False,9.657964706420898,-0.003996444444444469,-0.006515111111111171,-0.0016692888888889645,0.0015218000053437634,-0.23739012988502983,-0.36246976171077966,-0.11568237039643861,0.0001640066010086872,0.0002666666666666373,-0.00034509803921567716,0.0009780392156863492,0.42545140906641077,-0.011295698924731146,-0.01822392473118275,-0.004934946236559158,0.0011919707091123603,0.10013789825879815,-0.032015665059186384,0.23747602835880605,0.1472277859128198,-0.2870610110814713,-0.4339907631885882,-0.1504200507878163,8.559815097268761e-05,-0.0013559322033898091,-0.00951915012580376,0.004489337822671141,0.6998036200494369,-0.005349220433515045,-0.011241353025774475,-0.00048325939071273716,0.041316651018615855,-0.010224948875255602,-0.019275995035547007,-0.0028133691587874142,0.014582196579254348,-0.0063405797101449,-0.02217101793248946,0.0,0.3069254350977264,0.011562365591397783,0.005331765760067475,0.018451490617752433,0.0008038823400124932,0.38719890934026946,0.2707278092682382,0.511612494646419,1.5663688226209025e-10,-0.23739012988502983,True
SmolLM3-3B-Base,SmolLM,layer35,35,3,0.08571428571428572,,True,d_all,False,10.722085952758789,-0.0022364444444444853,-0.004232977777777838,-0.0005045333333333321,0.018385010645884263,-0.11533021202024862,-0.243441770290061,0.0017434047102343842,0.0681127404859249,-0.0004339869281045905,-0.0012707189542483816,0.00031385620915039535,0.27248081902807597,-0.006193548387096737,-0.011645430107526968,-0.0015631720430106866,0.01907079785168622,-0.026223592647746763,-0.18090768763850612,0.12507978085766436,0.7370166264371234,-0.2129825135204655,-0.35465564266123534,-0.08254799255929825,0.002566693068016086,-0.0057627118644068,-0.0149035239199173,0.0,0.16203988477250342,-0.0038788186081886167,-0.00827319541908709,-0.0003305031778787743,0.0600768325756395,-0.0022047546012270436,-0.00651646679394684,0.0021289078653544133,0.302766756733444,-0.0018115942028985588,-0.00793789543789541,0.0,0.4521664432894368,0.005759561458992146,0.0010651802656546556,0.011154899325321606,0.027339034051594432,0.18675892087271873,0.08192231877110012,0.2952279107518707,0.0008366558420296671,-0.11533021202024862,True
SmolLM3-3B-Base,SmolLM,layer35,35,4,0.11428571428571428,,True,d_all,False,10.247495651245117,-0.009265777777777817,-0.013157111111111142,-0.005835644444444425,9.217297822453842e-07,-0.6363659779217685,-0.7897547857742881,-0.48749802970116424,1.212937569889994e-16,-0.004538562091503273,-0.008106797385620909,-0.0015789542483660409,0.007687530942757183,-0.015629032258064557,-0.02420362903225806,-0.009160483870967823,4.399279252938438e-05,-0.33918378655234616,-0.527319979636669,-0.15733703584970324,0.0004662463242920326,-0.4814955087218431,-0.6565032416539416,-0.312054708424268,2.4328426840691544e-08,-0.010847457627118584,-0.02303025964108441,-0.002070795626997257,0.05065554740502347,-0.01249841551527442,-0.019934689850242063,-0.006182115160575355,0.0006196625372807866,-0.010991820040899825,-0.019216624718155086,-0.0041919823888544585,0.004727062056704514,-0.026268115942028936,-0.0591654641654642,-0.0026730894377953317,0.07496165540790317,0.011090470166561284,0.004081257115749609,0.01978468269028055,0.007709168885344149,0.14231172216949695,-0.00551019445004368,0.29060926438877843,0.06184128152813145,-0.6363659779217685,True
SmolLM3-3B-Base,SmolLM,layer35,35,5,0.14285714285714285,,False,d_all,False,10.495748519897461,-0.012330666666666601,-0.01676191111111105,-0.00832506666666663,8.846640129686153e-09,-0.8314820256703261,-0.9894311667021259,-0.6815333001547436,7.158606841719742e-27,-0.0032679738562091387,-0.005375947712418308,-0.0014900653594771248,0.0014955945381697616,-0.027258064516129,-0.03825282258064523,-0.01807943548387102,3.720259419213408e-08,-0.5312746520040306,-0.7276885820807492,-0.3530286110917729,1.4482390628177766e-08,-0.8815415752016951,-1.0612500153525248,-0.719443951785701,1.6381527233383996e-23,-0.013898305084745766,-0.031060216894977188,-0.0018244816000402007,0.06280666452609286,-0.01855748510584354,-0.027643434719908273,-0.010475374493928373,1.439474536731548e-05,-0.021600204498977482,-0.036853675555649563,-0.00851478390768085,0.003935479512328563,-0.021739130434782594,-0.0496588465117863,-0.002644469246031773,0.08140406432542015,0.02399009065991986,0.01515893948977439,0.03416513862534256,3.2608990231009944e-07,0.3502669231976645,0.21910326468597116,0.4917761626826622,6.736127637850098e-07,-0.8314820256703261,True
SmolLM3-3B-Base,SmolLM,layer35,35,6,0.17142857142857143,,False,d_all,False,8.558650970458984,-0.004844444444444429,-0.007767466666666725,-0.002314222222222243,0.0007356961285579954,-0.3378787359893596,-0.49406304226289927,-0.1878028862648416,1.0773929971341788e-05,-0.0012392156862744974,-0.0030120261437907693,0.0003347712418300451,0.14860521406893104,-0.011193548387096741,-0.017795967741935505,-0.00533319892473115,0.0004812070557494847,-0.149447983922665,-0.3450422328422615,0.0359257507562685,0.12581040650888267,-0.3517456146642184,-0.5275474749172925,-0.19016488087843833,4.8963777155420406e-05,-0.01898305084745766,-0.03856118049360693,-0.0040595015399732225,0.030655253242678145,-0.007926648920437707,-0.01496578221421882,-0.0022121913120851074,0.012937060025510552,-0.005080521472392685,-0.012658858105777207,0.000381839849895924,0.14311606003479088,-0.015398550724637694,-0.04058761271749717,0.0,0.1666987272506779,0.009954332700822244,0.004267269133459689,0.01632081066835343,0.001037336985384876,0.20229763074155338,0.06808930159315359,0.33598836311909575,0.0029634000751108188,-0.3378787359893596,True
SmolLM3-3B-Base,SmolLM,layer35,35,7,0.2,,True,d_all,False,6.00013542175293,-0.0020320000000000338,-0.0036023555555555918,-0.0006326666666666844,0.008032380664067777,-0.2969656504415674,-0.3900648564477998,-0.21094103982887943,8.159757401975419e-11,-0.00040261437908495346,-0.0011973856209149814,0.0003086274509804031,0.29279389682360646,-0.005376344086021501,-0.00931787634408605,-0.0019568548387096513,0.004934618753189483,-0.2544603081085288,-0.36594010593368015,-0.1575768434543407,5.225655501061698e-06,-0.3459361192365762,-0.44976697630529555,-0.25254820674108286,4.173238108489047e-12,-0.006101694915254252,-0.014690096377534123,-0.000687050655032079,0.09660158902067009,-0.0036506528077069333,-0.006829301719635278,-0.0008252457654639004,0.01789609496223014,-0.002652096114519442,-0.008889827724209754,0.0020030401570507025,0.37096073836438703,0.0,0.0,0.0,1.0,0.004973729706936547,0.0017752387729285586,0.008801801075268827,0.007000153322169931,0.09147581112804737,0.014538584362753338,0.17226568838614506,0.024289468547745403,-0.2969656504415674,True
SmolLM3-3B-Base,SmolLM,layer35,35,8,0.22857142857142856,,True,d_all,False,11.367021560668945,-0.012688000000000033,-0.016937022222222226,-0.008589777777777833,2.559809691871473e-09,-0.8708485307662781,-1.0388084045937134,-0.7074718148229698,2.696830718965418e-25,-0.0075084967320261375,-0.01135699346405231,-0.004125490196078441,6.362108209947028e-05,-0.021059139784946224,-0.030830913978494655,-0.0128965053763441,4.566729548914399e-06,-0.6794332569172186,-0.8896028143446213,-0.4883049073731304,2.5589599650005957e-11,-0.7302912519794087,-0.9240240587755301,-0.5492096757282711,9.231791409183478e-14,-0.014237288135593218,-0.030405457815867336,-0.002719262201524865,0.04868206308524697,-0.017087083280517112,-0.025705166692984418,-0.009555379802327867,6.795281864197042e-05,-0.016871165644171793,-0.029943587466372393,-0.006356927766148841,0.0046946575781714635,-0.03985507246376807,-0.0840832772989384,-0.009044117647058796,0.04188255006697139,0.013550643052920086,0.00515097828378667,0.022782353995361552,0.003267928255403692,0.05085799506219013,-0.11830946438076065,0.22967261240025694,0.5684465798908448,-0.8708485307662781,True
SmolLM3-3B-Base,SmolLM,layer35,35,9,0.2571428571428571,,False,d_all,False,7.584142684936523,-0.0015751111111110827,-0.003070488888888864,-0.0002250666666666574,0.028769373103371385,-0.29372285765444905,-0.3998907797195229,-0.19381296493435107,3.5488469407974055e-08,-0.0013124183006536505,-0.002876209150326811,-0.00011503267973855813,0.05835728119057301,-0.002698924731182828,-0.005801209677419275,4.946236559143959e-05,0.07715344367706782,-0.25578528864827765,-0.38948446845686074,-0.13415516831341406,9.143868131802317e-05,-0.27695710706956467,-0.39764564280099884,-0.16746249715841513,2.5359486099067727e-06,-0.007457627118644061,-0.017161088573360423,-0.000736330852609975,0.08266987840722542,-0.002045041619132104,-0.004899556155074078,0.0003638144948882228,0.12742272739531282,0.0010544478527607648,-0.0017720881288241174,0.004367268138502756,0.5246737363279677,-0.02083333333333337,-0.05136164729486649,-0.0017818660707159823,0.10999564967525806,0.0013865064305291774,-0.0014405787476281019,0.004520324689015284,0.3793026644550853,0.021171818421287014,-0.07843816707949909,0.11984651572637649,0.6669694407358209,-0.29372285765444905,True
SmolLM3-3B-Base,SmolLM,layer35,35,10,0.2857142857142857,,False,d_all,False,9.208242416381836,-0.0016782222222222476,-0.0036943555555554895,-0.00012524444444447314,0.06430837639724735,-0.11881315648689839,-0.24055673760455695,-0.0063393663940914035,0.05117681076913877,-0.0009254901960784601,-0.0022328104575163625,7.359477124178857e-05,0.117801665372055,-0.0010376344086021616,-0.0035861559139784976,0.001247715053763351,0.3936588667545662,-0.15653831867895152,-0.31408651446178504,-0.02036115574552277,0.04091078346469474,-0.003761616209271512,-0.13619111000195047,0.12692911999707535,0.9552530473824046,0.0013559322033898091,-0.0036856052227923096,0.006850491926752366,0.6089279523528783,-0.002856297798622509,-0.007003638630397199,0.000482078301947325,0.12967386022395308,-0.0008946830265849082,-0.004194591681688259,0.0021645994039270052,0.578141158100693,-0.0036231884057971175,-0.014290890269151087,0.0,0.3922374818419647,0.00011214421252370155,-0.002115585599831285,0.0025769107105208374,0.9260510240070919,-0.15277670246968,-0.25220696882436905,-0.06150579264815543,0.0020235854001686626,-0.11881315648689839,True
SmolLM3-3B-Base,SmolLM,layer35,35,11,0.3142857142857143,,True,d_all,False,4.649085521697998,-0.0007697777777777581,-0.0016074222222222268,1.2666666666702263e-05,0.06848365616434768,-0.04519999767493443,-0.10973253305960103,0.017035112404351096,0.17981092813598787,-0.0007006535947712278,-0.0015951633986927948,-3.137254901963704e-05,0.08421340899307216,-0.0007419354838709147,-0.0026505376344085896,0.0015270161290322907,0.4720547741149893,-0.09140374225674819,-0.17356711010099976,-0.01901057429129815,0.02640082648480255,-0.021366523608083998,-0.09389453643332235,0.049891650213556585,0.5705422251438144,-0.002372881355932166,-0.007644916933454554,0.001031007669421835,0.299325422770117,-0.0017070182110110466,-0.0032787037357147803,-0.00042375021174287933,0.02169566657530686,0.00166155419222902,-0.0004717920267151954,0.005353064465265427,0.29303154567322043,-0.0009057971014492239,-0.005115089514066473,0.0,0.5645142258394373,4.1281889099686886e-05,-0.0022450411132195367,0.0020002466793168634,0.9695547027146697,-0.07003721864866419,-0.13054218087154695,-0.007084207808184871,0.02438111486707184,-0.04519999767493443,True
SmolLM3-3B-Base,SmolLM,layer35,35,12,0.34285714285714286,,True,d_all,False,6.496898174285889,-0.0018791111111110537,-0.003341022222222256,-0.0005741333333332544,0.006278458283538022,-0.2953978665872863,-0.39623868320418815,-0.20409621790293517,2.987942295213666e-09,-0.0007372549019608599,-0.0016264052287581847,4.718954248364981e-05,0.08069933302083959,-0.0035053763440859864,-0.0067100806451613594,-0.000456451612903253,0.023746588009552684,-0.2537398282414123,-0.3793901196643556,-0.13501523681912586,7.00118929511335e-05,-0.2274180835118913,-0.3363281760594075,-0.12125706372446135,2.8728782595708523e-05,-0.002372881355932166,-0.009898782343987849,0.0018007780844530247,0.4295019868385771,-0.0018929310854776116,-0.004151529636764709,-0.0001536988638271954,0.06221328244419591,-0.003994120654396749,-0.00913990418579542,0.0007642004774194178,0.12189637570969654,-0.013586956521739135,-0.03749999999999998,0.0,0.15423047363509312,0.0027681214421251266,-9.489721695127567e-05,0.005742892683955222,0.05771446651540752,-0.02632174472952098,-0.11119355514257785,0.06212574631149752,0.5357307217019147,-0.2953978665872863,True
SmolLM3-3B-Base,SmolLM,layer35,35,13,0.37142857142857144,,False,d_all,False,7.267487049102783,-0.0030471111111111115,-0.004491155555555531,-0.0017190222222222273,1.1702164502658253e-05,-0.36994766122534406,-0.4738303642635558,-0.27205129880855294,2.4384796882334554e-13,-0.0014797385620914927,-0.002803660130718899,-0.0004755555555554988,0.016440307483615385,-0.005456989247311861,-0.008668010752688216,-0.0027149193548386824,0.000253176341014489,-0.3240680273411827,-0.4543407400598293,-0.20744392990260396,4.6958491224889923e-07,-0.3044672218319935,-0.4195362951308228,-0.19711680138609491,1.0991435678808596e-07,-0.008474576271186418,-0.02032589224197332,0.0,0.11857075780758014,-0.003946423289812762,-0.006967560966471903,-0.00147029978527857,0.004647739468800252,-0.006742075664621705,-0.012304439625050623,-0.002406243538629057,0.006702863829144599,-0.004528985507246341,-0.017066453447050448,0.0,0.3342717381421578,0.003977250685220368,0.001153094033312227,0.007164176681425258,0.009269325234749444,-0.01960080550918919,-0.11017569440484809,0.061921465759689695,0.6520699312039275,-0.36994766122534406,True
SmolLM3-3B-Base,SmolLM,layer35,35,14,0.4,,False,d_all,False,5.770387172698975,-0.0011164444444444754,-0.0021496444444444483,-0.00020777777777787352,0.024293035974912912,-0.07337203725824493,-0.15389796716759716,-0.0003942801282091056,0.06923886891224364,-8.366013071903211e-05,-0.000742614379084991,0.0005807843137254212,0.801846597724647,-0.0031236559139784514,-0.0056514784946236464,-0.001010349462365626,0.009159118906666704,-0.024458998268338306,-0.1259271160195623,0.07964684546180806,0.6489530026198371,-0.10217440340233575,-0.19075429590105195,-0.02016393786465104,0.021092939058391637,-0.007457627118644061,-0.017570863524034974,-0.0005572284136490747,0.08626581971525,-0.0025267249757044974,-0.004962255530054277,-0.00040136124663346965,0.03228419355421849,-0.001853271983640048,-0.005677829210357382,0.0004542208167294861,0.25056409711010685,0.0,0.0,0.0,1.0,0.0030399957832594193,0.0010544233607421433,0.00555802024035413,0.009770821117714136,0.07771540513399744,0.01154561317565277,0.14335376140324063,0.021411080290546763,-0.07337203725824493,True
SmolLM3-3B-Base,SmolLM,layer35,35,15,0.42857142857142855,,True,d_all,False,3.583812713623047,-0.0012284444444444764,-0.0018864888888888987,-0.0005989333333333265,0.0002187589483690693,-0.13585534535518873,-0.19600335131762028,-0.0829514080113348,2.7437622479031174e-06,-0.0007424836601307438,-0.0014431372549019716,-0.00020901960784311125,0.017267003374082882,-0.00260752688172039,-0.004113306451612936,-0.0013170698924731413,0.00039466052514124203,-0.0774236340653176,-0.1498657923760114,-0.004982944601515083,0.03579253802029549,-0.11050554346003016,-0.17359566026978485,-0.05370075643491953,0.0003089196356697034,-0.004067796610169427,-0.011021657250470806,0.0,0.15960260205265098,-0.0014196983141082642,-0.00280774853985741,-0.00016398207324450434,0.03770986975052331,-0.0025881901840490995,-0.005019986969315609,-0.0008259141758191149,0.014962235797114434,0.0,0.0,0.0,1.0,0.0018650432215896462,0.0005278426101622852,0.003343496204933571,0.013077762957901173,0.03308190939471256,-0.015976712190923857,0.08412873784051318,0.20376786295864224,-0.13585534535518873,True
SmolLM3-3B-Base,SmolLM,layer35,35,16,0.45714285714285713,,True,d_all,False,4.165458679199219,-0.00011911111111106987,-0.0007502222222222077,0.0005708888888888318,0.7166625449188196,-0.0365373764581749,-0.0997443345680202,0.026007294108348223,0.2640845324915171,-0.000915032679738581,-0.002002614379084891,-0.00012013071895419515,0.0660677342357104,0.0007473118279569535,-0.0006025537634409106,0.002236962365591385,0.3006456215424288,-0.15730732325718355,-0.23437585934306393,-0.08024581330134797,8.681700552623039e-05,0.03530713876065139,-0.036056146712766156,0.10959640763645385,0.33839765236022024,0.0003389830508474523,-0.0028516192856961995,0.004272174815143008,0.8469148132826959,0.00021126463007570262,-0.0007624011082336984,0.0012430334534188569,0.6829315154744388,0.0003514826175868846,-0.0019433129740702242,0.003009376431328991,0.7844389463159704,-0.0018115942028985588,-0.010504939335284638,0.0,0.5480724981617452,-0.0016623445076955345,-0.003374483976386214,-0.00010410499683739291,0.047674176862913115,-0.19261446201783494,-0.24830305820837023,-0.14105869669646218,2.902490232187667e-12,-0.0365373764581749,True
SmolLM3-3B-Base,SmolLM,layer35,35,17,0.4857142857142857,,False,d_all,False,5.58824348449707,-0.002808888888888861,-0.004334622222222131,-0.00148595555555561,6.73829959634031e-05,-0.35945318348736466,-0.45657394457033995,-0.26238892926342794,3.0479519403285364e-13,-0.0030901960784314175,-0.005908758169934592,-0.000873202614379065,0.02034073163585512,-0.00317204301075269,-0.0054466397849462335,-0.0011608870967741605,0.004963633827907101,-0.35613130461097375,-0.48160797731428046,-0.2382086081794963,6.406496965286837e-09,-0.30109241416202615,-0.41581181279918084,-0.1988344256009591,4.048869506991613e-08,-0.0054237288135593476,-0.015729949063282327,0.0011899793417791149,0.2270512850276144,-0.002492922634892425,-0.004701387607570459,-0.0007496796103227434,0.014228034072720731,-0.002332566462167729,-0.005795800114954075,0.0003157692721895143,0.1360544504749669,-0.016304347826086918,-0.042538695411829766,0.0,0.14139985959677945,8.184693232127227e-05,-0.0033243421884882997,0.0033866629770187835,0.9612349461958416,-0.05503889044894761,-0.1269329929797023,0.016826675596540597,0.13403262700630322,-0.35945318348736466,True
SmolLM3-3B-Base,SmolLM,layer35,35,18,0.5142857142857142,,False,d_all,False,3.2553696632385254,-0.0019431111111111177,-0.0029405333333333006,-0.0010737777777778373,4.9934827499849364e-05,-0.20580704982028175,-0.2678303788976321,-0.14783559477378172,4.590404423144769e-12,-0.0010248366013072552,-0.0020916339869281623,-9.398692810455034e-05,0.050155732022297256,-0.0037365591397849895,-0.005898790322580655,-0.0017848118279570754,0.0005640869529616012,-0.17402455558944707,-0.24979574834883983,-0.10671725884408088,2.434787347919164e-06,-0.21055325189629004,-0.2783867414239643,-0.15561957982141345,1.888981504622148e-11,-0.003389830508474523,-0.011707152369109635,0.001886737108153074,0.324061548723643,-0.00279714370220141,-0.004982342192343114,-0.0010176236253586829,0.005479814791413053,-0.00166155419222902,-0.003761069340016782,-0.00014194428224654248,0.07447327714378438,-0.007246376811594235,-0.02314980158730158,0.0,0.23288764029331954,0.0027117225384777344,0.0005713883617963322,0.0050944159814463735,0.02056348921051264,0.03652869630684297,-0.010462724613870688,0.08663917923292022,0.1642001337534038,-0.20580704982028175,True
SmolLM3-3B-Base,SmolLM,layer35,35,19,0.5428571428571428,,True,d_all,False,4.051876068115234,-0.0017724444444444654,-0.0027324888888888704,-0.0009722222222223273,4.107017297407994e-05,-0.14642560365267787,-0.19738373983630206,-0.09937112009641452,1.2729035185918849e-08,-0.0006065359477124277,-0.0013963398692810659,1.5686274509765785e-05,0.1075965216945077,-0.0038870967741935214,-0.00611330645161294,-0.0020591397849462068,0.00022631765797056166,0.02109039831691728,-0.0409555308046331,0.08935900529628438,0.5233898464132936,-0.13207863850842383,-0.18655062054889957,-0.07454227375938338,4.381695066880313e-06,-0.002372881355932166,-0.008001783307024585,0.0018988712887837097,0.35345408882610274,-0.0027379896057802,-0.004868810960505049,-0.0009391895050979149,0.007675010662603197,-0.0024923312883435855,-0.004675210671150201,-0.0007264082679966369,0.016862898780500422,0.0,0.0,0.0,1.0,0.0032805608264810937,0.0012440507063040506,0.005593245835968756,0.0029043562184290976,0.1531690368253411,0.10161598815749562,0.2046104579050222,1.1459541844049875e-08,-0.14642560365267787,True
SmolLM3-3B-Base,SmolLM,layer35,35,20,0.5714285714285714,,True,d_all,False,3.779714822769165,-0.00045866666666660727,-0.000993822222222207,3.382222222224336e-05,0.07834085096833628,-0.0016624097264594795,-0.05960863649713597,0.05534485897380646,0.9549954401868064,-0.00013594771241831616,-0.0006433986928104457,0.00037137254901956616,0.5899609346752094,-0.0007473118279569535,-0.001844489247311773,0.0002743279569892425,0.16518077754513127,0.03371636348834883,-0.0374459783744157,0.1053689560758934,0.36736768709774137,-0.016328913060847494,-0.08101049449540808,0.047251171894662804,0.6091855886681439,0.0010169491525423568,-0.0033681447240769156,0.00656395635725645,0.678881629088995,-0.0010816749059872066,-0.0021089915059177345,-8.642096217829085e-05,0.04246622163483843,-0.00015976482617585663,-0.0018458084426170086,0.001355944389561517,0.8383284839193059,-0.0009057971014492239,-0.006418389166072685,0.0,0.6411499346987786,0.0006113641155386373,-0.0004037186379928892,0.0016461838498841362,0.24383886514549447,0.05004527654919633,-0.00541209227377949,0.10158818126386226,0.06729591268229304,-0.0016624097264594795,True
SmolLM3-3B-Base,SmolLM,layer35,35,21,0.6,,False,d_all,False,8.126434326171875,-0.0012480000000000269,-0.0022067555555555533,-0.0003197777777777635,0.012680259823927936,-0.18067579894101282,-0.27094406170141844,-0.08635274883313601,0.0001333552138440782,-0.0014745098039216087,-0.002567320261437911,-0.0006062745098039309,0.004379952170449514,-0.0016451612903225499,-0.003790860215053757,0.0004409946236558908,0.12640088976427027,-0.32915120939431786,-0.4438569363955925,-0.22690989437948325,4.941842428213566e-09,-0.10751575465505869,-0.21447055965093237,0.001568929756403268,0.04511840113808302,-0.006440677966101704,-0.016849390919158352,0.0,0.15226093506036567,-7.605526682719077e-05,-0.0018042772376144795,0.0015778302599893268,0.9282238446615533,-0.003035531697341498,-0.006780085515050232,-0.00013910320225649683,0.07079439348411753,-0.004528985507246341,-0.01577811471602316,0.0,0.35656211704346663,0.0001706514864009412,-0.0020695340501792475,0.0024379833438751284,0.8742362006785281,-0.22163545473925916,-0.29484667029591594,-0.15061765091561943,1.6006213859338121e-09,-0.18067579894101282,True
SmolLM3-3B-Base,SmolLM,layer35,35,22,0.6285714285714286,,False,d_all,False,2.103030204772949,-0.0003857777777778182,-0.0009619555555555048,0.00016542222222223893,0.18202477691109242,-0.03437599019070703,-0.08177334508191716,0.015463912739430121,0.16291012749982814,-0.0006274509803921857,-0.0013805228758170557,-4.1830065359516055e-05,0.07064249097436903,0.0,-0.0012584677419355372,0.001210483870967751,1.0,-0.11935394342009742,-0.17688458385445066,-0.060825680708188466,5.3718707927086645e-05,0.022201494816405987,-0.032662343995712814,0.07573423837529229,0.41567440146566514,-0.0006779661016949046,-0.004215084658178769,0.0023889235856887126,0.6798724789189508,-0.0005323868677905574,-0.0016671889357423835,0.00041098104668986485,0.3247692034862789,0.00015976482617585663,-0.0007982239564259946,0.001040897829062598,0.7388976229217445,0.0,0.0,0.0,1.0,-0.0006274509803921857,-0.0019358971115327028,0.0008124246257642853,0.3794632863751729,-0.1415554382365034,-0.18738748459737298,-0.09506342889953846,9.084327791376012e-10,-0.03437599019070703,True
SmolLM3-3B-Base,SmolLM,layer35,35,23,0.6571428571428571,,True,d_all,False,4.320852279663086,-0.00014044444444438753,-0.0007396888888889369,0.0004639999999999117,0.6405337264232918,0.05016298573660016,-0.006084135839704663,0.10583821090286984,0.07856822393898127,-0.0004549019607843485,-0.0015895424836600586,0.0002824836601307583,0.3543890606868597,0.0005161290322580614,-0.000710349462365653,0.0017584677419354845,0.40229612412869364,0.016016599682427746,-0.05574635868286763,0.08938165203048963,0.6569516062656588,0.10031580907120619,0.03706639305887062,0.1606869169239209,0.0016805411670715183,-0.002372881355932166,-0.007963594994311657,0.0012299218181570414,0.31995281628274086,8.450585203045868e-06,-0.0011167845524099802,0.001041434337211533,0.9877312647991794,6.390593047034265e-05,-0.0010894833790616924,0.0011471570006888637,0.9094712390470425,-0.004528985507246341,-0.018714364035087742,0.0,0.41785375030349914,-0.0009710309930424099,-0.0026127219059665723,0.00046338920514442925,0.20444872387398705,-0.08429920938877844,-0.14098009911845805,-0.03128444189993961,0.0017905861687795357,0.05016298573660016,True
SmolLM3-3B-Base,SmolLM,layer35,35,24,0.6857142857142857,,True,d_all,False,6.725299835205078,-0.0023964444444444233,-0.003904888888888908,-0.000968888888888908,0.0016138077150400214,-0.2885014108467807,-0.39590218226996804,-0.19361392083734646,1.1323294310253077e-08,-0.0019294117647059572,-0.0032524183006536226,-0.0008836601307190522,0.001462400576582608,-0.004231182795698896,-0.007290591397849514,-0.0015856182795698924,0.0035197471876574305,-0.39707771046679774,-0.5229591547772361,-0.2803676616705553,1.623054953306404e-11,-0.2399428163407049,-0.34493891104147223,-0.13558371494564372,9.639754640756778e-06,-0.0020338983050847137,-0.01111397479954177,0.0028702894752170452,0.5516874894877972,8.450585203023664e-05,-0.002203895550589324,0.002387828712613138,0.9449593523569577,-0.006901840490797562,-0.011604290844266545,-0.0029962958419476673,0.001671439585433812,-0.009057971014492794,-0.028426071878940782,0.0,0.24989522925021057,0.0023017710309929384,-0.00014443337550074374,0.0051116081593927856,0.09243655098351175,-0.15713489412609283,-0.23923298790124306,-0.06746735853254023,0.0004348161005895213,-0.2885014108467807,True
SmolLM3-3B-Base,SmolLM,layer35,35,25,0.7142857142857143,,False,d_all,False,2.843663454055786,-6.0444444444418544e-05,-0.0005528888888888279,0.0005121333333332921,0.8195206775401815,-0.01159080119553213,-0.05743729770957136,0.03639360153703021,0.6290935385462877,-0.0002875816993463953,-0.0009882352941176231,0.00030849673202615335,0.3788693892605868,0.0005698924731183386,-0.0002798387096774324,0.0016024193548387603,0.21939180445748419,-0.04995238302810545,-0.11052750462071428,0.014492812501963825,0.11937484252586478,-0.007910325631976356,-0.056932722443825697,0.04020315334764823,0.7497107049817598,-0.003728813559321975,-0.010963679992545028,0.0006825938566552614,0.21097813948168154,-7.605526682719077e-05,-0.0009865229371345153,0.0008380685533438902,0.8659044754689819,0.0,-0.0012175994673572833,0.0013796130387921123,1.0,0.0,0.0,0.0,1.0,-0.0008574741724647339,-0.001940876027830507,7.062671305085508e-05,0.09828528441714662,-0.042042057396129096,-0.0901877850297168,0.0062749231867985245,0.09265783664415071,-0.01159080119553213,True
SmolLM3-3B-Base,SmolLM,layer35,35,26,0.7428571428571429,,False,d_all,False,3.343146800994873,-0.000128000000000017,-0.0007717777777777463,0.0005263999999999823,0.6993115326182123,-0.06314590225969097,-0.12072037842496183,-0.009185101003871063,0.024211318530663526,-0.00020392156862747424,-0.0006641830065359566,0.0001883660130719582,0.3449895695309664,0.0005215053763441002,-0.0010809139784946603,0.0022741935483870934,0.5313261487201286,-0.05010042304669504,-0.1172062565307396,0.01571370968219392,0.14192273111862208,-0.06064433727654528,-0.12789302230527,0.002344509043069713,0.06535138390593578,-0.004745762711864332,-0.013848595877142583,0.0004957725919962777,0.19196686337674018,5.9154096421210056e-05,-0.0010587182642166292,0.0012326904987096459,0.9185434905617689,0.0002556237218813706,-0.0016488674589803937,0.0025164729128964915,0.8136814108128358,0.0,0.0,0.0,1.0,-0.0007254269449715744,-0.002440515496521173,0.0008687929580434155,0.37692534038870895,0.010543914229850238,-0.03558020492486864,0.055486186506877685,0.6610610228416471,-0.06314590225969097,True
SmolLM3-3B-Base,SmolLM,layer35,35,27,0.7714285714285715,,True,d_all,False,4.39586067199707,-0.0011893333333332645,-0.0021139555555555467,-0.0002541333333333757,0.01440106973549636,-0.21757286919269214,-0.2904573549942992,-0.14071379752223137,1.1285104304593516e-08,-0.0003503267973856694,-0.0012135947712418466,0.0005282352941176376,0.4195274600953097,-0.002956989247311803,-0.005198924731182777,-0.0009452956989246733,0.004870015901256892,-0.1802195434722993,-0.2742231258352204,-0.0773668324626802,0.0003088252376958666,-0.1772890069119737,-0.25714003906781924,-0.0898639732944452,2.9861718193124198e-05,-0.0057627118644068,-0.01611697027804404,0.001119522642417036,0.19952538554731625,-0.0009211137871297792,-0.002668599346970202,0.0008321514376501052,0.3042667541642341,-0.004281697341513291,-0.007796034735657292,-0.0012733952518728443,0.011362733197548814,0.0,0.0,0.0,1.0,0.0026066624499261337,0.0006247359266287722,0.004811158549441269,0.012354247916163368,-0.002930536560325603,-0.07510550921312287,0.07129189099924127,0.9369898304510441,-0.21757286919269214,True
SmolLM3-3B-Base,SmolLM,layer35,35,28,0.8,,True,d_all,False,5.339570999145508,-0.0014915555555555793,-0.0026066222222221767,-0.0005382222222222431,0.005999950773135188,-0.20204405054799457,-0.2686879777285244,-0.13975322320332156,1.2637747905751322e-09,-0.0015947712418300508,-0.0030125490196078685,-0.0004754248366012518,0.013748546345037884,-0.0012688172043010537,-0.003172715053763442,0.00033346774193555574,0.1450533618599347,-0.28912587925703104,-0.3700142609300242,-0.21406542586986382,7.893153627205019e-13,-0.13831264049885839,-0.21436820085241098,-0.07391757502373508,0.0001713681392380868,-0.0030508474576270705,-0.009699672308367996,0.002114878538251849,0.32130865237559814,-0.0009126632019267333,-0.002300214824159505,0.0004020671703141574,0.1771068039538345,-0.002332566462167729,-0.005726093075635008,0.00020422857090216513,0.12855085666644187,-0.011775362318840576,-0.032007662736652065,0.0,0.19197302929338145,-0.0003259540375289971,-0.00194328747628075,0.001615168669618491,0.7174887517177113,-0.15081323875817265,-0.21483027272626562,-0.08758520975958872,2.402555945886475e-06,-0.20204405054799457,True
SmolLM3-3B-Base,SmolLM,layer35,35,29,0.8285714285714286,,False,d_all,False,2.6327524185180664,-0.0003822222222221727,-0.0009352444444444413,0.0001866666666666683,0.196214834792789,-0.02642724630626292,-0.06919394696368163,0.018985018078168405,0.23967068601575714,-0.00031372549019614837,-0.0009047058823529492,0.0001307189542483239,0.2414674032785965,-0.0003494623655914131,-0.0018120967741935001,0.0010055107526881905,0.6361639273863186,-0.07272389485258568,-0.12195441423636413,-0.013605697218626736,0.00778374859290613,0.019645781846878485,-0.0261182314327175,0.0689139792006013,0.4281470839056153,0.0003389830508474523,-0.0021635154968488277,0.002778709917971755,0.7715860809635887,-0.00036337516373008416,-0.0013856389269929104,0.0006425319951353229,0.48247891389374786,-0.0008946830265849082,-0.00329114299629894,0.0006979305263130424,0.3883359134569897,0.0,0.0,0.0,1.0,3.573687539526471e-05,-0.0013948292220114622,0.0015312961205987822,0.9626463548499504,-0.09236967669946416,-0.13785186058315746,-0.049188243977182015,2.3651084476358655e-05,-0.02642724630626292,True
SmolLM3-3B-Base,SmolLM,layer35,35,30,0.8571428571428571,,False,d_all,False,4.173184871673584,-0.001224888888888831,-0.0021919999999999744,-0.0003963555555555332,0.005091214495453563,-0.1488412116397324,-0.20088124822785106,-0.09897903491387104,8.847387143813806e-09,-0.00037647058823531143,-0.0010249673202615023,0.00019869281045747922,0.20541958827871443,-0.0030268817204300857,-0.004935618279569912,-0.0013977150537633932,0.0008710191949009913,-0.06962362003928568,-0.13579142673797892,-0.00760194462270524,0.02973261354881052,-0.2065201687135909,-0.26293295341169676,-0.15391297751811012,2.9392244764026816e-13,-0.009152542372881323,-0.020478055105472598,-0.0009898551431497817,0.06930365147871352,-0.00199433810791394,-0.0036989087129491753,-0.0007409272670321468,0.011030329767200683,-0.001373977505112478,-0.004402219501416055,0.0011731416704613637,0.33466736157447596,0.0,0.0,0.0,1.0,0.0026504111321947743,0.0012791255534471413,0.004389666350411153,0.001140793547893867,0.13689654867430523,0.09687981067307834,0.1768617764407708,4.228197502681476e-11,-0.1488412116397324,True
SmolLM3-3B-Base,SmolLM,layer35,35,31,0.8857142857142857,,True,d_all,False,2.0245089530944824,-0.00019022222222220275,-0.0005867555555555126,0.0001672444444444503,0.32937806604915354,-0.007932667274682004,-0.046104651614645956,0.02901508871322368,0.6816626481105548,-0.00024052287581699527,-0.0007949019607843861,0.00019882352941183446,0.351712549409242,-0.00017204301075268713,-0.0008985215053763484,0.0005483870967741833,0.6518006360927804,-0.008590502656488752,-0.05469118965678634,0.039300265902155976,0.7233594762325884,-0.005663297740384543,-0.04524984665202236,0.03563124073573248,0.783922456103947,0.0,-0.0025423728813559476,0.0027833846005088365,1.0,-0.00038872691933911074,-0.0011878844606241223,0.0003351600383928648,0.3162535757642192,0.0,-0.0012979132311572606,0.0012077787447168525,1.0,0.0,0.0,0.0,1.0,-6.847986506430814e-05,-0.000918625342610177,0.0007236385199241273,0.8730347214631092,-0.002927204916104209,-0.03797862988689578,0.03352138548925657,0.8704080846531477,-0.007932667274682004,True
SmolLM3-3B-Base,SmolLM,layer35,35,32,0.9142857142857143,,True,d_all,False,3.304049491882324,-0.0008960000000000079,-0.0016018666666666986,-0.00028795555555551083,0.007526076237063266,-0.06557255898404923,-0.12245368118913004,-0.0071668019908835544,0.022270006598355544,-0.0005803921568627857,-0.0012708496732026313,-2.0784313725508272e-05,0.07144281847953975,-0.0018118279569891982,-0.0035763440860214738,-0.0003008064516128758,0.030285521899562795,-0.06934837063725308,-0.13536256637117233,-0.0012879623483086178,0.04982302685994529,-0.03287130953785322,-0.09082260149208521,0.03469374707755759,0.3065817023388342,-0.004745762711864332,-0.011229553215368875,-0.0005577394083140705,0.10027368462125208,-0.0006929479866480959,-0.001842983019660585,0.0003741905245702169,0.21835919837027262,-0.002140848670756701,-0.005318044646837039,9.621931992241913e-05,0.1265452664035332,-0.0027173913043477826,-0.010990021008403322,0.0,0.4230477325187002,0.0012314358001264125,-0.00036263757115760354,0.0030546347248575872,0.15664534334262425,-0.036477061099399855,-0.08745320620077984,0.01829588098482854,0.1686852134440664,-0.06557255898404923,True
SmolLM3-3B-Base,SmolLM,layer35,35,33,0.9428571428571428,,False,d_all,False,6.576148986816406,-0.0012586666666666302,-0.0022334222222221757,-0.0004370222222221806,0.0045779602427215805,-0.13495846245893128,-0.1952035937052092,-0.07141330563194126,2.1450903997764574e-05,0.00015686274509796316,-0.0003503267973856694,0.0007742483660131246,0.580600922229153,-0.00349462365591402,-0.005827956989247318,-0.0014942204301075655,0.001495200642240299,-0.0566077190698806,-0.12956262288288473,0.011610690908069177,0.12344613569806548,-0.152858030975362,-0.22406746381755485,-0.0823563087269206,1.371849366441201e-05,-0.004745762711864332,-0.01324723328419613,0.0005766847053844024,0.20636192699475098,-0.0022563062492076957,-0.0042061525375675455,-0.0004718705134764915,0.019325669295658453,-0.001853271983640048,-0.004471154330123445,-0.00014243720147900395,0.09086542995398693,-0.0027173913043477826,-0.012858526337364257,0.0,0.44157766368979656,0.003651486401011983,0.0016277050390047954,0.0059637787265444655,0.0008190006929289212,0.09625031190548139,0.029907774720822844,0.16179183738870195,0.005458398455836159,-0.13495846245893128,True
SmolLM3-3B-Base,SmolLM,layer35,35,34,0.9714285714285714,,False,d_all,False,17.282907485961914,-0.005111111111111066,-0.007573466666666653,-0.0029638222222222637,1.262664188729352e-05,-0.4949150277638812,-0.6223059902888133,-0.3811557285407497,1.804765656202091e-15,-0.00340915032679745,-0.006212418300653602,-0.0010715032679738004,0.010321260500859275,-0.00995698924731181,-0.01541061827956989,-0.004800537634408631,0.00028456713685295627,-0.5372470175167834,-0.690757519831474,-0.3874609848187651,2.384472488559684e-12,-0.4576348770310328,-0.6005611114152511,-0.3285952729376806,7.927891223729431e-11,-0.0077966101694915135,-0.024616814801378593,0.0034135536958248996,0.3049188758472895,-0.003802763341361426,-0.007608967460988306,-0.0006274149767401626,0.034610207313432916,-0.014059304703476494,-0.023892333664720395,-0.005357991698914212,0.004185792910790014,-0.005434782608695676,-0.017362980769230818,0.0,0.27207640340262995,0.0065478389205143595,0.0012452651275563832,0.012014488193126668,0.020683419662658454,-0.0796121404857506,-0.1935324954009633,0.036449222699714186,0.1766442058904668,-0.4949150277638812,True
SmolLM3-3B-Base,SmolLM,layer35,35,35,1.0,,True,d_all,False,2.493946075439453,-0.00015111111111110187,-0.0004747111111111757,0.00013164444444444247,0.3110106002871901,-0.026464465507388457,-0.04973016396348769,-0.0034375413466765374,0.025948649899905883,-5.7516339869279065e-05,-0.0002720261437908794,0.00013607843137256314,0.5791094232263592,-0.0002849462365591693,-0.0010161290322581173,0.0004193548387096957,0.4134333998049803,-0.0081878376585518,-0.03697210097438873,0.02262558952249442,0.5927571222631489,-0.03608242300231401,-0.06266872626002304,-0.01009818615459044,0.006753376605682141,-0.0010169491525423568,-0.00551328439239337,0.002339358723287315,0.6078873469829451,-2.5351755609026583e-05,-0.0007012753889615198,0.0005516315520075281,0.9335841244558033,-0.0005751533742331949,-0.001359698161554629,-9.149143644909545e-05,0.0784885787910197,0.0,0.0,0.0,1.0,0.00022742989668989022,-0.00040711838498835027,0.00091251686696176,0.4819058004744432,0.027894585343762213,0.008572983728107076,0.04651519436737617,0.004222901826496964,-0.026464465507388457,True
SmolLM3-3B-Base,SmolLM,behavior,36,1,0.02857142857142857,0.9999448657035828,False,d_all,False,6.25,-0.1591662222222222,-0.18026393333333332,-0.13975073333333327,5.797544555175941e-57,-1.770897056768692,-1.9347699884550598,-1.6140693935958172,4.599203834826136e-102,-0.04911633986928099,-0.06984196078431368,-0.029742941176470545,3.4281530787270006e-06,-0.23682258064516126,-0.27393534946236564,-0.1996316532258065,1.7594293278753817e-36,-0.9741009424753346,-1.2516827051311046,-0.7079855347410021,1.9843156037101745e-12,-2.065440173451912,-2.2881111892871187,-1.8476589080998675,5.13182886709386e-76,-0.012711864406779627,-0.027250261684794913,-0.001591242027228201,0.06064891421902684,-0.21015760341403644,-0.24480832087123883,-0.17700481566979814,2.5011677537392028e-33,-0.27367714723926384,-0.33388288220925666,-0.2170681814727873,7.515913090674522e-20,-0.1277173913043479,-0.21212757830404882,-0.05768939393939396,0.00146915972483938,0.18770624077588027,0.1456085931899641,0.22976340475437476,4.692236913199592e-19,1.0913392309765775,0.8030018624198976,1.3861296213906877,5.719982306938706e-13,-1.770897056768692,True
SmolLM3-3B-Base,SmolLM,behavior,36,2,0.05714285714285714,1.0007435083389282,False,d_all,False,4.0,-0.0029244444444445072,-0.008262888888888908,0.0019398666666666923,0.2843099190297711,-0.00704705223868185,-0.1370308963608762,0.1219878443868326,0.9163507549065101,0.007793464052287646,0.003740196078431385,0.012494313725490142,0.0005535151163648695,-0.020276881720430073,-0.0341885080645161,-0.007670900537634469,0.0031841982139284436,0.592972921585682,0.4384280409858991,0.7661909677053913,3.1514201088313417e-12,-0.18932989252193488,-0.36333168088620005,-0.010836760207957387,0.03771550289871483,-0.004237288135593209,-0.013797892720306537,0.0031773931415569148,0.34193225768418234,-0.007212574470782163,-0.01592770715099231,0.0009068952432604214,0.0962448675283534,-0.02509905419222902,-0.04842365782794696,-0.006172834643775061,0.01826626806719823,-0.033967391304347894,-0.09253686951754382,0.004744854416531251,0.1798869104090678,0.02807034577271772,0.01451010989879827,0.041942912713472474,8.348704877035997e-05,0.7823028141076169,0.6100181242546121,0.966077176577896,2.0793042001625295e-17,-0.00704705223868185,True
SmolLM3-3B-Base,SmolLM,behavior,36,3,0.08571428571428572,0.9989058971405029,True,d_all,False,2.625,-0.009053333333333358,-0.01480135555555553,-0.0036006888888888756,0.0020795595109098447,-0.3463161082285362,-0.4809288945722222,-0.21319417171688243,3.496643031384995e-07,0.002650980392156832,-0.0019034640522875789,0.007290000000000009,0.2570438081716415,-0.02576344086021498,-0.03974086021505384,-0.013589045698924761,0.00019468176387080303,0.057478581202856205,-0.13343457625066793,0.24297194411214695,0.5537189648347329,-0.5057230305464997,-0.6731957378731114,-0.3267420339359267,3.407917688391338e-08,-0.015254237288135575,-0.03857929460164558,0.003569835007414308,0.14219955941700996,-0.022778552414754683,-0.03394329492358768,-0.012806693278828876,3.16508586943252e-05,-0.016695424335378295,-0.0338862235153561,-0.0035934185624102903,0.038865940731911075,-0.012681159420289911,-0.05160583822570123,0.010300925925925923,0.44021322293551646,0.028414421252371813,0.015653675679949304,0.04245992357157914,4.510157612092729e-05,0.5632016117493559,0.390089045675146,0.7363066384548453,1.7574525646712891e-10,-0.3463161082285362,True
SmolLM3-3B-Base,SmolLM,behavior,36,4,0.11428571428571428,0.9984694123268127,True,d_all,False,3.125,-0.007173333333333365,-0.012561533333333288,-0.0018322666666666057,0.010202769667838096,-0.179677641507062,-0.3199500214841566,-0.04107643423403999,0.012590745272899126,0.0004915032679738696,-0.0047541830065358755,0.0058137254901961715,0.856179399828906,-0.019682795698924727,-0.032814717741935416,-0.007223655913978454,0.0021631183011513915,0.13508960220812094,-0.08399229853427499,0.3530281195493614,0.22725253639616627,-0.16177803315827521,-0.3605240511944158,0.03802980019087846,0.11396833464720059,-0.008305084745762636,-0.018662533921071332,-0.0014164216952866745,0.06911007018349112,-0.020387036802298586,-0.03178434042381057,-0.010463253670993487,0.00014162383340380027,-0.011662832310838422,-0.026469600293977883,-0.00024940425861048497,0.07915550364769249,-0.005434782608695676,-0.02942051820728292,0.012910259765752823,0.603227515039852,0.020174298966898596,0.0072286825321527136,0.033640060879190276,0.0023255577862812873,0.29686763536639615,0.07197647444227233,0.5028398771903365,0.005754132831347248,-0.179677641507062,True
SmolLM3-3B-Base,SmolLM,behavior,36,5,0.14285714285714285,0.9943240880966187,False,d_all,False,5.125,-0.13108444444444445,-0.15027968888888896,-0.11385308888888886,2.990935959332193e-45,-1.6304754522910363,-1.7860783519733097,-1.4732345897979926,2.5753094902039486e-95,-0.11859346405228754,-0.14917954248366008,-0.09252032679738564,7.042283427287738e-17,-0.1378736559139785,-0.16712540322580643,-0.11008891129032256,3.1218199997617485e-21,-1.7370812189064964,-1.9816698582888346,-1.49185234071901,6.06107710926314e-42,-1.3534007882491272,-1.557430354512695,-1.1521188315081352,1.2159508778488784e-36,-0.025084745762711802,-0.05078985723175974,-0.004688997734637538,0.03188554540972055,-0.13022774327122155,-0.15635345103194961,-0.10482276428618749,5.389887486438678e-23,-0.16441398261758688,-0.21520297296448093,-0.10859675079469318,1.9948269228613883e-09,-0.06385869565217395,-0.13519345238095234,-0.002847554492291289,0.07023930848471942,0.019280191861690943,-0.01727256166982919,0.05630906651908069,0.3087697820740305,-0.3836804306573691,-0.6411406713041503,-0.14098925267348558,0.0032803402192753887,-1.6304754522910363,True
SmolLM3-3B-Base,SmolLM,behavior,36,6,0.17142857142857143,1.0001543760299683,False,d_all,False,4.125,-0.015785777777777787,-0.0228945111111111,-0.008702755555555594,1.3905894077059262e-05,-0.6303785279874718,-0.7793811236991312,-0.48701675007932305,3.442957335859343e-18,-0.002894117647058825,-0.009532222222222265,0.0032106535947712313,0.36740868730256826,-0.03545161290322574,-0.0521317204301075,-0.019945497311828025,1.7538707471260253e-05,-0.1469367715397767,-0.3443273046884315,0.06485767173017329,0.17522107337174542,-0.5101683872203422,-0.703707209117134,-0.3020187292457127,7.083042979084769e-07,-0.004067796610169427,-0.01704911091215804,0.00847980591638698,0.5169814019633026,-0.030540414923733494,-0.043260052520509906,-0.01815216584375102,4.316040389811158e-06,-0.026121549079754613,-0.05036210618503645,-0.008394761797925667,0.017246675928518935,-0.015398550724637694,-0.04687676753393665,0.0046070115262198405,0.24300513013633585,0.03255749525616691,0.017156030729496112,0.05012653568416611,0.00011621201247751439,0.3632316156805655,0.16230764883303656,0.5622620060437838,0.00043546566680409605,-0.6303785279874718,True
SmolLM3-3B-Base,SmolLM,behavior,36,7,0.2,1.0005080699920654,True,d_all,False,3.625,-0.01736266666666675,-0.023982066666666742,-0.01135913333333326,5.240503187399527e-08,-0.41534902905394633,-0.5311404400537079,-0.3113866103969907,1.2138474503139748e-13,-0.027288888888888918,-0.041397777777777776,-0.014862091503268067,7.371729470198158e-05,-0.013924731182795691,-0.02288985215053769,-0.005670094086021522,0.0019122085432303352,-0.4348327671519634,-0.6090854626398388,-0.24984405702985035,3.168420175297884e-06,-0.2746967880223603,-0.39299064397740563,-0.15105298610632487,1.3777048165855404e-05,-0.00881355932203387,-0.021199116997792533,-0.0006254500017475718,0.09148463528971407,-0.012663201926733425,-0.020125845169115343,-0.0065203780762937355,0.0002835433107148887,-0.010832055214723968,-0.02183760544678969,-0.00038320300932983295,0.05488804326580308,-0.0040760869565217295,-0.0187609941364606,0.004237451611215831,0.4802143154719998,-0.013364157706093227,-0.02992474198819311,0.0018684063356525266,0.10277031669843355,-0.1601359791296031,-0.3295171956738747,0.025764999221731043,0.07535081782116192,-0.41534902905394633,True
SmolLM3-3B-Base,SmolLM,behavior,36,8,0.22857142857142856,0.9778231978416443,True,d_all,False,4.625,-0.07883022222222225,-0.09406673333333337,-0.06550831111111115,3.871641686530791e-28,-1.3034027974119768,-1.4710757196900512,-1.1435798241084627,2.0004418427624283e-53,-0.04331764705882357,-0.0612690849673203,-0.02714856209150325,1.4681800270254066e-06,-0.12801075268817197,-0.15688649193548396,-0.10201055107526884,6.240331389956515e-20,-1.0014428895180854,-1.2765237757929175,-0.7479759276874849,4.578582057651515e-14,-1.3629663174158824,-1.5703208626945449,-1.1588573005762002,5.060441923798279e-37,-0.13830508474576264,-0.211702993697479,-0.07649592739475292,5.025941069486336e-05,-0.13519246207799895,-0.16172883195632926,-0.10917568781030698,5.893613988471207e-24,-0.09694529652351735,-0.13844950157709376,-0.060003307020577025,2.5605010569456283e-06,-0.02717391304347827,-0.0649780701754386,-0.00356106372897409,0.09486899774973576,0.0846931056293484,0.05536026354627879,0.11567533496732021,5.5898775609830364e-08,0.361523427897797,0.10914873462030876,0.5865371718421833,0.002868928886370584,-1.3034027974119768,True
SmolLM3-3B-Base,SmolLM,behavior,36,9,0.2571428571428571,0.9970312714576721,False,d_all,False,3.0,-0.0040720000000000756,-0.008770933333333373,0.0006679111111110883,0.08603209365034452,-0.037435243145282016,-0.16514308148123352,0.09544478189617601,0.5778055936075556,0.0006143790849673092,-0.003870392156862684,0.005689019607843104,0.8067244427396514,-0.013177419354838737,-0.02104166666666665,-0.005399193548387006,0.0008507203547669859,-0.05697133831134593,-0.2444602571108334,0.13918441757943745,0.5632876481147167,-0.29825334785376345,-0.443941362693857,-0.14265836066158302,0.00013512913928761104,-0.07016949152542373,-0.2076984799843251,-0.0022421380498741064,0.24464121241006898,-0.009109730848861242,-0.016602805394614246,-0.002231464329650171,0.013351255450228269,-0.007876405930470343,-0.0192588783148171,0.0005904557069735211,0.12087803661943625,-0.0036231884057971175,-0.01803495481127056,0.007214461192538388,0.5431471737115824,0.013791798439806047,0.006423767130508154,0.02113404991566526,0.00039787338464483397,0.24128200954241752,0.08716161422561333,0.4016631983200243,0.002340076530838596,-0.037435243145282016,True
SmolLM3-3B-Base,SmolLM,behavior,36,10,0.2857142857142857,0.974111795425415,False,d_all,False,4.75,-0.1891342222222222,-0.21036964444444445,-0.1685722444444444,3.5131880682558536e-65,-1.983557464055851,-2.1683768360188074,-1.8117445122709899,3.5854431837364863e-93,-0.09438169934640517,-0.11822287581699344,-0.07286254901960777,1.7442273175752186e-16,-0.27368010752688166,-0.3144141129032258,-0.237574932795699,5.115939896804789e-44,-1.7337281122482249,-2.029502473579612,-1.4550605833480945,2.331298249698301e-31,-2.2428887169638845,-2.4951900355590664,-1.9950217927687528,1.1204410517457823e-70,-0.293728813559322,-0.4213995339044283,-0.1744099540295193,5.167185721291926e-06,-0.23231503781636875,-0.26766754782527796,-0.19539318629364308,1.341335542137421e-38,-0.3008850971370143,-0.3657962584796096,-0.23880943982452618,1.2958064979070311e-20,-0.17889492753623193,-0.32406273310954814,-0.052282051282051385,0.009509042081469946,0.1792984081804765,0.14055124710099087,0.21926837734556193,3.549428345391832e-18,0.5091606047156596,0.23634476509490396,0.7544673207557318,0.00021323248557034258,-1.983557464055851,True
SmolLM3-3B-Base,SmolLM,behavior,36,11,0.3142857142857143,1.0002697706222534,True,d_all,False,4.375,-0.04935911111111113,-0.05870528888888887,-0.04039004444444443,1.0950238477806145e-24,-0.9176963417322188,-1.0379693576924696,-0.7973483980919339,2.5180424753507044e-50,-0.045864052287581725,-0.060107581699346366,-0.034622614379084996,4.4155949125168875e-12,-0.04398924731182796,-0.05938138440860215,-0.030907728494623612,3.65226346166118e-10,-1.1024782504127937,-1.2756478949607033,-0.942768082495308,1.7412748158593135e-36,-0.6366334087654391,-0.7837309682114181,-0.5086387930374942,1.2044572539899664e-19,-0.03050847457627115,-0.07145719274403256,-0.005100317153888536,0.07674718803501003,-0.03531922085604433,-0.04822759484761674,-0.023838000361279147,1.815359472602585e-08,-0.023773006134969354,-0.03962139233148224,-0.010865881433613766,0.001520282163118674,-0.04121376811594202,-0.0871527777777778,-0.00932321942916989,0.045176735981755464,-0.0018748049757537633,-0.01863725648323848,0.017832645477545837,0.8381184224868645,-0.4658448416473546,-0.6398801139964834,-0.30953489042552856,9.951087451428213e-08,-0.9176963417322188,True
SmolLM3-3B-Base,SmolLM,behavior,36,12,0.34285714285714286,0.9977805614471436,True,d_all,False,5.25,-0.23912444444444447,-0.2632979333333333,-0.21717511111111112,2.367011319654882e-87,-2.1799640906819158,-2.33965143910798,-2.019761719691575,1.0187080967449003e-156,-0.18553202614379083,-0.2164847058823529,-0.1560929411764706,3.914416403836677e-33,-0.2593494623655914,-0.2936174731182796,-0.22563420698924733,2.1354353236411172e-50,-2.2316709309668306,-2.4694540742430524,-2.0043548862733718,1.1124540814076907e-75,-2.157788542471353,-2.3717817291948102,-1.9619573340762688,5.332545092652294e-96,-0.35,-0.5421888891408871,-0.17510192607878938,0.00010511779516956269,-0.2433515020915199,-0.2786878739047711,-0.20951975057091113,1.756324332710796e-42,-0.2917785020449898,-0.3485477416046316,-0.2363821535395602,1.7738961185194235e-23,-0.27717391304347827,-0.43008124762086025,-0.11805966854626743,0.0004741702339307565,0.07381743622180059,0.03276375869702724,0.113523808507274,0.00023711738047754814,-0.07388238849547735,-0.31582902865782625,0.1585523730755235,0.5378885134337137,-2.1799640906819158,True
SmolLM3-3B-Base,SmolLM,behavior,36,13,0.37142857142857144,0.9993714690208435,False,d_all,False,4.5,-0.09004088888888895,-0.10512993333333323,-0.07539879999999996,1.781555309199473e-33,-1.3282503032835913,-1.4889621743057677,-1.175717332621594,8.430519237010395e-63,-0.04404444444444444,-0.059074901960784305,-0.02879156862745105,2.221016216564433e-08,-0.12143279569892473,-0.14799758064516125,-0.09614099462365591,1.3728999496970852e-20,-1.0585167676633405,-1.2857985497007698,-0.8431137832750958,2.79535411920319e-20,-1.392083220440105,-1.5929806034618472,-1.1887216570774628,5.781401816218351e-41,-0.042881355932203324,-0.07458723636689743,-0.018227833475540352,0.0041430389404616495,-0.1077449613385727,-0.13133149135424974,-0.08388977877532387,2.412419121611167e-19,-0.13444210122699385,-0.18274933925820647,-0.09313752856745289,1.0431408096020279e-08,-0.10235507246376818,-0.20139934738955828,-0.02646112351190475,0.02353448703762491,0.07738835125448029,0.05049681161712003,0.10554225542905334,4.764520387758497e-08,0.33356645277676455,0.09918370439256634,0.5547037753543573,0.004992391766009444,-1.3282503032835913,True
SmolLM3-3B-Base,SmolLM,behavior,36,14,0.4,0.9991500377655029,False,d_all,False,4.625,-0.008238222222222258,-0.012922533333333364,-0.0032954666666665756,0.0005603842786338122,-0.3693989419246866,-0.4895625527689903,-0.24975866984625303,8.890616455936328e-10,-0.003176470588235336,-0.008078823529411788,0.001655228758169949,0.20896191422278276,-0.016166666666666663,-0.025032997311827974,-0.007431115591397865,0.00034246721986103677,-0.4494628913157781,-0.6107863311833984,-0.28367935524140936,7.628807077751623e-08,-0.5379362238047398,-0.6810352415808244,-0.388188406364741,1.7358344561395242e-12,0.0,-0.004021793144309699,0.004670629916531528,1.0,-0.008940719144800768,-0.015522527245996148,-0.0023195028201365643,0.00746072146148569,-0.028757668711656414,-0.043653917505705936,-0.0160995675032953,7.864819317440758e-05,-0.005434782608695676,-0.023033791866028806,0.006832141829984857,0.47207526270587796,0.012990196078431326,0.004080327588024402,0.02234310193970064,0.005144790180321421,0.08847333248896172,-0.06935111504405339,0.23975962124039402,0.26059598207468004,-0.3693989419246866,True
SmolLM3-3B-Base,SmolLM,behavior,36,15,0.42857142857142855,0.9979378581047058,True,d_all,False,4.875,-0.010255111111111104,-0.01418144444444438,-0.006750955555555529,1.5264261634159222e-07,-0.2692413198715333,-0.3762157008252827,-0.16389721450777905,3.4378620089131304e-07,-0.009118954248365951,-0.014070915032679788,-0.004697320261437868,0.0001108412515765323,-0.012994623655913973,-0.02016653225806456,-0.006546034946236559,0.0001485916439364956,-0.6160447052029632,-0.7687173950574034,-0.4800957929379482,3.3743214253629174e-16,-0.3954636632421842,-0.5191401202509988,-0.27662174618689933,7.236531785226788e-11,-0.006440677966101704,-0.017836306205871438,-0.00024392488954344676,0.17038388888905798,-0.011036464275151037,-0.016782069230623982,-0.005313379530916854,0.00020809460571005053,-0.010113113496932558,-0.018338191513446383,-0.0030415537714872185,0.009831476124776233,-0.013586956521739135,-0.04060688405797093,0.004265755620872616,0.26293160084164924,0.0038756694075480214,-0.0032243010752688733,0.011311178578958445,0.2956084339481527,-0.220581041960779,-0.36176052053359964,-0.0930071381457392,0.0020358636257527974,-0.2692413198715333,True
SmolLM3-3B-Base,SmolLM,behavior,36,16,0.45714285714285713,0.9943729639053345,True,d_all,False,4.125,-0.009583111111111098,-0.013727644444444468,-0.0059836888888888775,1.5795845485743427e-06,-0.18312795057342335,-0.2866166432231961,-0.0797338318967578,0.0005209810002577117,-0.0075137254901960215,-0.013033398692810404,-0.002328758169934673,0.008668840109232405,-0.009067204301075216,-0.01643084677419349,-0.002889247311827884,0.008469135370555233,-0.27265581896060054,-0.423037548263271,-0.12516259088997128,0.0003931126066019616,-0.11044824923063423,-0.22884534968501885,-0.0017019243771375398,0.0557588282503916,-0.013389830508474532,-0.027769349652640045,-0.003365319865319851,0.027440564502296347,-0.009840706468922988,-0.015673793330815693,-0.004481434625146208,0.0006327841923837081,-0.008819018404907952,-0.018162065450718027,-0.0015816398306548192,0.04653871327810015,-0.0009057971014493349,-0.01674767307117217,0.01234567647542339,0.8965291808163809,0.0015534788108791941,-0.007034958096141794,0.00989883881509587,0.7150809935395401,-0.1622075697299663,-0.3126355526981537,-0.02577204495325416,0.02489227091406267,-0.18312795057342335,True
SmolLM3-3B-Base,SmolLM,behavior,36,17,0.4857142857142857,0.9811397194862366,False,d_all,False,4.625,-0.040086222222222245,-0.04978151111111112,-0.031320644444444504,3.524340540013901e-17,-0.9000166542221937,-1.0431722424698051,-0.7677677404264246,1.445750375570251e-37,-0.005440522875816978,-0.012022026143790878,0.0009575163398693376,0.11391752268371504,-0.06065591397849457,-0.07989872311827964,-0.0433998655913979,5.87861553808415e-11,-0.5987722734342542,-0.7950122481701837,-0.41379980712122977,1.2022869501607365e-09,-1.0424859745765447,-1.2288949123001773,-0.8599833942242866,5.396819873909998e-31,-0.044406779661016915,-0.0978885979565916,-0.010494897118372745,0.05919160341232264,-0.05208518189884648,-0.06833648074968057,-0.037345310594854964,1.0202286685862007e-10,-0.0625,-0.09408495750873148,-0.03545594620688132,1.8664210900051224e-05,-0.023550724637681153,-0.055399758004467635,-0.001145151494702716,0.105678309808459,0.05521539110267759,0.03893455460678901,0.0738638216845877,2.0604719289704986e-09,0.4437137011422905,0.24764266864834383,0.6475741207481701,8.146109725800602e-06,-0.9000166542221937,True
SmolLM3-3B-Base,SmolLM,behavior,36,18,0.5142857142857142,0.994850754737854,False,d_all,False,2.0,-0.001280888888888887,-0.0033219999999999804,0.0006341111111110684,0.21130384125740764,0.03384875919126795,-0.02448500112260722,0.09485108226473257,0.2878983585926611,-0.0013908496732025766,-0.004652418300653568,0.002123594771241915,0.41629243143236017,-0.00015053763440853185,-0.003088911290322591,0.0029692204301075345,0.9233611535061692,-0.06454738453244113,-0.15260432668243581,0.021657711833963186,0.15511971871154204,0.04029879533128389,-0.02548250160101704,0.10822497076719809,0.2412279777710873,0.001864406779661043,0.0,0.0073210604672468635,0.40624428108933863,5.070351121816419e-05,-0.00246546003744805,0.002819733973998492,0.9711452362277468,-0.0003994120654396971,-0.002675362103363557,0.0018177194179755352,0.7384399936476711,-0.0013586956521739468,-0.01473952234582358,0.008571603641456574,0.8151798462682431,-0.0012403120387940447,-0.005687772506852212,0.0029954999472906474,0.5737236879256993,-0.10484617986372502,-0.18940077616256268,-0.02196247367027074,0.016971496892197555,0.03384875919126795,True
SmolLM3-3B-Base,SmolLM,behavior,36,19,0.5428571428571428,0.9974607825279236,True,d_all,False,1.125,0.00011200000000000099,-0.0009755111111110381,0.0012311555555556241,0.842339907366136,0.022196257650730633,-0.009543057344935168,0.0529292362110112,0.17258473687053855,0.00211503267973856,0.0005538562091503968,0.003938104575163453,0.01595739116330128,-0.0017473118279569544,-0.0034788978494623563,9.139784946206729e-06,0.05919669774563571,-0.01839420061404029,-0.06830217541828794,0.02879942247600302,0.4683193236625056,-0.09218401382361652,-0.13125774649298674,-0.05382800222348246,4.484205831516568e-06,0.0,-0.0007672312253766522,0.0006690085519966082,1.0,-0.0006971732792495633,-0.0023580032129994683,0.0008100557541952155,0.3799706321135329,-0.0029876022494887966,-0.0060011373156871215,-0.0006019501244685782,0.029268884759331412,0.00045289855072461194,0.0,0.002532274884925214,0.5295822878803069,0.0038623445076955143,0.0015789157706092905,0.006222913767657592,0.001390226980400206,0.07378981320957623,0.026730702333377522,0.12058732960919284,0.0028341799479881,0.022196257650730633,True
SmolLM3-3B-Base,SmolLM,behavior,36,20,0.5714285714285714,1.000047206878662,True,d_all,False,2.5,-0.0034942222222222874,-0.004941444444444462,-0.0021001333333333485,3.1063935745427637e-06,-0.10038753462931194,-0.1419372629944784,-0.055777497508734425,6.324885051427375e-06,-0.0039424836601307245,-0.005822287581699298,-0.0021958823529412198,1.497844773644989e-05,-0.0026559139784946284,-0.00473669354838703,-0.00015846774193549476,0.030204882000638655,-0.34678618613429935,-0.41088443417369913,-0.29081141079215156,2.06168950016501e-27,-0.22765246782436943,-0.28098603019828716,-0.17377957572884742,2.0720631298356542e-16,0.0005084745762712339,-0.0013651877133106227,0.0032916666666666463,0.6650904465844713,-0.002699961972366549,-0.004964729814952084,-0.0007857689221351497,0.011481427755969591,-0.0023006134969325576,-0.004761407212847385,-1.487414187646731e-05,0.060198534239281364,-0.008152173913043459,-0.025458938120702768,0.0,0.2419097800989256,-0.001286569681636096,-0.003959021716213368,0.0012036229706936514,0.33649049777017215,-0.11913371830992991,-0.1905180042475518,-0.05292211256345512,0.0008969285731193846,-0.10038753462931194,True
SmolLM3-3B-Base,SmolLM,behavior,36,21,0.6,0.9994445443153381,False,d_all,False,0.875,0.0021093333333332964,0.0009722222222222188,0.003288933333333341,0.000253994254927028,0.08558761576899165,0.05764889383156023,0.11268985403782629,2.616182483230975e-09,0.003186928104575215,0.001461307189542485,0.005150588235294081,0.0008312055727819669,0.0012446236559140456,-0.0005994623655913884,0.0030490591397849924,0.17246500567057366,0.14917199893225286,0.11074278391140632,0.18872740777475985,1.5896789217371604e-13,0.03716231335756914,0.0020010505946197917,0.0732471806614781,0.045321581550647604,0.0005084745762712339,-0.0001910456021595397,0.002349024827168605,0.46840873694101226,0.0008492838129040559,-0.0005294664381821745,0.0022299347744967972,0.2252019260072683,0.001262142126789323,0.00013265534528801305,0.002815107884279033,0.062340818630352166,0.0018115942028985588,-0.003081093605190002,0.01006392121276823,0.5981023867473805,0.0019423044486611696,-0.00042779042799922785,0.004357250421674147,0.11801683698070224,0.11200968557468372,0.0711325394050462,0.15211416579468534,1.3057109639017563e-07,0.08558761576899165,True
SmolLM3-3B-Base,SmolLM,behavior,36,22,0.6285714285714286,0.9928478002548218,False,d_all,False,1.25,-0.0012364444444444844,-0.0023744444444444984,-3.766666666671687e-05,0.036891826021216885,0.0077248577350959025,-0.02733467632483293,0.04531941601741013,0.6773418582943302,-0.0010091503267973811,-0.0023167973856209056,0.0004890196078431218,0.1637458860180152,-0.000849462365591358,-0.0028388440860215415,0.0013633736559139794,0.4299858555512759,-0.11607658258712172,-0.1707355949991968,-0.06899194671923782,8.965388676852516e-06,-0.057141068218248936,-0.09471592010142248,-0.014753907963720888,0.005934207191933863,-0.0003389830508474523,-0.0023414205543903555,0.00038474879393085435,0.6569433350395444,-0.0014788524105294742,-0.00345137619878233,0.0002921934418043527,0.126724006142681,-0.003914238241308765,-0.007241666039316019,-0.001222338337228657,0.01393215954862641,-0.0018115942028985588,-0.006804120825284854,0.0,0.3521955528263372,-0.00015968796120602313,-0.0024271442125235994,0.002334533259540331,0.8960891695949063,-0.05893551436887279,-0.10823334746192709,-0.011667795969461181,0.016923729442282525,0.0077248577350959025,True
SmolLM3-3B-Base,SmolLM,behavior,36,23,0.6571428571428571,0.9917625188827515,True,d_all,False,2.375,2.133333333331766e-05,-0.001019266666666721,0.0011353555555555308,0.9692427045345001,0.008966241098228078,-0.029881951399601293,0.0492698555569592,0.6672338793897457,0.00041568627450983,-0.0007378431372549759,0.001783006535947762,0.5035054512245609,8.870967741936298e-05,-0.002190927419354846,0.002294018817204301,0.9369341099410232,-0.23489481968807002,-0.29949478698374504,-0.1764620008440366,1.0426857796892465e-13,-0.12873049843061457,-0.17420399145832635,-0.08103580145086174,4.6614554499577274e-08,-0.0003389830508474523,-0.001570037105751404,0.0,0.4694623214344935,-0.001398571851100705,-0.0032426516218563932,0.00033516918518383,0.12953960567756762,-0.0017414366053170038,-0.004202369063345904,0.0003383598349274202,0.1273422248298124,-0.0018115942028985588,-0.009244086523498254,0.001489567179303358,0.5095126867035997,0.000326976597090467,-0.0020383125131773205,0.0026861097933796874,0.7855709163082155,-0.10616432125745545,-0.17640106218696874,-0.04347592026594051,0.0016368982141574339,0.008966241098228078,True
SmolLM3-3B-Base,SmolLM,behavior,36,24,0.6857142857142857,0.9949982166290283,True,d_all,False,1.5,0.0017546666666666821,0.0009741999999999862,0.0024593777777777207,1.5907294206349355e-05,0.08522741568312231,0.06252077792044372,0.11000994861687259,1.7508361000474223e-12,0.0012758169934640184,0.000151568627450957,0.0024501307189543323,0.029869864159679325,0.0021317204301075643,0.0006850806451613317,0.0034947580645161677,0.0025872872134352896,0.15248703665435537,0.11747669714161821,0.19448783748434875,4.3428972654968855e-15,0.14967173009010715,0.1163236057686731,0.18687105713165295,1.0195233292100694e-16,0.0005084745762712339,0.0,0.002585442382663099,0.47774110518141144,0.0006168927198207941,-0.000632683326908512,0.0019471539574207825,0.34180350134086923,0.0007189417177914104,-9.585680846213861e-05,0.001693752696647768,0.11315789748850173,-0.00045289855072461194,-0.004205904389727904,0.0022835931867340393,0.7676963460825419,-0.0008559034366435458,-0.0025974981551761226,0.0008391861690913105,0.3364182928298627,0.002815306564248221,-0.03944571990421293,0.04398381932704334,0.891987532548097,0.08522741568312231,True
SmolLM3-3B-Base,SmolLM,behavior,36,25,0.7142857142857143,0.9973598718643188,False,d_all,False,0.875,-0.000848888888888899,-0.0018997555555555433,0.00011135555555561705,0.09135211924241539,-0.002582164249842922,-0.027692373755832556,0.022638471031142724,0.8381463711360388,-0.002073202614379044,-0.0038118954248366503,-0.0006377124183006928,0.011528259099365864,0.0006182795698924659,-0.0008096102150538686,0.0022071236559140367,0.41924947224041986,0.06558846031346022,0.02676935209322151,0.10849940967694055,0.0024565790359667643,0.06285428746409272,0.03351159348400219,0.09259715002682145,2.7035609442901304e-05,0.0006779661016949046,-0.00014809679513330117,0.003052007714971297,0.45398661846928023,0.0,-0.0013003716394668296,0.0013957788448884121,1.0,0.0006550357873210677,-0.0012647099484212414,0.0035313508910310007,0.5805940054163945,0.0,-0.004010784631750697,0.003846385542168662,1.0,-0.0026914821842715098,-0.004785412449926277,-0.0006789426523298671,0.010772206197116403,0.0027341728493675,-0.03680390660756667,0.047143998088126644,0.8988637639445289,-0.002582164249842922,True
SmolLM3-3B-Base,SmolLM,behavior,36,26,0.7428571428571429,0.9998612999916077,False,d_all,False,0.5,-0.00028622222222229876,-0.0009182444444444854,0.00029608888888885127,0.35833274351183353,-0.019045453945123914,-0.038269678185168854,-0.00018275234401508695,0.04623885117822706,-0.00018562091503271372,-0.0009388235294117226,0.00047320261437910904,0.6096050070893282,-0.0006397849462365102,-0.0019518145161290996,0.0005135080645161716,0.2994569479246698,0.00536181476809805,-0.019683509880585846,0.030689666261029497,0.6858096756414054,-0.006295692648889961,-0.031226174530386487,0.017975353166357937,0.6145467178735413,0.00016949152542378165,0.0,0.0009065267493549296,0.5237880208971012,0.00045210630836189925,-0.0004439433176308655,0.001441058038602055,0.33549963395230165,-0.00020769427402866913,-0.0012936367634801909,0.0007667683625743188,0.6858966389751451,0.00045289855072461194,0.0,0.002645987331197216,0.5572283876453715,0.00045416403120379645,-0.0008280769028042145,0.001786381246046781,0.49721166692144325,0.011657507416988011,-0.010849375300396468,0.03427189714311508,0.32717166621373595,-0.019045453945123914,True
SmolLM3-3B-Base,SmolLM,behavior,36,27,0.7714285714285715,0.9987884163856506,True,d_all,False,0.625,-0.00146488888888896,-0.0023116666666667092,-0.0007199777777777222,0.0003546785827171932,-0.09057241963552842,-0.11311522882689437,-0.07082603838844341,6.227735120002471e-18,-0.0005464052287581511,-0.0015583006535946713,0.0003169934640522781,0.2564330474260613,-0.0017231182795698352,-0.002889919354838744,-0.000515658602150643,0.005539108440103064,-0.09521884012347437,-0.127452001665749,-0.06897563776779726,1.2933165865762577e-10,-0.10064873746404013,-0.12927968049897753,-0.07476944378855753,3.033288399732386e-13,0.0,0.0,0.0,1.0,-0.00142814889931131,-0.002822178122534469,-0.000226098612991774,0.02964712688706977,-0.001262142126789323,-0.0023234904880065493,-0.0003749817458529926,0.012706263301854244,-0.0013586956521739468,-0.007966437507838927,0.0017243245260486122,0.5686558958035145,0.001176713050811684,-0.0003161917562723049,0.0025786764705882257,0.10972176507300664,0.005429897340565759,-0.02192933896049135,0.03236849122102786,0.6957320805717401,-0.09057241963552842,True
SmolLM3-3B-Base,SmolLM,behavior,36,28,0.8,1.0000953674316406,True,d_all,False,0.5,-0.0005315555555556184,-0.00118135555555548,0.00011386666666665649,0.10204479807991985,-0.011552832504545307,-0.028336931216948347,0.006984154718085898,0.19331622358838962,-0.0003738562091503139,-0.001124379084967314,0.00034522875816992414,0.3131061421046911,-0.0006559139784946266,-0.0019462365591397274,0.0005598790322580864,0.30608740733991835,-0.013133712540193798,-0.03722303308300726,0.011626738420950283,0.2880049073575146,-0.023437866448037248,-0.045296685827067674,-0.001448997718514786,0.04168906167026934,0.00016949152542378165,0.0,0.0009065267493549296,0.5237880208971012,-0.0003971775045421566,-0.0014392905615433355,0.0006061160334886877,0.44616623051990834,-0.0005751533742330839,-0.0015321553282318684,0.00031640200757851727,0.22811747481181255,0.0,-0.0039082946473080775,0.003944838056680075,1.0,0.0002820577693443127,-0.0011540293590554611,0.0016192101518026746,0.6904384183492995,0.01030415390784345,-0.01134200262113235,0.03164058507877744,0.34773675065392085,-0.011552832504545307,True
SmolLM3-3B-Base,SmolLM,behavior,36,29,0.8285714285714286,1.0000091791152954,False,d_all,False,0.5,3.999999999992898e-05,-0.0004588222222222743,0.0005182666666666419,0.8746287090590766,-0.004394523556670915,-0.019613015208141016,0.010704249115394412,0.5670889666520179,0.0002666666666666373,-0.00031385620915028444,0.0008916993464051974,0.38526356329952605,0.00032258064516133,-0.0005618951612903017,0.0012097446236559227,0.47095978238264724,0.013575241959820072,-0.006434591919635113,0.035562177007302895,0.2051951805708222,0.0008642375095284649,-0.01891545425684362,0.019412174558677085,0.930510773144492,0.0005084745762712339,-0.0007227576913987676,0.0027892651268844916,0.5868619751195754,0.00010140702243632838,-0.0006249182173625218,0.0008122312755627996,0.7737136477884349,-0.0004952709611452111,-0.0016210391043881694,0.000750933594885164,0.397486251165318,-0.0009057971014493349,-0.007622843880465785,0.0035017561712184756,0.7268195291784252,-5.5913978494692707e-05,-0.0009876478494623947,0.000935026354627829,0.9118556241530125,0.012711004450291608,-0.0075045636009122285,0.032803555754296256,0.2024942927606007,-0.004394523556670915,True
SmolLM3-3B-Base,SmolLM,behavior,36,30,0.8571428571428571,0.9997589588165283,False,d_all,False,0.5,-0.0001608888888888771,-0.0007283111111111712,0.00034491111111117077,0.560243210098575,-0.01428539664695716,-0.029748632254267326,-0.0007438525014001813,0.05517361806886075,0.0002483660130718768,-0.00029333333333338146,0.0007608496732026292,0.3706775363566972,-0.0007311827956989481,-0.0018389112903225064,0.00025544354838708807,0.17142982275571061,-0.010109102877048137,-0.03161833670741217,0.010975484375028485,0.33996657797727925,-0.01718321440836501,-0.03765395645949447,0.0022161219075244026,0.09616673381056313,0.0008474576271186862,0.0,0.003624586711162808,0.4000285611801607,-0.0004901339417754391,-0.001351616936675845,0.0002438472467403806,0.21807627677803998,-0.0008467535787320957,-0.002052154582763399,0.00018248556048964772,0.1476408575822519,0.0009057971014492239,0.0,0.00454597343295971,0.45747059478992114,0.0009795488087708248,-3.281994518239128e-05,0.0020722746679316503,0.07304541155547843,0.007074111531316873,-0.013068894477794791,0.025324471540011637,0.4685294352740371,-0.01428539664695716,True
SmolLM3-3B-Base,SmolLM,behavior,36,31,0.8857142857142857,0.9972745776176453,True,d_all,False,0.875,0.000832888888888883,0.00011551111111109125,0.0015431999999999417,0.018322852998913,0.030359946562841245,0.011747167112706604,0.0485415918338059,0.0016916871019410766,0.0012392156862744974,0.00030588235294115584,0.0022644444444444964,0.012265850451560863,0.0005967741935484216,-0.0007661962365591108,0.002021706989247274,0.3917987516773984,0.09910732632343189,0.07007440607739764,0.1326478534974729,3.869510806632464e-11,0.05831651273963567,0.03200138736383949,0.08719333645363783,2.226046964866398e-05,-0.00016949152542367063,-0.0014514961389960554,0.0004708069234520154,0.7350983150744247,0.00030844635991045255,-0.0007838433150575225,0.0014372041920215958,0.5798284299022473,-0.000686988752556239,-0.00179886758442524,0.00013237158835580336,0.17276635901741877,-0.0036231884057971175,-0.012948398109243706,0.0,0.28658815397086634,0.0006424414927260758,-0.0009313251106894849,0.0021924338498840175,0.43151542945452204,0.040790813583796215,0.014794729476634027,0.06860690542618185,0.003930796386314489,0.030359946562841245,True
SmolLM3-3B-Base,SmolLM,behavior,36,32,0.9142857142857143,0.9991130232810974,True,d_all,False,0.25,-0.0004284444444444535,-0.0009964666666666872,0.00012622222222224977,0.12936586179011825,0.0131848907940455,-0.003829538414306055,0.030160489301712334,0.12119356767987526,-0.0005908496732025537,-0.0015895424836600586,0.00017261437908496207,0.19084277445759756,-0.0005806451612903052,-0.0015268817204300317,0.0004059811827956199,0.2449895111780953,0.051285966618587864,0.025212073388888888,0.08086802895934476,0.00022543925450011957,0.03266072569746736,0.011279669246656144,0.055698093739423624,0.0030853736918857715,0.0003389830508474523,0.0,0.001683501683501626,0.46025021303103963,-0.00023239109308315076,-0.000989349266832157,0.0005633497374900927,0.564974500039551,-1.5976482617530152e-05,-0.0010948107503774619,0.0010704500614181153,0.9773183779848664,-0.00045289855072461194,-0.002468452841663049,0.0,0.5394422408145635,-1.020451191224847e-05,-0.0013445435378452524,0.0012282566413663125,0.9876058744873502,0.0186252409211205,-0.006207950687506258,0.04508567051540025,0.165073943164322,0.0131848907940455,True
SmolLM3-3B-Base,SmolLM,behavior,36,33,0.9428571428571428,0.9984590411186218,False,d_all,False,0.75,-0.000816888888888867,-0.001474688888888956,-0.0002417111111111176,0.007816690290643294,-0.038697593493685734,-0.056864691578607365,-0.023563390646418395,5.259563911073246e-06,-0.0008156862745097859,-0.0016705882352940904,-3.9215686274518546e-05,0.048541984650727225,-0.0008709677419355133,-0.0019491935483871015,1.915322580645609e-05,0.08604870404022914,-0.03758446371268409,-0.06139541353086131,-0.012665796504564002,0.0027492662019678745,-0.03322633356819571,-0.055064968584567456,-0.013639562023711405,0.002403454394498349,0.0008474576271186862,-0.0012628395440895778,0.004584847174163724,0.5733680804487095,-0.0005830903790087216,-0.0014243473324474843,0.00018693033561393286,0.15669557028432546,-0.0004792944785275699,-0.0014351726148380205,0.00041634914336584333,0.3197393916020712,-0.00045289855072461194,-0.005630880175098546,0.003848684210526302,0.8356267132962043,5.528146742572737e-05,-0.001084702719797509,0.0012804904596247445,0.9271535406767734,-0.004358130144488381,-0.02613257184986021,0.01619263812818037,0.691807899998353,-0.038697593493685734,True
SmolLM3-3B-Base,SmolLM,behavior,36,34,0.9714285714285714,0.370282381772995,False,d_all,False,5.625,-0.030026666666666646,-0.03647826666666665,-0.02410817777777782,3.84431414129416e-21,-0.7364767857531,-0.8324598156856791,-0.6527907559665326,1.6823565741791286e-56,-0.030588235294117583,-0.03967562091503263,-0.022089411764705854,2.1620810640481074e-11,-0.026529569892473126,-0.03630342741935478,-0.01780309139784946,2.2515782333977588e-08,-0.803243711173879,-0.9275530085864532,-0.701979374983216,7.932118039639272e-44,-0.4591026622522185,-0.5731172030855386,-0.359020014160487,5.259432761897034e-17,0.0005084745762712339,-0.0022093636883923963,0.005069198296657289,0.7785516952200363,-0.01672370811678714,-0.024370481548714604,-0.010332139108770377,2.3304811666247745e-06,-0.013564033742331283,-0.022552352476615994,-0.00536684135170415,0.0021714609059551924,-0.018115942028985588,-0.04409950032043573,-0.0029596125730994107,0.09514511524926617,-0.004058665401644457,-0.016477444391735215,0.008363515707358311,0.5110017894040436,-0.34414104892166053,-0.45028846065221384,-0.2421274392295377,2.0862350905238863e-10,-0.7364767857531,True
SmolLM3-3B-Base,SmolLM,behavior,36,35,1.0,0.9991042017936707,True,d_all,False,0.25,-0.00024622222222225876,-0.0006382444444445384,0.0002277111111110923,0.27343206702180445,-0.0136164273556858,-0.027163424939019475,-0.0001846013780748391,0.04882250086614869,-0.0003450980392156744,-0.00087326797385619,8.379084967327909e-05,0.16026516896883702,-0.0002580645161289752,-0.0010700268817204345,0.0006534946236559616,0.5623160215355582,-0.024829117395848144,-0.04366725634839672,-0.005996447597692712,0.010883911677131715,-0.014218850098521418,-0.031677985890629756,0.003643361856659204,0.11744919578873776,0.00016949152542378165,0.0,0.0009176951291046098,0.5378296578766963,0.00016901170406047328,-0.0004339284640823032,0.0008903225988683064,0.6301453810728033,-0.0002716002044990118,-0.0010214747640885536,0.0005241168676719587,0.4876091831784398,-0.0009057971014493349,-0.0057747644512350284,0.001754905014014221,0.6294521283249301,-8.70335230866992e-05,-0.0010190596668774809,0.000806395741092208,0.8531182964791064,-0.010610267297326725,-0.027096217586094495,0.005454832378671783,0.21554869303206625,-0.0136164273556858,True
Qwen3-4B-Base,Qwen,layer22,22,1,0.02857142857142857,,False,d_all,False,14.007975578308105,-0.039191111111111177,-0.04864920000000002,-0.030304444444444426,1.0702330824901379e-16,-1.9219801273476547,-2.1939819709242716,-1.6801729562420233,7.439392354405631e-50,-0.008094117647058807,-0.015231633986928126,-0.002426013071895461,0.016136674848248822,-0.0793817204301075,-0.10252150537634407,-0.05720309139784942,1.3979773260384075e-11,-0.30995730186256854,-0.691424104697352,0.06424719593806323,0.10493907654960324,-1.618655108003185,-1.896158244830209,-1.335792830387542,4.793114583799308e-29,-0.004896421845574372,-0.01306339301862911,0.0003250320662663264,0.17209656460754175,-0.047788059323108145,-0.06451594742675773,-0.032534332708079955,3.1278613249956904e-09,-0.12705128205128202,-0.17348364378314154,-0.08509421745759531,2.094861867589467e-08,-0.04225352112676062,-0.08628062492602677,-0.01025183150183147,0.03594838353984945,0.07128760278304869,0.04778571104785996,0.09515153911026789,2.408861361120003e-09,1.3086978061406165,0.9515070453377567,1.6951716400179775,3.696151416094558e-12,-1.9219801273476547,True
Qwen3-4B-Base,Qwen,layer22,22,2,0.05714285714285714,,False,d_all,False,5.3130388259887695,-0.0007697777777777581,-0.0016675999999999774,0.00012626666666669392,0.08908601274498082,-0.25899191921745857,-0.35500212816527554,-0.15321829248065919,5.205924016114565e-07,-7.320261437904207e-05,-0.0006431372549019487,0.0006379084967319537,0.8187674154146518,-0.0021559139784946835,-0.0042365591397849345,-0.00048373655913978863,0.023953776505870987,-0.05740536304143529,-0.18398615959704834,0.07825222518142298,0.38283147696334696,-0.2228495069313423,-0.330409583940173,-0.10402058792040773,8.884480390126602e-05,-0.002259887005649719,-0.007252968044244612,0.0008418930293930537,0.29402633427760916,-0.0016563146997929934,-0.00365840951531205,0.0003988482368234894,0.11439139641354683,-0.00048076923076922906,-0.0019886533703679654,0.0009168855913290335,0.5206575926328918,0.0008802816901408717,-0.0069456585081584836,0.011115023474178361,0.8359564469978767,0.0020827113641156414,0.0005769602572211624,0.0040275216107948705,0.01970048607857183,0.16544414388990702,0.07598482739182943,0.2496075897556563,0.00019159775091333786,-0.25899191921745857,True
Qwen3-4B-Base,Qwen,layer22,22,3,0.08571428571428572,,False,d_all,False,8.1082181930542,-0.002785777777777776,-0.0047975111111111576,-0.0011303999999999483,0.0033303835201699346,-0.4482043457548963,-0.6289163194033869,-0.28445900373269906,6.49473926131295e-07,0.0002718954248366323,-2.0915032679758028e-05,0.0006589542483659615,0.11252867762467836,-0.007935483870967763,-0.013851881720430082,-0.0029772849462366036,0.004056628202742477,0.3560476352822244,0.16093782142805269,0.544769241283225,0.00023464227961961034,-0.3304867966640095,-0.5424649550089014,-0.13430167269572044,0.0013301079998092413,-0.0007532956685499803,-0.003647706325217109,0.0014406559603707435,0.5703845500597856,-0.0020957451303502683,-0.0047766310236294655,0.0001975430511146312,0.09747276529376701,-0.009262820512820458,-0.01875363576840572,-0.0018653117837776941,0.03347622435608787,-0.014084507042253502,-0.039616511201713285,0.0008501965462916832,0.19514672007287825,0.008207379295804396,0.0032517604891418835,0.014107440965633654,0.0029505921065302258,0.6865344319462339,0.5060108508551105,0.8729572024627058,2.85701124682368e-13,-0.4482043457548963,True
Qwen3-4B-Base,Qwen,layer22,22,4,0.11428571428571428,,False,d_all,False,5.849936485290527,-0.0014044444444444304,-0.002386044444444485,-0.0004710666666666447,0.0039048254614035566,-0.26681809310882,-0.39373391444151334,-0.151089615091267,2.2421842921838832e-05,-0.00024052287581699527,-0.0006066666666666748,7.32026143791531e-05,0.16593620495390404,-0.0037096774193547954,-0.006441263440860198,-0.001263440860215015,0.005660273754200559,-0.03999411539936748,-0.1693496647807978,0.08951986300939709,0.5538102325765021,-0.2753841800037766,-0.41534033151326105,-0.14441563870957727,7.857694601395986e-05,-0.0007532956685499803,-0.003647706325217109,0.0014406559603707435,0.5703845500597856,-0.0021633498119744132,-0.0042475435375416756,-0.0002720279077550875,0.03514133962542664,-0.00211538461538463,-0.004992328686683678,-0.0002996591847358649,0.08234811641956312,-0.008802816901408494,-0.031894819298201225,0.0035722329472329334,0.31297180239730693,0.0034691545435378,0.0011368500948765764,0.00623081224963096,0.008319061107597218,0.23539006460440914,0.13853818989115677,0.3405769831607328,7.2632535123273515e-06,-0.26681809310882,True
Qwen3-4B-Base,Qwen,layer22,22,5,0.14285714285714285,,False,d_all,False,4.14947509765625,-0.0013262222222222286,-0.0021389777777778424,-0.0005811111111110991,0.0009041605739214227,-0.43523902798753866,-0.5573249821184411,-0.3328622594130093,1.6801515644116502e-15,1.568627450976301e-05,-0.0003400000000000375,0.00038692810457519045,0.9330646252790324,-0.003940860215053799,-0.006295833333333292,-0.001849462365591359,0.000371414662873575,-0.11261987021627018,-0.24637271161773033,-0.00023616077099238283,0.0757075215385952,-0.42567143258279083,-0.5459748023395976,-0.3167102713646176,1.8772596805001037e-13,-0.0026365348399246535,-0.008373691250403553,0.0,0.25584842968688914,-0.0010478725651751342,-0.0023431884082568883,0.00013755380319251356,0.09680437147138925,-0.0028525641025640702,-0.005992167759182654,-0.000630509336801772,0.037130293599663654,-0.01848591549295775,-0.04435665353939832,-0.0019298455168020058,0.09867956412986695,0.003956546489563562,0.0019099794433902917,0.006228967952772526,0.0003255913455933007,0.31305156236652065,0.22509242787811895,0.40459659315506796,3.485958878676404e-12,-0.43523902798753866,True
Qwen3-4B-Base,Qwen,layer22,22,6,0.17142857142857143,,False,d_all,False,5.000066757202148,-0.0011022222222222267,-0.0021762222222221793,-0.00031448888888890874,0.01665632645103188,-0.12627880969247496,-0.23348185384628906,-0.029519128772291413,0.01772379025419833,-0.0011032679738561812,-0.002666928104575203,-0.00016209150326795818,0.08314233550208251,-0.0013602150537634916,-0.002833467741935397,-0.00020362903225805756,0.05160092905738929,-0.18165570502147155,-0.3181137211126245,-0.0623573762297242,0.005605840683381244,-0.07303491606539092,-0.19598769080784112,0.028430933332384622,0.2025522868917483,-0.0018832391713747842,-0.006488278408773018,0.0014996799243374593,0.3580804185252321,-0.0005830903790087216,-0.002147491606783819,0.0006613088645957078,0.4359523187653921,-0.0015064102564101844,-0.00335932323217947,-0.00017657785849748155,0.06646473669912278,-0.011443661971830998,-0.03251232325216033,-0.0007738095238095391,0.1722782873774057,0.00025694707990731036,-0.0013620619860847533,0.0018545804343241823,0.7517908145921468,-0.10862078895608063,-0.1982476076307824,-0.019767857038763024,0.014158988645256857,-0.12627880969247496,True
Qwen3-4B-Base,Qwen,layer22,22,7,0.2,,False,d_all,False,2.9030678272247314,0.0001386666666666203,-0.0002792000000000072,0.0005956444444444596,0.5404505016291015,0.0033428458265305494,-0.08295665895523667,0.08475273627721985,0.9393409473690626,1.568627450976301e-05,-0.00020392156862736598,0.00024575163398687927,0.8864701764672392,0.00010752688172044333,-0.0008819892473118901,0.0011612903225806132,0.8383013432809148,-0.06787027628368492,-0.1820356362331032,0.04567173657464461,0.23919018747675747,0.02416618000736026,-0.06671706227178159,0.11621134631475813,0.6068466269670537,-0.001129943502824915,-0.004843438586088128,0.001342735352802443,0.47072118422823117,0.0007436514978662601,-0.0002613310687473169,0.0019702635132566562,0.19010666130481524,-0.000705128205128136,-0.0020346916755452776,0.00024080255155021723,0.2329186843278931,0.0017605633802816323,-0.003018413511371329,0.010084458025634463,0.5778794749051199,-9.184060721068033e-05,-0.0010672960151802524,0.0008784756483237835,0.8532181406868665,-0.09203645629104518,-0.16076052226209864,-0.027991111413169772,0.007741502052323533,0.0033428458265305494,True
Qwen3-4B-Base,Qwen,layer22,22,8,0.22857142857142856,,False,d_all,False,4.447760581970215,-0.0011786666666666612,-0.002090977777777689,-0.0004141333333333164,0.006147911644892672,-0.34360849823869,-0.4397792214437769,-0.24892317086450327,1.8722631464164324e-12,-0.0010248366013071442,-0.0022222222222222365,-0.00021437908496735325,0.04833986244983205,-0.002026881720430085,-0.0038122311827957613,-0.000569758064516185,0.014320164026060182,-0.43996274944386915,-0.5617448972716224,-0.3227986684311839,1.0681171090041193e-12,-0.31029721243679065,-0.41281169037001625,-0.21520872230070082,1.8580835282778613e-09,-0.0037664783427495685,-0.009489709655718475,0.0,0.11189403633736511,-0.0010225208095659966,-0.002542763215626606,0.0003148494180229134,0.15619847338289308,-0.0008333333333332416,-0.002142690665074129,0.0001001391864973943,0.1429809482942111,-0.007922535211267623,-0.023592984324535108,0.0,0.20235236169785764,0.0010020451191229407,-0.000672425152856862,0.0027669328484081906,0.25288752528500646,-0.1296655370070785,-0.2166311127178427,-0.04346402946632014,0.0026058723549830668,-0.34360849823869,True
Qwen3-4B-Base,Qwen,layer22,22,9,0.2571428571428571,,False,d_all,False,2.4956538677215576,-0.0001528888888888691,-0.0005780444444444532,0.0002222666666666789,0.4617769467401789,-0.08216566956537008,-0.15264631206864748,-0.01124312078376617,0.024630961443500993,-0.0003294117647059114,-0.0008104575163399019,1.0588235294125994e-05,0.11750262447531493,0.00027956989247313047,-0.0005700268817203785,0.0010651881720429989,0.4962766045639291,-0.15855368805411274,-0.24937619698731792,-0.06997799388957321,0.0004608418919159805,-0.0809254983561285,-0.15777162116637244,-0.005433994380389418,0.03587512418093761,0.0,-0.0026198572257665692,0.002674597641143754,1.0,8.450585203045868e-06,-0.0007716307816660661,0.0007604362982708304,0.9831335651703332,-6.410256410249726e-05,-0.0012030247449234034,0.0009113417446750065,0.9025009092687323,0.0008802816901408717,0.0,0.004901960784313708,0.5461674037195499,-0.0006089816571790418,-0.0014732321315623965,0.000290718954248273,0.16180869162283074,-0.07762818969798424,-0.1455234143881696,-0.012097874272266926,0.017068023961132484,-0.08216566956537008,True
Qwen3-4B-Base,Qwen,layer22,22,10,0.2857142857142857,,False,d_all,False,3.514960765838623,-0.000872888888888923,-0.0017743555555555651,-0.00010124444444450661,0.04017365919897671,-0.08499299889013567,-0.1645612851513586,-0.0012189724481054287,0.04359267679334747,-0.0009307189542483441,-0.0021650980392157017,-0.00016732026143784218,0.08128936408587592,-0.0011182795698925219,-0.0026645161290322792,0.00024233870967741951,0.14718456002609104,-0.26199352755304517,-0.3604610119320979,-0.16180984070262167,1.8033857780836127e-07,-0.02733364137644978,-0.1083242461768081,0.059305126596994245,0.5328502335811396,-0.001129943502824915,-0.004237288135593209,0.0,0.3392864510590675,-0.0008197067646934508,-0.0021930927042145528,0.0004209984193263205,0.21442807533492214,-0.0001602564102564097,-0.0013730630550092104,0.0010259883702043724,0.7911707652624989,-0.0061619718309858795,-0.019817626879225045,0.0,0.24325269105792302,0.0001875606156441778,-0.0014751966055239485,0.001829857157916889,0.8226946358273346,-0.2346598861765954,-0.2991305133333088,-0.17233199721835393,7.826906378472411e-13,-0.08499299889013567,True
Qwen3-4B-Base,Qwen,layer22,22,11,0.3142857142857143,,False,d_all,False,3.982356071472168,-0.0013635555555555623,-0.002288133333333292,-0.0006825333333333851,0.0008142158113096537,-0.30723756403127744,-0.4000552066605969,-0.21876040338762395,8.487555127240467e-11,-0.0010457516339869022,-0.0023483660130718064,-0.00024052287581699527,0.05968436609837271,-0.002311827956989254,-0.0038603494623655893,-0.0010483870967742392,0.00173400559950495,-0.5481925046255922,-0.68558760169155,-0.4369421690550423,7.015808933154489e-18,-0.24272003911029305,-0.3447418987976407,-0.15097951251010155,9.845147298486273e-07,-0.002259887005649719,-0.007486372984711903,0.0009249596089077213,0.2972101725396522,-0.0019182828410867492,-0.003231576074981729,-0.000794384870499193,0.0019046986283166075,0.00012820512820521657,-0.0005257669641316493,0.0008876836249406936,0.7143707823663263,-0.011443661971830998,-0.03175156128024981,0.0,0.15617940714665643,0.001266076323002352,-0.0003427914821841932,0.0029216086864853885,0.1288233144818158,-0.30547246551529916,-0.39487277376084323,-0.22346289783182746,1.0409883289608695e-11,-0.30723756403127744,True
Qwen3-4B-Base,Qwen,layer22,22,12,0.34285714285714286,,False,d_all,False,4.460088729858398,-0.0008071111111110918,-0.0015061777777778285,-0.000220355555555471,0.014956206643301776,-0.38072445963551793,-0.4895020050538531,-0.28761972126600505,2.143510246234221e-13,-0.0007215686274509858,-0.0013962091503268187,-0.00018248366013072273,0.023887964935887976,-0.0013279569892473697,-0.0030752688172042157,0.0001184139784945608,0.099749395509209,-0.6134594280708683,-0.7480334835156567,-0.4944491949827467,5.470258641113895e-21,-0.3317803516833453,-0.44300642140165,-0.23135134759116668,1.185052749941579e-09,-0.001129943502824915,-0.004310544073109807,0.001707665599867757,0.4663797314853366,-0.00036337516373008416,-0.0014982631834430076,0.0006824374508197389,0.5106468710357936,-0.001410256410256383,-0.0036982407519790647,0.0003737674926850479,0.17844609248860832,-0.007922535211267623,-0.02359256088280069,0.0,0.1794388313724281,0.0006063883617963839,-0.0009148397638625044,0.0023708944760698816,0.467738097206444,-0.281679076387523,-0.37012810200252266,-0.2024880258034864,2.8388316464748712e-11,-0.38072445963551793,True
Qwen3-4B-Base,Qwen,layer22,22,13,0.37142857142857144,,False,d_all,False,3.3118088245391846,-0.0005155555555556024,-0.001074044444444397,-9.59111111110967e-05,0.044210705422349464,-0.1532708184150513,-0.22119654895903101,-0.08590811725642657,1.23748988966353e-05,-0.0002928104575162793,-0.0007218300653594828,5.7516339869279065e-05,0.15715560086539582,-0.001026881720430084,-0.002532526881720479,-1.075268817207764e-05,0.115646634669365,-0.040508804332365145,-0.11617922473159922,0.042768129064549056,0.31231848297562437,-0.07354639334727509,-0.1481118688251136,-0.006167887974561523,0.04703137736112002,-0.001129943502824915,-0.004663018141279074,0.0013661324798942267,0.4475842126058005,-0.0010056196391600158,-0.002131308274778726,-0.00014328037245912032,0.05169492962340067,0.0,-0.0009285044735549973,0.001296753688160859,1.0,-0.0017605633802817433,-0.008826155462184843,0.0,0.502773318383521,0.0007340712629138046,-0.00034531625553453903,0.0022660288846720915,0.2701676824048391,0.03303758901490994,-0.032711566518818805,0.10071035767115229,0.3358200544528286,-0.1532708184150513,True
Qwen3-4B-Base,Qwen,layer22,22,14,0.4,,False,d_all,False,3.1148946285247803,-0.0007964444444444885,-0.0014704000000000383,-0.0001901777777777586,0.014144385731186374,-0.25921179334654365,-0.34184070846567954,-0.17701752160359543,5.533593489714423e-10,-0.0005124183006536276,-0.0012447058823528811,-6.274509803927408e-05,0.1013340630936822,-0.0011021505376344054,-0.0023873655913978775,0.00015067204301079094,0.10034832707543323,-0.2825374051831,-0.381268477020602,-0.18765206837706103,1.3676449568781132e-08,-0.16994800555412315,-0.25193233568782747,-0.08415585040333488,0.00010028822400749846,-0.0018832391713747842,-0.005614189709718242,0.0,0.23200510814608233,-0.0009380149575357599,-0.002016195109901969,0.0001356698958866472,0.0930545667904161,0.0,-0.001054536704995293,0.0011798854040132283,1.0,0.0008802816901408717,-0.002936662090720593,0.0062519778481012435,0.6993367894298363,0.0005897322369807778,-0.0007547649167194331,0.0020099773350199133,0.3946240960937685,-0.11258939962897685,-0.18213826755687032,-0.048200152182871506,0.0006793444494713183,-0.25921179334654365,True
Qwen3-4B-Base,Qwen,layer22,22,15,0.42857142857142855,,False,d_all,False,2.1595938205718994,-0.0005173333333333696,-0.0012213333333332965,6.07555555555303e-05,0.12116817028700053,0.022563086349911998,-0.048886907965754255,0.09816433375808546,0.5463224516016041,-0.0006640522875817068,-0.001699738562091474,-6.274509803916306e-05,0.13307808897939538,-0.0005645161290322998,-0.0019684139784946347,0.0007096774193547928,0.40762293246989356,-0.1774478350187021,-0.26780918333651094,-0.08895877340257913,7.169037977686066e-05,0.03176582640387604,-0.041876520675612094,0.10556875600146594,0.4122521154819446,-0.0007532956685499803,-0.0033123620309050915,0.0008817738627441826,0.4828542934974138,0.0002112646300755916,-0.0006046652547024162,0.0011205558863721847,0.6309350396446514,-0.0012179487179486692,-0.0041450497893082,0.0004521231634203065,0.3136105834623575,-0.0008802816901408717,-0.007051382368283767,0.0025692158868528014,0.7028599225343999,-9.9536158549407e-05,-0.0015540180265655873,0.001407802024035445,0.8944949386373933,-0.20921366142257813,-0.2729966645901029,-0.15322224485074176,1.8092945769863888e-11,0.022563086349911998,True
Qwen3-4B-Base,Qwen,layer22,22,16,0.45714285714285713,,False,d_all,False,6.377462387084961,-0.001400888888888896,-0.0026475555555556,-0.0003354666666666705,0.019516772544690666,-0.5533955706746472,-0.6969660418143142,-0.4363126598073343,2.1223386656379258e-17,-0.0012026143790849764,-0.0023581699346404443,-0.0003396078431371854,0.02215978281119475,-0.0018602150537634365,-0.004688575268817205,0.0004732526881720127,0.15528423889379855,-0.6749895379223041,-0.8316098696779053,-0.5259157945298082,1.488707848072697e-17,-0.3797631992875239,-0.5325150125741357,-0.254867206057176,2.5944334192514007e-08,-0.001129943502824915,-0.005294616898712517,0.0027406103286385856,0.5688968646777806,-0.00174082055182323,-0.004187999817721869,0.0003049520673024158,0.14252590641243243,-3.205128205119312e-05,-0.0009506194172236388,0.0007753635456956814,0.9394347871056924,-0.021126760563380254,-0.06581585983675765,0.0,0.24884382203076694,0.0006576006746784602,-0.0015177703984819296,0.003305208728652694,0.604629397346623,-0.2952263386347802,-0.40885955117570755,-0.1834482584980609,5.066893264697105e-07,-0.5533955706746472,True
Qwen3-4B-Base,Qwen,layer22,22,17,0.4857142857142857,,False,d_all,False,2.974667549133301,-0.0003946666666666543,-0.0009422666666666218,5.87555555555396e-05,0.11950101291548602,-0.1349428432203439,-0.2107277128234458,-0.06221006380261519,0.0004938410598611534,-0.0009568627450979861,-0.001741176470588246,-0.0003397385620915434,0.008079542397990018,0.00024731182795700857,-0.0006881720430107485,0.0011990591397850303,0.6121890985648227,-0.4808074274030929,-0.5847144138573911,-0.38621893103091615,4.300749463959634e-22,-0.07568469849365611,-0.15531839600118072,-0.0009268577007503216,0.05581510309437417,0.00037664783427493465,0.0,0.0022516605030266025,0.5980316795620237,0.00013520936324840083,-0.000768299257840277,0.0011319036272276811,0.7813060914559011,-0.0008653846153845457,-0.002584401317168311,0.0002131188614769017,0.23065477767750897,0.0,-0.004884855581576877,0.004197746697746731,1.0,-0.0012041745730549946,-0.002280510752688286,-0.00013329538266920767,0.030895304552820562,-0.4051227289094368,-0.48079223851836694,-0.34042986745886916,2.9375624000460628e-30,-0.1349428432203439,True
Qwen3-4B-Base,Qwen,layer22,22,18,0.5142857142857142,,False,d_all,False,2.9068617820739746,-0.00011377777777776821,-0.0006119555555554795,0.0003111111111110426,0.6296644924764248,-0.05993577261248806,-0.12581101666517136,0.00522045363154578,0.07706619203152355,-0.0006640522875817068,-0.0015427450980391555,-0.00010980392156867413,0.07898007324636616,0.0006827956989247097,-4.8521505376386544e-05,0.00155927419354841,0.09169937699266163,-0.1868865510085298,-0.27531712354992494,-0.10130368414265759,4.4216738678293146e-05,0.07734514082371557,0.008964396939878895,0.14526754790464902,0.02690362205991094,-0.0007532956685499803,-0.0034129692832763903,0.0008817738627441826,0.5049855249432426,0.00038872691933922177,-0.00033109775733737855,0.0011683623381765066,0.30137715753843664,-0.0003525641025640125,-0.0012100965181935707,0.00033667710780641285,0.364267904652139,-0.0008802816901408717,-0.007796224953627281,0.0043875092661230675,0.7695519358053988,-0.0013468479865064165,-0.0025271088973223333,-0.00041507379295810116,0.01102611789716617,-0.2642316918322454,-0.3219101667173034,-0.20080608581384674,2.5614842835978635e-17,-0.05993577261248806,True
Qwen3-4B-Base,Qwen,layer22,22,19,0.5428571428571428,,False,d_all,False,3.780898094177246,-0.0006399999999999739,-0.001146666666666632,-0.00021511111111105485,0.007905506409054434,-0.24813754598631377,-0.3349872108556053,-0.16351984934466032,2.294649475279046e-08,-0.0006745098039215858,-0.0012236601307189815,-0.0002457516339869903,0.007136001958542144,-0.0008655913978494745,-0.001962634408602143,4.314516129034761e-05,0.0884614192275535,-0.44516819320498247,-0.5618906362080849,-0.3404693092124836,9.057316620994052e-15,-0.17527300658831502,-0.26209691611086416,-0.08559836966980171,0.00011462227322221439,0.00037664783427493465,-0.001861909310212928,0.003462022406659136,0.7673740194738048,-0.0001436599484514467,-0.0009952771765865732,0.0007059253314479812,0.739447444865871,-0.0010576923076922595,-0.0026229815477745054,0.0,0.12861560891718238,-0.0017605633802817433,-0.00844816856330014,0.0,0.4208796434591656,0.0001910815939278887,-0.000803214210415401,0.0012386780518659295,0.7126317897437084,-0.26989518661666745,-0.35346030066431294,-0.19674201881624664,7.616112699571738e-13,-0.24813754598631377,True
Qwen3-4B-Base,Qwen,layer22,22,20,0.5714285714285714,,False,d_all,False,1.5048818588256836,-4.4444444444513564e-05,-0.00028804444444439914,0.00017266666666675127,0.6985925811213058,-0.032531379928638415,-0.06968830312177306,0.004186322648683478,0.0798192351842195,7.843137254903709e-05,-7.320261437904207e-05,0.00025111111111112127,0.33705746793031544,-0.0002903225806452081,-0.0009571236559139523,0.00023131720430104294,0.3387325246346059,-0.02458502708461552,-0.0715785309975956,0.02518886559966704,0.3171652586248902,-0.026865007795919382,-0.06388816478560207,0.011060059568316906,0.1611177469284334,0.0007532956685498693,0.0,0.003714440321583131,0.4882914833691444,-5.9154096421210056e-05,-0.0005597691327837828,0.00044674014788726173,0.8159036375198272,-0.00028846153846151523,-0.001267092383133553,0.00022053742983980378,0.44282986833907356,0.0017605633802816323,0.0,0.007992742551566142,0.4303323725538176,0.0003687539531942452,-0.0001689558296435828,0.0010445498629559902,0.22945551589089075,0.002279980711303864,-0.0300135676910007,0.0348478682646136,0.8924209746356316,-0.032531379928638415,True
Qwen3-4B-Base,Qwen,layer22,22,21,0.6,,False,d_all,False,1.6129131317138672,-8.88888888889161e-05,-0.00030942222222226924,0.00012266666666671533,0.4281944258577157,-0.04253829305340506,-0.07986599085736842,0.00038121152770262233,0.042491347988975706,-0.00023006535947711626,-0.0005333333333332746,-3.124183006527904e-05,0.06944891101629652,6.45161290322438e-05,-0.0004892473118279783,0.0006559139784946266,0.8168544396522055,-0.16802346200839668,-0.22121566655292485,-0.11616747308615907,4.343100765706624e-10,-0.020797434053362984,-0.06449690290403277,0.02381026085288815,0.3591847032465646,0.00037664783427493465,0.0,0.002252252252252235,0.5376043760569673,3.380234081207245e-05,-0.000385526454706292,0.00048045615205047907,0.8763458560850848,-0.0001602564102564097,-0.0010891785165831973,0.0006328733541553069,0.7138054636340208,-0.0017605633802817433,-0.006996753246753231,0.0,0.4081752141750943,-0.00029458148850936006,-0.0009044897744044045,0.0002591107948555521,0.32567878511172166,-0.1472260279550337,-0.18372633258627516,-0.1108183294466245,1.8730762003987467e-15,-0.04253829305340506,True
Qwen3-4B-Base,Qwen,layer22,22,22,0.6285714285714286,,False,d_all,False,3.6672680377960205,-0.0005688888888889521,-0.001150311111111163,-6.573333333338709e-05,0.04245079179936296,-0.29047508848910475,-0.3635990631334634,-0.22583947091551654,1.0298634330814925e-16,0.00022483660130723226,-0.00017267973856208428,0.000805359477124265,0.39501148791433116,-0.0018655913978494754,-0.003521639784946254,-0.0006448924731182501,0.011778766596709768,-0.002944591725912993,-0.08966576717653747,0.08378516563434939,0.946706129316436,-0.23828898500040596,-0.31206919112349485,-0.17172947849405454,5.848738884281045e-11,0.0,-0.0018947990415381143,0.0019528619528618974,1.0,-0.0010309713947690424,-0.0021792902455453787,-7.013016171077699e-05,0.0579062764838645,-6.410256410249726e-05,-0.0007024146989445367,0.0005814950873803764,0.8358996716677893,-0.008802816901408494,-0.023983241023682166,0.0,0.17682989826653783,0.0020904279991567076,0.0007666397849462215,0.0037758459835547484,0.007665132196533358,0.23534439327449297,0.17692219859207187,0.29011983169842115,6.175364569514758e-16,-0.29047508848910475,True
Qwen3-4B-Base,Qwen,layer22,22,23,0.6571428571428571,,False,d_all,True,0.0,0.0,0.0,0.0,1.0,0.0,0.0,0.0,1.0,0.0,0.0,0.0,1.0,0.0,0.0,0.0,1.0,0.0,0.0,0.0,1.0,0.0,0.0,0.0,1.0,0.0,0.0,0.0,1.0,0.0,0.0,0.0,1.0,0.0,0.0,0.0,1.0,0.0,0.0,0.0,1.0,0.0,0.0,0.0,1.0,0.0,0.0,0.0,1.0,0.0,True
Qwen3-4B-Base,Qwen,layer22,22,24,0.6857142857142857,,False,d_all,True,0.0,0.0,0.0,0.0,1.0,0.0,0.0,0.0,1.0,0.0,0.0,0.0,1.0,0.0,0.0,0.0,1.0,0.0,0.0,0.0,1.0,0.0,0.0,0.0,1.0,0.0,0.0,0.0,1.0,0.0,0.0,0.0,1.0,0.0,0.0,0.0,1.0,0.0,0.0,0.0,1.0,0.0,0.0,0.0,1.0,0.0,0.0,0.0,1.0,0.0,True
Qwen3-4B-Base,Qwen,layer22,22,25,0.7142857142857143,,False,d_all,True,0.0,0.0,0.0,0.0,1.0,0.0,0.0,0.0,1.0,0.0,0.0,0.0,1.0,0.0,0.0,0.0,1.0,0.0,0.0,0.0,1.0,0.0,0.0,0.0,1.0,0.0,0.0,0.0,1.0,0.0,0.0,0.0,1.0,0.0,0.0,0.0,1.0,0.0,0.0,0.0,1.0,0.0,0.0,0.0,1.0,0.0,0.0,0.0,1.0,0.0,True
Qwen3-4B-Base,Qwen,layer22,22,26,0.7428571428571429,,False,d_all,True,0.0,0.0,0.0,0.0,1.0,0.0,0.0,0.0,1.0,0.0,0.0,0.0,1.0,0.0,0.0,0.0,1.0,0.0,0.0,0.0,1.0,0.0,0.0,0.0,1.0,0.0,0.0,0.0,1.0,0.0,0.0,0.0,1.0,0.0,0.0,0.0,1.0,0.0,0.0,0.0,1.0,0.0,0.0,0.0,1.0,0.0,0.0,0.0,1.0,0.0,True
Qwen3-4B-Base,Qwen,layer22,22,27,0.7714285714285715,,False,d_all,True,0.0,0.0,0.0,0.0,1.0,0.0,0.0,0.0,1.0,0.0,0.0,0.0,1.0,0.0,0.0,0.0,1.0,0.0,0.0,0.0,1.0,0.0,0.0,0.0,1.0,0.0,0.0,0.0,1.0,0.0,0.0,0.0,1.0,0.0,0.0,0.0,1.0,0.0,0.0,0.0,1.0,0.0,0.0,0.0,1.0,0.0,0.0,0.0,1.0,0.0,True
Qwen3-4B-Base,Qwen,layer22,22,28,0.8,,False,d_all,True,0.0,0.0,0.0,0.0,1.0,0.0,0.0,0.0,1.0,0.0,0.0,0.0,1.0,0.0,0.0,0.0,1.0,0.0,0.0,0.0,1.0,0.0,0.0,0.0,1.0,0.0,0.0,0.0,1.0,0.0,0.0,0.0,1.0,0.0,0.0,0.0,1.0,0.0,0.0,0.0,1.0,0.0,0.0,0.0,1.0,0.0,0.0,0.0,1.0,0.0,True
Qwen3-4B-Base,Qwen,layer22,22,29,0.8285714285714286,,False,d_all,True,0.0,0.0,0.0,0.0,1.0,0.0,0.0,0.0,1.0,0.0,0.0,0.0,1.0,0.0,0.0,0.0,1.0,0.0,0.0,0.0,1.0,0.0,0.0,0.0,1.0,0.0,0.0,0.0,1.0,0.0,0.0,0.0,1.0,0.0,0.0,0.0,1.0,0.0,0.0,0.0,1.0,0.0,0.0,0.0,1.0,0.0,0.0,0.0,1.0,0.0,True
Qwen3-4B-Base,Qwen,layer22,22,30,0.8571428571428571,,False,d_all,True,0.0,0.0,0.0,0.0,1.0,0.0,0.0,0.0,1.0,0.0,0.0,0.0,1.0,0.0,0.0,0.0,1.0,0.0,0.0,0.0,1.0,0.0,0.0,0.0,1.0,0.0,0.0,0.0,1.0,0.0,0.0,0.0,1.0,0.0,0.0,0.0,1.0,0.0,0.0,0.0,1.0,0.0,0.0,0.0,1.0,0.0,0.0,0.0,1.0,0.0,True
Qwen3-4B-Base,Qwen,layer22,22,31,0.8857142857142857,,False,d_all,True,0.0,0.0,0.0,0.0,1.0,0.0,0.0,0.0,1.0,0.0,0.0,0.0,1.0,0.0,0.0,0.0,1.0,0.0,0.0,0.0,1.0,0.0,0.0,0.0,1.0,0.0,0.0,0.0,1.0,0.0,0.0,0.0,1.0,0.0,0.0,0.0,1.0,0.0,0.0,0.0,1.0,0.0,0.0,0.0,1.0,0.0,0.0,0.0,1.0,0.0,True
Qwen3-4B-Base,Qwen,layer22,22,32,0.9142857142857143,,False,d_all,True,0.0,0.0,0.0,0.0,1.0,0.0,0.0,0.0,1.0,0.0,0.0,0.0,1.0,0.0,0.0,0.0,1.0,0.0,0.0,0.0,1.0,0.0,0.0,0.0,1.0,0.0,0.0,0.0,1.0,0.0,0.0,0.0,1.0,0.0,0.0,0.0,1.0,0.0,0.0,0.0,1.0,0.0,0.0,0.0,1.0,0.0,0.0,0.0,1.0,0.0,True
Qwen3-4B-Base,Qwen,layer22,22,33,0.9428571428571428,,False,d_all,True,0.0,0.0,0.0,0.0,1.0,0.0,0.0,0.0,1.0,0.0,0.0,0.0,1.0,0.0,0.0,0.0,1.0,0.0,0.0,0.0,1.0,0.0,0.0,0.0,1.0,0.0,0.0,0.0,1.0,0.0,0.0,0.0,1.0,0.0,0.0,0.0,1.0,0.0,0.0,0.0,1.0,0.0,0.0,0.0,1.0,0.0,0.0,0.0,1.0,0.0,True
Qwen3-4B-Base,Qwen,layer22,22,34,0.9714285714285714,,False,d_all,True,0.0,0.0,0.0,0.0,1.0,0.0,0.0,0.0,1.0,0.0,0.0,0.0,1.0,0.0,0.0,0.0,1.0,0.0,0.0,0.0,1.0,0.0,0.0,0.0,1.0,0.0,0.0,0.0,1.0,0.0,0.0,0.0,1.0,0.0,0.0,0.0,1.0,0.0,0.0,0.0,1.0,0.0,0.0,0.0,1.0,0.0,0.0,0.0,1.0,0.0,True
Qwen3-4B-Base,Qwen,layer22,22,35,1.0,,False,d_all,True,0.0,0.0,0.0,0.0,1.0,0.0,0.0,0.0,1.0,0.0,0.0,0.0,1.0,0.0,0.0,0.0,1.0,0.0,0.0,0.0,1.0,0.0,0.0,0.0,1.0,0.0,0.0,0.0,1.0,0.0,0.0,0.0,1.0,0.0,0.0,0.0,1.0,0.0,0.0,0.0,1.0,0.0,0.0,0.0,1.0,0.0,0.0,0.0,1.0,0.0,True
Qwen3-4B-Base,Qwen,layer35,35,1,0.02857142857142857,,False,d_all,False,21.847198486328125,-0.043777777777777804,-0.05440142222222229,-0.03382497777777772,2.7461707698691802e-17,-1.3922196531564697,-1.596608346562262,-1.1851412596543873,6.539674150496317e-40,-0.007247058823529384,-0.014342614379084939,-0.0017925490196077929,0.02085834018463982,-0.0864677419354839,-0.11085215053763434,-0.06378534946236558,3.221752148032826e-12,-0.30154293093404894,-0.5615611691158968,-0.05402969692358657,0.01719091846518866,-1.3130871138372915,-1.5470870520991677,-1.0782681637416505,2.5060506926603384e-27,-0.0026365348399246535,-0.009372725715998082,0.003263524692514218,0.4157459254652697,-0.056762580808720986,-0.07612120776267688,-0.04016158085288434,4.4040462319779505e-10,-0.1366666666666666,-0.18452152095902827,-0.09005379439202861,1.5129440022379068e-08,-0.03785211267605637,-0.09550268426174949,0.005759723297213562,0.13027243067007824,0.07922068311195452,0.055865777988614765,0.10463690122285478,3.4436507885018025e-10,1.0115441829032426,0.7387104196085393,1.2683628942812786,4.569782037366596e-14,-1.3922196531564697,True
Qwen3-4B-Base,Qwen,layer35,35,2,0.05714285714285714,,False,d_all,False,5.380163192749023,-0.0012675555555555773,-0.0024392444444443937,-9.244444444445055e-05,0.036461362554247645,-0.14742818008684422,-0.2285893375617713,-0.06864426553730055,0.00030641685596936093,-0.0006640522875817068,-0.0014853594771242317,0.00014117647058820015,0.11282882816919496,-0.0027043010752688668,-0.005194354838709639,-0.00011236559139787876,0.03794264222398277,-0.012342599954585864,-0.10930350091554683,0.08835771949727482,0.8066321588783641,-0.12486698992799194,-0.21742103167201263,-0.030616157107042824,0.008506703487358226,-0.0018832391713747842,-0.008777440396404346,0.003401940981170625,0.5387468786411338,-0.0027717919465922725,-0.0054785454630587645,-0.000157314200517475,0.03749476832426298,-0.0013461538461537748,-0.003855562335676274,0.0008515896756694922,0.277956224394476,0.002640845070422504,-0.008335437710437682,0.01761192152917502,0.6851246030358943,0.00204024878768716,-0.00036602730339448385,0.004477954880877116,0.09573387112511018,0.11252438997340608,0.04372397622541544,0.18004214003518823,0.001032452732808545,-0.14742818008684422,True
Qwen3-4B-Base,Qwen,layer35,35,3,0.08571428571428572,,False,d_all,False,12.571311950683594,-0.0024551111111111856,-0.005303911111111145,-0.00021617777777771304,0.05419263308027669,-0.19117140804210653,-0.32457076562911163,-0.060745275654376554,0.004834034526752232,0.0008261437908496649,-0.00030392156862740213,0.0020236601307190042,0.15005043293602205,-0.006075268817204327,-0.013452553763440882,-0.0003969086021505983,0.07105146082851385,0.24229287355349527,0.10281963793506793,0.38753252479870137,0.0008612840190960117,-0.20580255794981905,-0.36667149854010067,-0.06845804220904583,0.009847668394285565,-0.0026365348399246535,-0.012601530771633822,0.004015075157123908,0.5194603872554528,-0.0038872691933916625,-0.009418702701028453,0.0003440966900694411,0.14026311581759693,-0.005641025641025643,-0.01344877445529619,-0.00011049707850988401,0.09754869355331974,-0.0061619718309859906,-0.03572722567287783,0.015824040586698895,0.6220401405972846,0.006901412608053992,0.0012808301707779414,0.014368910499683854,0.041546996704429004,0.4480954315033143,0.3174471369570364,0.5894282113529554,4.9398909581743816e-11,-0.19117140804210653,True
Qwen3-4B-Base,Qwen,layer35,35,4,0.11428571428571428,,False,d_all,False,6.952909469604492,-0.0018026666666667301,-0.003527555555555484,-0.00012031111111116874,0.03859158777202913,-0.12977455319804942,-0.21884147702978807,-0.03457659984689616,0.006263247128603513,0.00014117647058820015,-0.000873464052287562,0.0010875816993464182,0.7772580383255803,-0.004946236559139838,-0.009140053763440875,-0.0007346774193547724,0.02067276895332909,-0.030865977752946527,-0.14075585746350747,0.0857311446679968,0.5932756870440488,-0.1803102876083318,-0.28633544558466356,-0.07890872471559901,0.0006244536503518126,-0.00037664783427493465,-0.0099151794716676,0.006950771327025524,0.9303611684375176,-0.0031436176955254025,-0.006567469724668484,3.514481277150073e-05,0.06452840236520313,-0.0002564102564102111,-0.0030754474791177015,0.002266465987190108,0.8493633461146907,-0.014964788732394374,-0.04447252140292743,0.005228093947606207,0.26520167242570425,0.0050874130297280384,0.0012018274298966098,0.009131416297701835,0.013805899514159652,0.14944430985538526,0.07339186306004505,0.22356123687537818,0.00012415178765957008,-0.12977455319804942,True
Qwen3-4B-Base,Qwen,layer35,35,5,0.14285714285714285,,False,d_all,False,6.497915267944336,-0.002568888888888954,-0.0042318222222221865,-0.0010559111111110575,0.001455021873373135,-0.3116328725414923,-0.39774318141871134,-0.22919415476936564,1.3944820674231463e-12,-5.228758169995018e-06,-0.0007011764705882217,0.0006746405228758328,0.988411052302863,-0.006478494623656017,-0.0107956989247312,-0.0030481182795699395,0.0015939705616643334,-0.1078638751344494,-0.2164037696972035,0.002386192497233692,0.0467697357258938,-0.3306683574463767,-0.42601757373725585,-0.2386357944148992,2.2164594871017236e-12,-0.013559322033898313,-0.04094947318007661,0.00033927527761542484,0.22359969790209633,-0.0026450331685469175,-0.004812839942093949,-0.0009920773040708515,0.005999781688898894,-0.003782051282051224,-0.00825104922170645,-0.0005680804297914067,0.050858863114625244,-0.03257042253521125,-0.09459459459459452,0.0,0.19345574035123259,0.006473265865486022,0.0031475711574953354,0.010878930002108487,0.0012098177234403746,0.2228044823119273,0.14909308397096735,0.30071877278467973,1.254576653515206e-08,-0.3116328725414923,True
Qwen3-4B-Base,Qwen,layer35,35,6,0.17142857142857143,,False,d_all,False,7.043275833129883,-0.0017920000000000158,-0.0031326222222221615,-0.0006823555555556085,0.003977589382714414,-0.1723892008303478,-0.2683152981784325,-0.0915346075584666,0.00012886640208952362,-0.0012183006535947394,-0.0025254901960783975,-0.00026130718954250356,0.04379995297842557,-0.002994623655914075,-0.005646102150537716,-0.0009081989247312214,0.018719323303014047,-0.1084431169407587,-0.21803318296124136,-0.014408601609735103,0.044251846183747535,-0.15456417367836517,-0.2638309927651987,-0.07042115924517052,0.0018314924169325446,-0.00037664783427493465,-0.006625116680577364,0.004552261092150165,0.8894155558554464,-0.0016056111885748292,-0.004198590672296693,0.000694943092737815,0.18951772520824484,-0.002147435897435823,-0.004760048224381072,-0.0002464969869713896,0.06095518951000179,-0.007922535211267623,-0.024117895538953375,0.004396008403361329,0.2780477852685047,0.0017763230023193355,-0.00030505956145893966,0.004342724541429507,0.15401082663172888,0.04612105673760647,-0.027864284333373943,0.12513221103083175,0.22502024567931422,-0.1723892008303478,True
Qwen3-4B-Base,Qwen,layer35,35,7,0.2,,False,d_all,False,6.148677825927734,0.0003893333333332416,-0.0007539555555555217,0.0015417333333332835,0.49962319879495876,-0.04203658513080866,-0.12705030723581534,0.037458471968748526,0.31866532802312864,0.0005542483660130326,-0.00017294117647058125,0.0014014379084967053,0.16412236970090355,4.8387096774127336e-05,-0.002699059139784979,0.002661559139784966,0.9712118687790735,0.0027259006661974894,-0.10021010434638374,0.10383693706902182,0.9582814036156008,-0.049003830045096564,-0.13740375188485793,0.03977820767919764,0.2903618331010014,-0.0018832391713747842,-0.010172882933331283,0.004830843724286283,0.6115753351781021,0.0005154856973845767,-0.001786801747548608,0.003022546156886801,0.6720138773741209,-0.0008012820512820484,-0.002423669002384593,0.0006014668514667718,0.29716723860155514,0.015845070422535135,-0.0012025122549019023,0.044920230263157855,0.196494153659735,0.0005058612692389053,-0.002005132300231882,0.003234837128399806,0.6960935071185692,0.05172973071129405,-0.010169235258771803,0.11450396345517107,0.10797440753542183,-0.04203658513080866,True
Qwen3-4B-Base,Qwen,layer35,35,8,0.22857142857142856,,False,d_all,False,6.380975723266602,-0.0019253333333333345,-0.0034508888888888254,-0.0006275111111110482,0.007181039019347994,-0.197885013286085,-0.287856495355722,-0.10573658942272231,2.142846329300906e-05,-0.001725490196078483,-0.0032211764705882356,-0.0005699346405229067,0.011962905327980082,-0.0034731182795699755,-0.006987096774193504,-0.0005590053763441101,0.03266197719093541,-0.13053627999533557,-0.24773403421570117,-0.0037612579147731544,0.035167925819535234,-0.09280402547863931,-0.19156463877846067,0.010928853722701398,0.07778426582279246,-0.009792843691148745,-0.02772552255225525,0.0009651229488144506,0.19424709923105277,-0.0017577217222293218,-0.004624893280521708,0.0010263042687668365,0.2198236732941502,-0.000705128205128136,-0.0033871271270960123,0.0017982653497084803,0.5661515841451561,-0.01936619718309862,-0.043549078107901575,-0.0024534477659477363,0.07171782577306922,0.0017476280834914926,-0.001042232236980839,0.005240304132405637,0.28431694251253514,-0.03773225451669626,-0.1302484258405527,0.05818939211354426,0.4392177218755423,-0.197885013286085,True
Qwen3-4B-Base,Qwen,layer35,35,9,0.2571428571428571,,False,d_all,False,6.04862117767334,-0.00024000000000001798,-0.001344044444444456,0.0007485777777777729,0.6464995203084303,-0.067937951581309,-0.13719875184217467,-0.002593644075880801,0.0627530327099773,0.0004496732026143535,-0.0004865359477124825,0.0017261437908496153,0.43986475052289686,-0.0007365591397849869,-0.002725940860215062,0.0010053763440859315,0.438104365062881,0.07060198040687204,-0.026149946492884223,0.1551900468284192,0.12853180191024835,-0.051512913256595017,-0.1307533264582326,0.021361208893833524,0.19951087534818435,-0.008286252354049006,-0.03581267034008761,0.006296497247123666,0.47639738160876366,-4.225292601511832e-05,-0.001257223262706772,0.001208281923535367,0.9463612682393399,-0.0008333333333333526,-0.003612214799971164,0.0013449240549820152,0.5070303153414399,-0.002640845070422615,-0.017662985025233658,0.009090909090909038,0.6812513713648701,0.0011862323423993404,-0.0004942926417880244,0.00323419302129457,0.22085800362346142,0.12211489366346706,0.05877836377377493,0.17991477128016214,5.294124838087575e-05,-0.067937951581309,True
Qwen3-4B-Base,Qwen,layer35,35,10,0.2857142857142857,,False,d_all,False,4.93825626373291,-0.0008604444444444415,-0.0018599111111110595,3.919999999998916e-05,0.08324459912544899,-0.06405620701583148,-0.12956850747657736,0.004110558158540178,0.06346732803784315,-0.001777777777777767,-0.0030800000000000354,-0.0007422222222222471,0.0033698222226386703,0.00012365591397844877,-0.001967876344086031,0.002038037634408615,0.9044012753702493,-0.2466829091749343,-0.32815617511396505,-0.1628447032771669,5.327788161102122e-09,-0.014829297274520314,-0.08823780783665527,0.05897080988294536,0.6981353533088264,0.001129943502824804,-0.001918520564863335,0.00512074904446526,0.520978578954588,-0.0007774538386783325,-0.0023397941090211984,0.0006711245214302211,0.3111269494594816,-0.0007692307692307443,-0.002995258518699398,0.001447475264781453,0.4880410541097243,0.002640845070422504,-0.005123987854250936,0.013731793251244007,0.5630769225814831,-0.0019014336917562158,-0.004100612481551777,0.00023577798861477956,0.0948474951533641,-0.23185361190041398,-0.28688844464019075,-0.17995826340100676,2.3617126137363903e-16,-0.06405620701583148,True
Qwen3-4B-Base,Qwen,layer35,35,11,0.3142857142857143,,False,d_all,False,8.00900650024414,-0.003699555555555567,-0.006065022222222183,-0.0016461777777777714,0.001248997633608916,-0.4077685707608052,-0.517195827753391,-0.2950163814860357,1.1834252645887708e-12,-0.0012758169934640184,-0.002719215686274487,-0.00016209150326795818,0.05091261703258634,-0.007349462365591419,-0.01300846774193551,-0.0026805107526881554,0.006566557419587737,-0.4235846171020343,-0.5673448553153745,-0.2774614159496789,8.339896697817212e-09,-0.38758070818685075,-0.5144598911727807,-0.26173885984616074,2.4019548566371685e-09,-0.0026365348399246535,-0.013474884903456275,0.00505260322333496,0.5649725872387523,-0.006422444754299206,-0.01141246328071108,-0.0019600216845696494,0.008317044436127567,-0.0024679487179486426,-0.007014727186610198,0.0007754542851192193,0.21148445495735613,-0.01760563380281699,-0.056450520833333274,0.010035616705698705,0.3159883058208077,0.006073645372127401,0.0015918195235082894,0.011741973961627659,0.02122839380978856,-0.03600390891518357,-0.1372220861838067,0.05860530862272102,0.4491206080464524,-0.4077685707608052,True
Qwen3-4B-Base,Qwen,layer35,35,12,0.34285714285714286,,False,d_all,False,6.964512348175049,-0.0008533333333333726,-0.0021480000000000136,0.000295155555555579,0.16295427252588224,-0.2675574328205883,-0.34699405386071075,-0.18847894265282342,1.4511307379297495e-10,-0.0006640522875817068,-0.001976601307189496,0.0005861437908496604,0.31976951510423135,-0.0010107526881720785,-0.0036129032258064298,0.0016994623655914277,0.4625424691475971,-0.3694463839951463,-0.4826681898050568,-0.27312912514251125,7.685421519592645e-12,-0.23393799854659258,-0.3242844153212981,-0.14268921899093237,4.1899344620819014e-07,-0.005273069679849307,-0.01983093364631199,0.0044649913442721505,0.40643781401816903,-0.00036337516373008416,-0.0025406791433342122,0.0018526579642664175,0.741097063491057,-0.0010576923076922595,-0.004007928740149563,0.0016002023810365972,0.4632511953955294,-0.010563380281690127,-0.03397253787878795,0.0027619339223749167,0.2791650975844331,0.00034670040059037177,-0.0025831841661396373,0.00304728336495888,0.8095189814236987,-0.1355083854485537,-0.21103250151221695,-0.05986486361679022,0.000499707959641055,-0.2675574328205883,True
Qwen3-4B-Base,Qwen,layer35,35,13,0.37142857142857144,,False,d_all,False,4.893510818481445,-0.0012871111111111277,-0.0024978666666667093,-0.00021862222222225616,0.030247616891636967,-0.22060596027096402,-0.28682839606638955,-0.16030901488520224,9.369093244215222e-11,-0.0013647058823529346,-0.002541307189542516,-0.00047568627450974855,0.013570275474059404,-0.0018333333333333535,-0.0043884408602149734,0.0006616935483871152,0.15782364405519334,-0.15547783401619242,-0.23724188976629879,-0.08049552736928163,0.0001709975624116127,-0.16389869541979118,-0.23932514596251764,-0.0918145512059998,1.8279055663008466e-05,0.0018832391713747842,0.0,0.005556127652897093,0.21241021801871462,-0.0012168842692356074,-0.0034486991357103565,0.0009921099016765825,0.25865144935882034,-0.0010256410256409554,-0.003236570130166219,0.0008817859417580756,0.30762630196493823,-0.011443661971830998,-0.03357981652078691,0.0014498081841432498,0.2199732603596919,0.0004686274509804189,-0.00199096932321319,0.0029083760278305584,0.7136947328750549,0.008420861403598767,-0.047892216682396446,0.06433034538099475,0.7718484365009847,-0.22060596027096402,True
Qwen3-4B-Base,Qwen,layer35,35,14,0.4,,False,d_all,False,4.797874450683594,-0.001816888888888979,-0.0029351555555555547,-0.0008408444444444468,0.00048188391595436163,-0.2800032450720109,-0.3500570797428065,-0.21271543508198534,3.609922276656581e-16,-0.0011294117647059343,-0.0021810457516339616,-0.00019790849673199178,0.02919006165932572,-0.00305376344086028,-0.005065456989247302,-0.0012950268817203854,0.0012751123319145045,-0.31144318617184075,-0.40856278645447053,-0.22276545053959204,5.790350114189127e-12,-0.26014616190517525,-0.3332618009430951,-0.18633198851053617,3.0406017424322066e-12,-0.008662900188323941,-0.026360448147625115,0.0012466131788395098,0.24352871133663312,-0.001622512358980921,-0.0032430925906610925,-0.0001479766821738449,0.044357577601507575,-0.0022435897435897356,-0.004924548952901489,-9.57217446671687e-05,0.07101950840564603,-0.007922535211267623,-0.02558522727272722,0.0028079996005193775,0.333840134876922,0.0019243516761543455,9.552129453933304e-05,0.0038008080328905706,0.03729785331651664,-0.05129702426666549,-0.10795155750158211,0.006353199776455694,0.08046821777407072,-0.2800032450720109,True
Qwen3-4B-Base,Qwen,layer35,35,15,0.42857142857142855,,False,d_all,False,5.043478012084961,5.333333333323864e-05,-0.0006506666666666883,0.0007861777777777741,0.8829965087146666,0.0173823410298537,-0.04655300611986753,0.0784066696376965,0.5875445380339135,-0.00047058823529411153,-0.0011975163398693395,0.00019882352941183722,0.1760445792587424,0.0007365591397848759,-0.00076384408602152,0.002495026881720469,0.3730849335349663,-0.040914337384769794,-0.11835765366801239,0.03818593704207838,0.2915063905417222,0.035341539325489,-0.030768001833898207,0.10000552590068912,0.2999143290247046,0.003389830508474523,0.0,0.009168387927228155,0.14966902310655286,0.0001436599484514467,-0.0012035438107825785,0.0016346403518893936,0.8417897938993926,0.0002564102564103221,-0.001420868586164803,0.0019311138248765615,0.7521955740824454,-0.0017605633802817433,-0.013693438681571652,0.009485711898395754,0.756962115810572,-0.0012071473750789874,-0.0028761358844612895,0.0002732057769344901,0.14216945794573754,-0.0762558767102588,-0.12853572098394941,-0.02122447179552012,0.005653797506733807,0.0173823410298537,True
Qwen3-4B-Base,Qwen,layer35,35,16,0.45714285714285713,,False,d_all,False,9.564766883850098,-0.008065777777777838,-0.011237377777777873,-0.0054502666666666035,1.1493194680128199e-07,-0.7197232673659539,-0.8629992838004297,-0.5889369871734544,8.199067732353561e-26,-0.005260130718954259,-0.008167712418300704,-0.0027606535947712592,0.00013082876422169825,-0.011526881720430149,-0.018347580645161305,-0.006032123655913979,0.00020313332131463997,-0.6867159881836398,-0.8630383266267948,-0.5299676783018731,1.8751061731471323e-15,-0.5365483093142869,-0.6966131831861593,-0.38913805601204826,2.2340998855686798e-12,-0.016195856873822967,-0.042251261832929224,1.6949152542357197e-05,0.14504968541969604,-0.008881565048379558,-0.01391137102255183,-0.0044293206904223925,0.0004705526683524213,-0.010769230769230753,-0.017826007389808166,-0.004896505524089281,0.0011765520745756354,-0.03785211267605637,-0.11669401544401536,0.006222916666666575,0.2599568749122294,0.00626675100147589,0.0006418058191019482,0.01306913925785369,0.04655169131329129,-0.1501676788693529,-0.2874285991052631,-0.005061786277993831,0.033059254890432085,-0.7197232673659539,True
Qwen3-4B-Base,Qwen,layer35,35,17,0.4857142857142857,,False,d_all,False,6.107156753540039,-0.0016800000000000148,-0.0033104444444444353,-0.0002328888888889491,0.0330300134180869,-0.17810855000573733,-0.26828334788948865,-0.09366182244086445,5.130938087276439e-05,-0.001657516339869325,-0.0028758169934640643,-0.0005958169934640547,0.005819443204991373,-0.0009784946236559566,-0.00377983870967738,0.0017051075268817682,0.4855756164736976,-0.4105620553071172,-0.511877062616116,-0.305761452647406,2.698661935248589e-15,-0.08045268858610788,-0.17950364026997925,0.021223056694551424,0.09816046050442494,0.00037664783427493465,-0.005732814976801215,0.006581125827814531,0.8972326633320946,-0.0034562893480373225,-0.007062841822804847,-0.00036033233183270074,0.04360537593500628,-0.00028846153846151523,-0.003044624620982059,0.002264518449497582,0.8262853230419986,-0.0035211267605633756,-0.014232854432095354,0.004598069421430474,0.44333747912735677,-0.0006790217162133683,-0.003215968796120633,0.0016798513598988596,0.5984319472549582,-0.3301093667210093,-0.41383757484660205,-0.2525064765367184,8.33240886927193e-16,-0.17810855000573733,True
Qwen3-4B-Base,Qwen,layer35,35,18,0.5142857142857142,,False,d_all,False,6.8056721687316895,-0.000496000000000052,-0.0015119555555554664,0.0005446222222222096,0.3337699095620651,-0.1860601689663186,-0.27016372693318474,-0.1027636682111252,8.858181086702395e-06,-0.0005385620915032696,-0.0015058823529412457,0.00023006535947711902,0.21788601385234063,-0.0004569892473118564,-0.002876478494623594,0.0018177419354838405,0.7071889002752672,-0.13402760304887362,-0.2462425373191905,-0.03162581901212597,0.011875626355251502,-0.1543291653437917,-0.24925643983039705,-0.06533373076056456,0.000985203191884939,-0.0026365348399246535,-0.011528716216216211,0.003990332724989177,0.5032622692069286,-0.0005070351121815309,-0.0024736424763984687,0.0013512104095221127,0.6006966429378411,-0.000929487179487154,-0.0038496310255579343,0.001614304447311959,0.503987141869877,0.0008802816901407606,-0.007620879120879137,0.009999651871429992,0.8365934469166691,-8.15728441914132e-05,-0.002375912397216853,0.002266189647902275,0.9467121709412595,0.020301562294918085,-0.050778939401751676,0.09010414128031706,0.5818614872032073,-0.1860601689663186,True
Qwen3-4B-Base,Qwen,layer35,35,19,0.5428571428571428,,False,d_all,False,7.311844825744629,-0.0006382222222223177,-0.0016178222222222732,0.000247155555555531,0.18820209501358376,-0.2792464818074829,-0.3764471333251983,-0.19133005314064636,2.4777974090797972e-09,-0.0006117647058823117,-0.0014958169934641107,0.00014117647058820015,0.13357307739744,-0.0003279569892473688,-0.002511693548387078,0.001758064516129032,0.7614360387138086,-0.273721209523512,-0.38747542630552617,-0.16795980605385402,1.5376498488664695e-06,-0.21216296320272487,-0.31564691266374073,-0.1127434642079872,3.2487560969265034e-05,-0.0015065913370998496,-0.010782828282828283,0.00477888025916343,0.6929364618456417,-0.0002366163856847292,-0.0018560920359216276,0.0013438488921238942,0.7748187706337011,-0.0009935897435897623,-0.003986992081852539,0.0014605465131644658,0.47042436912664165,-0.0035211267605633756,-0.021209904425242256,0.010828431211902665,0.6363114859976401,-0.00028380771663494286,-0.0023815528146742732,0.0017525685220324343,0.7920915864171356,-0.0615582463207871,-0.14228123777939664,0.013189992497715816,0.12053425860645513,-0.2792464818074829,True
Qwen3-4B-Base,Qwen,layer35,35,20,0.5714285714285714,,False,d_all,False,4.384023666381836,2.311111111108488e-05,-0.0005351111111110446,0.000632888888888905,0.9359822359562951,-0.06808392942583863,-0.11399928910822658,-0.02252967197852837,0.002456593256293532,-5.228758169995018e-06,-0.0004290196078432007,0.0004654901960784745,0.9811629182481315,-0.00023655913978504195,-0.001322580645161331,0.0009036290322580878,0.6703418998262985,-0.0010958903715669877,-0.05286290939570375,0.05332563649618496,0.9681367474406816,-0.029443526181694324,-0.07799546187767288,0.017696195647573732,0.21738743677689798,0.0018832391713747842,0.0,0.006227208397359829,0.27863930925386415,-1.6901170406091737e-05,-0.0011739405168099154,0.0012608580440479657,0.9776914335431205,-0.0004487179487179249,-0.001595787166066251,0.0004244483730014486,0.38497874885866856,0.0008802816901407606,0.0,0.005860999329309169,0.5892985420494654,0.00023133038161504693,-0.0008410088551549261,0.0012677361374657577,0.665594229077336,0.028347635810127336,-0.0062614036922632454,0.06763927738885815,0.12504776834910988,-0.06808392942583863,True
Qwen3-4B-Base,Qwen,layer35,35,21,0.6,,False,d_all,False,4.6138153076171875,-0.0006062222222222857,-0.001344044444444456,0.00012288888888882778,0.11709501121172697,-0.09352375413799496,-0.14441657879636652,-0.03719885189648341,0.0009074951224095873,0.0001882352941176002,-0.00046535947712422754,0.0008836601307189468,0.5881075267767808,-0.0015430107526882564,-0.0032857526881720747,5.927419354846407e-05,0.07713503391343159,-0.14470838894737348,-0.21484268745920754,-0.07151285230211664,0.00011839981435454542,-0.11051188054735261,-0.1695110941769646,-0.049409862382942274,0.00033838376557432555,-0.0026365348399246535,-0.012633500315477674,0.002927775757572535,0.5155617815509301,-0.0010816749059872066,-0.0026907678800114606,0.000468162872101424,0.19473256202252254,-0.0016666666666665941,-0.003479977597822545,-0.00020651230223283658,0.048375461636986784,0.002640845070422504,-0.002901388161340962,0.011111111111111075,0.4431220589554047,0.0017312460468058566,0.00010951823740258939,0.0035611854311616144,0.04447364229627854,-0.034196508400020864,-0.08376601902947857,0.011600486341938228,0.15200176763195133,-0.09352375413799496,True
Qwen3-4B-Base,Qwen,layer35,35,22,0.6285714285714286,,False,d_all,False,7.147773265838623,-0.0018613333333333815,-0.003161199999999989,-0.0006041777777778509,0.004490232794673321,-0.26683781249844385,-0.34653033496636426,-0.19082047611753022,4.847067525281375e-12,-0.0030692810457516595,-0.0055324183006536356,-0.0011335947712418342,0.007746207813242749,0.00010215053763440451,-0.0017315860215052908,0.001924865591397831,0.9102847993476528,-0.35244577471282,-0.4518043275956085,-0.2615937362248225,7.661193974917402e-14,-0.1494533231772026,-0.2336156386161405,-0.06930874258908983,0.00031520489477470493,0.0,-0.003356269631437464,0.0034614132597085225,1.0,-0.0009380149575358709,-0.003003661143821107,0.0010145576432747548,0.3547049673347614,-0.0004166666666666208,-0.0025644491162948617,0.0015489628408212352,0.6868705380280395,-0.014084507042253502,-0.037686317575999675,0.0,0.1642725517480128,-0.003171431583386064,-0.006004680581910188,-0.0005059782837867097,0.021965524054835588,-0.2029924515356174,-0.2619605092747962,-0.14529645864029692,2.3592556528672273e-11,-0.26683781249844385,True
Qwen3-4B-Base,Qwen,layer35,35,23,0.6571428571428571,,False,d_all,False,3.751023292541504,-0.00015644444444451455,-0.0007859111111111095,0.0004605777777778152,0.623713002530788,-0.04182739377560152,-0.10289670429799677,0.020084326177114496,0.16950775081283032,-0.0003607843137255484,-0.0011090196078430618,0.00038169934640519543,0.33973964677169577,0.00014516129032249303,-0.0012741935483870925,0.0015927419354838867,0.8441801974439871,-0.10539417210233193,-0.1816499174462874,-0.025846953500793586,0.005117819229107563,-0.03548426792805426,-0.09853943287355635,0.0333729878794661,0.2891912426367441,0.0,-0.006077447493224991,0.005414777193300626,1.0,-0.0003042210673088741,-0.0014462390926320567,0.0008246245860214854,0.6038045961993197,0.0003205128205128194,-0.0013805782662242776,0.0018754403921404455,0.6984029548702746,0.0,-0.012077641286314347,0.011793487632441172,1.0,-0.0005059456040480415,-0.0020698181530677067,0.0011134429685852874,0.529657691027376,-0.06990990417427767,-0.12696355289407762,-0.016799264535561152,0.01481846483163242,-0.04182739377560152,True
Qwen3-4B-Base,Qwen,layer35,35,24,0.6857142857142857,,False,d_all,False,3.8569157123565674,-0.00035733333333343165,-0.0009191111111110928,0.00019751111111115921,0.21851577203692718,-0.039120744224233395,-0.09055437202937078,0.015581136234193209,0.14620253142654485,-0.0010875816993464182,-0.0021281045751634364,-0.00028745098039214834,0.020666219261731244,-0.00010215053763440451,-0.0011130376344086312,0.0008763440860214439,0.8426528334165112,-0.08478428184763498,-0.1503670417299724,-0.017860654811834988,0.011250139025194632,-0.03979431797348365,-0.0959540206719585,0.016195721438801082,0.17742167794210995,-0.005273069679849307,-0.01294645307782521,-0.0003457265259044831,0.10592102996704675,-8.450585203045868e-06,-0.0009591607763996479,0.0009890607653930932,0.9866945759466286,-0.0003205128205128194,-0.0017750340178129098,0.0008786199963952605,0.6234293598539749,0.002640845070422504,0.0,0.009217656596688816,0.30458703569992673,-0.0009854311617120137,-0.0022708971115328104,0.00022050759013283173,0.1299807682700625,-0.04498996387415133,-0.09186830673719151,0.0034794704862195604,0.0634594047801927,-0.039120744224233395,True
Qwen3-4B-Base,Qwen,layer35,35,25,0.7142857142857143,,False,d_all,False,4.06071662902832,-0.00022400000000000198,-0.0010258666666666805,0.000546044444444421,0.5746489650079407,-0.036274049538506326,-0.0964341806137537,0.02712659058832119,0.26620395612141157,0.0005542483660130326,-0.00036614379084957125,0.001851372549019664,0.3269713802215318,-0.0011989247311828821,-0.002795833333333342,0.00023158602150534464,0.12960362866804984,-0.07194542997660491,-0.15626586516219199,0.010900717324931765,0.09430454466781532,-0.04039460444762355,-0.10153646733934188,0.025366690546921,0.23472518755442995,0.00037664783427493465,-0.004553438405827476,0.004937500000000025,0.8749180036220439,-0.001064773735581226,-0.002673155628662918,0.0003153621984195634,0.14411650224478278,-0.0008012820512820484,-0.002804454305622561,0.0008333542459513695,0.3763064895002327,0.0035211267605633756,-0.009523809523809493,0.02030235921540275,0.6252132803943181,0.0017531730971959147,5.143527303394514e-05,0.0035388288003373753,0.05187325912288071,-0.03155082552898136,-0.09177966890369016,0.02642473047893228,0.30190292186487033,-0.036274049538506326,True
Qwen3-4B-Base,Qwen,layer35,35,26,0.7428571428571429,,False,d_all,False,3.4410805702209473,-0.0012000000000000899,-0.0019467555555556515,-0.0005028444444444533,0.00192055236177032,-0.10630113587885459,-0.16544296328617247,-0.05086966755299915,0.0003603446986285822,-0.00083137254901966,-0.001610588235294172,-0.00022457516339862728,0.015650982283592185,-0.0015483870967742952,-0.003306451612903216,0.00011841397849467182,0.07997188668598579,-0.12136451718196106,-0.20058101052762278,-0.04775271173370756,0.0012744135856765262,-0.06951197653329322,-0.1350738878633541,-0.0067880696071092785,0.032612322076604805,0.0007532956685498693,-0.003819224643797303,0.005353882310404104,0.7409506381703836,-0.001554907677356665,-0.003144310516719892,-0.00017227126962199066,0.04216896593552394,-0.0008333333333333526,-0.0025432197903051098,0.00037164547940711224,0.27289608740202487,-0.007042253521126751,-0.024652808153267508,0.00488740676993698,0.34106660868104033,0.0007170145477546352,-0.0010276960784313311,0.002445134935694673,0.4230170466406531,-0.051852540648667844,-0.10394087098570581,-0.002435584672064553,0.0479663310055067,-0.10630113587885459,True
Qwen3-4B-Base,Qwen,layer35,35,27,0.7714285714285715,,False,d_all,False,4.896995544433594,-0.0021511111111111036,-0.0035280444444443725,-0.0007714222222221902,0.0022751702801095436,-0.2213363760498952,-0.28992493833112987,-0.15290083039589222,2.2729512373531325e-10,-0.0024104575163398367,-0.00408888888888892,-0.0009619607843137314,0.00208406747502813,-0.0022956989247312487,-0.004296102150537701,-0.0003978494623655404,0.022468984931296475,-0.3563246245406786,-0.44522343411448945,-0.2673116670873184,3.324762800158072e-15,-0.1434802782936213,-0.21713755775021243,-0.07246481106675891,0.0001196855970191369,-0.004519774011299438,-0.01245949306516313,0.0009793837891958026,0.17441114000739877,-0.0013351924620780276,-0.004035226952801304,0.0013784802827311647,0.33948184324996866,-0.0026602564102563564,-0.005342255096955498,-0.0006828971319926974,0.02940165731134772,-0.013204225352112742,-0.032968682968682966,0.0,0.12298665313914423,-0.00011475859160858803,-0.001918452456251285,0.0017747796753110445,0.9062707202810449,-0.21284434624705728,-0.2721145794699794,-0.1518249270343326,6.826109311384715e-13,-0.2213363760498952,True
Qwen3-4B-Base,Qwen,layer35,35,28,0.8,,False,d_all,False,4.4145073890686035,-3.377777777779922e-05,-0.0008660444444445192,0.0009102666666667009,0.940312162962047,-0.026932676401098643,-0.07733057206510888,0.024283217607707137,0.29262900597641517,0.0005437908496731536,-0.0002563398692811164,0.0015633986928104166,0.24483012595853093,-0.0006021505376344605,-0.001908736559139823,0.0006829301075268606,0.3684536436832069,0.0032880736083491513,-0.05944430438795008,0.06916189105843697,0.9203985185206421,-0.035443026003133316,-0.08994444958719182,0.02007712891799577,0.19550886495713404,-0.003389830508474634,-0.012947689217674845,0.0022683502624794563,0.35783122689172564,0.00016901170406047328,-0.0014254969708963395,0.002255761729693784,0.8606494313143065,-0.00028846153846151523,-0.0018402777777778323,0.0009643915084614952,0.6812156878012883,-0.0008802816901408717,-0.010002100840336144,0.008060371632274141,0.8419292656014745,0.001145941387307614,-8.496468479871621e-05,0.002411939700611357,0.07896386393024105,0.03873109961148247,-0.005158163411093119,0.08205471869831941,0.08956337567339555,-0.026932676401098643,True
Qwen3-4B-Base,Qwen,layer35,35,29,0.8285714285714286,,False,d_all,False,3.4265270233154297,4.08888888888681e-05,-0.0006400888888889733,0.0007467555555555615,0.9021898121687423,-0.02392949108712994,-0.07278437055312006,0.025817087512823765,0.33752803677641174,-0.0003660130718954324,-0.0010301960784312807,0.00016758169934644716,0.23349145271608818,0.0005161290322580614,-0.0011290322580644885,0.002167069892473211,0.5283660901696546,-0.05112040401872431,-0.10731981389668967,0.01012078538785551,0.0996460356902811,-0.006605175493830995,-0.05974644635957051,0.04851954204524787,0.8099613888940876,0.0007532956685498693,-0.002534599148328642,0.004805930412889411,0.6820346756568854,0.0004478810157603208,-0.00081540700366175,0.001799542250305929,0.4872435628878433,-0.00038461538461531664,-0.0019391213017475872,0.0010874389642249007,0.5952522549646526,-0.0008802816901408717,-0.006717426381605473,0.003813492063492068,0.7267264459296665,-0.0008821421041534938,-0.002515819628926735,0.0007278004427577354,0.28930871012869064,-0.04451522852489331,-0.0923235986500141,0.0010208161411156904,0.05874329726999156,-0.02392949108712994,True
Qwen3-4B-Base,Qwen,layer35,35,30,0.8571428571428571,,False,d_all,False,6.23514461517334,-0.0014399999999999968,-0.0026120444444444777,-0.00038920000000001743,0.010037854372295572,-0.20507668752178265,-0.2924692307180901,-0.1268998407491582,1.3042824564933281e-06,-0.0024052287581699527,-0.003916993464052323,-0.0011555555555555763,0.0009599663404051406,-0.0008655913978494745,-0.0033661290322581305,0.001371370967741908,0.48360887694357535,-0.2588989789919953,-0.3706152904588778,-0.15777862178736124,2.1443612658695824e-06,-0.10962031297063035,-0.19825949558883868,-0.027663416899796976,0.014894445803858198,-0.0015065913370998496,-0.01095494492952128,0.004971068298882837,0.7012295356186031,-0.0017661723074322566,-0.003915932050763587,0.00012607298853284618,0.08414539536195334,0.00019230769230771383,-0.001357673390953143,0.0020586380850416723,0.8209588018610241,0.0,-0.011134766263484874,0.011286896988273017,1.0,-0.0015396373603204783,-0.004265618279569899,0.0011882331857473363,0.25675170053542906,-0.14927866602136497,-0.2309940286622248,-0.07276429187062336,0.0002853296006839664,-0.20507668752178265,True
Qwen3-4B-Base,Qwen,layer35,35,31,0.8857142857142857,,False,d_all,False,4.963529109954834,-0.0012551111111112068,-0.0021281777777777955,-0.0004852000000000024,0.0033031411270158864,-0.08855394508882064,-0.15132063946994748,-0.024262647938080886,0.004075394418705267,-0.0015895424836601668,-0.002687712418300711,-0.0006326797385620697,0.0025824457326341353,-0.0006075268817204993,-0.002232795698924811,0.0009141129032257554,0.45955557979074313,-0.18093752274055142,-0.2573216829247209,-0.10153906536090637,2.7506750659590436e-06,-2.1604099817995603e-05,-0.06371901290436299,0.06101444496317513,0.9994642885773339,0.0007532956685498693,-0.003378950984883211,0.005588101761526861,0.7413320107155471,-0.0013689948028901,-0.0028893566922305546,3.515519641454825e-05,0.0614643849008816,0.00012820512820510555,-0.0011767230743736756,0.0015583254615378261,0.8484109331202063,-0.008802816901408494,-0.027193909068445737,0.0012508012820512551,0.2401302976676758,-0.0009820156019396675,-0.0028134777566940715,0.0007902161079485291,0.2877787744297037,-0.18091591864073342,-0.2344887742066297,-0.12685459117274278,5.5079083246219757e-11,-0.08855394508882064,True
Qwen3-4B-Base,Qwen,layer35,35,32,0.9142857142857143,,False,d_all,False,7.250885963439941,-0.0016053333333333475,-0.0030544444444445124,-0.0004104444444444496,0.017567320917497797,-0.1579288355135957,-0.23276924148277023,-0.07642406317717884,0.00010168237325418354,-0.002677124183006585,-0.004403398692810448,-0.0012539869281046315,0.0015082763157993977,-0.0009408602150537959,-0.0031244623655913573,0.0010760752688172247,0.3676172354280903,-0.2289277152832252,-0.32032502368084254,-0.12933133185346066,5.48773437416791e-06,-0.07002430236409385,-0.15235369822772762,0.017008592497243086,0.1073714897054469,-0.005649717514124353,-0.013077873162618969,-0.0002978056426332341,0.09823814980638433,-0.0015718088477627568,-0.004250746671503741,0.00045650144304152913,0.18717998053494733,-0.00028846153846151523,-0.002287462904585194,0.0017774938910994906,0.7791866976758648,-0.010563380281690127,-0.034092803030303,0.0055006560603575285,0.306594384194825,-0.0017362639679527891,-0.003996003584229432,0.000423612165296272,0.119290605401627,-0.15890341291913135,-0.22416687842337352,-0.09341942005675571,1.793609509071921e-06,-0.1579288355135957,True
Qwen3-4B-Base,Qwen,layer35,35,33,0.9428571428571428,,False,d_all,False,6.740276336669922,-0.0013191111111111598,-0.0024860000000000047,-0.0002788888888888982,0.019725352205102766,-0.13957984685583558,-0.207994554886113,-0.07625387097355811,5.375139849871957e-05,-0.0016522875816993299,-0.0031216993464051905,-0.0005433986928104099,0.01432478751782731,-0.0019462365591398356,-0.004619354838709675,0.00028534946236561905,0.12252011058318334,-0.17441865939060097,-0.25616039903298665,-0.09276049443524086,3.759969759017348e-05,-0.07780131064279416,-0.1555332691716666,-0.005248574334900775,0.04658440822963049,-0.0007532956685498693,-0.00538558663558657,0.00488865161683955,0.7682595853941594,-0.0009126632019267333,-0.002932344015270655,0.0007430827194794763,0.3227485891095101,-0.0024358974358974494,-0.0055962500114552505,6.041776867796415e-05,0.10803181778165352,-0.008802816901408494,-0.03236482471776589,0.009453581871345,0.4072525998285472,0.00029394897744050574,-0.00220225911870128,0.003284077060931964,0.8287406841807308,-0.09661734874780681,-0.15653281535307592,-0.03259708057660644,0.002836904138599813,-0.13957984685583558,True
Qwen3-4B-Base,Qwen,layer35,35,34,0.9714285714285714,,False,d_all,False,9.046030044555664,-0.011694222222222272,-0.015712666666666618,-0.008000399999999998,7.4488566800458965e-09,-0.831527602733821,-0.9870568136188689,-0.6977198752612856,9.769855006926495e-31,-0.009898039215686327,-0.017234379084967263,-0.00440248366013071,0.0022085696056126486,-0.01795161290322589,-0.026442204301075266,-0.010967338709677438,4.253366544018628e-06,-0.8793095709297796,-1.084748683232221,-0.6923505204289566,9.76707679011487e-20,-0.701396122868299,-0.8627536089894828,-0.5430414168495313,1.1707180236462546e-18,-0.0165725047080979,-0.03393989254618717,-0.0032705546736243947,0.035040364088012754,-0.01150124646131745,-0.017722306808001752,-0.005810147100953477,0.00020255465103447478,-0.014551282051281977,-0.023798843119606086,-0.007417819000628283,0.0004788880227202003,-0.040492957746478875,-0.1378321455164345,0.01637571040276746,0.31438869467496,0.008053573687539561,-0.0016264094454985583,0.017704470271979897,0.09686627261437009,-0.17791344806148057,-0.30987448418461283,-0.05174805168306558,0.008220621586003429,-0.831527602733821,True
Qwen3-4B-Base,Qwen,layer35,35,35,1.0,,False,d_all,False,5.632401466369629,-0.0013973333333333615,-0.0025885777777778342,-6.195555555552092e-05,0.029183000595296892,-0.19785653340593345,-0.2748325429246792,-0.1209984936319345,2.0292925091202265e-07,-0.00047581699346410655,-0.001474771241830103,0.0006435294117646924,0.37085153182314445,-0.00293010752688172,-0.005527016129032292,-0.0006880376344085977,0.014388505863743416,-0.24618457589708065,-0.34903711560038686,-0.14403000315103096,2.392488881645431e-06,-0.16936394436701896,-0.2504140310514592,-0.09007901023244798,4.3617413427068844e-05,0.0037664783427495685,-0.004778975174155031,0.015117726775919679,0.4679320467510779,-0.0010478725651751342,-0.003337208884851353,0.001683448180610783,0.3969501869999815,-0.0029487179487178716,-0.006932896646953302,-0.00015619108764242944,0.11033277098568321,-0.007922535211267623,-0.025334653092006054,0.0,0.26284674875473957,0.0024542905334176135,0.0003966487455196982,0.004890997259118668,0.026030774575854676,-0.07682063153006169,-0.13738638831045302,-0.013804205901097173,0.015033859351432548,-0.19785653340593345,True
Qwen3-4B-Base,Qwen,behavior,36,1,0.02857142857142857,1.002284288406372,False,d_all,False,5.875,-0.06759466666666669,-0.08168302222222222,-0.05376588888888887,1.8235214395142416e-21,-1.2188147178647482,-1.403285244671067,-1.0396837672797539,1.3524931484867359e-38,-0.017479738562091507,-0.03120882352941169,-0.005711895424836541,0.006836789902469015,-0.11073655913978497,-0.14072405913978497,-0.08280409946236555,1.5612367752475127e-13,-0.23379956099472787,-0.5292569429661063,0.08547062051251443,0.1431464088133965,-1.2983780175279875,-1.5669459827343741,-1.0519579906150356,3.025947387851145e-23,-0.013182674199623379,-0.026888180343458107,-0.0032379008873573496,0.03284609722892532,-0.0806946381036886,-0.10499843194046561,-0.05939080727161752,9.575090094919142e-12,-0.19381410256410259,-0.2497549867397925,-0.1394327144286005,3.024414136186373e-11,-0.09771126760563376,-0.19085662262872624,-0.015007943211068213,0.028101300706010395,0.09325682057769347,0.06386084334809197,0.12464792141049971,3.004623664592011e-09,1.0645784565332597,0.7475715638966227,1.419100549676015,6.463323344981053e-10,-1.2188147178647482,True
Qwen3-4B-Base,Qwen,behavior,36,2,0.05714285714285714,0.9995275139808655,False,d_all,False,1.75,-0.005826666666666647,-0.009453599999999982,-0.002529577777777742,0.0014682959987826218,-0.24184182294270373,-0.3276958925769872,-0.15659117067030223,5.847477458953075e-08,-0.002630065359477074,-0.004692875816993475,-0.00075294117647062,0.009992287325634772,-0.005927419354838648,-0.013891935483870951,0.001156787634408659,0.10822826051752936,-0.35523613580223445,-0.48708621081670245,-0.23081035835932714,1.6236572219258362e-07,-0.1980735016068662,-0.32119224750349523,-0.07577675484004381,0.0013720488024347697,-0.001129943502824915,-0.00630408927989578,0.0024863901672466412,0.6107753770621372,-0.009751975324291173,-0.016408148122042034,-0.004278161664636516,0.001853536888964833,0.0024198717948717974,-0.005981986638523768,0.014425671943186107,0.6449397117607257,0.011443661971830998,-0.012279554263565987,0.03950401254251701,0.38358149125952756,0.003297353995361574,-0.003469025142314941,0.010836097406704564,0.356083163191672,-0.15716263419536824,-0.2868037804267809,-0.01908755295328373,0.01930726295115988,-0.24184182294270373,True
Qwen3-4B-Base,Qwen,behavior,36,3,0.08571428571428572,1.0000779628753662,False,d_all,False,2.375,-0.006086222222222215,-0.010525222222222283,-0.0016279111111110998,0.010015185695495359,-0.20756749212735137,-0.31795340402335337,-0.09547944300958208,0.0002608302996156833,0.0010588235294117787,-0.0003556862745098005,0.0027297385620914908,0.18422634521952308,-0.012790322580645164,-0.02338333333333336,-0.001843413978494632,0.019279349252453302,0.13323390065549656,-0.02004253691520814,0.2919439669245332,0.0904943751101993,-0.2363612228756944,-0.39145378990153384,-0.08187079493023823,0.0026370000186888677,-0.005084745762711895,-0.014625469840701616,0.0013472578896307425,0.24085175543411885,-0.012033633329108007,-0.021354486327082856,-0.003589846849487377,0.011193102166458847,-0.007371794871794846,-0.01368746993746999,-0.002425044733975138,0.008204525209067608,-0.0048415492957746276,-0.03847656249999997,0.026970770828036294,0.7665566859197918,0.013849146110056942,0.0033636785789584733,0.024356795540797026,0.010434980139655593,0.36959512353119095,0.2059877011566838,0.5347723334991179,9.896719116153772e-06,-0.20756749212735137,True
Qwen3-4B-Base,Qwen,behavior,36,4,0.11428571428571428,1.001155972480774,False,d_all,False,2.5,-0.0010791111111111418,-0.003168933333333332,0.0011016222222221758,0.3343934404526998,-0.02926011353367075,-0.10655205815154224,0.051182588903150646,0.4628014812283143,0.001372549019607927,-0.00015686274509807419,0.0030954248366013015,0.09610565417221072,-0.004172043010752691,-0.009019018817204313,0.000836693548387068,0.10518755132306311,0.15675529992676296,0.0243398833971608,0.2853802156098933,0.016491133046594903,-0.1626434957988514,-0.27718923434922743,-0.05902358272066032,0.004744009966092889,-0.00018832391713752283,-0.0043438677298336115,0.0037160969497925522,0.9218816855419433,-0.002336586808636465,-0.006062347531090648,0.001275925038976463,0.20974175535189699,-0.00838141025641026,-0.01567851942437186,-0.002559638371195406,0.012251227543517469,-0.009242957746478875,-0.04663333853408225,0.02335594480372854,0.5951762552632671,0.005544592030360618,0.0003397314463420648,0.010343933691756355,0.03237034276091711,0.31939879572561436,0.20646319965396218,0.43678380435275505,2.574069432853749e-07,-0.02926011353367075,True
Qwen3-4B-Base,Qwen,behavior,36,5,0.14285714285714285,0.999992847442627,False,d_all,False,1.25,-0.0056488888888889255,-0.008547511111111147,-0.002659711111111133,0.00010865038412070277,-0.19912862810284926,-0.2741527493224108,-0.1253166255261383,1.5498925104003874e-07,-0.003518954248366013,-0.005571307189542532,-0.00156300653594767,0.0005515449843771511,-0.008674731182795714,-0.015051276881720362,-0.0018269489247312509,0.010190684469256217,-0.28085009943102435,-0.3902918295933093,-0.1737393704443,3.7528407347116686e-07,-0.22408658555396288,-0.3219209984838897,-0.11859806084987562,1.6908003403352698e-05,-0.0007532956685499803,-0.003421192872984729,0.0006449002873077531,0.48698948052222313,-0.0033675582034055074,-0.00757634954063525,0.0015014974914993135,0.14175653331047877,-0.008974358974358942,-0.017800769895386277,-0.002974959945133437,0.016141287630743503,-0.04269366197183089,-0.0894387116948093,-0.009397491053837815,0.0319870311355817,0.005155776934429701,-0.0017479467109424358,0.011382684482395202,0.12034606191841003,-0.05676351387706147,-0.1630043425245885,0.054466910580856565,0.31637040319067267,-0.19912862810284926,True
Qwen3-4B-Base,Qwen,behavior,36,6,0.17142857142857143,0.9985782504081726,False,d_all,False,2.125,-0.003585777777777799,-0.006071622222222248,-0.0013751111111111047,0.0025736513827562726,-0.07754568356948743,-0.15302264266842436,0.0007738566892529012,0.047048217639376215,0.0011973856209150924,-6.0326797385648604e-05,0.002551895424836645,0.07787036292817316,-0.010723118279569843,-0.016554166666666686,-0.005174663978494645,0.00019031039507576031,0.05572957558110403,-0.05421214141385651,0.16905972755121743,0.32649701265757236,-0.2800265941241422,-0.39131421089531043,-0.18868810524293256,1.5372564034455868e-07,-0.0015065913370998496,-0.008450269809058202,0.003367572117572209,0.614114541929792,-0.0030760130139011466,-0.006571278063479536,1.4740897184391802e-05,0.06712353903213464,-0.008189102564102546,-0.016988984479058146,-0.0016192829023317873,0.0391416076008486,-0.0022007042253520126,-0.03405940020394915,0.02729373375856367,0.8820132560705634,0.011920503900484936,0.00634727255956147,0.01786314173518872,5.110900459274815e-05,0.33575616970524624,0.21951025287353407,0.4644869661022229,5.372323318996725e-08,-0.07754568356948743,True
Qwen3-4B-Base,Qwen,behavior,36,7,0.2,0.9983164072036743,False,d_all,False,1.75,-0.0020391111111111027,-0.004318644444444445,0.00019315555555557393,0.08380454585380576,-0.21893292935137199,-0.305179509972261,-0.13777571571442895,1.4966186087153115e-07,-0.0003503267973855584,-0.002217254901960847,0.0015901307189541741,0.7207201464219224,-0.004701612903225794,-0.010100470430107575,0.00017842741935485316,0.08153129500205289,-0.43867995703591056,-0.5752489491551029,-0.31023537998317313,4.2661619197687466e-10,-0.24437901012815644,-0.35712595210726633,-0.138565461492117,8.23475086876076e-06,-0.006779661016949157,-0.020886690523883634,0.0010000272041328184,0.22939617511573862,-0.0038576921451809465,-0.008391514928123834,8.207443522306963e-05,0.06933990341260401,-0.0029166666666666785,-0.008252033623793727,0.0011617315922782159,0.2351927391937686,-0.001320422535211252,-0.02877948943661977,0.026791747104247112,0.9283279010205981,0.004351286105840235,-0.0006567035631455829,0.010183282732447795,0.11566921021943954,-0.19430094690775412,-0.3199568742043994,-0.06418626595680686,0.003084316505875678,-0.21893292935137199,True
Qwen3-4B-Base,Qwen,behavior,36,8,0.22857142857142856,0.9983329176902771,False,d_all,False,2.25,-0.002657777777777759,-0.004544133333333325,-0.0008031555555555573,0.0056458576847878165,-0.0563675932854264,-0.13194065304008196,0.013763024906310779,0.13918979294893677,-0.001356862745097942,-0.0025778431372549147,-0.0001852941176470921,0.026680838075195265,-0.003903225806451638,-0.008092405913978463,0.00026444892473124945,0.06905074571562363,-0.023404231950946652,-0.14542850252727935,0.08792453963224542,0.6955431279299116,-0.06651209557077875,-0.15981668725879,0.024514668601494292,0.15033244533707704,0.0,-0.0025684931506848585,0.0020010101010101023,1.0,-0.0009422402501372273,-0.0034880023352935026,0.001522744413956134,0.4673322737507185,-0.0017467948717948545,-0.006636458690802968,0.004749788442243743,0.5391765059747744,-0.01848591549295775,-0.054907825692416985,0.007264359548167002,0.23621820855914455,0.002546363061353696,-0.00146074451823745,0.006724551180687276,0.23525145088049926,0.0431078636198321,-0.06656932452729668,0.15946882307128385,0.4725901004417591,-0.0563675932854264,True
Qwen3-4B-Base,Qwen,behavior,36,9,0.2571428571428571,1.0005556344985962,False,d_all,False,1.5,-0.0005128888888888961,-0.002466200000000013,0.0011157111111112005,0.5654895856686832,0.09431554369862694,0.029888034188380052,0.1657288272037769,0.007134206477899885,-0.0005176470588235116,-0.002156928104575198,0.0009520915032679707,0.4911505324808031,-0.0002016129032257341,-0.00446330645161295,0.0032610887096774285,0.9180987550937005,0.038249485794927374,-0.06961746389862598,0.1568210823264944,0.5118251575497452,-0.019737037271449598,-0.0986111692620239,0.06566327260817208,0.6426936316458888,0.0001883239171374118,-0.002864182170083335,0.003389830508474634,0.892858129052853,0.0006337938902269968,-0.0020590781895380742,0.0029731401785272503,0.6182296103364716,0.0014583333333333393,-0.0018034573706517704,0.006048209433088529,0.48332557199640314,-0.002640845070422504,-0.03231704297880763,0.023539548633643305,0.8532847794110077,-0.0003160341555977775,-0.0037901905439596123,0.0037430584545646087,0.8713568018165706,0.05798652306637697,-0.039639868242793405,0.15703227817330465,0.25859417327048584,0.09431554369862694,True
Qwen3-4B-Base,Qwen,behavior,36,10,0.2857142857142857,0.997466504573822,False,d_all,False,1.625,-0.00668622222222226,-0.010108222222222202,-0.0037036444444444845,1.9033084624750264e-05,-0.24459464000443543,-0.327550129626895,-0.16505443790343954,2.594711216219246e-09,-0.003856209150326806,-0.006271960784313762,-0.0018558169934640577,0.0010506305845324143,-0.010607526881720397,-0.017284274193548478,-0.0046176075268818265,0.0013073456052778802,-0.5104376681483975,-0.6327686508524024,-0.3985481038982707,2.377473534774599e-16,-0.3914264835685901,-0.4919364134005053,-0.2964475891332803,1.3377510038920478e-14,0.0005649717514124575,-0.002701779701779749,0.004002702702702702,0.7100158540303134,-0.006768918747623198,-0.011741423897918274,-0.00264235047407122,0.0038211124050679915,-0.0012980769230769296,-0.008113019518123252,0.007768887969361533,0.7467451819372088,-0.03125,-0.08175075301204823,0.007939013722595782,0.17739555889803227,0.006751317731393591,0.0008373798228969859,0.013347274667931754,0.036361212300795066,-0.11901118457980742,-0.2486495705126162,0.02015461097615974,0.07030930410713641,-0.24459464000443543,True
Qwen3-4B-Base,Qwen,behavior,36,11,0.3142857142857143,0.9995843172073364,False,d_all,False,1.75,-0.014357333333333333,-0.0189726888888889,-0.010452999999999981,1.009364648850149e-10,-0.559126617261847,-0.6565948396894936,-0.46847716716769267,7.929813409922089e-32,-0.009218300653594746,-0.013621699346405194,-0.005466470588235251,7.508621753671537e-06,-0.020462365591397802,-0.028345094086021573,-0.013768145161290369,5.6393806976766796e-08,-0.9872685796234673,-1.1419028493749894,-0.8446249930877744,1.8546866228190236e-38,-0.7264221591104123,-0.8530464419075923,-0.6135568633219046,1.5868733200385755e-33,-0.005084745762711895,-0.014782125875875846,0.00042830437976972815,0.2022413110744139,-0.009008323826424913,-0.014971593914548945,-0.003854694527691735,0.001667806460829734,-0.00951923076923078,-0.017582669980122916,-0.0012237683427292285,0.027474072170544407,-0.03301056338028163,-0.07251830808080809,-0.000595238095238107,0.07083169029575419,0.011244064937803055,0.005009873497786246,0.018397219586759467,0.0014121854136617694,-0.26084642051305496,-0.41213399534376366,-0.09423930712386862,0.001032521508657955,-0.559126617261847,True
Qwen3-4B-Base,Qwen,behavior,36,12,0.34285714285714286,1.0007994174957275,False,d_all,False,2.875,-0.026480888888888887,-0.033983711111111134,-0.019316088888888912,1.6361483266499292e-12,-0.8218928843797055,-0.9634805576181642,-0.6948191679353792,1.0549883694650606e-32,-0.01934640522875808,-0.028561045751634033,-0.01140790849673199,8.901334152500126e-06,-0.03457258064516122,-0.04777432795698928,-0.02217668010752692,3.042053511550993e-07,-1.2509669609393574,-1.4551348599991065,-1.0740241547344784,1.4099865450070146e-37,-0.9559441969000755,-1.128619540006535,-0.801244745890951,1.533463597675782e-29,-0.003013182674199699,-0.009572562545123458,0.000565962929923707,0.26437322907120175,-0.01965183588963526,-0.03102885088847284,-0.01031821869527909,0.0001829792417501542,-0.02312499999999995,-0.04059581443974181,-0.009452174197613203,0.003887853871746285,-0.09022887323943662,-0.1646923998257839,-0.03030965810981921,0.008790743419364965,0.015226175416403143,0.001967716635041139,0.029636942072528007,0.036620345694503474,-0.29502276403928196,-0.47794001420356585,-0.10467539534315431,0.0025415742288787875,-0.8218928843797055,True
Qwen3-4B-Base,Qwen,behavior,36,13,0.37142857142857144,0.9951806664466858,False,d_all,False,3.0,-0.022918222222222173,-0.02902331111111107,-0.01683679999999992,8.632902510843687e-14,-0.7892893288586,-0.9193027859692647,-0.6671906137401109,1.22687748896731e-35,-0.019584313725490188,-0.029276339869281038,-0.011633202614379013,1.2275809798604731e-05,-0.028145161290322518,-0.0371202956989247,-0.019863373655913924,2.393972647779766e-10,-1.2983221028548377,-1.4935379578849035,-1.1098991526710509,3.72812352697857e-41,-0.9041806928887719,-1.0615160484650237,-0.7572500090620158,3.352078529091935e-30,-0.003201506591337111,-0.0117851040760809,0.0021750106292516514,0.37474269268546967,-0.009811129420712383,-0.016630871274852757,-0.003815596240579212,0.0032156357715088218,-0.026025641025640978,-0.04066636197416268,-0.0132265991736195,0.00022643809540242392,-0.047095070422535135,-0.09971768501714057,-0.0010108805668016568,0.055720717193666384,0.00856084756483233,-0.0035649944655281483,0.019667421726755226,0.14352492327808425,-0.39414140996606584,-0.5831963219479492,-0.2127495715395659,2.259030102834443e-05,-0.7892893288586,True
Qwen3-4B-Base,Qwen,behavior,36,14,0.4,0.9976078867912292,False,d_all,False,2.25,-0.007064888888888898,-0.010163622222222257,-0.004198511111111045,3.889796277929795e-06,-0.2617596077287869,-0.3649010115831946,-0.16550877894205943,2.000414424368774e-07,-0.004828758169934555,-0.008353790849673286,-0.002093986928104555,0.003565331138751489,-0.009693548387096795,-0.015871102150537678,-0.004407997311827944,0.0008384505220513156,-0.7197987613970542,-0.8842193293973307,-0.574477846090109,9.325196440670685e-20,-0.49405474864519316,-0.6229144616624387,-0.3738945697443162,4.4338504706792416e-15,-0.0013182674199623268,-0.006236703488181977,0.0013615015542640654,0.5126263670213864,-0.0022056027379895315,-0.006555633617170831,0.0014579498335223786,0.2802146068896101,-0.007019230769230722,-0.012501812705134573,-0.002613734948862532,0.00583142271151171,-0.027288732394366133,-0.06850930249817319,0.00852326668584571,0.15747452098012515,0.00486479021716224,-0.0007709550917139762,0.011111518290111694,0.10907831136078805,-0.22574401275186107,-0.38833634435493,-0.0656534488280687,0.004797972156541263,-0.2617596077287869,True
Qwen3-4B-Base,Qwen,behavior,36,15,0.42857142857142855,0.996869683265686,False,d_all,False,1.875,0.0034560000000000146,0.0013386666666666519,0.005968599999999973,0.0030814977964006693,0.06371675889290351,-0.03488241406736768,0.15568297008401066,0.18242923960198765,0.002452287581699353,0.0009014379084967133,0.004258954248366009,0.004406157155606937,0.004620967741935544,0.00031209677419361827,0.009376411290322578,0.04691806486634108,0.5207293150610877,0.3828538739849033,0.6677903164260093,3.9807895265438056e-12,0.1563471362222626,0.04283146739836799,0.27349853959482373,0.00993183408312494,0.0009416195856873921,-0.0013434271709004074,0.004270924279704742,0.5152454201087553,0.00164363882198848,-0.0015679777145593404,0.005257920566863478,0.3306606438402566,-0.00024038461538467004,-0.004189397354023031,0.003445646483649686,0.8998342885903032,0.0030809859154929953,-0.04811907410990715,0.046033219867148076,0.8972740306066368,-0.0021686801602361916,-0.006506547280202451,0.002058147006114107,0.3343110496140479,0.36438217883882507,0.22357253809295807,0.5074925951108282,4.938909566071929e-07,0.06371675889290351,True
Qwen3-4B-Base,Qwen,behavior,36,16,0.45714285714285713,0.9969518780708313,False,d_all,False,1.375,-0.003091555555555514,-0.0051649999999999726,-0.0012599999999999532,0.0031267487557941377,-0.13857657315233496,-0.21584024732625265,-0.06916073881777288,0.0003765761790188092,0.0006065359477124277,-0.0004209803921568389,0.0017699346405227773,0.2927061624445284,-0.005948924731182803,-0.0100108198924731,-0.0021073252688172204,0.004582943881967329,-0.03770152473452004,-0.16119833042851583,0.07845236982056766,0.5387030767125722,-0.2756228923951518,-0.3780487611037009,-0.18373621848983845,2.0826082624725928e-08,0.0009416195856873921,0.0,0.003960788936036463,0.4110914968851973,-0.003325305277390389,-0.0067598261541660515,-0.00046979984453687974,0.04297154269461049,-0.0073397435897435415,-0.012795141856811621,-0.003078521823897174,0.003940406093028708,-0.007922535211267512,-0.03412395920194244,0.015974392361111162,0.5413026215449424,0.006555460678895231,0.002897976755218243,0.010532016656124828,0.0013696211296213754,0.23792136766063177,0.12120610951709172,0.35996878547706024,6.32513654560397e-05,-0.13857657315233496,True
Qwen3-4B-Base,Qwen,behavior,36,17,0.4857142857142857,0.9977803826332092,False,d_all,False,2.25,-0.010789333333333317,-0.013884488888888814,-0.007695777777777813,1.8584162525472524e-11,-0.3565968353821174,-0.4521288122882559,-0.2720268373778512,3.433620256611659e-15,-0.00998954248366013,-0.014112745098039304,-0.005986535947712385,9.358277923656257e-07,-0.01133602150537627,-0.016814852150537664,-0.006574260752688145,1.855743467331706e-05,-0.6309175808647289,-0.7805746937290117,-0.48678433209951777,3.460399340419575e-17,-0.2849540948860616,-0.383999935248009,-0.19663130779233506,4.193865994049613e-09,0.0016949152542372614,0.0,0.005772005772005762,0.3008358876458901,-0.0072210250559850975,-0.011284921213576235,-0.0030956889239040167,0.0006041511612563632,-0.004919871794871744,-0.009005342247430922,-0.0014302890394300276,0.011046868467095928,-0.028609154929577385,-0.06736725611427816,-0.0029484966289691243,0.07775450275811567,0.0013464790217161404,-0.003993714948344887,0.00758916772085178,0.6528463520437204,-0.34596348597866733,-0.48325649515734787,-0.203265573335,1.4315039139563098e-06,-0.3565968353821174,True
Qwen3-4B-Base,Qwen,behavior,36,18,0.5142857142857142,1.001313328742981,False,d_all,False,2.0,-0.0031128888888888318,-0.005178799999999947,-0.0009412444444444585,0.003683074786824768,0.112969392706749,0.027703334906424217,0.20583789423178067,0.01732926190584387,-0.0029228758169934643,-0.0050196732026143885,-0.000849281045751674,0.00716870924527457,-0.0026854838709676754,-0.006486895161290288,0.0020006048387096794,0.21770626486219613,-0.25103218746486666,-0.3914932564994744,-0.0959290624837903,0.0009226709369362826,-0.011166810629933632,-0.103513842584339,0.09029193285127884,0.8218855336173992,-0.004708097928436961,-0.01279496859404572,0.0006481224430158125,0.18258765884513473,-0.0033084041069844083,-0.006486072803024015,-0.00010339970285016941,0.03909097108437553,-0.0021955128205127794,-0.005321023783671858,0.0005496366882836741,0.14179400307979406,0.0,-0.02070889631139285,0.019649298152096588,1.0,-0.00023739194602578895,-0.004981009118701163,0.0038383256904913343,0.9161406418736487,-0.23986537683493303,-0.36458806842741204,-0.11130420865030191,0.00022906590106136048,0.112969392706749,True
Qwen3-4B-Base,Qwen,behavior,36,19,0.5428571428571428,0.9983406662940979,False,d_all,False,2.875,-0.012658666666666596,-0.016728377777777803,-0.009182088888888969,4.890666859335773e-12,-0.40129879897224496,-0.503933323078204,-0.29601912299091365,3.9173072566590725e-14,-0.009453594771241747,-0.013676601307189586,-0.005829803921568561,1.7426530684968222e-06,-0.01270698924731184,-0.018670900537634417,-0.007958198924731118,2.305365411355252e-06,-0.7062150853194846,-0.8465885693733944,-0.5662283876363039,9.537326324621277e-23,-0.41524273632413466,-0.529178553897716,-0.31690223327597955,2.3685715434397055e-14,-0.004708097928436961,-0.011807870370370437,0.0,0.12353605967772802,-0.006092871931381194,-0.010152571298712488,-0.0021565342816891927,0.0032903221317312223,-0.009823717948717947,-0.016637383918751292,-0.004282747672621376,0.001755149484706449,-0.04489436619718301,-0.08975225225225227,-0.009826480990274061,0.029304198329715914,0.003253394476070093,-0.0019020764811300383,0.009448260858106622,0.2569816853856748,-0.29097234899534996,-0.4290179106173259,-0.1435358398286039,8.631746501451583e-05,-0.40129879897224496,True
Qwen3-4B-Base,Qwen,behavior,36,20,0.5714285714285714,0.990649938583374,False,d_all,False,1.125,-0.0031422222222221574,-0.005388711111111036,-0.0011115555555556084,0.004890673145164516,-0.3058947150710365,-0.3848537822298925,-0.226231004439719,2.4633309473924164e-14,-0.0032993464052286647,-0.007583660130719016,-0.0004441176470588479,0.0801619162057843,-0.00483602150537632,-0.009343548387096718,-0.0007733198924731685,0.029668318468962233,-0.07026861703716625,-0.19669626724289624,0.06880762566818374,0.30386597782791624,-0.11570154908623964,-0.20700328401553003,-0.022831794584005253,0.01442995752873408,0.00037664783427493465,-0.0016196303696303428,0.003290562913907268,0.7399021918770641,-0.0031943212067435667,-0.006310218598758141,-0.0001344758895290538,0.044489642491184124,-0.004807692307692291,-0.009769098883928833,-0.0008959751647992596,0.03601455666773878,-0.021566901408450634,-0.052968889384478225,0.000503068918561908,0.12379708473540137,0.0015366751001476553,-0.004220750579801771,0.006837843137254898,0.5820998665304873,0.04543293204907339,-0.07544897741215462,0.17764994513274518,0.47151333659874983,-0.3058947150710365,True
Qwen3-4B-Base,Qwen,behavior,36,21,0.6,0.9984041452407837,False,d_all,False,0.875,0.0007244444444444165,-0.0008997777777778743,0.002234222222222223,0.3522386268825758,-0.02320822721323479,-0.08144939733975261,0.034863692713268134,0.4401428666168353,-0.0022431372549018835,-0.00575464052287587,0.00012045751633981676,0.15872327582948498,0.004422043010752663,0.0020288306451613307,0.007234274193548423,0.0011275836552313736,-0.4033770155613339,-0.5077018640936398,-0.30778158706158887,5.433917190376475e-15,-0.14456014573508646,-0.22605108460676832,-0.06962928894141972,0.00030997614686461287,-0.0013182674199623268,-0.00464916294184583,0.0005669901635284246,0.3730579140170215,0.002180250982380616,0.0006975340738734209,0.003943954644196171,0.010682467199736026,0.0004166666666666208,-0.0010752557129172556,0.0019747096368274092,0.5863672707507498,0.009242957746478875,-0.009417550626808196,0.032740188466691016,0.3683273669612117,-0.006665180265654547,-0.011052099936748846,-0.0030635681530676814,0.0013121658824838548,-0.2588168698262474,-0.3550396623831642,-0.16288306992915114,1.3731364539968048e-07,-0.02320822721323479,True
Qwen3-4B-Base,Qwen,behavior,36,22,0.6285714285714286,0.9930353164672852,False,d_all,False,1.0,-7.466666666666733e-05,-0.0015417111111110631,0.0014939333333333466,0.9247662409718933,-0.12520283674300225,-0.18071824350509874,-0.07777676012410092,2.1619486042917958e-06,-0.0005045751633986351,-0.0013439215686274265,0.00021176470588235574,0.21274347636146473,0.0018548387096773977,-0.0017250672043011281,0.005815255376344105,0.3436789584880017,-0.14984391107423267,-0.22654894627885086,-0.08159470916344526,8.24746456978818e-05,-0.10522060624739726,-0.17902828035564033,-0.04121446091508366,0.002798763862607379,0.0009416195856873921,0.0,0.004037247474747479,0.4145819039964458,0.0010140702243630617,-0.0010528699235689831,0.0034728410080048897,0.3731849798900363,0.003076923076923088,-0.0016000456032374765,0.01141743955540119,0.36629337151359787,0.001320422535211363,-0.016104628292864714,0.018807288341912618,0.8799470040498906,-0.002359413873076033,-0.006319137149483317,0.0012100693126712637,0.2283057269591362,-0.04462330482683541,-0.1184618816538527,0.03592846568068133,0.26048597230685033,-0.12520283674300225,True
Qwen3-4B-Base,Qwen,behavior,36,23,0.6571428571428571,0.9991365671157837,False,d_all,False,0.625,-0.001296888888888903,-0.002341399999999974,-0.0003251333333332886,0.012786859350913787,-0.040613007465507334,-0.08141111490760689,-0.0007343441971999147,0.04976025855584455,-0.0006509803921568302,-0.0014719607843137362,0.00012549019607843714,0.11232285010643331,-0.002163978494623686,-0.004643951612903244,0.00011895161290327244,0.07272151116744366,-0.02478433337781727,-0.08773127822597844,0.03908176561634259,0.45157029668909676,-0.0761357657789472,-0.12468474315606949,-0.028456285751946152,0.0022811186000543473,-0.0007532956685499803,-0.0027877706266452697,0.0,0.32157285808201086,-1.6901170405980714e-05,-0.0018359709332820468,0.0015464931685767347,0.9841902645405206,-0.0017788461538461586,-0.004529473295024597,0.0002525107611355322,0.14614856642897045,0.010563380281690238,-0.0048288378806747075,0.033474141270661145,0.2870087436574784,0.001512998102466856,-0.0007753294328484095,0.00401519370651484,0.21235463558905388,0.05135143240112994,-0.01015127901059859,0.10972010685135418,0.10638827529959916,-0.040613007465507334,True
Qwen3-4B-Base,Qwen,behavior,36,24,0.6857142857142857,0.9978280663490295,False,d_all,False,1.125,-0.0010142222222222497,-0.0021482888888889025,-8.793333333342041e-05,0.05649092339687951,0.07744665426507291,0.0319041038043528,0.12707069841017984,0.0018514779142071525,-0.0005777777777777882,-0.001819934640522794,0.0003085620915032782,0.2948832942392978,-0.0012150537634408876,-0.0030920026881721156,0.0005622311827956774,0.19749236891257616,0.1510246559517361,0.07523395804606063,0.22604796438520572,0.00013584281141282295,0.07359629137262358,0.017838923035647734,0.12931767092221502,0.010514761666095208,-0.001129943502824915,-0.004793896688950433,0.0014231170801136995,0.4765900185710823,-0.0012591371952507258,-0.002945107877914746,0.00016095545412111694,0.11515961149461182,-0.0008653846153846567,-0.00286346763819961,0.0007442562305295829,0.3270064936771918,-0.009242957746478875,-0.02941423048092477,0.006376474097187137,0.3154253939535464,0.0006372759856630994,-0.0013646916508539193,0.0025990818047650103,0.5294988027863159,0.07742836457911251,0.009736892602790792,0.14506170240425478,0.02659242485536741,0.07744665426507291,True
Qwen3-4B-Base,Qwen,behavior,36,25,0.7142857142857143,0.9994529485702515,False,d_all,False,0.875,-0.0006915555555555564,-0.0019645999999999913,0.00043062222222222074,0.26947260347120305,0.008788224636496977,-0.03076554894431476,0.046666341010656136,0.6544986856124968,7.058823529415559e-05,-0.0004758169934639983,0.000572614379084918,0.7885304786991544,-0.0009435483870967598,-0.0038582661290323004,0.0016184811827956917,0.5041341808416384,0.004599732091682185,-0.05107372472002325,0.05608338781622998,0.8714596690542739,-0.0466078600682418,-0.09778652709791749,-0.0008050749085687864,0.051987029332768935,0.0,-0.0008447377462208305,0.000745964084890238,1.0,-0.00046900747876787996,-0.0024165286427681983,0.0012152344828697534,0.6190177996235564,-0.00024038461538467004,-0.0020227181374064874,0.0012792994524564504,0.770197848700097,-0.009683098591549255,-0.029693175747863332,0.005055194805194833,0.2851162710140267,0.0010141366223909154,-0.0013905099620493521,0.003840762966476915,0.4597008404500129,0.05120759215992399,-0.001149401436999608,0.1071759485151403,0.06583742874363607,0.008788224636496977,True
Qwen3-4B-Base,Qwen,behavior,36,26,0.7428571428571429,0.9968723058700562,False,d_all,False,1.0,0.0005724444444444865,-0.0003418666666667486,0.0015907777777777183,0.24409227690234325,0.10846985786317864,0.06885519522924277,0.15136194226945557,1.5825627021990874e-07,0.000836601307189544,0.00016457516339860034,0.0016444444444444484,0.03252258257250134,0.0010994623655914415,-0.0007797043010753346,0.0033793010752687642,0.3067673980621869,0.17684574809150888,0.10942641595979256,0.24978582918662734,2.3491626583340114e-07,0.08688906076247127,0.039158122290185414,0.1374930995416746,0.00076517599013821,-0.001129943502824915,-0.005657401401879781,0.0022155801731129736,0.5889798268418134,0.00016056111885753843,-0.001270572373861481,0.0016492187061956402,0.8294981363640261,0.00019230769230771383,-0.0018163277261069393,0.0024193824105283894,0.8565044935415135,-0.0074823943661971315,-0.026266271873666296,0.008769848226808149,0.3642571793040299,-0.00026286105840189755,-0.002380269871389365,0.0018040093295381115,0.8080214362652127,0.08995668732903761,0.034041693651382765,0.1462227880864305,0.0012597524439519117,0.10846985786317864,True
Qwen3-4B-Base,Qwen,behavior,36,27,0.7714285714285715,0.9934433698654175,False,d_all,False,0.5,-0.00011377777777776821,-0.0008871555555555078,0.0006365555555555484,0.7698646749232574,0.055655144221052666,0.02276700663875216,0.09073703499389987,0.0011207611732470233,0.00012287581699355066,-0.00030084967320264386,0.0005335947712417714,0.5813618732780066,-0.0007392473118279508,-0.002469018817204363,0.0009919354838709982,0.40591836988391794,0.012695285983093108,-0.036669508480370414,0.06310047707180451,0.6100312960076832,-0.015113858684229875,-0.055447569515860884,0.02437985571569265,0.47533871343911493,-0.0007532956685499803,-0.00296008877492106,0.0,0.37328870270717374,-0.000557738623399584,-0.0018330338027853026,0.0006106437906522542,0.3705069235046008,-0.0006570512820512908,-0.0024594985784422985,0.0009246524696834594,0.4386415913212368,-0.003961267605633756,-0.022257848471584206,0.008683321886446908,0.5877763804064797,0.0008621231288215014,-0.0007777590659920203,0.0026073935273033893,0.31704953628047694,0.027809144667322983,-0.018995413526548332,0.07515971458594495,0.2603816893551235,0.055655144221052666,True
Qwen3-4B-Base,Qwen,behavior,36,28,0.8,1.0002371072769165,False,d_all,False,0.75,-0.0015244444444444394,-0.0026606666666666888,-0.0005544222222222564,0.0036804963771246606,-0.04984472648165328,-0.08878891190389994,-0.015416805447113206,0.008342103034504087,-0.0003450980392156744,-0.0009883006535948563,0.00020392156862747424,0.25679205619309076,-0.0021908602150537693,-0.004440994623656003,-0.000186626344086073,0.04087635950785565,-0.08005495853834121,-0.13651539043911237,-0.026684983377365926,0.004734597770112341,-0.053047505072783,-0.0981840605419155,-0.011588680244183828,0.023352448988819434,-0.00018832391713752283,-0.0027341206816927197,0.0023849480968858527,0.8857933681639436,-0.0007098491570540766,-0.0021269640532180583,0.00054071557155379,0.28212482219622004,-0.0019711538461538725,-0.0054182639649507204,0.0003825448952444631,0.20276399205469442,-0.003961267605633756,-0.020456363914480972,0.011008569737084755,0.6244969611990967,0.0018457621758380949,-7.218479865058185e-05,0.003955273561037326,0.07429245614752289,-0.027007453465558218,-0.07975129626509467,0.023404078953378548,0.3022228484951123,-0.04984472648165328,True
Qwen3-4B-Base,Qwen,behavior,36,29,0.8285714285714286,0.9905012845993042,False,d_all,False,0.75,-0.0015502222222222306,-0.0025787555555555064,-0.0005235333333333869,0.002463175594632567,-0.0925214967719663,-0.12656060341368888,-0.05807670556873037,2.4143201637470405e-07,-0.0005830065359476722,-0.0013832679738563004,0.00015424836601307668,0.1396020524188454,-0.00208602150537629,-0.004209744623655925,5.752688172044231e-05,0.049111395125079144,-0.06930872185852044,-0.12783227376363143,-0.015602638476403818,0.016284532808191206,-0.05507368300442028,-0.10254201094806302,-0.00999881145871524,0.01769006376162075,-0.0005649717514124575,-0.004491351767774509,0.002848125296630299,0.7583815691054846,-0.0006380191828283532,-0.0017744295415476675,0.0004794997407220779,0.26369477767205063,-0.001891025641025612,-0.004669863674920813,0.00011816562814687125,0.12055564503950034,-0.008802816901408383,-0.023426281504238568,0.0,0.14276448134864836,0.0015030149694286177,-0.0005901773666455945,0.0036318664347459117,0.14918191892645358,-0.014235038854100157,-0.06942039736522616,0.0404926356842637,0.6214287303736519,-0.0925214967719663,True
Qwen3-4B-Base,Qwen,behavior,36,30,0.8571428571428571,0.9962895512580872,False,d_all,False,1.125,-0.00014044444444438753,-0.0008395555555555656,0.0006044444444444103,0.699108941069257,0.04778154312173122,0.011733560985716086,0.08556553793531779,0.013747541676002216,-0.000420915032679714,-0.0010641176470588959,0.00014647058823531728,0.18438239340085238,0.0003494623655914131,-0.0009820564516129003,0.0017771505376344113,0.6195431216204864,-0.015449273946300579,-0.07352300009364668,0.041704319651240926,0.6106616147217366,0.019787503008577456,-0.020734165242776083,0.062406903667813415,0.36365669846768145,0.00037664783427493465,-0.0006401932180997993,0.0017126229816880386,0.5337627896486739,8.028055942876922e-05,-0.0010215206652713527,0.0011099382394816196,0.8824526496385314,-9.61538461538014e-05,-0.0017883878161455617,0.001308891683601515,0.9002202449764546,-0.013644366197183011,-0.03477945972909714,0.0003975512249510686,0.1337916746317671,-0.0007703773982711271,-0.0021768005481762193,0.000572931688804512,0.2690547546396874,-0.035236776954878035,-0.08665068782333077,0.017609961978813062,0.19113371482006514,0.04778154312173122,True
Qwen3-4B-Base,Qwen,behavior,36,31,0.8857142857142857,0.99582839012146,False,d_all,False,0.75,-0.0008160000000000389,-0.0016618888888888488,-5.744444444448801e-05,0.053552029146225893,-0.0883685976966544,-0.12111467128117173,-0.057203761398760655,1.3551207021686316e-07,0.0002692810457516348,-0.00024594771241825405,0.0008629411764706661,0.3448272795224939,-0.002112903225806484,-0.004087096774193608,-0.00048622311827952765,0.024004833323761642,-0.035566931598153495,-0.09217097622984924,0.014967179528027431,0.18960089510243383,-0.07928327047967842,-0.12229669607892614,-0.0405856051135624,0.00017338534153625283,0.0005649717514124575,0.0,0.002260717158678493,0.38253443720855995,-0.0007901297164828458,-0.0020890010185232316,0.000311736748100444,0.20748261083435926,-0.00043269230769227285,-0.0019840980272667953,0.0009995725638441753,0.5683015260518451,-0.0017605633802816323,-0.01690819108582266,0.013664639663615086,0.8154175741905916,0.0023821842715581187,0.000700126765760048,0.004418879137676481,0.010456584644560646,0.04371633888152493,-0.005508990620665621,0.0961163280302681,0.08573271465810946,-0.0883685976966544,True
Qwen3-4B-Base,Qwen,behavior,36,32,0.9142857142857143,0.9948669672012329,False,d_all,False,0.75,-0.0010613333333333586,-0.0021731333333333104,-8.231111111111943e-05,0.04886850921235276,-0.1296750759701979,-0.17088236530258602,-0.09023603076145718,2.183174631592056e-10,-0.0004444444444443585,-0.0010928758169934272,0.0001673202614379532,0.16656877832948414,-0.000908602150537563,-0.003105712365591351,0.0012071908602150016,0.404754655786179,0.056414742291558184,-0.011914037557184209,0.13141557708194415,0.1317188716408399,0.051129223021928905,-0.004087897969799537,0.10942637361644177,0.07275965076069667,-0.00018832391713752283,-0.001666945373467149,0.0008503401360543394,0.7614840647781838,-0.0007394262052646816,-0.002543213537318878,0.0009849288277547106,0.4075973691490008,-0.001378205128205079,-0.004117274569402143,0.0003587632663719222,0.22635414905069018,-0.005721830985915499,-0.02211805555555559,0.009136373102554607,0.45302815654318784,0.0004641577060932045,-0.0015476183322792685,0.0025047206409445325,0.6614449708106412,0.00528551926962928,-0.060781318976830465,0.0739511110681479,0.8804665053995012,-0.1296750759701979,True
Qwen3-4B-Base,Qwen,behavior,36,33,0.9428571428571428,0.9921225905418396,False,d_all,False,0.5,-0.0011795555555554893,-0.0023339111111111864,-0.00026180000000005125,0.025385273708802652,0.009625944061075309,-0.022797425654686652,0.04068516517628076,0.5597386781375457,-5.228758169883996e-06,-0.0005438562091502786,0.0005439869281046365,0.9843387889990618,-0.002642473118279587,-0.005400806451612919,-0.00019314516129038988,0.044921012531253704,-0.010294802208425935,-0.06038576725638778,0.03783611995136394,0.6876126125845832,-0.04582522967068581,-0.08645092219891787,-0.0039076054350234875,0.031845416802700956,0.0,-0.0008447377462208305,0.000745964084890238,1.0,-0.0010689990281826933,-0.00265049611286676,0.0004721911835503715,0.17829850974991956,-0.0015064102564102955,-0.005544060003399895,0.0009778570198302632,0.3708175348761493,-0.004401408450704136,-0.019611474219317394,0.009525462962962928,0.535846106730542,0.002637244360109703,0.00023434877714514357,0.0054077962260171706,0.04311069111276798,0.03553042746225987,-0.007878838738837424,0.08441839379652848,0.13555417543306694,0.009625944061075309,True
Qwen3-4B-Base,Qwen,behavior,36,34,0.9714285714285714,0.9753749370574951,False,d_all,False,1.375,8.444444444444255e-05,-0.001667666666666645,0.002044111111111021,0.9281084521592915,-0.08169261523687421,-0.14552808198702422,-0.010629646384841002,0.015011200818600983,0.0005934640522876622,-0.0004471895424837141,0.0016549019607843274,0.26899218464449215,-0.0004758064516129368,-0.00438750000000003,0.003871572580645085,0.8232845144771812,0.2388299783929515,0.13008138849867049,0.3567391568658964,4.2928162408016675e-05,0.11459706309081641,0.027129178779385203,0.22285317387983608,0.02000040144590005,0.0,-0.00334617644400253,0.0036190396413525302,1.0,-0.0013563189250854757,-0.004015889275516349,0.001587210570372876,0.339913386548815,-0.004983974358974352,-0.009650647244963784,-0.0012192698443463826,0.02499224160001725,0.00044014084507049134,-0.019145694189708247,0.017756229138043433,0.9601937876469012,0.001069270503900599,-0.0031842301813198386,0.004665210046384246,0.5997504129737534,0.1242329153021351,0.0175005731657232,0.22669242860059777,0.02311593392442613,-0.08169261523687421,True
Qwen3-4B-Base,Qwen,behavior,36,35,1.0,0.9901047348976135,False,d_all,False,2.75,-0.002521777777777734,-0.004648555555555492,-0.0005784000000000597,0.015132109776844678,-0.29834426492968236,-0.36203227214918215,-0.23875269815050332,2.1048986856501234e-20,-0.002193464052287486,-0.003937385620915085,-0.0006874509803922125,0.008484298054922915,-0.0034435483870967065,-0.008682862903225794,0.0009422715053763757,0.16306634679041343,-0.44576165148424973,-0.5405545891369056,-0.3558589242156905,1.032988830295798e-20,-0.25558637353777236,-0.3516172654708687,-0.1730375990475226,2.479236504666668e-08,-0.00037664783427493465,-0.0038632768940169426,0.0026407011562083024,0.8135966305517797,-0.003139392402923824,-0.006662326882105982,-3.266952682534965e-05,0.0636643462000064,-0.0026762820512820085,-0.006991650959449189,0.000989977557544005,0.16583654487300115,-0.010563380281690127,-0.04085278737703971,0.013194723741598732,0.44205977528169704,0.0012500843348092205,-0.0032056947079907054,0.00654568311195445,0.6138980169115996,-0.19017527794647737,-0.270618427576747,-0.10765455261212575,6.2317198289840205e-06,-0.29834426492968236,True
