model,family_model,contrast,policy,null_family,k,band,statistic,observed,is_primary_k,exhaustive,null_space_size,n_null,p_upper,p_lower,p_two_sided,mid_p_upper,null_mean,null_sd,z_vs_null
SmolLM2-360M,SmolLM,H3b_cka_high_vs_depth_matched,cka_high@k4,rdm_cka_high,4,all,delta_primary,-0.2988711454438927,True,True,1,1,1.0,1.0,1.0,0.5,-0.2988711454438927,,
SmolLM2-360M,SmolLM,H3b_cka_high_vs_depth_matched,cka_high@k4,rdm_cka_high,4,all,delta_auc_all,-0.003718897777777772,True,True,1,1,1.0,1.0,1.0,0.5,-0.003718897777777772,,
SmolLM2-360M,SmolLM,H3b_cka_high_vs_depth_matched,cka_high@k4,rdm_cka_high,4,all,delta_d_all,-0.2988711454438927,True,True,1,1,1.0,1.0,1.0,0.5,-0.2988711454438927,,
SmolLM2-360M,SmolLM,H3b_cka_high_vs_depth_matched,cka_high@k4,rdm_cka_high,4,early,delta_primary,0.0,True,True,1,1,1.0,1.0,1.0,0.5,0.0,,
SmolLM2-360M,SmolLM,H3b_cka_high_vs_depth_matched,cka_high@k4,rdm_cka_high,4,early,delta_auc_all,0.0,True,True,1,1,1.0,1.0,1.0,0.5,0.0,,
SmolLM2-360M,SmolLM,H3b_cka_high_vs_depth_matched,cka_high@k4,rdm_cka_high,4,early,delta_d_all,0.0,True,True,1,1,1.0,1.0,1.0,0.5,0.0,,
SmolLM2-360M,SmolLM,H3b_cka_high_vs_depth_matched,cka_high@k4,rdm_cka_high,4,late,delta_primary,-0.4927336117766641,True,True,1,1,1.0,1.0,1.0,0.5,-0.4927336117766641,,
SmolLM2-360M,SmolLM,H3b_cka_high_vs_depth_matched,cka_high@k4,rdm_cka_high,4,late,delta_auc_all,-0.006880222222222218,True,True,1,1,1.0,1.0,1.0,0.5,-0.006880222222222218,,
SmolLM2-360M,SmolLM,H3b_cka_high_vs_depth_matched,cka_high@k4,rdm_cka_high,4,late,delta_d_all,-0.4927336117766641,True,True,1,1,1.0,1.0,1.0,0.5,-0.4927336117766641,,
SmolLM2-360M,SmolLM,H3b_cka_high_vs_depth_matched,cka_high@k4,rdm_cka_high,4,middle,delta_primary,-0.44123871773550055,True,True,1,1,1.0,1.0,1.0,0.5,-0.44123871773550055,,
SmolLM2-360M,SmolLM,H3b_cka_high_vs_depth_matched,cka_high@k4,rdm_cka_high,4,middle,delta_auc_all,-0.00474133333333332,True,True,1,1,1.0,1.0,1.0,0.5,-0.00474133333333332,,
SmolLM2-360M,SmolLM,H3b_cka_high_vs_depth_matched,cka_high@k4,rdm_cka_high,4,middle,delta_d_all,-0.44123871773550055,True,True,1,1,1.0,1.0,1.0,0.5,-0.44123871773550055,,
SmolLM2-360M,SmolLM,H3b_cka_low_vs_depth_matched,cka_low@k4,rdm_cka_low,4,all,delta_primary,-1.164823032072183,True,True,36,36,0.9722222222222222,0.05555555555555555,0.1111111111111111,0.9583333333333334,-0.7461532754709043,0.26685841133560895,-1.5688834933321532
SmolLM2-360M,SmolLM,H3b_cka_low_vs_depth_matched,cka_low@k4,rdm_cka_low,4,all,delta_auc_all,-0.03711011555555554,True,True,36,36,0.9722222222222222,0.05555555555555555,0.1111111111111111,0.9583333333333334,-0.01881561481481481,0.00998137958667637,-1.832862940626075
SmolLM2-360M,SmolLM,H3b_cka_low_vs_depth_matched,cka_low@k4,rdm_cka_low,4,all,delta_d_all,-1.164823032072183,True,True,36,36,0.9722222222222222,0.05555555555555555,0.1111111111111111,0.9583333333333334,-0.7461532754709043,0.26685841133560895,-1.5688834933321532
SmolLM2-360M,SmolLM,H3b_cka_low_vs_depth_matched,cka_low@k4,rdm_cka_low,4,early,delta_primary,-0.7109917372358151,True,True,36,36,1.0,0.16666666666666666,0.3333333333333333,0.9166666666666666,-0.4319709823790155,0.18256648281922166,-1.5283240962312206
SmolLM2-360M,SmolLM,H3b_cka_low_vs_depth_matched,cka_low@k4,rdm_cka_low,4,early,delta_auc_all,-0.016994370370370365,True,True,36,36,1.0,0.16666666666666666,0.3333333333333333,0.9166666666666666,-0.008650139917695482,0.005025928466099966,-1.6602366127884551
SmolLM2-360M,SmolLM,H3b_cka_low_vs_depth_matched,cka_low@k4,rdm_cka_low,4,early,delta_d_all,-0.7109917372358151,True,True,36,36,1.0,0.16666666666666666,0.3333333333333333,0.9166666666666666,-0.4319709823790155,0.18256648281922166,-1.5283240962312206
SmolLM2-360M,SmolLM,H3b_cka_low_vs_depth_matched,cka_low@k4,rdm_cka_low,4,late,delta_primary,-1.585376611677871,True,True,36,36,0.9722222222222222,0.05555555555555555,0.1111111111111111,0.9583333333333334,-1.0608169165362338,0.3907660662018169,-1.3423880436709172
SmolLM2-360M,SmolLM,H3b_cka_low_vs_depth_matched,cka_low@k4,rdm_cka_low,4,late,delta_auc_all,-0.07027933333333332,True,True,36,36,0.9166666666666666,0.1111111111111111,0.2222222222222222,0.9027777777777778,-0.03610437037037037,0.02174033706612787,-1.571961044532682
SmolLM2-360M,SmolLM,H3b_cka_low_vs_depth_matched,cka_low@k4,rdm_cka_low,4,late,delta_d_all,-1.585376611677871,True,True,36,36,0.9722222222222222,0.05555555555555555,0.1111111111111111,0.9583333333333334,-1.0608169165362338,0.3907660662018169,-1.3423880436709172
SmolLM2-360M,SmolLM,H3b_cka_low_vs_depth_matched,cka_low@k4,rdm_cka_low,4,middle,delta_primary,-1.254829659157409,True,True,36,36,1.0,0.16666666666666666,0.3333333333333333,0.9166666666666666,-0.7849447141339501,0.30663837813229605,-1.532374870639095
SmolLM2-360M,SmolLM,H3b_cka_low_vs_depth_matched,cka_low@k4,rdm_cka_low,4,middle,delta_auc_all,-0.026571111111111087,True,True,36,36,1.0,0.16666666666666666,0.3333333333333333,0.9166666666666666,-0.012963018518518506,0.007470988286881195,-1.8214581618991341
SmolLM2-360M,SmolLM,H3b_cka_low_vs_depth_matched,cka_low@k4,rdm_cka_low,4,middle,delta_d_all,-1.254829659157409,True,True,36,36,1.0,0.16666666666666666,0.3333333333333333,0.9166666666666666,-0.7849447141339501,0.30663837813229605,-1.532374870639095
SmolLM2-360M,SmolLM,H3b_kvdist_low_vs_depth_matched,kvdist_low@k4,rdm_kvdist_low,4,all,delta_primary,-1.361995131730668,True,True,16,16,0.8125,0.25,0.5,0.78125,-1.0586676384096383,0.23343230764443973,-1.2994237874864056
SmolLM2-360M,SmolLM,H3b_kvdist_low_vs_depth_matched,kvdist_low@k4,rdm_kvdist_low,4,all,delta_auc_all,-0.047708231111111096,True,True,16,16,0.8125,0.25,0.5,0.78125,-0.03136803111111111,0.013919608799595612,-1.1738979331426826
SmolLM2-360M,SmolLM,H3b_kvdist_low_vs_depth_matched,kvdist_low@k4,rdm_kvdist_low,4,all,delta_d_all,-1.361995131730668,True,True,16,16,0.8125,0.25,0.5,0.78125,-1.0586676384096383,0.23343230764443973,-1.2994237874864056
SmolLM2-360M,SmolLM,H3b_kvdist_low_vs_depth_matched,kvdist_low@k4,rdm_kvdist_low,4,early,delta_primary,-0.9106516383887838,True,True,16,16,1.0,0.25,0.5,0.875,-0.6701046199623248,0.17472284906960944,-1.3767347528234573
SmolLM2-360M,SmolLM,H3b_kvdist_low_vs_depth_matched,kvdist_low@k4,rdm_kvdist_low,4,early,delta_auc_all,-0.027965629629629625,True,True,16,16,1.0,0.25,0.5,0.875,-0.016637209876543213,0.007550350528211044,-1.5003832882670853
SmolLM2-360M,SmolLM,H3b_kvdist_low_vs_depth_matched,kvdist_low@k4,rdm_kvdist_low,4,early,delta_d_all,-0.9106516383887838,True,True,16,16,1.0,0.25,0.5,0.875,-0.6701046199623248,0.17472284906960944,-1.3767347528234573
SmolLM2-360M,SmolLM,H3b_kvdist_low_vs_depth_matched,kvdist_low@k4,rdm_kvdist_low,4,late,delta_primary,-1.6017567829793906,True,True,16,16,0.75,0.3125,0.625,0.71875,-1.3385452415148187,0.3388403243301445,-0.776801114167614
SmolLM2-360M,SmolLM,H3b_kvdist_low_vs_depth_matched,kvdist_low@k4,rdm_kvdist_low,4,late,delta_auc_all,-0.06928466666666667,True,True,16,16,0.6875,0.375,0.75,0.65625,-0.05215979166666667,0.02528028847148387,-0.6774003002108476
SmolLM2-360M,SmolLM,H3b_kvdist_low_vs_depth_matched,kvdist_low@k4,rdm_kvdist_low,4,late,delta_d_all,-1.6017567829793906,True,True,16,16,0.75,0.3125,0.625,0.71875,-1.3385452415148187,0.3388403243301445,-0.776801114167614
SmolLM2-360M,SmolLM,H3b_kvdist_low_vs_depth_matched,kvdist_low@k4,rdm_kvdist_low,4,middle,delta_primary,-1.6299949104915648,True,True,16,16,1.0,0.25,0.5,0.875,-1.2159234310576856,0.2642218589774781,-1.5671355921735985
SmolLM2-360M,SmolLM,H3b_kvdist_low_vs_depth_matched,kvdist_low@k4,rdm_kvdist_low,4,middle,delta_auc_all,-0.04834222222222219,True,True,16,16,1.0,0.25,0.5,0.875,-0.027148444444444433,0.013196867431263887,-1.6059703477485028
SmolLM2-360M,SmolLM,H3b_kvdist_low_vs_depth_matched,kvdist_low@k4,rdm_kvdist_low,4,middle,delta_d_all,-1.6299949104915648,True,True,16,16,1.0,0.25,0.5,0.875,-1.2159234310576856,0.2642218589774781,-1.5671355921735985
SmolLM2-360M,SmolLM,H3b_kvdist_high_vs_depth_matched,kvdist_high@k4,rdm_kvdist_high,4,all,delta_primary,-0.2864617228145077,True,False,96,50,0.21568627450980393,0.803921568627451,0.43137254901960786,0.20588235294117646,-0.5418716515745958,0.19482443098724583,1.3109748477941583
SmolLM2-360M,SmolLM,H3b_kvdist_high_vs_depth_matched,kvdist_high@k4,rdm_kvdist_high,4,all,delta_auc_all,-0.004211839999999989,True,False,96,50,0.17647058823529413,0.8431372549019608,0.35294117647058826,0.16666666666666666,-0.010414951822222218,0.005799769084158316,1.0695446201755887
SmolLM2-360M,SmolLM,H3b_kvdist_high_vs_depth_matched,kvdist_high@k4,rdm_kvdist_high,4,all,delta_d_all,-0.2864617228145077,True,False,96,50,0.21568627450980393,0.803921568627451,0.43137254901960786,0.20588235294117646,-0.5418716515745958,0.19482443098724583,1.3109748477941583
SmolLM2-360M,SmolLM,H3b_kvdist_high_vs_depth_matched,kvdist_high@k4,rdm_kvdist_high,4,early,delta_primary,-0.027648347317070283,True,False,96,50,0.2549019607843137,1.0,0.5098039215686274,0.12745098039215685,-0.23597052804725863,0.1463150619546799,1.4237917678954664
SmolLM2-360M,SmolLM,H3b_kvdist_high_vs_depth_matched,kvdist_high@k4,rdm_kvdist_high,4,early,delta_auc_all,-0.00032375308641974243,True,False,96,50,0.2549019607843137,1.0,0.5098039215686274,0.12745098039215685,-0.004123124938271604,0.003033415071950754,1.2525064199039961
SmolLM2-360M,SmolLM,H3b_kvdist_high_vs_depth_matched,kvdist_high@k4,rdm_kvdist_high,4,early,delta_d_all,-0.027648347317070283,True,False,96,50,0.2549019607843137,1.0,0.5098039215686274,0.12745098039215685,-0.23597052804725863,0.1463150619546799,1.4237917678954664
SmolLM2-360M,SmolLM,H3b_kvdist_high_vs_depth_matched,kvdist_high@k4,rdm_kvdist_high,4,late,delta_primary,-0.5074017612256345,True,False,96,50,0.19607843137254902,0.8235294117647058,0.39215686274509803,0.18627450980392157,-0.7922922133531951,0.2855616053135356,0.9976497078966968
SmolLM2-360M,SmolLM,H3b_kvdist_high_vs_depth_matched,kvdist_high@k4,rdm_kvdist_high,4,late,delta_auc_all,-0.009396888888888885,True,False,96,50,0.21568627450980393,0.803921568627451,0.43137254901960786,0.20588235294117646,-0.018752017777777782,0.012143029282800187,0.770411457554486
SmolLM2-360M,SmolLM,H3b_kvdist_high_vs_depth_matched,kvdist_high@k4,rdm_kvdist_high,4,late,delta_d_all,-0.5074017612256345,True,False,96,50,0.19607843137254902,0.8235294117647058,0.39215686274509803,0.18627450980392157,-0.7922922133531951,0.2855616053135356,0.9976497078966968
SmolLM2-360M,SmolLM,H3b_kvdist_high_vs_depth_matched,kvdist_high@k4,rdm_kvdist_high,4,middle,delta_primary,-0.35668673183799815,True,False,96,50,0.2549019607843137,0.803921568627451,0.5098039215686274,0.22549019607843138,-0.6355898537642508,0.22686159436500813,1.2293976982173214
SmolLM2-360M,SmolLM,H3b_kvdist_high_vs_depth_matched,kvdist_high@k4,rdm_kvdist_high,4,middle,delta_auc_all,-0.00340088888888887,True,False,96,50,0.17647058823529413,0.8823529411764706,0.35294117647058826,0.14705882352941177,-0.009156191111111099,0.004990512885484461,1.1532486448361359
SmolLM2-360M,SmolLM,H3b_kvdist_high_vs_depth_matched,kvdist_high@k4,rdm_kvdist_high,4,middle,delta_d_all,-0.35668673183799815,True,False,96,50,0.2549019607843137,0.803921568627451,0.5098039215686274,0.22549019607843138,-0.6355898537642508,0.22686159436500813,1.2293976982173214
SmolLM2-360M,SmolLM,H3b_fidelity_high_vs_depth_matched,fidelity_high@k4,rdm_fidelity_high,4,all,delta_primary,-0.3189498446058777,True,False,96,50,0.23529411764705882,0.7843137254901961,0.47058823529411764,0.22549019607843138,-0.5386647341245089,0.1876584725077874,1.1708231799100544
SmolLM2-360M,SmolLM,H3b_fidelity_high_vs_depth_matched,fidelity_high@k4,rdm_fidelity_high,4,all,delta_auc_all,-0.005255466666666661,True,False,96,50,0.2549019607843137,0.7647058823529411,0.5098039215686274,0.24509803921568626,-0.01032155022222222,0.005363498210706023,0.9445483817712854
SmolLM2-360M,SmolLM,H3b_fidelity_high_vs_depth_matched,fidelity_high@k4,rdm_fidelity_high,4,all,delta_d_all,-0.3189498446058777,True,False,96,50,0.23529411764705882,0.7843137254901961,0.47058823529411764,0.22549019607843138,-0.5386647341245089,0.1876584725077874,1.1708231799100544
SmolLM2-360M,SmolLM,H3b_fidelity_high_vs_depth_matched,fidelity_high@k4,rdm_fidelity_high,4,early,delta_primary,-0.027648347317070283,True,False,96,50,0.2549019607843137,1.0,0.5098039215686274,0.12745098039215685,-0.24090696727987285,0.147458478150225,1.4462282714293506
SmolLM2-360M,SmolLM,H3b_fidelity_high_vs_depth_matched,fidelity_high@k4,rdm_fidelity_high,4,early,delta_auc_all,-0.00032375308641974243,True,False,96,50,0.2549019607843137,1.0,0.5098039215686274,0.12745098039215685,-0.004243263209876541,0.003056553588302036,1.2823299216664965
SmolLM2-360M,SmolLM,H3b_fidelity_high_vs_depth_matched,fidelity_high@k4,rdm_fidelity_high,4,early,delta_d_all,-0.027648347317070283,True,False,96,50,0.2549019607843137,1.0,0.5098039215686274,0.12745098039215685,-0.24090696727987285,0.147458478150225,1.4462282714293506
SmolLM2-360M,SmolLM,H3b_fidelity_high_vs_depth_matched,fidelity_high@k4,rdm_fidelity_high,4,late,delta_primary,-0.6089271418236657,True,False,96,50,0.27450980392156865,0.7450980392156863,0.5490196078431373,0.2647058823529412,-0.8037663112390642,0.27470026474393167,0.7092791468440062
SmolLM2-360M,SmolLM,H3b_fidelity_high_vs_depth_matched,fidelity_high@k4,rdm_fidelity_high,4,late,delta_auc_all,-0.012658222222222237,True,False,96,50,0.3333333333333333,0.6862745098039216,0.6666666666666666,0.3235294117647059,-0.018900533333333337,0.011183817073773701,0.5581556878062194
SmolLM2-360M,SmolLM,H3b_fidelity_high_vs_depth_matched,fidelity_high@k4,rdm_fidelity_high,4,late,delta_d_all,-0.6089271418236657,True,False,96,50,0.27450980392156865,0.7450980392156863,0.5490196078431373,0.2647058823529412,-0.8037663112390642,0.27470026474393167,0.7092791468440062
SmolLM2-360M,SmolLM,H3b_fidelity_high_vs_depth_matched,fidelity_high@k4,rdm_fidelity_high,4,middle,delta_primary,-0.35668673183799815,True,False,96,50,0.29411764705882354,0.7450980392156863,0.5882352941176471,0.27450980392156865,-0.6085406447101688,0.2232434440830797,1.1281581589399041
SmolLM2-360M,SmolLM,H3b_fidelity_high_vs_depth_matched,fidelity_high@k4,rdm_fidelity_high,4,middle,delta_auc_all,-0.00340088888888887,True,False,96,50,0.17647058823529413,0.8627450980392157,0.35294117647058826,0.1568627450980392,-0.008580639999999988,0.0045823578912022695,1.1303680843121817
SmolLM2-360M,SmolLM,H3b_fidelity_high_vs_depth_matched,fidelity_high@k4,rdm_fidelity_high,4,middle,delta_d_all,-0.35668673183799815,True,False,96,50,0.29411764705882354,0.7450980392156863,0.5882352941176471,0.27450980392156865,-0.6085406447101688,0.2232434440830797,1.1281581589399041
SmolLM2-360M,SmolLM,H3d_cka_high_vs_uniform,cka_high@k2,random_same_ratio,2,all,delta_primary,-0.1635303988711172,False,False,66,50,0.4117647058823529,0.6274509803921569,0.8235294117647058,0.39215686274509803,-0.2650891715242365,0.19068180335451804,0.5326086226712464
SmolLM2-360M,SmolLM,H3d_cka_high_vs_uniform,cka_high@k2,random_same_ratio,2,all,delta_auc_all,-0.0015219911111111096,False,False,66,50,0.17647058823529413,0.8627450980392157,0.35294117647058826,0.1568627450980392,-0.004120927288888887,0.003752480980126206,0.6925914325861201
SmolLM2-360M,SmolLM,H3d_cka_high_vs_uniform,cka_high@k2,random_same_ratio,2,all,delta_d_all,-0.1635303988711172,False,False,66,50,0.4117647058823529,0.6274509803921569,0.8235294117647058,0.39215686274509803,-0.2650891715242365,0.19068180335451804,0.5326086226712464
SmolLM2-360M,SmolLM,H3d_cka_high_vs_uniform,cka_high@k2,random_same_ratio,2,early,delta_primary,0.0,False,False,66,50,0.43137254901960786,1.0,0.8627450980392157,0.21568627450980393,-0.12057866192491554,0.1615180161484513,0.74653382204801
SmolLM2-360M,SmolLM,H3d_cka_high_vs_uniform,cka_high@k2,random_same_ratio,2,early,delta_auc_all,0.0,False,False,66,50,0.43137254901960786,1.0,0.8627450980392157,0.21568627450980393,-0.002138994567901233,0.003112728295323996,0.6871767674404715
SmolLM2-360M,SmolLM,H3d_cka_high_vs_uniform,cka_high@k2,random_same_ratio,2,early,delta_d_all,0.0,False,False,66,50,0.43137254901960786,1.0,0.8627450980392157,0.21568627450980393,-0.12057866192491554,0.1615180161484513,0.74653382204801
SmolLM2-360M,SmolLM,H3d_cka_high_vs_uniform,cka_high@k2,random_same_ratio,2,late,delta_primary,-0.25158544122330595,False,False,66,50,0.27450980392156865,0.7647058823529411,0.5490196078431373,0.2549019607843137,-0.40343296278540364,0.22417957603149422,0.6773477060228054
SmolLM2-360M,SmolLM,H3d_cka_high_vs_uniform,cka_high@k2,random_same_ratio,2,late,delta_auc_all,-0.002370444444444453,False,False,66,50,0.13725490196078433,0.9019607843137255,0.27450980392156865,0.11764705882352941,-0.006918853333333336,0.005580073585100585,0.815116291841319
SmolLM2-360M,SmolLM,H3d_cka_high_vs_uniform,cka_high@k2,random_same_ratio,2,late,delta_d_all,-0.25158544122330595,False,False,66,50,0.27450980392156865,0.7647058823529411,0.5490196078431373,0.2549019607843137,-0.40343296278540364,0.22417957603149422,0.6773477060228054
SmolLM2-360M,SmolLM,H3d_cka_high_vs_uniform,cka_high@k2,random_same_ratio,2,middle,delta_primary,-0.2594470552489353,False,False,66,50,0.5882352941176471,0.45098039215686275,0.9019607843137255,0.5686274509803921,-0.2893197035623055,0.23954349065268005,0.12470657512745066
SmolLM2-360M,SmolLM,H3d_cka_high_vs_uniform,cka_high@k2,random_same_ratio,2,middle,delta_auc_all,-0.0023857777777777645,False,False,66,50,0.6274509803921569,0.4117647058823529,0.8235294117647058,0.6078431372549019,-0.0035526755555555472,0.003744770289814444,0.3116073049798746
SmolLM2-360M,SmolLM,H3d_cka_high_vs_uniform,cka_high@k2,random_same_ratio,2,middle,delta_d_all,-0.2594470552489353,False,False,66,50,0.5882352941176471,0.45098039215686275,0.9019607843137255,0.5686274509803921,-0.2893197035623055,0.23954349065268005,0.12470657512745066
SmolLM2-360M,SmolLM,H3d_cka_low_vs_uniform,cka_low@k2,random_same_ratio,2,all,delta_primary,-1.0533316509908874,False,False,66,50,1.0,0.0196078431372549,0.0392156862745098,0.9901960784313726,-0.2650891715242365,0.19068180335451804,-4.133810702435725
SmolLM2-360M,SmolLM,H3d_cka_low_vs_uniform,cka_low@k2,random_same_ratio,2,all,delta_auc_all,-0.026862222222222214,False,False,66,50,1.0,0.0196078431372549,0.0392156862745098,0.9901960784313726,-0.004120927288888887,0.003752480980126206,-6.060335829488595
SmolLM2-360M,SmolLM,H3d_cka_low_vs_uniform,cka_low@k2,random_same_ratio,2,all,delta_d_all,-1.0533316509908874,False,False,66,50,1.0,0.0196078431372549,0.0392156862745098,0.9901960784313726,-0.2650891715242365,0.19068180335451804,-4.133810702435725
SmolLM2-360M,SmolLM,H3d_cka_low_vs_uniform,cka_low@k2,random_same_ratio,2,early,delta_primary,-0.7109917372358151,False,False,66,50,1.0,0.0196078431372549,0.0392156862745098,0.9901960784313726,-0.12057866192491554,0.1615180161484513,-3.655400737266675
SmolLM2-360M,SmolLM,H3d_cka_low_vs_uniform,cka_low@k2,random_same_ratio,2,early,delta_auc_all,-0.016994370370370365,False,False,66,50,1.0,0.0196078431372549,0.0392156862745098,0.9901960784313726,-0.002138994567901233,0.003112728295323996,-4.772461452798556
SmolLM2-360M,SmolLM,H3d_cka_low_vs_uniform,cka_low@k2,random_same_ratio,2,early,delta_d_all,-0.7109917372358151,False,False,66,50,1.0,0.0196078431372549,0.0392156862745098,0.9901960784313726,-0.12057866192491554,0.1615180161484513,-3.655400737266675
SmolLM2-360M,SmolLM,H3d_cka_low_vs_uniform,cka_low@k2,random_same_ratio,2,late,delta_primary,-1.2369660457988223,False,False,66,50,1.0,0.0196078431372549,0.0392156862745098,0.9901960784313726,-0.40343296278540364,0.22417957603149422,-3.7181490739206255
SmolLM2-360M,SmolLM,H3d_cka_low_vs_uniform,cka_low@k2,random_same_ratio,2,late,delta_auc_all,-0.03825466666666667,False,False,66,50,1.0,0.0196078431372549,0.0392156862745098,0.9901960784313726,-0.006918853333333336,0.005580073585100585,-5.615663101110966
SmolLM2-360M,SmolLM,H3d_cka_low_vs_uniform,cka_low@k2,random_same_ratio,2,late,delta_d_all,-1.2369660457988223,False,False,66,50,1.0,0.0196078431372549,0.0392156862745098,0.9901960784313726,-0.40343296278540364,0.22417957603149422,-3.7181490739206255
SmolLM2-360M,SmolLM,H3d_cka_low_vs_uniform,cka_low@k2,random_same_ratio,2,middle,delta_primary,-1.254829659157409,False,False,66,50,1.0,0.0196078431372549,0.0392156862745098,0.9901960784313726,-0.2893197035623055,0.23954349065268005,-4.030624889720005
SmolLM2-360M,SmolLM,H3d_cka_low_vs_uniform,cka_low@k2,random_same_ratio,2,middle,delta_auc_all,-0.026571111111111087,False,False,66,50,1.0,0.0196078431372549,0.0392156862745098,0.9901960784313726,-0.0035526755555555472,0.003744770289814444,-6.146821773865366
SmolLM2-360M,SmolLM,H3d_cka_low_vs_uniform,cka_low@k2,random_same_ratio,2,middle,delta_d_all,-1.254829659157409,False,False,66,50,1.0,0.0196078431372549,0.0392156862745098,0.9901960784313726,-0.2893197035623055,0.23954349065268005,-4.030624889720005
SmolLM2-360M,SmolLM,H3d_kvdist_low_vs_uniform,kvdist_low@k2,random_same_ratio,2,all,delta_primary,-1.0533316509908874,False,False,66,50,1.0,0.0196078431372549,0.0392156862745098,0.9901960784313726,-0.2650891715242365,0.19068180335451804,-4.133810702435725
SmolLM2-360M,SmolLM,H3d_kvdist_low_vs_uniform,kvdist_low@k2,random_same_ratio,2,all,delta_auc_all,-0.026862222222222214,False,False,66,50,1.0,0.0196078431372549,0.0392156862745098,0.9901960784313726,-0.004120927288888887,0.003752480980126206,-6.060335829488595
SmolLM2-360M,SmolLM,H3d_kvdist_low_vs_uniform,kvdist_low@k2,random_same_ratio,2,all,delta_d_all,-1.0533316509908874,False,False,66,50,1.0,0.0196078431372549,0.0392156862745098,0.9901960784313726,-0.2650891715242365,0.19068180335451804,-4.133810702435725
SmolLM2-360M,SmolLM,H3d_kvdist_low_vs_uniform,kvdist_low@k2,random_same_ratio,2,early,delta_primary,-0.7109917372358151,False,False,66,50,1.0,0.0196078431372549,0.0392156862745098,0.9901960784313726,-0.12057866192491554,0.1615180161484513,-3.655400737266675
SmolLM2-360M,SmolLM,H3d_kvdist_low_vs_uniform,kvdist_low@k2,random_same_ratio,2,early,delta_auc_all,-0.016994370370370365,False,False,66,50,1.0,0.0196078431372549,0.0392156862745098,0.9901960784313726,-0.002138994567901233,0.003112728295323996,-4.772461452798556
SmolLM2-360M,SmolLM,H3d_kvdist_low_vs_uniform,kvdist_low@k2,random_same_ratio,2,early,delta_d_all,-0.7109917372358151,False,False,66,50,1.0,0.0196078431372549,0.0392156862745098,0.9901960784313726,-0.12057866192491554,0.1615180161484513,-3.655400737266675
SmolLM2-360M,SmolLM,H3d_kvdist_low_vs_uniform,kvdist_low@k2,random_same_ratio,2,late,delta_primary,-1.2369660457988223,False,False,66,50,1.0,0.0196078431372549,0.0392156862745098,0.9901960784313726,-0.40343296278540364,0.22417957603149422,-3.7181490739206255
SmolLM2-360M,SmolLM,H3d_kvdist_low_vs_uniform,kvdist_low@k2,random_same_ratio,2,late,delta_auc_all,-0.03825466666666667,False,False,66,50,1.0,0.0196078431372549,0.0392156862745098,0.9901960784313726,-0.006918853333333336,0.005580073585100585,-5.615663101110966
SmolLM2-360M,SmolLM,H3d_kvdist_low_vs_uniform,kvdist_low@k2,random_same_ratio,2,late,delta_d_all,-1.2369660457988223,False,False,66,50,1.0,0.0196078431372549,0.0392156862745098,0.9901960784313726,-0.40343296278540364,0.22417957603149422,-3.7181490739206255
SmolLM2-360M,SmolLM,H3d_kvdist_low_vs_uniform,kvdist_low@k2,random_same_ratio,2,middle,delta_primary,-1.254829659157409,False,False,66,50,1.0,0.0196078431372549,0.0392156862745098,0.9901960784313726,-0.2893197035623055,0.23954349065268005,-4.030624889720005
SmolLM2-360M,SmolLM,H3d_kvdist_low_vs_uniform,kvdist_low@k2,random_same_ratio,2,middle,delta_auc_all,-0.026571111111111087,False,False,66,50,1.0,0.0196078431372549,0.0392156862745098,0.9901960784313726,-0.0035526755555555472,0.003744770289814444,-6.146821773865366
SmolLM2-360M,SmolLM,H3d_kvdist_low_vs_uniform,kvdist_low@k2,random_same_ratio,2,middle,delta_d_all,-1.254829659157409,False,False,66,50,1.0,0.0196078431372549,0.0392156862745098,0.9901960784313726,-0.2893197035623055,0.23954349065268005,-4.030624889720005
SmolLM2-360M,SmolLM,H3d_kvdist_high_vs_uniform,kvdist_high@k2,random_same_ratio,2,all,delta_primary,-0.07466142712797051,False,False,66,50,0.09803921568627451,0.9411764705882353,0.19607843137254902,0.0784313725490196,-0.2650891715242365,0.19068180335451804,0.9986676287208187
SmolLM2-360M,SmolLM,H3d_kvdist_high_vs_uniform,kvdist_high@k2,random_same_ratio,2,all,delta_auc_all,-0.0008766577777777673,False,False,66,50,0.0784313725490196,0.9607843137254902,0.1568627450980392,0.058823529411764705,-0.004120927288888887,0.003752480980126206,0.8645665436529423
SmolLM2-360M,SmolLM,H3d_kvdist_high_vs_uniform,kvdist_high@k2,random_same_ratio,2,all,delta_d_all,-0.07466142712797051,False,False,66,50,0.09803921568627451,0.9411764705882353,0.19607843137254902,0.0784313725490196,-0.2650891715242365,0.19068180335451804,0.9986676287208187
SmolLM2-360M,SmolLM,H3d_kvdist_high_vs_uniform,kvdist_high@k2,random_same_ratio,2,early,delta_primary,-0.027648347317070283,False,False,66,50,0.6470588235294118,0.5882352941176471,1.0,0.5294117647058824,-0.12057866192491554,0.1615180161484513,0.5753557208282757
SmolLM2-360M,SmolLM,H3d_kvdist_high_vs_uniform,kvdist_high@k2,random_same_ratio,2,early,delta_auc_all,-0.00032375308641974243,False,False,66,50,0.6470588235294118,0.5882352941176471,1.0,0.5294117647058824,-0.002138994567901233,0.003112728295323996,0.5831673404352006
SmolLM2-360M,SmolLM,H3d_kvdist_high_vs_uniform,kvdist_high@k2,random_same_ratio,2,early,delta_d_all,-0.027648347317070283,False,False,66,50,0.6470588235294118,0.5882352941176471,1.0,0.5294117647058824,-0.12057866192491554,0.1615180161484513,0.5753557208282757
SmolLM2-360M,SmolLM,H3d_kvdist_high_vs_uniform,kvdist_high@k2,random_same_ratio,2,late,delta_primary,-0.11069691280747651,False,False,66,50,0.0784313725490196,0.9607843137254902,0.1568627450980392,0.058823529411764705,-0.40343296278540364,0.22417957603149422,1.3058105254726757
SmolLM2-360M,SmolLM,H3d_kvdist_high_vs_uniform,kvdist_high@k2,random_same_ratio,2,late,delta_auc_all,-0.0015917777777777753,False,False,66,50,0.0784313725490196,0.9607843137254902,0.1568627450980392,0.058823529411764705,-0.006918853333333336,0.005580073585100585,0.9546604492420033
SmolLM2-360M,SmolLM,H3d_kvdist_high_vs_uniform,kvdist_high@k2,random_same_ratio,2,late,delta_d_all,-0.11069691280747651,False,False,66,50,0.0784313725490196,0.9607843137254902,0.1568627450980392,0.058823529411764705,-0.40343296278540364,0.22417957603149422,1.3058105254726757
SmolLM2-360M,SmolLM,H3d_kvdist_high_vs_uniform,kvdist_high@k2,random_same_ratio,2,middle,delta_primary,-0.09151565623572727,False,False,66,50,0.3333333333333333,0.7843137254901961,0.6666666666666666,0.27450980392156865,-0.2893197035623055,0.23954349065268005,0.8257542160199175
SmolLM2-360M,SmolLM,H3d_kvdist_high_vs_uniform,kvdist_high@k2,random_same_ratio,2,middle,delta_auc_all,-0.0007835555555555374,False,False,66,50,0.3333333333333333,0.7843137254901961,0.6666666666666666,0.27450980392156865,-0.0035526755555555472,0.003744770289814444,0.7394632475940792
SmolLM2-360M,SmolLM,H3d_kvdist_high_vs_uniform,kvdist_high@k2,random_same_ratio,2,middle,delta_d_all,-0.09151565623572727,False,False,66,50,0.3333333333333333,0.7843137254901961,0.6666666666666666,0.27450980392156865,-0.2893197035623055,0.23954349065268005,0.8257542160199175
SmolLM2-360M,SmolLM,H3d_fidelity_high_vs_uniform,fidelity_high@k2,random_same_ratio,2,all,delta_primary,-0.2086133830108188,False,False,66,50,0.6274509803921569,0.39215686274509803,0.7843137254901961,0.6176470588235294,-0.2650891715242365,0.19068180335451804,0.2961781749484359
SmolLM2-360M,SmolLM,H3d_fidelity_high_vs_uniform,fidelity_high@k2,random_same_ratio,2,all,delta_auc_all,-0.002631608888888883,False,False,66,50,0.5686274509803921,0.45098039215686275,0.9019607843137255,0.5588235294117647,-0.004120927288888887,0.003752480980126206,0.39688899367850056
SmolLM2-360M,SmolLM,H3d_fidelity_high_vs_uniform,fidelity_high@k2,random_same_ratio,2,all,delta_d_all,-0.2086133830108188,False,False,66,50,0.6274509803921569,0.39215686274509803,0.7843137254901961,0.6176470588235294,-0.2650891715242365,0.19068180335451804,0.2961781749484359
SmolLM2-360M,SmolLM,H3d_fidelity_high_vs_uniform,fidelity_high@k2,random_same_ratio,2,early,delta_primary,0.0,False,False,66,50,0.43137254901960786,1.0,0.8627450980392157,0.21568627450980393,-0.12057866192491554,0.1615180161484513,0.74653382204801
SmolLM2-360M,SmolLM,H3d_fidelity_high_vs_uniform,fidelity_high@k2,random_same_ratio,2,early,delta_auc_all,0.0,False,False,66,50,0.43137254901960786,1.0,0.8627450980392157,0.21568627450980393,-0.002138994567901233,0.003112728295323996,0.6871767674404715
SmolLM2-360M,SmolLM,H3d_fidelity_high_vs_uniform,fidelity_high@k2,random_same_ratio,2,early,delta_d_all,0.0,False,False,66,50,0.43137254901960786,1.0,0.8627450980392157,0.21568627450980393,-0.12057866192491554,0.1615180161484513,0.74653382204801
SmolLM2-360M,SmolLM,H3d_fidelity_high_vs_uniform,fidelity_high@k2,random_same_ratio,2,late,delta_primary,-0.33081036861247953,False,False,66,50,0.43137254901960786,0.5882352941176471,0.8627450980392157,0.4215686274509804,-0.40343296278540364,0.22417957603149422,0.3239483072388432
SmolLM2-360M,SmolLM,H3d_fidelity_high_vs_uniform,fidelity_high@k2,random_same_ratio,2,late,delta_auc_all,-0.004922222222222217,False,False,66,50,0.4117647058823529,0.6078431372549019,0.8235294117647058,0.4019607843137255,-0.006918853333333336,0.005580073585100585,0.35781447693491814
SmolLM2-360M,SmolLM,H3d_fidelity_high_vs_uniform,fidelity_high@k2,random_same_ratio,2,late,delta_d_all,-0.33081036861247953,False,False,66,50,0.43137254901960786,0.5882352941176471,0.8627450980392157,0.4215686274509804,-0.40343296278540364,0.22417957603149422,0.3239483072388432
SmolLM2-360M,SmolLM,H3d_fidelity_high_vs_uniform,fidelity_high@k2,random_same_ratio,2,middle,delta_primary,-0.3211064532963292,False,False,66,50,0.6862745098039216,0.3333333333333333,0.6666666666666666,0.6764705882352942,-0.2893197035623055,0.23954349065268005,-0.1326971968531262
SmolLM2-360M,SmolLM,H3d_fidelity_high_vs_uniform,fidelity_high@k2,random_same_ratio,2,middle,delta_auc_all,-0.0033015555555555437,False,False,66,50,0.6862745098039216,0.3333333333333333,0.6666666666666666,0.6764705882352942,-0.0035526755555555472,0.003744770289814444,0.06705885289760903
SmolLM2-360M,SmolLM,H3d_fidelity_high_vs_uniform,fidelity_high@k2,random_same_ratio,2,middle,delta_d_all,-0.3211064532963292,False,False,66,50,0.6862745098039216,0.3333333333333333,0.6666666666666666,0.6764705882352942,-0.2893197035623055,0.23954349065268005,-0.1326971968531262
SmolLM2-360M,SmolLM,H3d_cka_high_vs_uniform,cka_high@k4,random_same_ratio,4,all,delta_primary,-0.2988711454438927,True,False,495,50,0.09803921568627451,0.9215686274509803,0.19607843137254902,0.08823529411764706,-0.6975877531486959,0.3076286774736646,1.296097005582116
SmolLM2-360M,SmolLM,H3d_cka_high_vs_uniform,cka_high@k4,random_same_ratio,4,all,delta_auc_all,-0.003718897777777772,True,False,495,50,0.0784313725490196,0.9411764705882353,0.1568627450980392,0.06862745098039216,-0.01693813546666666,0.01111219474465984,1.1896153723585186
SmolLM2-360M,SmolLM,H3d_cka_high_vs_uniform,cka_high@k4,random_same_ratio,4,all,delta_d_all,-0.2988711454438927,True,False,495,50,0.09803921568627451,0.9215686274509803,0.19607843137254902,0.08823529411764706,-0.6975877531486959,0.3076286774736646,1.296097005582116
SmolLM2-360M,SmolLM,H3d_cka_high_vs_uniform,cka_high@k4,random_same_ratio,4,early,delta_primary,0.0,True,False,495,50,0.11764705882352941,1.0,0.23529411764705882,0.058823529411764705,-0.3580656592154186,0.26098241044962556,1.3719915399606286
SmolLM2-360M,SmolLM,H3d_cka_high_vs_uniform,cka_high@k4,random_same_ratio,4,early,delta_auc_all,0.0,True,False,495,50,0.11764705882352941,1.0,0.23529411764705882,0.058823529411764705,-0.007673193086419754,0.007189288343458269,1.067309129894867
SmolLM2-360M,SmolLM,H3d_cka_high_vs_uniform,cka_high@k4,random_same_ratio,4,early,delta_d_all,0.0,True,False,495,50,0.11764705882352941,1.0,0.23529411764705882,0.058823529411764705,-0.3580656592154186,0.26098241044962556,1.3719915399606286
SmolLM2-360M,SmolLM,H3d_cka_high_vs_uniform,cka_high@k4,random_same_ratio,4,late,delta_primary,-0.4927336117766641,True,False,495,50,0.058823529411764705,0.9607843137254902,0.11764705882352941,0.049019607843137254,-1.0070118866435513,0.3270490253334722,1.572480683415915
SmolLM2-360M,SmolLM,H3d_cka_high_vs_uniform,cka_high@k4,random_same_ratio,4,late,delta_auc_all,-0.006880222222222218,True,False,495,50,0.0392156862745098,0.9803921568627451,0.0784313725490196,0.029411764705882353,-0.030105473333333334,0.018108277218193334,1.2825765163224236
SmolLM2-360M,SmolLM,H3d_cka_high_vs_uniform,cka_high@k4,random_same_ratio,4,late,delta_d_all,-0.4927336117766641,True,False,495,50,0.058823529411764705,0.9607843137254902,0.11764705882352941,0.049019607843137254,-1.0070118866435513,0.3270490253334722,1.572480683415915
SmolLM2-360M,SmolLM,H3d_cka_high_vs_uniform,cka_high@k4,random_same_ratio,4,middle,delta_primary,-0.44123871773550055,True,False,495,50,0.27450980392156865,0.7450980392156863,0.5490196078431373,0.2647058823529412,-0.7701259753287769,0.41374915021107433,0.7948953065534863
SmolLM2-360M,SmolLM,H3d_cka_high_vs_uniform,cka_high@k4,random_same_ratio,4,middle,delta_auc_all,-0.00474133333333332,True,False,495,50,0.27450980392156865,0.7450980392156863,0.5490196078431373,0.2647058823529412,-0.014193857777777761,0.012015900805382724,0.7866679824961625
SmolLM2-360M,SmolLM,H3d_cka_high_vs_uniform,cka_high@k4,random_same_ratio,4,middle,delta_d_all,-0.44123871773550055,True,False,495,50,0.27450980392156865,0.7450980392156863,0.5490196078431373,0.2647058823529412,-0.7701259753287769,0.41374915021107433,0.7948953065534863
SmolLM2-360M,SmolLM,H3d_cka_low_vs_uniform,cka_low@k4,random_same_ratio,4,all,delta_primary,-1.164823032072183,True,False,495,50,0.9411764705882353,0.0784313725490196,0.1568627450980392,0.9313725490196079,-0.6975877531486959,0.3076286774736646,-1.518828747568523
SmolLM2-360M,SmolLM,H3d_cka_low_vs_uniform,cka_low@k4,random_same_ratio,4,all,delta_auc_all,-0.03711011555555554,True,False,495,50,0.9607843137254902,0.058823529411764705,0.11764705882352941,0.9509803921568627,-0.01693813546666666,0.01111219474465984,-1.8153011670878858
SmolLM2-360M,SmolLM,H3d_cka_low_vs_uniform,cka_low@k4,random_same_ratio,4,all,delta_d_all,-1.164823032072183,True,False,495,50,0.9411764705882353,0.0784313725490196,0.1568627450980392,0.9313725490196079,-0.6975877531486959,0.3076286774736646,-1.518828747568523
SmolLM2-360M,SmolLM,H3d_cka_low_vs_uniform,cka_low@k4,random_same_ratio,4,early,delta_primary,-0.7109917372358151,True,False,495,50,0.9215686274509803,0.21568627450980393,0.43137254901960786,0.8529411764705882,-0.3580656592154186,0.26098241044962556,-1.3522983308046264
SmolLM2-360M,SmolLM,H3d_cka_low_vs_uniform,cka_low@k4,random_same_ratio,4,early,delta_auc_all,-0.016994370370370365,True,False,495,50,0.9215686274509803,0.21568627450980393,0.43137254901960786,0.8529411764705882,-0.007673193086419754,0.007189288343458269,-1.2965368529740784
SmolLM2-360M,SmolLM,H3d_cka_low_vs_uniform,cka_low@k4,random_same_ratio,4,early,delta_d_all,-0.7109917372358151,True,False,495,50,0.9215686274509803,0.21568627450980393,0.43137254901960786,0.8529411764705882,-0.3580656592154186,0.26098241044962556,-1.3522983308046264
SmolLM2-360M,SmolLM,H3d_cka_low_vs_uniform,cka_low@k4,random_same_ratio,4,late,delta_primary,-1.585376611677871,True,False,495,50,1.0,0.0196078431372549,0.0392156862745098,0.9901960784313726,-1.0070118866435513,0.3270490253334722,-1.7684343331847447
SmolLM2-360M,SmolLM,H3d_cka_low_vs_uniform,cka_low@k4,random_same_ratio,4,late,delta_auc_all,-0.07027933333333332,True,False,495,50,0.9803921568627451,0.0392156862745098,0.0784313725490196,0.9705882352941176,-0.030105473333333334,0.018108277218193334,-2.218535729044253
SmolLM2-360M,SmolLM,H3d_cka_low_vs_uniform,cka_low@k4,random_same_ratio,4,late,delta_d_all,-1.585376611677871,True,False,495,50,1.0,0.0196078431372549,0.0392156862745098,0.9901960784313726,-1.0070118866435513,0.3270490253334722,-1.7684343331847447
SmolLM2-360M,SmolLM,H3d_cka_low_vs_uniform,cka_low@k4,random_same_ratio,4,middle,delta_primary,-1.254829659157409,True,False,495,50,0.8627450980392157,0.19607843137254902,0.39215686274509803,0.8333333333333334,-0.7701259753287769,0.41374915021107433,-1.1714916721432789
SmolLM2-360M,SmolLM,H3d_cka_low_vs_uniform,cka_low@k4,random_same_ratio,4,middle,delta_auc_all,-0.026571111111111087,True,False,495,50,0.8627450980392157,0.19607843137254902,0.39215686274509803,0.8333333333333334,-0.014193857777777761,0.012015900805382724,-1.0300728621019182
SmolLM2-360M,SmolLM,H3d_cka_low_vs_uniform,cka_low@k4,random_same_ratio,4,middle,delta_d_all,-1.254829659157409,True,False,495,50,0.8627450980392157,0.19607843137254902,0.39215686274509803,0.8333333333333334,-0.7701259753287769,0.41374915021107433,-1.1714916721432789
SmolLM2-360M,SmolLM,H3d_kvdist_low_vs_uniform,kvdist_low@k4,random_same_ratio,4,all,delta_primary,-1.361995131730668,True,False,495,50,1.0,0.0196078431372549,0.0392156862745098,0.9901960784313726,-0.6975877531486959,0.3076286774736646,-2.159770617090308
SmolLM2-360M,SmolLM,H3d_kvdist_low_vs_uniform,kvdist_low@k4,random_same_ratio,4,all,delta_auc_all,-0.047708231111111096,True,False,495,50,1.0,0.0196078431372549,0.0392156862745098,0.9901960784313726,-0.01693813546666666,0.01111219474465984,-2.7690385519234666
SmolLM2-360M,SmolLM,H3d_kvdist_low_vs_uniform,kvdist_low@k4,random_same_ratio,4,all,delta_d_all,-1.361995131730668,True,False,495,50,1.0,0.0196078431372549,0.0392156862745098,0.9901960784313726,-0.6975877531486959,0.3076286774736646,-2.159770617090308
SmolLM2-360M,SmolLM,H3d_kvdist_low_vs_uniform,kvdist_low@k4,random_same_ratio,4,early,delta_primary,-0.9106516383887838,True,False,495,50,0.9803921568627451,0.058823529411764705,0.11764705882352941,0.9607843137254902,-0.3580656592154186,0.26098241044962556,-2.11733035272898
SmolLM2-360M,SmolLM,H3d_kvdist_low_vs_uniform,kvdist_low@k4,random_same_ratio,4,early,delta_auc_all,-0.027965629629629625,True,False,495,50,0.9803921568627451,0.058823529411764705,0.11764705882352941,0.9607843137254902,-0.007673193086419754,0.007189288343458269,-2.822593221159994
SmolLM2-360M,SmolLM,H3d_kvdist_low_vs_uniform,kvdist_low@k4,random_same_ratio,4,early,delta_d_all,-0.9106516383887838,True,False,495,50,0.9803921568627451,0.058823529411764705,0.11764705882352941,0.9607843137254902,-0.3580656592154186,0.26098241044962556,-2.11733035272898
SmolLM2-360M,SmolLM,H3d_kvdist_low_vs_uniform,kvdist_low@k4,random_same_ratio,4,late,delta_primary,-1.6017567829793906,True,False,495,50,1.0,0.0196078431372549,0.0392156862745098,0.9901960784313726,-1.0070118866435513,0.3270490253334722,-1.8185190912261968
SmolLM2-360M,SmolLM,H3d_kvdist_low_vs_uniform,kvdist_low@k4,random_same_ratio,4,late,delta_auc_all,-0.06928466666666667,True,False,495,50,0.9803921568627451,0.0392156862745098,0.0784313725490196,0.9705882352941176,-0.030105473333333334,0.018108277218193334,-2.163606888786202
SmolLM2-360M,SmolLM,H3d_kvdist_low_vs_uniform,kvdist_low@k4,random_same_ratio,4,late,delta_d_all,-1.6017567829793906,True,False,495,50,1.0,0.0196078431372549,0.0392156862745098,0.9901960784313726,-1.0070118866435513,0.3270490253334722,-1.8185190912261968
SmolLM2-360M,SmolLM,H3d_kvdist_low_vs_uniform,kvdist_low@k4,random_same_ratio,4,middle,delta_primary,-1.6299949104915648,True,False,495,50,0.9803921568627451,0.0392156862745098,0.0784313725490196,0.9705882352941176,-0.7701259753287769,0.41374915021107433,-2.078237344352551
SmolLM2-360M,SmolLM,H3d_kvdist_low_vs_uniform,kvdist_low@k4,random_same_ratio,4,middle,delta_auc_all,-0.04834222222222219,True,False,495,50,0.9803921568627451,0.0392156862745098,0.0784313725490196,0.9705882352941176,-0.014193857777777761,0.012015900805382724,-2.841931287344441
SmolLM2-360M,SmolLM,H3d_kvdist_low_vs_uniform,kvdist_low@k4,random_same_ratio,4,middle,delta_d_all,-1.6299949104915648,True,False,495,50,0.9803921568627451,0.0392156862745098,0.0784313725490196,0.9705882352941176,-0.7701259753287769,0.41374915021107433,-2.078237344352551
SmolLM2-360M,SmolLM,H3d_kvdist_high_vs_uniform,kvdist_high@k4,random_same_ratio,4,all,delta_primary,-0.2864617228145077,True,False,495,50,0.0784313725490196,0.9411764705882353,0.1568627450980392,0.06862745098039216,-0.6975877531486959,0.3076286774736646,1.3364359711535143
SmolLM2-360M,SmolLM,H3d_kvdist_high_vs_uniform,kvdist_high@k4,random_same_ratio,4,all,delta_auc_all,-0.004211839999999989,True,False,495,50,0.0784313725490196,0.9411764705882353,0.1568627450980392,0.06862745098039216,-0.01693813546666666,0.01111219474465984,1.1452548987032931
SmolLM2-360M,SmolLM,H3d_kvdist_high_vs_uniform,kvdist_high@k4,random_same_ratio,4,all,delta_d_all,-0.2864617228145077,True,False,495,50,0.0784313725490196,0.9411764705882353,0.1568627450980392,0.06862745098039216,-0.6975877531486959,0.3076286774736646,1.3364359711535143
SmolLM2-360M,SmolLM,H3d_kvdist_high_vs_uniform,kvdist_high@k4,random_same_ratio,4,early,delta_primary,-0.027648347317070283,True,False,495,50,0.23529411764705882,0.9019607843137255,0.47058823529411764,0.16666666666666666,-0.3580656592154186,0.26098241044962556,1.2660520351892641
SmolLM2-360M,SmolLM,H3d_kvdist_high_vs_uniform,kvdist_high@k4,random_same_ratio,4,early,delta_auc_all,-0.00032375308641974243,True,False,495,50,0.23529411764705882,0.9019607843137255,0.47058823529411764,0.16666666666666666,-0.007673193086419754,0.007189288343458269,1.0222764269411269
SmolLM2-360M,SmolLM,H3d_kvdist_high_vs_uniform,kvdist_high@k4,random_same_ratio,4,early,delta_d_all,-0.027648347317070283,True,False,495,50,0.23529411764705882,0.9019607843137255,0.47058823529411764,0.16666666666666666,-0.3580656592154186,0.26098241044962556,1.2660520351892641
SmolLM2-360M,SmolLM,H3d_kvdist_high_vs_uniform,kvdist_high@k4,random_same_ratio,4,late,delta_primary,-0.5074017612256345,True,False,495,50,0.0784313725490196,0.9411764705882353,0.1568627450980392,0.06862745098039216,-1.0070118866435513,0.3270490253334722,1.527630681389417
SmolLM2-360M,SmolLM,H3d_kvdist_high_vs_uniform,kvdist_high@k4,random_same_ratio,4,late,delta_auc_all,-0.009396888888888885,True,False,495,50,0.0784313725490196,0.9411764705882353,0.1568627450980392,0.06862745098039216,-0.030105473333333334,0.018108277218193334,1.1435977147311724
SmolLM2-360M,SmolLM,H3d_kvdist_high_vs_uniform,kvdist_high@k4,random_same_ratio,4,late,delta_d_all,-0.5074017612256345,True,False,495,50,0.0784313725490196,0.9411764705882353,0.1568627450980392,0.06862745098039216,-1.0070118866435513,0.3270490253334722,1.527630681389417
SmolLM2-360M,SmolLM,H3d_kvdist_high_vs_uniform,kvdist_high@k4,random_same_ratio,4,middle,delta_primary,-0.35668673183799815,True,False,495,50,0.23529411764705882,0.7843137254901961,0.47058823529411764,0.22549019607843138,-0.7701259753287769,0.41374915021107433,0.9992509791980541
SmolLM2-360M,SmolLM,H3d_kvdist_high_vs_uniform,kvdist_high@k4,random_same_ratio,4,middle,delta_auc_all,-0.00340088888888887,True,False,495,50,0.2549019607843137,0.7647058823529411,0.5098039215686274,0.24509803921568626,-0.014193857777777761,0.012015900805382724,0.8982238671655812
SmolLM2-360M,SmolLM,H3d_kvdist_high_vs_uniform,kvdist_high@k4,random_same_ratio,4,middle,delta_d_all,-0.35668673183799815,True,False,495,50,0.23529411764705882,0.7843137254901961,0.47058823529411764,0.22549019607843138,-0.7701259753287769,0.41374915021107433,0.9992509791980541
SmolLM2-360M,SmolLM,H3d_fidelity_high_vs_uniform,fidelity_high@k4,random_same_ratio,4,all,delta_primary,-0.3189498446058777,True,False,495,50,0.09803921568627451,0.9215686274509803,0.19607843137254902,0.08823529411764706,-0.6975877531486959,0.3076286774736646,1.2308277357374542
SmolLM2-360M,SmolLM,H3d_fidelity_high_vs_uniform,fidelity_high@k4,random_same_ratio,4,all,delta_auc_all,-0.005255466666666661,True,False,495,50,0.09803921568627451,0.9215686274509803,0.19607843137254902,0.08823529411764706,-0.01693813546666666,0.01111219474465984,1.0513376581718306
SmolLM2-360M,SmolLM,H3d_fidelity_high_vs_uniform,fidelity_high@k4,random_same_ratio,4,all,delta_d_all,-0.3189498446058777,True,False,495,50,0.09803921568627451,0.9215686274509803,0.19607843137254902,0.08823529411764706,-0.6975877531486959,0.3076286774736646,1.2308277357374542
SmolLM2-360M,SmolLM,H3d_fidelity_high_vs_uniform,fidelity_high@k4,random_same_ratio,4,early,delta_primary,-0.027648347317070283,True,False,495,50,0.23529411764705882,0.9019607843137255,0.47058823529411764,0.16666666666666666,-0.3580656592154186,0.26098241044962556,1.2660520351892641
SmolLM2-360M,SmolLM,H3d_fidelity_high_vs_uniform,fidelity_high@k4,random_same_ratio,4,early,delta_auc_all,-0.00032375308641974243,True,False,495,50,0.23529411764705882,0.9019607843137255,0.47058823529411764,0.16666666666666666,-0.007673193086419754,0.007189288343458269,1.0222764269411269
SmolLM2-360M,SmolLM,H3d_fidelity_high_vs_uniform,fidelity_high@k4,random_same_ratio,4,early,delta_d_all,-0.027648347317070283,True,False,495,50,0.23529411764705882,0.9019607843137255,0.47058823529411764,0.16666666666666666,-0.3580656592154186,0.26098241044962556,1.2660520351892641
SmolLM2-360M,SmolLM,H3d_fidelity_high_vs_uniform,fidelity_high@k4,random_same_ratio,4,late,delta_primary,-0.6089271418236657,True,False,495,50,0.09803921568627451,0.9215686274509803,0.19607843137254902,0.08823529411764706,-1.0070118866435513,0.3270490253334722,1.217202052242726
SmolLM2-360M,SmolLM,H3d_fidelity_high_vs_uniform,fidelity_high@k4,random_same_ratio,4,late,delta_auc_all,-0.012658222222222237,True,False,495,50,0.1568627450980392,0.8627450980392157,0.3137254901960784,0.14705882352941177,-0.030105473333333334,0.018108277218193334,0.9634959140995419
SmolLM2-360M,SmolLM,H3d_fidelity_high_vs_uniform,fidelity_high@k4,random_same_ratio,4,late,delta_d_all,-0.6089271418236657,True,False,495,50,0.09803921568627451,0.9215686274509803,0.19607843137254902,0.08823529411764706,-1.0070118866435513,0.3270490253334722,1.217202052242726
SmolLM2-360M,SmolLM,H3d_fidelity_high_vs_uniform,fidelity_high@k4,random_same_ratio,4,middle,delta_primary,-0.35668673183799815,True,False,495,50,0.23529411764705882,0.7843137254901961,0.47058823529411764,0.22549019607843138,-0.7701259753287769,0.41374915021107433,0.9992509791980541
SmolLM2-360M,SmolLM,H3d_fidelity_high_vs_uniform,fidelity_high@k4,random_same_ratio,4,middle,delta_auc_all,-0.00340088888888887,True,False,495,50,0.2549019607843137,0.7647058823529411,0.5098039215686274,0.24509803921568626,-0.014193857777777761,0.012015900805382724,0.8982238671655812
SmolLM2-360M,SmolLM,H3d_fidelity_high_vs_uniform,fidelity_high@k4,random_same_ratio,4,middle,delta_d_all,-0.35668673183799815,True,False,495,50,0.23529411764705882,0.7843137254901961,0.47058823529411764,0.22549019607843138,-0.7701259753287769,0.41374915021107433,0.9992509791980541
SmolLM2-360M,SmolLM,H3d_cka_high_vs_uniform,cka_high@k6,random_same_ratio,6,all,delta_primary,-0.44687838779583766,False,False,924,50,0.1568627450980392,0.8627450980392157,0.3137254901960784,0.14705882352941177,-0.9034403470147041,0.33290996836879894,1.3714277210019898
SmolLM2-360M,SmolLM,H3d_cka_high_vs_uniform,cka_high@k6,random_same_ratio,6,all,delta_auc_all,-0.008398008888888886,False,False,924,50,0.17647058823529413,0.8431372549019608,0.35294117647058826,0.16666666666666666,-0.02752143217777777,0.015931723060799388,1.2003361604962113
SmolLM2-360M,SmolLM,H3d_cka_high_vs_uniform,cka_high@k6,random_same_ratio,6,all,delta_d_all,-0.44687838779583766,False,False,924,50,0.1568627450980392,0.8627450980392157,0.3137254901960784,0.14705882352941177,-0.9034403470147041,0.33290996836879894,1.3714277210019898
SmolLM2-360M,SmolLM,H3d_cka_high_vs_uniform,cka_high@k6,random_same_ratio,6,early,delta_primary,-0.027648347317070283,False,False,924,50,0.13725490196078433,0.9803921568627451,0.27450980392156865,0.0784313725490196,-0.43595639664396446,0.2680902832354335,1.5230244244560076
SmolLM2-360M,SmolLM,H3d_cka_high_vs_uniform,cka_high@k6,random_same_ratio,6,early,delta_auc_all,-0.00032375308641974243,False,False,924,50,0.13725490196078433,0.9803921568627451,0.27450980392156865,0.0784313725490196,-0.009769594074074078,0.008175267001256838,1.1554168183378186
SmolLM2-360M,SmolLM,H3d_cka_high_vs_uniform,cka_high@k6,random_same_ratio,6,early,delta_d_all,-0.027648347317070283,False,False,924,50,0.13725490196078433,0.9803921568627451,0.27450980392156865,0.0784313725490196,-0.43595639664396446,0.2680902832354335,1.5230244244560076
SmolLM2-360M,SmolLM,H3d_cka_high_vs_uniform,cka_high@k6,random_same_ratio,6,late,delta_primary,-0.9098635192465865,False,False,924,50,0.19607843137254902,0.8235294117647058,0.39215686274509803,0.18627450980392157,-1.340589289130713,0.4012147700900299,1.0735541211194057
SmolLM2-360M,SmolLM,H3d_cka_high_vs_uniform,cka_high@k6,random_same_ratio,6,late,delta_auc_all,-0.021040444444444445,False,False,924,50,0.19607843137254902,0.8235294117647058,0.39215686274509803,0.18627450980392157,-0.05361137777777778,0.029058384250438937,1.1208790224749452
SmolLM2-360M,SmolLM,H3d_cka_high_vs_uniform,cka_high@k6,random_same_ratio,6,late,delta_d_all,-0.9098635192465865,False,False,924,50,0.19607843137254902,0.8235294117647058,0.39215686274509803,0.18627450980392157,-1.340589289130713,0.4012147700900299,1.0735541211194057
SmolLM2-360M,SmolLM,H3d_cka_high_vs_uniform,cka_high@k6,random_same_ratio,6,middle,delta_primary,-0.455527051883702,False,False,924,50,0.1568627450980392,0.8627450980392157,0.3137254901960784,0.14705882352941177,-0.9922108490657768,0.4071708506461402,1.3180801040408718
SmolLM2-360M,SmolLM,H3d_cka_high_vs_uniform,cka_high@k6,random_same_ratio,6,middle,delta_auc_all,-0.0048391111111111135,False,False,924,50,0.1568627450980392,0.8627450980392157,0.3137254901960784,0.14705882352941177,-0.02140230444444443,0.016810452871230386,0.9852913220249864
SmolLM2-360M,SmolLM,H3d_cka_high_vs_uniform,cka_high@k6,random_same_ratio,6,middle,delta_d_all,-0.455527051883702,False,False,924,50,0.1568627450980392,0.8627450980392157,0.3137254901960784,0.14705882352941177,-0.9922108490657768,0.4071708506461402,1.3180801040408718
SmolLM2-360M,SmolLM,H3d_cka_low_vs_uniform,cka_low@k6,random_same_ratio,6,all,delta_primary,-1.4475720120785747,False,False,924,50,0.9411764705882353,0.0784313725490196,0.1568627450980392,0.9313725490196079,-0.9034403470147041,0.33290996836879894,-1.6344709283714791
SmolLM2-360M,SmolLM,H3d_cka_low_vs_uniform,cka_low@k6,random_same_ratio,6,all,delta_auc_all,-0.058968391111111094,False,False,924,50,0.9607843137254902,0.058823529411764705,0.11764705882352941,0.9509803921568627,-0.02752143217777777,0.015931723060799388,-1.9738579947268708
SmolLM2-360M,SmolLM,H3d_cka_low_vs_uniform,cka_low@k6,random_same_ratio,6,all,delta_d_all,-1.4475720120785747,False,False,924,50,0.9411764705882353,0.0784313725490196,0.1568627450980392,0.9313725490196079,-0.9034403470147041,0.33290996836879894,-1.6344709283714791
SmolLM2-360M,SmolLM,H3d_cka_low_vs_uniform,cka_low@k6,random_same_ratio,6,early,delta_primary,-0.9106516383887838,False,False,924,50,0.9607843137254902,0.09803921568627451,0.19607843137254902,0.9313725490196079,-0.43595639664396446,0.2680902832354335,-1.7706544079702733
SmolLM2-360M,SmolLM,H3d_cka_low_vs_uniform,cka_low@k6,random_same_ratio,6,early,delta_auc_all,-0.027965629629629625,False,False,924,50,0.9607843137254902,0.09803921568627451,0.19607843137254902,0.9313725490196079,-0.009769594074074078,0.008175267001256838,-2.2257420525541427
SmolLM2-360M,SmolLM,H3d_cka_low_vs_uniform,cka_low@k6,random_same_ratio,6,early,delta_d_all,-0.9106516383887838,False,False,924,50,0.9607843137254902,0.09803921568627451,0.19607843137254902,0.9313725490196079,-0.43595639664396446,0.2680902832354335,-1.7706544079702733
SmolLM2-360M,SmolLM,H3d_cka_low_vs_uniform,cka_low@k6,random_same_ratio,6,late,delta_primary,-1.8691845340665991,False,False,924,50,0.9607843137254902,0.058823529411764705,0.11764705882352941,0.9509803921568627,-1.340589289130713,0.4012147700900299,-1.3174870028271215
SmolLM2-360M,SmolLM,H3d_cka_low_vs_uniform,cka_low@k6,random_same_ratio,6,late,delta_auc_all,-0.10447266666666664,False,False,924,50,0.9607843137254902,0.058823529411764705,0.11764705882352941,0.9509803921568627,-0.05361137777777778,0.029058384250438937,-1.7503137287518176
SmolLM2-360M,SmolLM,H3d_cka_low_vs_uniform,cka_low@k6,random_same_ratio,6,late,delta_d_all,-1.8691845340665991,False,False,924,50,0.9607843137254902,0.058823529411764705,0.11764705882352941,0.9509803921568627,-1.340589289130713,0.4012147700900299,-1.3174870028271215
SmolLM2-360M,SmolLM,H3d_cka_low_vs_uniform,cka_low@k6,random_same_ratio,6,middle,delta_primary,-1.6299949104915648,False,False,924,50,0.9215686274509803,0.09803921568627451,0.19607843137254902,0.9117647058823529,-0.9922108490657768,0.4071708506461402,-1.566379470469674
SmolLM2-360M,SmolLM,H3d_cka_low_vs_uniform,cka_low@k6,random_same_ratio,6,middle,delta_auc_all,-0.04834222222222219,False,False,924,50,0.9215686274509803,0.09803921568627451,0.19607843137254902,0.9117647058823529,-0.02140230444444443,0.016810452871230386,-1.6025694241636441
SmolLM2-360M,SmolLM,H3d_cka_low_vs_uniform,cka_low@k6,random_same_ratio,6,middle,delta_d_all,-1.6299949104915648,False,False,924,50,0.9215686274509803,0.09803921568627451,0.19607843137254902,0.9117647058823529,-0.9922108490657768,0.4071708506461402,-1.566379470469674
SmolLM2-360M,SmolLM,H3d_kvdist_low_vs_uniform,kvdist_low@k6,random_same_ratio,6,all,delta_primary,-1.5259518265208876,False,False,924,50,0.9607843137254902,0.058823529411764705,0.11764705882352941,0.9509803921568627,-0.9034403470147041,0.33290996836879894,-1.8699094009001342
SmolLM2-360M,SmolLM,H3d_kvdist_low_vs_uniform,kvdist_low@k6,random_same_ratio,6,all,delta_auc_all,-0.0682483911111111,False,False,924,50,0.9803921568627451,0.0392156862745098,0.0784313725490196,0.9705882352941176,-0.02752143217777777,0.015931723060799388,-2.556343640791972
SmolLM2-360M,SmolLM,H3d_kvdist_low_vs_uniform,kvdist_low@k6,random_same_ratio,6,all,delta_d_all,-1.5259518265208876,False,False,924,50,0.9607843137254902,0.058823529411764705,0.11764705882352941,0.9509803921568627,-0.9034403470147041,0.33290996836879894,-1.8699094009001342
SmolLM2-360M,SmolLM,H3d_kvdist_low_vs_uniform,kvdist_low@k6,random_same_ratio,6,early,delta_primary,-0.9106516383887838,False,False,924,50,0.9607843137254902,0.09803921568627451,0.19607843137254902,0.9313725490196079,-0.43595639664396446,0.2680902832354335,-1.7706544079702733
SmolLM2-360M,SmolLM,H3d_kvdist_low_vs_uniform,kvdist_low@k6,random_same_ratio,6,early,delta_auc_all,-0.027965629629629625,False,False,924,50,0.9607843137254902,0.09803921568627451,0.19607843137254902,0.9313725490196079,-0.009769594074074078,0.008175267001256838,-2.2257420525541427
SmolLM2-360M,SmolLM,H3d_kvdist_low_vs_uniform,kvdist_low@k6,random_same_ratio,6,early,delta_d_all,-0.9106516383887838,False,False,924,50,0.9607843137254902,0.09803921568627451,0.19607843137254902,0.9313725490196079,-0.43595639664396446,0.2680902832354335,-1.7706544079702733
SmolLM2-360M,SmolLM,H3d_kvdist_low_vs_uniform,kvdist_low@k6,random_same_ratio,6,late,delta_primary,-2.02858904104993,False,False,924,50,1.0,0.0196078431372549,0.0392156862745098,0.9901960784313726,-1.340589289130713,0.4012147700900299,-1.7147916856720762
SmolLM2-360M,SmolLM,H3d_kvdist_low_vs_uniform,kvdist_low@k6,random_same_ratio,6,late,delta_auc_all,-0.12606666666666666,False,False,924,50,1.0,0.0196078431372549,0.0392156862745098,0.9901960784313726,-0.05361137777777778,0.029058384250438937,-2.493438322806762
SmolLM2-360M,SmolLM,H3d_kvdist_low_vs_uniform,kvdist_low@k6,random_same_ratio,6,late,delta_d_all,-2.02858904104993,False,False,924,50,1.0,0.0196078431372549,0.0392156862745098,0.9901960784313726,-1.340589289130713,0.4012147700900299,-1.7147916856720762
SmolLM2-360M,SmolLM,H3d_kvdist_low_vs_uniform,kvdist_low@k6,random_same_ratio,6,middle,delta_primary,-1.715527323640462,False,False,924,50,0.9215686274509803,0.09803921568627451,0.19607843137254902,0.9117647058823529,-0.9922108490657768,0.4071708506461402,-1.776444638477565
SmolLM2-360M,SmolLM,H3d_kvdist_low_vs_uniform,kvdist_low@k6,random_same_ratio,6,middle,delta_auc_all,-0.05574822222222221,False,False,924,50,0.9215686274509803,0.09803921568627451,0.19607843137254902,0.9117647058823529,-0.02140230444444443,0.016810452871230386,-2.0431286438783456
SmolLM2-360M,SmolLM,H3d_kvdist_low_vs_uniform,kvdist_low@k6,random_same_ratio,6,middle,delta_d_all,-1.715527323640462,False,False,924,50,0.9215686274509803,0.09803921568627451,0.19607843137254902,0.9117647058823529,-0.9922108490657768,0.4071708506461402,-1.776444638477565
SmolLM2-360M,SmolLM,H3d_kvdist_high_vs_uniform,kvdist_high@k6,random_same_ratio,6,all,delta_primary,-0.39607387373451763,False,False,924,50,0.13725490196078433,0.8823529411764706,0.27450980392156865,0.12745098039215685,-0.9034403470147041,0.33290996836879894,1.524035089024802
SmolLM2-360M,SmolLM,H3d_kvdist_high_vs_uniform,kvdist_high@k6,random_same_ratio,6,all,delta_auc_all,-0.007654399999999986,False,False,924,50,0.13725490196078433,0.8823529411764706,0.27450980392156865,0.12745098039215685,-0.02752143217777777,0.015931723060799388,1.2470108915376126
SmolLM2-360M,SmolLM,H3d_kvdist_high_vs_uniform,kvdist_high@k6,random_same_ratio,6,all,delta_d_all,-0.39607387373451763,False,False,924,50,0.13725490196078433,0.8823529411764706,0.27450980392156865,0.12745098039215685,-0.9034403470147041,0.33290996836879894,1.524035089024802
SmolLM2-360M,SmolLM,H3d_kvdist_high_vs_uniform,kvdist_high@k6,random_same_ratio,6,early,delta_primary,-0.027648347317070283,False,False,924,50,0.13725490196078433,0.9803921568627451,0.27450980392156865,0.0784313725490196,-0.43595639664396446,0.2680902832354335,1.5230244244560076
SmolLM2-360M,SmolLM,H3d_kvdist_high_vs_uniform,kvdist_high@k6,random_same_ratio,6,early,delta_auc_all,-0.00032375308641974243,False,False,924,50,0.13725490196078433,0.9803921568627451,0.27450980392156865,0.0784313725490196,-0.009769594074074078,0.008175267001256838,1.1554168183378186
SmolLM2-360M,SmolLM,H3d_kvdist_high_vs_uniform,kvdist_high@k6,random_same_ratio,6,early,delta_d_all,-0.027648347317070283,False,False,924,50,0.13725490196078433,0.9803921568627451,0.27450980392156865,0.0784313725490196,-0.43595639664396446,0.2680902832354335,1.5230244244560076
SmolLM2-360M,SmolLM,H3d_kvdist_high_vs_uniform,kvdist_high@k6,random_same_ratio,6,late,delta_primary,-0.8050220132322268,False,False,924,50,0.17647058823529413,0.8431372549019608,0.35294117647058826,0.16666666666666666,-1.340589289130713,0.4012147700900299,1.3348643066612638
SmolLM2-360M,SmolLM,H3d_kvdist_high_vs_uniform,kvdist_high@k6,random_same_ratio,6,late,delta_auc_all,-0.01971622222222222,False,False,924,50,0.19607843137254902,0.8235294117647058,0.39215686274509803,0.18627450980392157,-0.05361137777777778,0.029058384250438937,1.1664501117278592
SmolLM2-360M,SmolLM,H3d_kvdist_high_vs_uniform,kvdist_high@k6,random_same_ratio,6,late,delta_d_all,-0.8050220132322268,False,False,924,50,0.17647058823529413,0.8431372549019608,0.35294117647058826,0.16666666666666666,-1.340589289130713,0.4012147700900299,1.3348643066612638
SmolLM2-360M,SmolLM,H3d_kvdist_high_vs_uniform,kvdist_high@k6,random_same_ratio,6,middle,delta_primary,-0.40160445145643664,False,False,924,50,0.11764705882352941,0.9019607843137255,0.23529411764705882,0.10784313725490197,-0.9922108490657768,0.4071708506461402,1.4505124732581072
SmolLM2-360M,SmolLM,H3d_kvdist_high_vs_uniform,kvdist_high@k6,random_same_ratio,6,middle,delta_auc_all,-0.0038395555555555266,False,False,924,50,0.11764705882352941,0.9019607843137255,0.23529411764705882,0.10784313725490197,-0.02140230444444443,0.016810452871230386,1.0447516806014194
SmolLM2-360M,SmolLM,H3d_kvdist_high_vs_uniform,kvdist_high@k6,random_same_ratio,6,middle,delta_d_all,-0.40160445145643664,False,False,924,50,0.11764705882352941,0.9019607843137255,0.23529411764705882,0.10784313725490197,-0.9922108490657768,0.4071708506461402,1.4505124732581072
SmolLM2-360M,SmolLM,H3d_fidelity_high_vs_uniform,fidelity_high@k6,random_same_ratio,6,all,delta_primary,-0.5782639396009942,False,False,924,50,0.21568627450980393,0.803921568627451,0.43137254901960786,0.20588235294117646,-0.9034403470147041,0.33290996836879894,0.976769812592329
SmolLM2-360M,SmolLM,H3d_fidelity_high_vs_uniform,fidelity_high@k6,random_same_ratio,6,all,delta_auc_all,-0.010027591111111107,False,False,924,50,0.21568627450980393,0.803921568627451,0.43137254901960786,0.20588235294117646,-0.02752143217777777,0.015931723060799388,1.0980507883488713
SmolLM2-360M,SmolLM,H3d_fidelity_high_vs_uniform,fidelity_high@k6,random_same_ratio,6,all,delta_d_all,-0.5782639396009942,False,False,924,50,0.21568627450980393,0.803921568627451,0.43137254901960786,0.20588235294117646,-0.9034403470147041,0.33290996836879894,0.976769812592329
SmolLM2-360M,SmolLM,H3d_fidelity_high_vs_uniform,fidelity_high@k6,random_same_ratio,6,early,delta_primary,-0.16907201433819757,False,False,924,50,0.2549019607843137,0.8235294117647058,0.5098039215686274,0.21568627450980393,-0.43595639664396446,0.2680902832354335,0.9955018849802639
SmolLM2-360M,SmolLM,H3d_fidelity_high_vs_uniform,fidelity_high@k6,random_same_ratio,6,early,delta_auc_all,-0.002090666666666673,False,False,924,50,0.2549019607843137,0.8235294117647058,0.5098039215686274,0.21568627450980393,-0.009769594074074078,0.008175267001256838,0.9392876595011358
SmolLM2-360M,SmolLM,H3d_fidelity_high_vs_uniform,fidelity_high@k6,random_same_ratio,6,early,delta_d_all,-0.16907201433819757,False,False,924,50,0.2549019607843137,0.8235294117647058,0.5098039215686274,0.21568627450980393,-0.43595639664396446,0.2680902832354335,0.9955018849802639
SmolLM2-360M,SmolLM,H3d_fidelity_high_vs_uniform,fidelity_high@k6,random_same_ratio,6,late,delta_primary,-0.9182142604001762,False,False,924,50,0.19607843137254902,0.8235294117647058,0.39215686274509803,0.18627450980392157,-1.340589289130713,0.4012147700900299,1.0527404777141147
SmolLM2-360M,SmolLM,H3d_fidelity_high_vs_uniform,fidelity_high@k6,random_same_ratio,6,late,delta_auc_all,-0.02072777777777776,False,False,924,50,0.19607843137254902,0.8235294117647058,0.39215686274509803,0.18627450980392157,-0.05361137777777778,0.029058384250438937,1.131638969207426
SmolLM2-360M,SmolLM,H3d_fidelity_high_vs_uniform,fidelity_high@k6,random_same_ratio,6,late,delta_d_all,-0.9182142604001762,False,False,924,50,0.19607843137254902,0.8235294117647058,0.39215686274509803,0.18627450980392157,-1.340589289130713,0.4012147700900299,1.0527404777141147
SmolLM2-360M,SmolLM,H3d_fidelity_high_vs_uniform,fidelity_high@k6,random_same_ratio,6,middle,delta_primary,-0.6986545347224585,False,False,924,50,0.23529411764705882,0.7843137254901961,0.47058823529411764,0.22549019607843138,-0.9922108490657768,0.4071708506461402,0.7209659381988499
SmolLM2-360M,SmolLM,H3d_fidelity_high_vs_uniform,fidelity_high@k6,random_same_ratio,6,middle,delta_auc_all,-0.008256444444444441,False,False,924,50,0.19607843137254902,0.8235294117647058,0.39215686274509803,0.18627450980392157,-0.02140230444444443,0.016810452871230386,0.7820051072209943
SmolLM2-360M,SmolLM,H3d_fidelity_high_vs_uniform,fidelity_high@k6,random_same_ratio,6,middle,delta_d_all,-0.6986545347224585,False,False,924,50,0.23529411764705882,0.7843137254901961,0.47058823529411764,0.22549019607843138,-0.9922108490657768,0.4071708506461402,0.7209659381988499
SmolLM2-360M,SmolLM,H4_own_head_vs_random_source,full,random_source,12,all,delta_primary,-1.6919986075270328,True,False,479001600,50,0.6078431372549019,0.4117647058823529,0.8235294117647058,0.5980392156862745,-1.6563580159886642,0.14559706129366026,-0.24478922322809635
SmolLM2-360M,SmolLM,H4_own_head_vs_random_source,full,random_source,12,all,delta_auc_all,-0.09128362666666666,True,False,479001600,50,0.5882352941176471,0.43137254901960786,0.8627450980392157,0.5784313725490197,-0.08845355804444445,0.018943068007171614,-0.149398641294577
SmolLM2-360M,SmolLM,H4_own_head_vs_random_source,full,random_source,12,all,delta_d_all,-1.6919986075270328,True,False,479001600,50,0.6078431372549019,0.4117647058823529,0.8235294117647058,0.5980392156862745,-1.6563580159886642,0.14559706129366026,-0.24478922322809635
SmolLM2-360M,SmolLM,H4_own_head_vs_random_source,full,random_source,12,early,delta_primary,-0.9371280240321848,True,False,479001600,50,0.8235294117647058,0.19607843137254902,0.39215686274509803,0.8137254901960784,-0.8444231583761761,0.09133859495858294,-1.014958306486379
SmolLM2-360M,SmolLM,H4_own_head_vs_random_source,full,random_source,12,early,delta_auc_all,-0.03028483950617284,True,False,479001600,50,0.7647058823529411,0.2549019607843137,0.5098039215686274,0.7549019607843137,-0.02567183802469137,0.005418221329904338,-0.8513866821979597
SmolLM2-360M,SmolLM,H4_own_head_vs_random_source,full,random_source,12,early,delta_d_all,-0.9371280240321848,True,False,479001600,50,0.8235294117647058,0.19607843137254902,0.39215686274509803,0.8137254901960784,-0.8444231583761761,0.09133859495858294,-1.014958306486379
SmolLM2-360M,SmolLM,H4_own_head_vs_random_source,full,random_source,12,late,delta_primary,-2.301884914606499,True,False,479001600,50,0.47058823529411764,0.5490196078431373,0.9411764705882353,0.46078431372549017,-2.28325926729124,0.18669274253459273,-0.09976631690333465
SmolLM2-360M,SmolLM,H4_own_head_vs_random_source,full,random_source,12,late,delta_auc_all,-0.17506266666666667,True,False,479001600,50,0.5686274509803921,0.45098039215686275,0.9019607843137255,0.5588235294117647,-0.16722319111111109,0.03606370526695474,-0.21737853882526367
SmolLM2-360M,SmolLM,H4_own_head_vs_random_source,full,random_source,12,late,delta_d_all,-2.301884914606499,True,False,479001600,50,0.47058823529411764,0.5490196078431373,0.9411764705882353,0.46078431372549017,-2.28325926729124,0.18669274253459273,-0.09976631690333465
SmolLM2-360M,SmolLM,H4_own_head_vs_random_source,full,random_source,12,middle,delta_primary,-1.9313417068792706,True,False,479001600,50,0.47058823529411764,0.5490196078431373,0.9411764705882353,0.46078431372549017,-1.9428834795001366,0.22430704266693585,0.051455239584268744
SmolLM2-360M,SmolLM,H4_own_head_vs_random_source,full,random_source,12,middle,delta_auc_all,-0.07612822222222222,True,False,479001600,50,0.47058823529411764,0.5490196078431373,0.9411764705882353,0.46078431372549017,-0.08031336,0.024388685589621224,0.17160161265758384
SmolLM2-360M,SmolLM,H4_own_head_vs_random_source,full,random_source,12,middle,delta_d_all,-1.9313417068792706,True,False,479001600,50,0.47058823529411764,0.5490196078431373,0.9411764705882353,0.46078431372549017,-1.9428834795001366,0.22430704266693585,0.051455239584268744
SmolLM2-360M,SmolLM,H3e_kvsharer_dissimilar_vs_random_pairs,kvsharer_dissimilar@k4,random_pairs,4,all,delta_primary,-0.2455220367812222,True,False,1227223305,50,0.5098039215686274,0.5098039215686274,1.0,0.5,-0.2705826930045772,0.13068400870928182,0.19176528536941861
SmolLM2-360M,SmolLM,H3e_kvsharer_dissimilar_vs_random_pairs,kvsharer_dissimilar@k4,random_pairs,4,all,delta_auc_all,-0.0027767466666666608,True,False,1227223305,50,0.47058823529411764,0.5490196078431373,0.9411764705882353,0.46078431372549017,-0.0037170296888888875,0.0024396125709092893,0.3854230927625388
SmolLM2-360M,SmolLM,H3e_kvsharer_dissimilar_vs_random_pairs,kvsharer_dissimilar@k4,random_pairs,4,all,delta_d_all,-0.2455220367812222,True,False,1227223305,50,0.5098039215686274,0.5098039215686274,1.0,0.5,-0.2705826930045772,0.13068400870928182,0.19176528536941861
SmolLM2-360M,SmolLM,H3e_kvsharer_dissimilar_vs_random_pairs,kvsharer_dissimilar@k4,random_pairs,4,early,delta_primary,0.0,True,False,1227223305,50,0.49019607843137253,1.0,0.9803921568627451,0.24509803921568626,-0.06678470550465873,0.10964339386925583,0.6091083388416095
SmolLM2-360M,SmolLM,H3e_kvsharer_dissimilar_vs_random_pairs,kvsharer_dissimilar@k4,random_pairs,4,early,delta_auc_all,0.0,True,False,1227223305,50,0.49019607843137253,1.0,0.9803921568627451,0.24509803921568626,-0.001022232098765436,0.002101550258729733,0.48641810707078537
SmolLM2-360M,SmolLM,H3e_kvsharer_dissimilar_vs_random_pairs,kvsharer_dissimilar@k4,random_pairs,4,early,delta_d_all,0.0,True,False,1227223305,50,0.49019607843137253,1.0,0.9803921568627451,0.24509803921568626,-0.06678470550465873,0.10964339386925583,0.6091083388416095
SmolLM2-360M,SmolLM,H3e_kvsharer_dissimilar_vs_random_pairs,kvsharer_dissimilar@k4,random_pairs,4,late,delta_primary,-0.4096395812220085,True,False,1227223305,50,0.47058823529411764,0.5490196078431373,0.9411764705882353,0.46078431372549017,-0.4585335986828644,0.17841987398455456,0.27403907630317337
SmolLM2-360M,SmolLM,H3e_kvsharer_dissimilar_vs_random_pairs,kvsharer_dissimilar@k4,random_pairs,4,late,delta_auc_all,-0.0053564444444444415,True,False,1227223305,50,0.45098039215686275,0.5686274509803921,0.9019607843137255,0.4411764705882353,-0.007161991111111112,0.0044525791024486745,0.40550580351817195
SmolLM2-360M,SmolLM,H3e_kvsharer_dissimilar_vs_random_pairs,kvsharer_dissimilar@k4,random_pairs,4,late,delta_d_all,-0.4096395812220085,True,False,1227223305,50,0.47058823529411764,0.5490196078431373,0.9411764705882353,0.46078431372549017,-0.4585335986828644,0.17841987398455456,0.27403907630317337
SmolLM2-360M,SmolLM,H3e_kvsharer_dissimilar_vs_random_pairs,kvsharer_dissimilar@k4,random_pairs,4,middle,delta_primary,-0.3576167837193109,True,False,1227223305,50,0.6274509803921569,0.39215686274509803,0.7843137254901961,0.6176470588235294,-0.31190452326369833,0.2043814852940963,-0.2236614553898292
SmolLM2-360M,SmolLM,H3e_kvsharer_dissimilar_vs_random_pairs,kvsharer_dissimilar@k4,random_pairs,4,middle,delta_auc_all,-0.0033208888888888732,True,False,1227223305,50,0.6078431372549019,0.4117647058823529,0.8235294117647058,0.5980392156862745,-0.003303715555555545,0.002750905237403702,-0.0062427934993268645
SmolLM2-360M,SmolLM,H3e_kvsharer_dissimilar_vs_random_pairs,kvsharer_dissimilar@k4,random_pairs,4,middle,delta_d_all,-0.3576167837193109,True,False,1227223305,50,0.6274509803921569,0.39215686274509803,0.7843137254901961,0.6176470588235294,-0.31190452326369833,0.2043814852940963,-0.2236614553898292
SmolLM2-360M,SmolLM,H3e_kvsharer_similar_vs_random_pairs,kvsharer_similar@k4,random_pairs,4,all,delta_primary,-0.1726074151502959,True,False,1227223305,50,0.2549019607843137,0.7647058823529411,0.5098039215686274,0.24509803921568626,-0.2705826930045772,0.13068400870928182,0.7497112984361844
SmolLM2-360M,SmolLM,H3e_kvsharer_similar_vs_random_pairs,kvsharer_similar@k4,random_pairs,4,all,delta_auc_all,-0.0021843911111111103,True,False,1227223305,50,0.3137254901960784,0.7058823529411765,0.6274509803921569,0.30392156862745096,-0.0037170296888888875,0.0024396125709092893,0.6282303165893813
SmolLM2-360M,SmolLM,H3e_kvsharer_similar_vs_random_pairs,kvsharer_similar@k4,random_pairs,4,all,delta_d_all,-0.1726074151502959,True,False,1227223305,50,0.2549019607843137,0.7647058823529411,0.5098039215686274,0.24509803921568626,-0.2705826930045772,0.13068400870928182,0.7497112984361844
SmolLM2-360M,SmolLM,H3e_kvsharer_similar_vs_random_pairs,kvsharer_similar@k4,random_pairs,4,early,delta_primary,0.003860162764884656,True,False,1227223305,50,0.0196078431372549,1.0,0.0392156862745098,0.00980392156862745,-0.06678470550465873,0.10964339386925583,0.6443148627247329
SmolLM2-360M,SmolLM,H3e_kvsharer_similar_vs_random_pairs,kvsharer_similar@k4,random_pairs,4,early,delta_auc_all,-0.00013372839506174837,True,False,1227223305,50,0.49019607843137253,0.5294117647058824,0.9803921568627451,0.4803921568627451,-0.001022232098765436,0.002101550258729733,0.42278489415748605
SmolLM2-360M,SmolLM,H3e_kvsharer_similar_vs_random_pairs,kvsharer_similar@k4,random_pairs,4,early,delta_d_all,0.003860162764884656,True,False,1227223305,50,0.0196078431372549,1.0,0.0392156862745098,0.00980392156862745,-0.06678470550465873,0.10964339386925583,0.6443148627247329
SmolLM2-360M,SmolLM,H3e_kvsharer_similar_vs_random_pairs,kvsharer_similar@k4,random_pairs,4,late,delta_primary,-0.4036085211117237,True,False,1227223305,50,0.47058823529411764,0.5490196078431373,0.9411764705882353,0.46078431372549017,-0.4585335986828644,0.17841987398455456,0.3078417014009072
SmolLM2-360M,SmolLM,H3e_kvsharer_similar_vs_random_pairs,kvsharer_similar@k4,random_pairs,4,late,delta_auc_all,-0.00533355555555555,True,False,1227223305,50,0.45098039215686275,0.5686274509803921,0.9019607843137255,0.4411764705882353,-0.007161991111111112,0.0044525791024486745,0.41064639470414416
SmolLM2-360M,SmolLM,H3e_kvsharer_similar_vs_random_pairs,kvsharer_similar@k4,random_pairs,4,late,delta_d_all,-0.4036085211117237,True,False,1227223305,50,0.47058823529411764,0.5490196078431373,0.9411764705882353,0.46078431372549017,-0.4585335986828644,0.17841987398455456,0.3078417014009072
SmolLM2-360M,SmolLM,H3e_kvsharer_similar_vs_random_pairs,kvsharer_similar@k4,random_pairs,4,middle,delta_primary,-0.14013233434344624,True,False,1227223305,50,0.27450980392156865,0.7450980392156863,0.5490196078431373,0.2647058823529412,-0.31190452326369833,0.2043814852940963,0.8404488727199491
SmolLM2-360M,SmolLM,H3e_kvsharer_similar_vs_random_pairs,kvsharer_similar@k4,random_pairs,4,middle,delta_auc_all,-0.001342222222222203,True,False,1227223305,50,0.29411764705882354,0.7254901960784313,0.5882352941176471,0.28431372549019607,-0.003303715555555545,0.002750905237403702,0.7130355879450777
SmolLM2-360M,SmolLM,H3e_kvsharer_similar_vs_random_pairs,kvsharer_similar@k4,random_pairs,4,middle,delta_d_all,-0.14013233434344624,True,False,1227223305,50,0.27450980392156865,0.7450980392156863,0.5490196078431373,0.2647058823529412,-0.31190452326369833,0.2043814852940963,0.8404488727199491
Qwen2.5-1.5B,Qwen,H3b_cka_high_vs_depth_matched,cka_high@k4,rdm_cka_high,4,all,delta_primary,-0.3353584578822104,True,True,12,12,0.3333333333333333,0.75,0.6666666666666666,0.2916666666666667,-0.37756963219092526,0.07617097295611586,0.5541635175519399
Qwen2.5-1.5B,Qwen,H3b_cka_high_vs_depth_matched,cka_high@k4,rdm_cka_high,4,all,delta_auc_all,-0.006664646464646464,True,True,12,12,0.4166666666666667,0.6666666666666666,0.8333333333333334,0.375,-0.009160939393939388,0.0034696240490370484,0.7194707247852226
Qwen2.5-1.5B,Qwen,H3b_cka_high_vs_depth_matched,cka_high@k4,rdm_cka_high,4,all,delta_d_all,-0.3353584578822104,True,True,12,12,0.3333333333333333,0.75,0.6666666666666666,0.2916666666666667,-0.37756963219092526,0.07617097295611586,0.5541635175519399
Qwen2.5-1.5B,Qwen,H3b_cka_high_vs_depth_matched,cka_high@k4,rdm_cka_high,4,early,delta_primary,0.0,True,True,12,12,1.0,1.0,1.0,0.5,0.0,0.0,
Qwen2.5-1.5B,Qwen,H3b_cka_high_vs_depth_matched,cka_high@k4,rdm_cka_high,4,early,delta_auc_all,0.0,True,True,12,12,1.0,1.0,1.0,0.5,0.0,0.0,
Qwen2.5-1.5B,Qwen,H3b_cka_high_vs_depth_matched,cka_high@k4,rdm_cka_high,4,early,delta_d_all,0.0,True,True,12,12,1.0,1.0,1.0,0.5,0.0,0.0,
Qwen2.5-1.5B,Qwen,H3b_cka_high_vs_depth_matched,cka_high@k4,rdm_cka_high,4,late,delta_primary,-0.9631566151138061,True,True,12,12,0.4166666666666667,0.6666666666666666,0.8333333333333334,0.375,-1.0200102443129047,0.24277474051318365,0.23418263810691273
Qwen2.5-1.5B,Qwen,H3b_cka_high_vs_depth_matched,cka_high@k4,rdm_cka_high,4,late,delta_auc_all,-0.020157968253968254,True,True,12,12,0.4166666666666667,0.6666666666666666,0.8333333333333334,0.375,-0.027748137566137563,0.010865698512034986,0.6985440746181518
Qwen2.5-1.5B,Qwen,H3b_cka_high_vs_depth_matched,cka_high@k4,rdm_cka_high,4,late,delta_d_all,-0.9631566151138061,True,True,12,12,0.4166666666666667,0.6666666666666666,0.8333333333333334,0.375,-1.0200102443129047,0.24277474051318365,0.23418263810691273
Qwen2.5-1.5B,Qwen,H3b_cka_high_vs_depth_matched,cka_high@k4,rdm_cka_high,4,middle,delta_primary,-0.0908271096588552,True,True,12,12,0.3333333333333333,1.0,0.6666666666666666,0.16666666666666666,-0.1666371711442888,0.060058875858981293,1.2622624116947547
Qwen2.5-1.5B,Qwen,H3b_cka_high_vs_depth_matched,cka_high@k4,rdm_cka_high,4,middle,delta_auc_all,-0.0007880634920634907,True,True,12,12,0.3333333333333333,1.0,0.6666666666666666,0.16666666666666666,-0.001043386243386227,0.00021167303718500218,1.2062129155334238
Qwen2.5-1.5B,Qwen,H3b_cka_high_vs_depth_matched,cka_high@k4,rdm_cka_high,4,middle,delta_d_all,-0.0908271096588552,True,True,12,12,0.3333333333333333,1.0,0.6666666666666666,0.16666666666666666,-0.1666371711442888,0.060058875858981293,1.2622624116947547
Qwen2.5-1.5B,Qwen,H3b_cka_low_vs_depth_matched,cka_low@k4,rdm_cka_low,4,all,delta_primary,-1.0649955128997004,True,True,12,12,0.6666666666666666,0.4166666666666667,0.8333333333333334,0.625,-1.02730853380476,0.11004516887832967,-0.34246827442837197
Qwen2.5-1.5B,Qwen,H3b_cka_low_vs_depth_matched,cka_low@k4,rdm_cka_low,4,all,delta_auc_all,-0.01760210101010101,True,True,12,12,0.5,0.5833333333333334,1.0,0.4583333333333333,-0.018253037037037026,0.005350181500955758,0.12166615783403495
Qwen2.5-1.5B,Qwen,H3b_cka_low_vs_depth_matched,cka_low@k4,rdm_cka_low,4,all,delta_d_all,-1.0649955128997004,True,True,12,12,0.6666666666666666,0.4166666666666667,0.8333333333333334,0.625,-1.02730853380476,0.11004516887832967,-0.34246827442837197
Qwen2.5-1.5B,Qwen,H3b_cka_low_vs_depth_matched,cka_low@k4,rdm_cka_low,4,early,delta_primary,-0.6391059875605233,True,True,12,12,1.0,0.25,0.5,0.875,-0.5408305912279031,0.07462197289164219,-1.3169766561294873
Qwen2.5-1.5B,Qwen,H3b_cka_low_vs_depth_matched,cka_low@k4,rdm_cka_low,4,early,delta_auc_all,-0.006873555555555549,True,True,12,12,0.75,0.5,1.0,0.625,-0.006484888888888887,0.0011426638732683996,-0.3401408548560706
Qwen2.5-1.5B,Qwen,H3b_cka_low_vs_depth_matched,cka_low@k4,rdm_cka_low,4,early,delta_d_all,-0.6391059875605233,True,True,12,12,1.0,0.25,0.5,0.875,-0.5408305912279031,0.07462197289164219,-1.3169766561294873
Qwen2.5-1.5B,Qwen,H3b_cka_low_vs_depth_matched,cka_low@k4,rdm_cka_low,4,late,delta_primary,-0.9533780872908532,True,True,12,12,0.3333333333333333,0.75,0.6666666666666666,0.2916666666666667,-1.0870182363143366,0.20164761046993612,0.6627410496560682
Qwen2.5-1.5B,Qwen,H3b_cka_low_vs_depth_matched,cka_low@k4,rdm_cka_low,4,late,delta_auc_all,-0.01507199999999999,True,True,12,12,0.25,0.8333333333333334,0.5,0.20833333333333334,-0.02186683597883596,0.008066577784254188,0.8423443200534639
Qwen2.5-1.5B,Qwen,H3b_cka_low_vs_depth_matched,cka_low@k4,rdm_cka_low,4,late,delta_d_all,-0.9533780872908532,True,True,12,12,0.3333333333333333,0.75,0.6666666666666666,0.2916666666666667,-1.0870182363143366,0.20164761046993612,0.6627410496560682
Qwen2.5-1.5B,Qwen,H3b_cka_low_vs_depth_matched,cka_low@k4,rdm_cka_low,4,middle,delta_primary,-1.6633438246104646,True,True,12,12,0.6666666666666666,0.4166666666666667,0.8333333333333334,0.625,-1.5235736228115915,0.23053279458858356,-0.6062920550991959
Qwen2.5-1.5B,Qwen,H3b_cka_low_vs_depth_matched,cka_low@k4,rdm_cka_low,4,middle,delta_auc_all,-0.03239339682539683,True,True,12,12,0.6666666666666666,0.4166666666666667,0.8333333333333334,0.625,-0.028088550264550243,0.009732460985555125,-0.4423183989369002
Qwen2.5-1.5B,Qwen,H3b_cka_low_vs_depth_matched,cka_low@k4,rdm_cka_low,4,middle,delta_d_all,-1.6633438246104646,True,True,12,12,0.6666666666666666,0.4166666666666667,0.8333333333333334,0.625,-1.5235736228115915,0.23053279458858356,-0.6062920550991959
Qwen2.5-1.5B,Qwen,H3b_kvdist_low_vs_depth_matched,kvdist_low@k4,rdm_kvdist_low,4,all,delta_primary,-0.7847798380273407,True,False,72,50,0.9411764705882353,0.0784313725490196,0.1568627450980392,0.9313725490196079,-0.5818317592072058,0.12282050730291859,-1.6523957055444627
Qwen2.5-1.5B,Qwen,H3b_kvdist_low_vs_depth_matched,kvdist_low@k4,rdm_kvdist_low,4,all,delta_auc_all,-0.01653987878787879,True,False,72,50,0.9411764705882353,0.0784313725490196,0.1568627450980392,0.9313725490196079,-0.010109119999999989,0.0036028073497199986,-1.7849299625689352
Qwen2.5-1.5B,Qwen,H3b_kvdist_low_vs_depth_matched,kvdist_low@k4,rdm_kvdist_low,4,all,delta_d_all,-0.7847798380273407,True,False,72,50,0.9411764705882353,0.0784313725490196,0.1568627450980392,0.9313725490196079,-0.5818317592072058,0.12282050730291859,-1.6523957055444627
Qwen2.5-1.5B,Qwen,H3b_kvdist_low_vs_depth_matched,kvdist_low@k4,rdm_kvdist_low,4,early,delta_primary,-0.17449942841063937,True,False,72,50,0.7058823529411765,0.6078431372549019,1.0,0.5490196078431373,-0.1753887832469129,0.05782403779985663,0.015380365503907038
Qwen2.5-1.5B,Qwen,H3b_kvdist_low_vs_depth_matched,kvdist_low@k4,rdm_kvdist_low,4,early,delta_auc_all,-0.0012346666666666756,True,False,72,50,0.7058823529411765,0.6078431372549019,1.0,0.5490196078431373,-0.001265648888888893,0.0004777042480781335,0.06485649300139752
Qwen2.5-1.5B,Qwen,H3b_kvdist_low_vs_depth_matched,kvdist_low@k4,rdm_kvdist_low,4,early,delta_d_all,-0.17449942841063937,True,False,72,50,0.7058823529411765,0.6078431372549019,1.0,0.5490196078431373,-0.1753887832469129,0.05782403779985663,0.015380365503907038
Qwen2.5-1.5B,Qwen,H3b_kvdist_low_vs_depth_matched,kvdist_low@k4,rdm_kvdist_low,4,late,delta_primary,-1.3895704811875014,True,False,72,50,0.9215686274509803,0.09803921568627451,0.19607843137254902,0.9117647058823529,-1.0435062951749075,0.20306887010419808,-1.7041715248379652
Qwen2.5-1.5B,Qwen,H3b_kvdist_low_vs_depth_matched,kvdist_low@k4,rdm_kvdist_low,4,late,delta_auc_all,-0.04061587301587301,True,False,72,50,0.9019607843137255,0.11764705882352941,0.23529411764705882,0.8921568627450981,-0.025261815873015868,0.009356866956020341,-1.6409399871800168
Qwen2.5-1.5B,Qwen,H3b_kvdist_low_vs_depth_matched,kvdist_low@k4,rdm_kvdist_low,4,late,delta_d_all,-1.3895704811875014,True,False,72,50,0.9215686274509803,0.09803921568627451,0.19607843137254902,0.9117647058823529,-1.0435062951749075,0.20306887010419808,-1.7041715248379652
Qwen2.5-1.5B,Qwen,H3b_kvdist_low_vs_depth_matched,kvdist_low@k4,rdm_kvdist_low,4,middle,delta_primary,-0.8774525201434107,True,False,72,50,0.8627450980392157,0.21568627450980393,0.43137254901960786,0.8235294117647058,-0.5846634814798388,0.27487794616441824,-1.065160165626529
Qwen2.5-1.5B,Qwen,H3b_kvdist_low_vs_depth_matched,kvdist_low@k4,rdm_kvdist_low,4,middle,delta_auc_all,-0.00995555555555556,True,False,72,50,0.8627450980392157,0.21568627450980393,0.43137254901960786,0.8235294117647058,-0.005063248253968224,0.003963691196328762,-1.2342806387436722
Qwen2.5-1.5B,Qwen,H3b_kvdist_low_vs_depth_matched,kvdist_low@k4,rdm_kvdist_low,4,middle,delta_d_all,-0.8774525201434107,True,False,72,50,0.8627450980392157,0.21568627450980393,0.43137254901960786,0.8235294117647058,-0.5846634814798388,0.27487794616441824,-1.065160165626529
Qwen2.5-1.5B,Qwen,H3b_kvdist_high_vs_depth_matched,kvdist_high@k4,rdm_kvdist_high,4,all,delta_primary,-0.4574263844145468,True,True,48,48,0.0625,0.9583333333333334,0.125,0.052083333333333336,-0.6751575512264152,0.15203788991138564,1.4320849029065825
Qwen2.5-1.5B,Qwen,H3b_kvdist_high_vs_depth_matched,kvdist_high@k4,rdm_kvdist_high,4,all,delta_auc_all,-0.004550303030303016,True,True,48,48,0.041666666666666664,0.9791666666666666,0.08333333333333333,0.03125,-0.011937251683501673,0.005561703234347323,1.328181016128152
Qwen2.5-1.5B,Qwen,H3b_kvdist_high_vs_depth_matched,kvdist_high@k4,rdm_kvdist_high,4,all,delta_d_all,-0.4574263844145468,True,True,48,48,0.0625,0.9583333333333334,0.125,0.052083333333333336,-0.6751575512264152,0.15203788991138564,1.4320849029065825
Qwen2.5-1.5B,Qwen,H3b_kvdist_high_vs_depth_matched,kvdist_high@k4,rdm_kvdist_high,4,early,delta_primary,-0.25010507019357114,True,True,48,48,1.0,0.25,0.5,0.875,-0.15947524269785343,0.06442304590126667,-1.4067920295885261
Qwen2.5-1.5B,Qwen,H3b_kvdist_high_vs_depth_matched,kvdist_high@k4,rdm_kvdist_high,4,early,delta_auc_all,-0.001897555555555555,True,True,48,48,1.0,0.25,0.5,0.875,-0.0011390000000000046,0.0005256462688919205,-1.4430912962715599
Qwen2.5-1.5B,Qwen,H3b_kvdist_high_vs_depth_matched,kvdist_high@k4,rdm_kvdist_high,4,early,delta_d_all,-0.25010507019357114,True,True,48,48,1.0,0.25,0.5,0.875,-0.15947524269785343,0.06442304590126667,-1.4067920295885261
Qwen2.5-1.5B,Qwen,H3b_kvdist_high_vs_depth_matched,kvdist_high@k4,rdm_kvdist_high,4,late,delta_primary,-0.5809649405296116,True,True,48,48,0.020833333333333332,1.0,0.041666666666666664,0.010416666666666666,-1.1076976918929071,0.2911589143085529,1.8090902441169825
Qwen2.5-1.5B,Qwen,H3b_kvdist_high_vs_depth_matched,kvdist_high@k4,rdm_kvdist_high,4,late,delta_auc_all,-0.00812571428571426,True,True,48,48,0.020833333333333332,1.0,0.041666666666666664,0.010416666666666666,-0.027049436507936495,0.014329495591519165,1.320613283374897
Qwen2.5-1.5B,Qwen,H3b_kvdist_high_vs_depth_matched,kvdist_high@k4,rdm_kvdist_high,4,late,delta_d_all,-0.5809649405296116,True,True,48,48,0.020833333333333332,1.0,0.041666666666666664,0.010416666666666666,-1.1076976918929071,0.2911589143085529,1.8090902441169825
Qwen2.5-1.5B,Qwen,H3b_kvdist_high_vs_depth_matched,kvdist_high@k4,rdm_kvdist_high,4,middle,delta_primary,-0.570826473123454,True,True,48,48,0.3333333333333333,0.75,0.6666666666666666,0.2916666666666667,-0.8319686203068514,0.2838895939582955,0.9198722064527668
Qwen2.5-1.5B,Qwen,H3b_kvdist_high_vs_depth_matched,kvdist_high@k4,rdm_kvdist_high,4,middle,delta_auc_all,-0.004006603174603155,True,True,48,48,0.25,0.8333333333333334,0.5,0.20833333333333334,-0.009165925925925904,0.0056703685233419005,0.9098743282882855
Qwen2.5-1.5B,Qwen,H3b_kvdist_high_vs_depth_matched,kvdist_high@k4,rdm_kvdist_high,4,middle,delta_d_all,-0.570826473123454,True,True,48,48,0.3333333333333333,0.75,0.6666666666666666,0.2916666666666667,-0.8319686203068514,0.2838895939582955,0.9198722064527668
Qwen2.5-1.5B,Qwen,H3b_fidelity_high_vs_depth_matched,fidelity_high@k4,rdm_fidelity_high,4,all,delta_primary,-1.0279993642850034,True,False,72,50,0.9411764705882353,0.09803921568627451,0.19607843137254902,0.9215686274509803,-0.7821323560602529,0.12757008299307948,-1.9273093068230462
Qwen2.5-1.5B,Qwen,H3b_fidelity_high_vs_depth_matched,fidelity_high@k4,rdm_fidelity_high,4,all,delta_auc_all,-0.02099781818181817,True,False,72,50,0.9215686274509803,0.11764705882352941,0.23529411764705882,0.9019607843137255,-0.012307852929292918,0.004721548475093484,-1.8404905294026859
Qwen2.5-1.5B,Qwen,H3b_fidelity_high_vs_depth_matched,fidelity_high@k4,rdm_fidelity_high,4,all,delta_d_all,-1.0279993642850034,True,False,72,50,0.9411764705882353,0.09803921568627451,0.19607843137254902,0.9215686274509803,-0.7821323560602529,0.12757008299307948,-1.9273093068230462
Qwen2.5-1.5B,Qwen,H3b_fidelity_high_vs_depth_matched,fidelity_high@k4,rdm_fidelity_high,4,early,delta_primary,-0.26423231903178324,True,False,72,50,0.37254901960784315,0.7647058823529411,0.7450980392156863,0.30392156862745096,-0.3336810255689791,0.0839760329334971,0.8270062791867554
Qwen2.5-1.5B,Qwen,H3b_fidelity_high_vs_depth_matched,fidelity_high@k4,rdm_fidelity_high,4,early,delta_auc_all,-0.003009555555555557,True,False,72,50,0.6078431372549019,0.5294117647058824,1.0,0.5392156862745098,-0.003009537777777779,0.0009085607542549606,-1.9566966429981935e-05
Qwen2.5-1.5B,Qwen,H3b_fidelity_high_vs_depth_matched,fidelity_high@k4,rdm_fidelity_high,4,early,delta_d_all,-0.26423231903178324,True,False,72,50,0.37254901960784315,0.7647058823529411,0.7450980392156863,0.30392156862745096,-0.3336810255689791,0.0839760329334971,0.8270062791867554
Qwen2.5-1.5B,Qwen,H3b_fidelity_high_vs_depth_matched,fidelity_high@k4,rdm_fidelity_high,4,late,delta_primary,-1.235053959104984,True,False,72,50,0.8823529411764706,0.1568627450980392,0.3137254901960784,0.8627450980392157,-1.0247239065324438,0.219171939685894,-0.9596577594466449
Qwen2.5-1.5B,Qwen,H3b_fidelity_high_vs_depth_matched,fidelity_high@k4,rdm_fidelity_high,4,late,delta_auc_all,-0.027202285714285703,True,False,72,50,0.803921568627451,0.23529411764705882,0.47058823529411764,0.7843137254901961,-0.021750298412698394,0.008643571378434616,-0.6307563231547797
Qwen2.5-1.5B,Qwen,H3b_fidelity_high_vs_depth_matched,fidelity_high@k4,rdm_fidelity_high,4,late,delta_d_all,-1.235053959104984,True,False,72,50,0.8823529411764706,0.1568627450980392,0.3137254901960784,0.8627450980392157,-1.0247239065324438,0.219171939685894,-0.9596577594466449
Qwen2.5-1.5B,Qwen,H3b_fidelity_high_vs_depth_matched,fidelity_high@k4,rdm_fidelity_high,4,middle,delta_primary,-1.6938213926115597,True,False,72,50,1.0,0.0784313725490196,0.1568627450980392,0.9607843137254902,-1.0520566118638037,0.2826271395523469,-2.270711799879683
Qwen2.5-1.5B,Qwen,H3b_fidelity_high_vs_depth_matched,fidelity_high@k4,rdm_fidelity_high,4,middle,delta_auc_all,-0.035351365079365045,True,False,72,50,1.0,0.0784313725490196,0.1568627450980392,0.9607843137254902,-0.01349205333333331,0.008189558087288048,-2.66916865513929
Qwen2.5-1.5B,Qwen,H3b_fidelity_high_vs_depth_matched,fidelity_high@k4,rdm_fidelity_high,4,middle,delta_d_all,-1.6938213926115597,True,False,72,50,1.0,0.0784313725490196,0.1568627450980392,0.9607843137254902,-1.0520566118638037,0.2826271395523469,-2.270711799879683
Qwen2.5-1.5B,Qwen,H3d_cka_high_vs_uniform,cka_high@k2,random_same_ratio,2,all,delta_primary,-0.16099874958563484,False,False,55,50,0.17647058823529413,0.8627450980392157,0.35294117647058826,0.1568627450980392,-0.31598265406073317,0.14055312832696606,1.1026713266357346
Qwen2.5-1.5B,Qwen,H3d_cka_high_vs_uniform,cka_high@k2,random_same_ratio,2,all,delta_auc_all,-0.002224161616161609,False,False,55,50,0.23529411764705882,0.803921568627451,0.47058823529411764,0.21568627450980393,-0.0036306731313131223,0.0018920875509329008,0.7433649222299612
Qwen2.5-1.5B,Qwen,H3d_cka_high_vs_uniform,cka_high@k2,random_same_ratio,2,all,delta_d_all,-0.16099874958563484,False,False,55,50,0.17647058823529413,0.8627450980392157,0.35294117647058826,0.1568627450980392,-0.31598265406073317,0.14055312832696606,1.1026713266357346
Qwen2.5-1.5B,Qwen,H3d_cka_high_vs_uniform,cka_high@k2,random_same_ratio,2,early,delta_primary,0.0,False,False,55,50,0.47058823529411764,1.0,0.9411764705882353,0.23529411764705882,-0.11653816264687036,0.1313442447988258,0.8872726995032537
Qwen2.5-1.5B,Qwen,H3d_cka_high_vs_uniform,cka_high@k2,random_same_ratio,2,early,delta_auc_all,0.0,False,False,55,50,0.47058823529411764,1.0,0.9411764705882353,0.23529411764705882,-0.0009050400000000025,0.0011061583442572404,0.8181830428696135
Qwen2.5-1.5B,Qwen,H3d_cka_high_vs_uniform,cka_high@k2,random_same_ratio,2,early,delta_d_all,0.0,False,False,55,50,0.47058823529411764,1.0,0.9411764705882353,0.23529411764705882,-0.11653816264687036,0.1313442447988258,0.8872726995032537
Qwen2.5-1.5B,Qwen,H3d_cka_high_vs_uniform,cka_high@k2,random_same_ratio,2,late,delta_primary,-0.5059960701262809,False,False,55,50,0.5686274509803921,0.47058823529411764,0.9411764705882353,0.5490196078431373,-0.4985111844255227,0.16973877878653584,-0.04409649789086319
Qwen2.5-1.5B,Qwen,H3d_cka_high_vs_uniform,cka_high@k2,random_same_ratio,2,late,delta_auc_all,-0.006990222222222199,False,False,55,50,0.5490196078431373,0.49019607843137253,0.9803921568627451,0.5294117647058824,-0.007477409523809511,0.003833652835872206,0.127081747472961
Qwen2.5-1.5B,Qwen,H3d_cka_high_vs_uniform,cka_high@k2,random_same_ratio,2,late,delta_d_all,-0.5059960701262809,False,False,55,50,0.5686274509803921,0.47058823529411764,0.9411764705882353,0.5490196078431373,-0.4985111844255227,0.16973877878653584,-0.04409649789086319
Qwen2.5-1.5B,Qwen,H3d_cka_high_vs_uniform,cka_high@k2,random_same_ratio,2,middle,delta_primary,0.0,False,False,55,50,0.11764705882352941,1.0,0.23529411764705882,0.058823529411764705,-0.3613906853117868,0.26725124062462624,1.3522507303133018
Qwen2.5-1.5B,Qwen,H3d_cka_high_vs_uniform,cka_high@k2,random_same_ratio,2,middle,delta_auc_all,0.0,False,False,55,50,0.11764705882352941,1.0,0.23529411764705882,0.058823529411764705,-0.0028989460317460124,0.0029468629320179,0.9837396915373068
Qwen2.5-1.5B,Qwen,H3d_cka_high_vs_uniform,cka_high@k2,random_same_ratio,2,middle,delta_d_all,0.0,False,False,55,50,0.11764705882352941,1.0,0.23529411764705882,0.058823529411764705,-0.3613906853117868,0.26725124062462624,1.3522507303133018
Qwen2.5-1.5B,Qwen,H3d_cka_low_vs_uniform,cka_low@k2,random_same_ratio,2,all,delta_primary,-0.32878134197535686,False,False,55,50,0.5686274509803921,0.45098039215686275,0.9019607843137255,0.5588235294117647,-0.31598265406073317,0.14055312832696606,-0.0910594311700437
Qwen2.5-1.5B,Qwen,H3d_cka_low_vs_uniform,cka_low@k2,random_same_ratio,2,all,delta_auc_all,-0.0021228282828282667,False,False,55,50,0.21568627450980393,0.803921568627451,0.43137254901960786,0.20588235294117646,-0.0036306731313131223,0.0018920875509329008,0.7969212882043472
Qwen2.5-1.5B,Qwen,H3d_cka_low_vs_uniform,cka_low@k2,random_same_ratio,2,all,delta_d_all,-0.32878134197535686,False,False,55,50,0.5686274509803921,0.45098039215686275,0.9019607843137255,0.5588235294117647,-0.31598265406073317,0.14055312832696606,-0.0910594311700437
Qwen2.5-1.5B,Qwen,H3d_cka_low_vs_uniform,cka_low@k2,random_same_ratio,2,early,delta_primary,-0.25010507019357114,False,False,55,50,0.8823529411764706,0.21568627450980393,0.43137254901960786,0.8333333333333334,-0.11653816264687036,0.1313442447988258,-1.0169224220770336
Qwen2.5-1.5B,Qwen,H3d_cka_low_vs_uniform,cka_low@k2,random_same_ratio,2,early,delta_auc_all,-0.001897555555555555,False,False,55,50,0.8823529411764706,0.21568627450980393,0.43137254901960786,0.8333333333333334,-0.0009050400000000025,0.0011061583442572404,-0.8972635434233458
Qwen2.5-1.5B,Qwen,H3d_cka_low_vs_uniform,cka_low@k2,random_same_ratio,2,early,delta_d_all,-0.25010507019357114,False,False,55,50,0.8823529411764706,0.21568627450980393,0.43137254901960786,0.8333333333333334,-0.11653816264687036,0.1313442447988258,-1.0169224220770336
Qwen2.5-1.5B,Qwen,H3d_cka_low_vs_uniform,cka_low@k2,random_same_ratio,2,late,delta_primary,-0.2843595047103233,False,False,55,50,0.11764705882352941,0.9019607843137255,0.23529411764705882,0.10784313725490197,-0.4985111844255227,0.16973877878653584,1.2616544153679663
Qwen2.5-1.5B,Qwen,H3d_cka_low_vs_uniform,cka_low@k2,random_same_ratio,2,late,delta_auc_all,-0.001993142857142836,False,False,55,50,0.0784313725490196,0.9411764705882353,0.1568627450980392,0.06862745098039216,-0.007477409523809511,0.003833652835872206,1.4305590259371863
Qwen2.5-1.5B,Qwen,H3d_cka_low_vs_uniform,cka_low@k2,random_same_ratio,2,late,delta_d_all,-0.2843595047103233,False,False,55,50,0.11764705882352941,0.9019607843137255,0.23529411764705882,0.10784313725490197,-0.4985111844255227,0.16973877878653584,1.2616544153679663
Qwen2.5-1.5B,Qwen,H3d_cka_low_vs_uniform,cka_low@k2,random_same_ratio,2,middle,delta_primary,-0.46311891841957403,False,False,55,50,0.6470588235294118,0.37254901960784315,0.7450980392156863,0.6372549019607843,-0.3613906853117868,0.26725124062462624,-0.38064643917096685
Qwen2.5-1.5B,Qwen,H3d_cka_low_vs_uniform,cka_low@k2,random_same_ratio,2,middle,delta_auc_all,-0.002509968253968225,False,False,55,50,0.6078431372549019,0.4117647058823529,0.8235294117647058,0.5980392156862745,-0.0028989460317460124,0.0029468629320179,0.13199724138897434
Qwen2.5-1.5B,Qwen,H3d_cka_low_vs_uniform,cka_low@k2,random_same_ratio,2,middle,delta_d_all,-0.46311891841957403,False,False,55,50,0.6470588235294118,0.37254901960784315,0.7450980392156863,0.6372549019607843,-0.3613906853117868,0.26725124062462624,-0.38064643917096685
Qwen2.5-1.5B,Qwen,H3d_kvdist_low_vs_uniform,kvdist_low@k2,random_same_ratio,2,all,delta_primary,-0.2242125830797429,False,False,55,50,0.37254901960784315,0.6666666666666666,0.7450980392156863,0.35294117647058826,-0.31598265406073317,0.14055312832696606,0.6529208710851836
Qwen2.5-1.5B,Qwen,H3d_kvdist_low_vs_uniform,kvdist_low@k2,random_same_ratio,2,all,delta_auc_all,-0.0029383434343434297,False,False,55,50,0.4117647058823529,0.6274509803921569,0.8235294117647058,0.39215686274509803,-0.0036306731313131223,0.0018920875509329008,0.3659078548602769
Qwen2.5-1.5B,Qwen,H3d_kvdist_low_vs_uniform,kvdist_low@k2,random_same_ratio,2,all,delta_d_all,-0.2242125830797429,False,False,55,50,0.37254901960784315,0.6666666666666666,0.7450980392156863,0.35294117647058826,-0.31598265406073317,0.14055312832696606,0.6529208710851836
Qwen2.5-1.5B,Qwen,H3d_kvdist_low_vs_uniform,kvdist_low@k2,random_same_ratio,2,early,delta_primary,0.0,False,False,55,50,0.47058823529411764,1.0,0.9411764705882353,0.23529411764705882,-0.11653816264687036,0.1313442447988258,0.8872726995032537
Qwen2.5-1.5B,Qwen,H3d_kvdist_low_vs_uniform,kvdist_low@k2,random_same_ratio,2,early,delta_auc_all,0.0,False,False,55,50,0.47058823529411764,1.0,0.9411764705882353,0.23529411764705882,-0.0009050400000000025,0.0011061583442572404,0.8181830428696135
Qwen2.5-1.5B,Qwen,H3d_kvdist_low_vs_uniform,kvdist_low@k2,random_same_ratio,2,early,delta_d_all,0.0,False,False,55,50,0.47058823529411764,1.0,0.9411764705882353,0.23529411764705882,-0.11653816264687036,0.1313442447988258,0.8872726995032537
Qwen2.5-1.5B,Qwen,H3d_kvdist_low_vs_uniform,kvdist_low@k2,random_same_ratio,2,late,delta_primary,-0.525608169328518,False,False,55,50,0.6078431372549019,0.43137254901960786,0.8627450980392157,0.5882352941176471,-0.4985111844255227,0.16973877878653584,-0.15963932989686758
Qwen2.5-1.5B,Qwen,H3d_kvdist_low_vs_uniform,kvdist_low@k2,random_same_ratio,2,late,delta_auc_all,-0.007950984126984124,False,False,55,50,0.6470588235294118,0.39215686274509803,0.7843137254901961,0.6274509803921569,-0.007477409523809511,0.003833652835872206,-0.12353090471398105
Qwen2.5-1.5B,Qwen,H3d_kvdist_low_vs_uniform,kvdist_low@k2,random_same_ratio,2,late,delta_d_all,-0.525608169328518,False,False,55,50,0.6078431372549019,0.43137254901960786,0.8627450980392157,0.5882352941176471,-0.4985111844255227,0.16973877878653584,-0.15963932989686758
Qwen2.5-1.5B,Qwen,H3d_kvdist_low_vs_uniform,kvdist_low@k2,random_same_ratio,2,middle,delta_primary,-0.1790599489221027,False,False,55,50,0.37254901960784315,0.7450980392156863,0.7450980392156863,0.3137254901960784,-0.3613906853117868,0.26725124062462624,0.6822446771941495
Qwen2.5-1.5B,Qwen,H3d_kvdist_low_vs_uniform,kvdist_low@k2,random_same_ratio,2,middle,delta_auc_all,-0.0012838095238095124,False,False,55,50,0.5294117647058824,0.5882352941176471,1.0,0.47058823529411764,-0.0028989460317460124,0.0029468629320179,0.5480867434952313
Qwen2.5-1.5B,Qwen,H3d_kvdist_low_vs_uniform,kvdist_low@k2,random_same_ratio,2,middle,delta_d_all,-0.1790599489221027,False,False,55,50,0.37254901960784315,0.7450980392156863,0.7450980392156863,0.3137254901960784,-0.3613906853117868,0.26725124062462624,0.6822446771941495
Qwen2.5-1.5B,Qwen,H3d_kvdist_high_vs_uniform,kvdist_high@k2,random_same_ratio,2,all,delta_primary,-0.32878134197535686,False,False,55,50,0.5686274509803921,0.45098039215686275,0.9019607843137255,0.5588235294117647,-0.31598265406073317,0.14055312832696606,-0.0910594311700437
Qwen2.5-1.5B,Qwen,H3d_kvdist_high_vs_uniform,kvdist_high@k2,random_same_ratio,2,all,delta_auc_all,-0.0021228282828282667,False,False,55,50,0.21568627450980393,0.803921568627451,0.43137254901960786,0.20588235294117646,-0.0036306731313131223,0.0018920875509329008,0.7969212882043472
Qwen2.5-1.5B,Qwen,H3d_kvdist_high_vs_uniform,kvdist_high@k2,random_same_ratio,2,all,delta_d_all,-0.32878134197535686,False,False,55,50,0.5686274509803921,0.45098039215686275,0.9019607843137255,0.5588235294117647,-0.31598265406073317,0.14055312832696606,-0.0910594311700437
Qwen2.5-1.5B,Qwen,H3d_kvdist_high_vs_uniform,kvdist_high@k2,random_same_ratio,2,early,delta_primary,-0.25010507019357114,False,False,55,50,0.8823529411764706,0.21568627450980393,0.43137254901960786,0.8333333333333334,-0.11653816264687036,0.1313442447988258,-1.0169224220770336
Qwen2.5-1.5B,Qwen,H3d_kvdist_high_vs_uniform,kvdist_high@k2,random_same_ratio,2,early,delta_auc_all,-0.001897555555555555,False,False,55,50,0.8823529411764706,0.21568627450980393,0.43137254901960786,0.8333333333333334,-0.0009050400000000025,0.0011061583442572404,-0.8972635434233458
Qwen2.5-1.5B,Qwen,H3d_kvdist_high_vs_uniform,kvdist_high@k2,random_same_ratio,2,early,delta_d_all,-0.25010507019357114,False,False,55,50,0.8823529411764706,0.21568627450980393,0.43137254901960786,0.8333333333333334,-0.11653816264687036,0.1313442447988258,-1.0169224220770336
Qwen2.5-1.5B,Qwen,H3d_kvdist_high_vs_uniform,kvdist_high@k2,random_same_ratio,2,late,delta_primary,-0.2843595047103233,False,False,55,50,0.11764705882352941,0.9019607843137255,0.23529411764705882,0.10784313725490197,-0.4985111844255227,0.16973877878653584,1.2616544153679663
Qwen2.5-1.5B,Qwen,H3d_kvdist_high_vs_uniform,kvdist_high@k2,random_same_ratio,2,late,delta_auc_all,-0.001993142857142836,False,False,55,50,0.0784313725490196,0.9411764705882353,0.1568627450980392,0.06862745098039216,-0.007477409523809511,0.003833652835872206,1.4305590259371863
Qwen2.5-1.5B,Qwen,H3d_kvdist_high_vs_uniform,kvdist_high@k2,random_same_ratio,2,late,delta_d_all,-0.2843595047103233,False,False,55,50,0.11764705882352941,0.9019607843137255,0.23529411764705882,0.10784313725490197,-0.4985111844255227,0.16973877878653584,1.2616544153679663
Qwen2.5-1.5B,Qwen,H3d_kvdist_high_vs_uniform,kvdist_high@k2,random_same_ratio,2,middle,delta_primary,-0.46311891841957403,False,False,55,50,0.6470588235294118,0.37254901960784315,0.7450980392156863,0.6372549019607843,-0.3613906853117868,0.26725124062462624,-0.38064643917096685
Qwen2.5-1.5B,Qwen,H3d_kvdist_high_vs_uniform,kvdist_high@k2,random_same_ratio,2,middle,delta_auc_all,-0.002509968253968225,False,False,55,50,0.6078431372549019,0.4117647058823529,0.8235294117647058,0.5980392156862745,-0.0028989460317460124,0.0029468629320179,0.13199724138897434
Qwen2.5-1.5B,Qwen,H3d_kvdist_high_vs_uniform,kvdist_high@k2,random_same_ratio,2,middle,delta_d_all,-0.46311891841957403,False,False,55,50,0.6470588235294118,0.37254901960784315,0.7450980392156863,0.6372549019607843,-0.3613906853117868,0.26725124062462624,-0.38064643917096685
Qwen2.5-1.5B,Qwen,H3d_fidelity_high_vs_uniform,fidelity_high@k2,random_same_ratio,2,all,delta_primary,-0.6450035016535112,False,False,55,50,1.0,0.0196078431372549,0.0392156862745098,0.9901960784313726,-0.31598265406073317,0.14055312832696606,-2.3409002098294325
Qwen2.5-1.5B,Qwen,H3d_fidelity_high_vs_uniform,fidelity_high@k2,random_same_ratio,2,all,delta_auc_all,-0.0083710707070707,False,False,55,50,0.9607843137254902,0.058823529411764705,0.11764705882352941,0.9509803921568627,-0.0036306731313131223,0.0018920875509329008,-2.505379612809305
Qwen2.5-1.5B,Qwen,H3d_fidelity_high_vs_uniform,fidelity_high@k2,random_same_ratio,2,all,delta_d_all,-0.6450035016535112,False,False,55,50,1.0,0.0196078431372549,0.0392156862745098,0.9901960784313726,-0.31598265406073317,0.14055312832696606,-2.3409002098294325
Qwen2.5-1.5B,Qwen,H3d_fidelity_high_vs_uniform,fidelity_high@k2,random_same_ratio,2,early,delta_primary,-0.17449942841063937,False,False,55,50,0.803921568627451,0.39215686274509803,0.7843137254901961,0.7058823529411765,-0.11653816264687036,0.1313442447988258,-0.4412927711643987
Qwen2.5-1.5B,Qwen,H3d_fidelity_high_vs_uniform,fidelity_high@k2,random_same_ratio,2,early,delta_auc_all,-0.0012346666666666756,False,False,55,50,0.803921568627451,0.39215686274509803,0.7843137254901961,0.7058823529411765,-0.0009050400000000025,0.0011061583442572404,-0.29799229773745434
Qwen2.5-1.5B,Qwen,H3d_fidelity_high_vs_uniform,fidelity_high@k2,random_same_ratio,2,early,delta_d_all,-0.17449942841063937,False,False,55,50,0.803921568627451,0.39215686274509803,0.7843137254901961,0.7058823529411765,-0.11653816264687036,0.1313442447988258,-0.4412927711643987
Qwen2.5-1.5B,Qwen,H3d_fidelity_high_vs_uniform,fidelity_high@k2,random_same_ratio,2,late,delta_primary,-0.770064073910587,False,False,55,50,0.9215686274509803,0.09803921568627451,0.19607843137254902,0.9117647058823529,-0.4985111844255227,0.16973877878653584,-1.5998282267988402
Qwen2.5-1.5B,Qwen,H3d_fidelity_high_vs_uniform,fidelity_high@k2,random_same_ratio,2,late,delta_auc_all,-0.012415746031746031,False,False,55,50,0.8627450980392157,0.1568627450980392,0.3137254901960784,0.8529411764705882,-0.007477409523809511,0.003833652835872206,-1.2881543320061697
Qwen2.5-1.5B,Qwen,H3d_fidelity_high_vs_uniform,fidelity_high@k2,random_same_ratio,2,late,delta_d_all,-0.770064073910587,False,False,55,50,0.9215686274509803,0.09803921568627451,0.19607843137254902,0.9117647058823529,-0.4985111844255227,0.16973877878653584,-1.5998282267988402
Qwen2.5-1.5B,Qwen,H3d_fidelity_high_vs_uniform,fidelity_high@k2,random_same_ratio,2,middle,delta_primary,-1.0576618702454317,False,False,55,50,1.0,0.0196078431372549,0.0392156862745098,0.9901960784313726,-0.3613906853117868,0.26725124062462624,-2.60530571647227
Qwen2.5-1.5B,Qwen,H3d_fidelity_high_vs_uniform,fidelity_high@k2,random_same_ratio,2,middle,delta_auc_all,-0.012482285714285684,False,False,55,50,1.0,0.0196078431372549,0.0392156862745098,0.9901960784313726,-0.0028989460317460124,0.0029468629320179,-3.2520479926011903
Qwen2.5-1.5B,Qwen,H3d_fidelity_high_vs_uniform,fidelity_high@k2,random_same_ratio,2,middle,delta_d_all,-1.0576618702454317,False,False,55,50,1.0,0.0196078431372549,0.0392156862745098,0.9901960784313726,-0.3613906853117868,0.26725124062462624,-2.60530571647227
Qwen2.5-1.5B,Qwen,H3d_cka_high_vs_uniform,cka_high@k4,random_same_ratio,4,all,delta_primary,-0.3353584578822104,True,False,330,50,0.0196078431372549,1.0,0.0392156862745098,0.00980392156862745,-0.7071890002137369,0.1877007232733757,1.980975543658273
Qwen2.5-1.5B,Qwen,H3d_cka_high_vs_uniform,cka_high@k4,random_same_ratio,4,all,delta_auc_all,-0.006664646464646464,True,False,330,50,0.13725490196078433,0.8823529411764706,0.27450980392156865,0.12745098039215685,-0.012217037575757563,0.004643241016114575,1.1958007546541904
Qwen2.5-1.5B,Qwen,H3d_cka_high_vs_uniform,cka_high@k4,random_same_ratio,4,all,delta_d_all,-0.3353584578822104,True,False,330,50,0.0196078431372549,1.0,0.0392156862745098,0.00980392156862745,-0.7071890002137369,0.1877007232733757,1.980975543658273
Qwen2.5-1.5B,Qwen,H3d_cka_high_vs_uniform,cka_high@k4,random_same_ratio,4,early,delta_primary,0.0,True,False,330,50,0.09803921568627451,1.0,0.19607843137254902,0.049019607843137254,-0.28188700966209973,0.17899895520767906,1.574796955295339
Qwen2.5-1.5B,Qwen,H3d_cka_high_vs_uniform,cka_high@k4,random_same_ratio,4,early,delta_auc_all,0.0,True,False,330,50,0.09803921568627451,1.0,0.19607843137254902,0.049019607843137254,-0.0027050000000000017,0.002091163000192391,1.2935385714796679
Qwen2.5-1.5B,Qwen,H3d_cka_high_vs_uniform,cka_high@k4,random_same_ratio,4,early,delta_d_all,0.0,True,False,330,50,0.09803921568627451,1.0,0.19607843137254902,0.049019607843137254,-0.28188700966209973,0.17899895520767906,1.574796955295339
Qwen2.5-1.5B,Qwen,H3d_cka_high_vs_uniform,cka_high@k4,random_same_ratio,4,late,delta_primary,-0.9631566151138061,True,False,330,50,0.43137254901960786,0.5882352941176471,0.8627450980392157,0.4215686274509804,-1.0327457985327504,0.2626656862034603,0.26493442834036807
Qwen2.5-1.5B,Qwen,H3d_cka_high_vs_uniform,cka_high@k4,random_same_ratio,4,late,delta_auc_all,-0.020157968253968254,True,False,330,50,0.43137254901960786,0.5882352941176471,0.8627450980392157,0.4215686274509804,-0.02451658666666666,0.011375762196221554,0.38314957165209684
Qwen2.5-1.5B,Qwen,H3d_cka_high_vs_uniform,cka_high@k4,random_same_ratio,4,late,delta_d_all,-0.9631566151138061,True,False,330,50,0.43137254901960786,0.5882352941176471,0.8627450980392157,0.4215686274509804,-1.0327457985327504,0.2626656862034603,0.26493442834036807
Qwen2.5-1.5B,Qwen,H3d_cka_high_vs_uniform,cka_high@k4,random_same_ratio,4,middle,delta_primary,-0.0908271096588552,True,False,330,50,0.0392156862745098,1.0,0.0784313725490196,0.0196078431372549,-0.8676916196680226,0.4124402967830221,1.883580523214158
Qwen2.5-1.5B,Qwen,H3d_cka_high_vs_uniform,cka_high@k4,random_same_ratio,4,middle,delta_auc_all,-0.0007880634920634907,True,False,330,50,0.0392156862745098,1.0,0.0784313725490196,0.0196078431372549,-0.010788388571428546,0.008404702857335697,1.189848736964768
Qwen2.5-1.5B,Qwen,H3d_cka_high_vs_uniform,cka_high@k4,random_same_ratio,4,middle,delta_d_all,-0.0908271096588552,True,False,330,50,0.0392156862745098,1.0,0.0784313725490196,0.0196078431372549,-0.8676916196680226,0.4124402967830221,1.883580523214158
Qwen2.5-1.5B,Qwen,H3d_cka_low_vs_uniform,cka_low@k4,random_same_ratio,4,all,delta_primary,-1.0649955128997004,True,False,330,50,0.9803921568627451,0.0392156862745098,0.0784313725490196,0.9705882352941176,-0.7071890002137369,0.1877007232733757,-1.906260702921417
Qwen2.5-1.5B,Qwen,H3d_cka_low_vs_uniform,cka_low@k4,random_same_ratio,4,all,delta_auc_all,-0.01760210101010101,True,False,330,50,0.9019607843137255,0.11764705882352941,0.23529411764705882,0.8921568627450981,-0.012217037575757563,0.004643241016114575,-1.159763926889503
Qwen2.5-1.5B,Qwen,H3d_cka_low_vs_uniform,cka_low@k4,random_same_ratio,4,all,delta_d_all,-1.0649955128997004,True,False,330,50,0.9803921568627451,0.0392156862745098,0.0784313725490196,0.9705882352941176,-0.7071890002137369,0.1877007232733757,-1.906260702921417
Qwen2.5-1.5B,Qwen,H3d_cka_low_vs_uniform,cka_low@k4,random_same_ratio,4,early,delta_primary,-0.6391059875605233,True,False,330,50,1.0,0.09803921568627451,0.19607843137254902,0.9509803921568627,-0.28188700966209973,0.17899895520767906,-1.995648396293538
Qwen2.5-1.5B,Qwen,H3d_cka_low_vs_uniform,cka_low@k4,random_same_ratio,4,early,delta_auc_all,-0.006873555555555549,True,False,330,50,0.9803921568627451,0.11764705882352941,0.23529411764705882,0.9313725490196079,-0.0027050000000000017,0.002091163000192391,-1.993414934738245
Qwen2.5-1.5B,Qwen,H3d_cka_low_vs_uniform,cka_low@k4,random_same_ratio,4,early,delta_d_all,-0.6391059875605233,True,False,330,50,1.0,0.09803921568627451,0.19607843137254902,0.9509803921568627,-0.28188700966209973,0.17899895520767906,-1.995648396293538
Qwen2.5-1.5B,Qwen,H3d_cka_low_vs_uniform,cka_low@k4,random_same_ratio,4,late,delta_primary,-0.9533780872908532,True,False,330,50,0.43137254901960786,0.5882352941176471,0.8627450980392157,0.4215686274509804,-1.0327457985327504,0.2626656862034603,0.3021624651056216
Qwen2.5-1.5B,Qwen,H3d_cka_low_vs_uniform,cka_low@k4,random_same_ratio,4,late,delta_auc_all,-0.01507199999999999,True,False,330,50,0.17647058823529413,0.8431372549019608,0.35294117647058826,0.16666666666666666,-0.02451658666666666,0.011375762196221554,0.8302377022089718
Qwen2.5-1.5B,Qwen,H3d_cka_low_vs_uniform,cka_low@k4,random_same_ratio,4,late,delta_d_all,-0.9533780872908532,True,False,330,50,0.43137254901960786,0.5882352941176471,0.8627450980392157,0.4215686274509804,-1.0327457985327504,0.2626656862034603,0.3021624651056216
Qwen2.5-1.5B,Qwen,H3d_cka_low_vs_uniform,cka_low@k4,random_same_ratio,4,middle,delta_primary,-1.6633438246104646,True,False,330,50,0.9803921568627451,0.0392156862745098,0.0784313725490196,0.9705882352941176,-0.8676916196680226,0.4124402967830221,-1.9291330433723874
Qwen2.5-1.5B,Qwen,H3d_cka_low_vs_uniform,cka_low@k4,random_same_ratio,4,middle,delta_auc_all,-0.03239339682539683,True,False,330,50,0.9607843137254902,0.058823529411764705,0.11764705882352941,0.9509803921568627,-0.010788388571428546,0.008404702857335697,-2.570585613875837
Qwen2.5-1.5B,Qwen,H3d_cka_low_vs_uniform,cka_low@k4,random_same_ratio,4,middle,delta_d_all,-1.6633438246104646,True,False,330,50,0.9803921568627451,0.0392156862745098,0.0784313725490196,0.9705882352941176,-0.8676916196680226,0.4124402967830221,-1.9291330433723874
Qwen2.5-1.5B,Qwen,H3d_kvdist_low_vs_uniform,kvdist_low@k4,random_same_ratio,4,all,delta_primary,-0.7847798380273407,True,False,330,50,0.5882352941176471,0.43137254901960786,0.8627450980392157,0.5784313725490197,-0.7071890002137369,0.1877007232733757,-0.4133752734697624
Qwen2.5-1.5B,Qwen,H3d_kvdist_low_vs_uniform,kvdist_low@k4,random_same_ratio,4,all,delta_auc_all,-0.01653987878787879,True,False,330,50,0.9019607843137255,0.11764705882352941,0.23529411764705882,0.8921568627450981,-0.012217037575757563,0.004643241016114575,-0.9309965166827684
Qwen2.5-1.5B,Qwen,H3d_kvdist_low_vs_uniform,kvdist_low@k4,random_same_ratio,4,all,delta_d_all,-0.7847798380273407,True,False,330,50,0.5882352941176471,0.43137254901960786,0.8627450980392157,0.5784313725490197,-0.7071890002137369,0.1877007232733757,-0.4133752734697624
Qwen2.5-1.5B,Qwen,H3d_kvdist_low_vs_uniform,kvdist_low@k4,random_same_ratio,4,early,delta_primary,-0.17449942841063937,True,False,330,50,0.37254901960784315,0.7058823529411765,0.7450980392156863,0.3333333333333333,-0.28188700966209973,0.17899895520767906,0.599934123229192
Qwen2.5-1.5B,Qwen,H3d_kvdist_low_vs_uniform,kvdist_low@k4,random_same_ratio,4,early,delta_auc_all,-0.0012346666666666756,True,False,330,50,0.37254901960784315,0.7058823529411765,0.7450980392156863,0.3333333333333333,-0.0027050000000000017,0.002091163000192391,0.7031175155633744
Qwen2.5-1.5B,Qwen,H3d_kvdist_low_vs_uniform,kvdist_low@k4,random_same_ratio,4,early,delta_d_all,-0.17449942841063937,True,False,330,50,0.37254901960784315,0.7058823529411765,0.7450980392156863,0.3333333333333333,-0.28188700966209973,0.17899895520767906,0.599934123229192
Qwen2.5-1.5B,Qwen,H3d_kvdist_low_vs_uniform,kvdist_low@k4,random_same_ratio,4,late,delta_primary,-1.3895704811875014,True,False,330,50,0.9019607843137255,0.11764705882352941,0.23529411764705882,0.8921568627450981,-1.0327457985327504,0.2626656862034603,-1.358474674831928
Qwen2.5-1.5B,Qwen,H3d_kvdist_low_vs_uniform,kvdist_low@k4,random_same_ratio,4,late,delta_auc_all,-0.04061587301587301,True,False,330,50,0.9215686274509803,0.09803921568627451,0.19607843137254902,0.9117647058823529,-0.02451658666666666,0.011375762196221554,-1.4152270477800342
Qwen2.5-1.5B,Qwen,H3d_kvdist_low_vs_uniform,kvdist_low@k4,random_same_ratio,4,late,delta_d_all,-1.3895704811875014,True,False,330,50,0.9019607843137255,0.11764705882352941,0.23529411764705882,0.8921568627450981,-1.0327457985327504,0.2626656862034603,-1.358474674831928
Qwen2.5-1.5B,Qwen,H3d_kvdist_low_vs_uniform,kvdist_low@k4,random_same_ratio,4,middle,delta_primary,-0.8774525201434107,True,False,330,50,0.5098039215686274,0.5294117647058824,1.0,0.49019607843137253,-0.8676916196680226,0.4124402967830221,-0.02366621436247094
Qwen2.5-1.5B,Qwen,H3d_kvdist_low_vs_uniform,kvdist_low@k4,random_same_ratio,4,middle,delta_auc_all,-0.00995555555555556,True,False,330,50,0.5490196078431373,0.49019607843137253,0.9803921568627451,0.5294117647058824,-0.010788388571428546,0.008404702857335697,0.09909130994989108
Qwen2.5-1.5B,Qwen,H3d_kvdist_low_vs_uniform,kvdist_low@k4,random_same_ratio,4,middle,delta_d_all,-0.8774525201434107,True,False,330,50,0.5098039215686274,0.5294117647058824,1.0,0.49019607843137253,-0.8676916196680226,0.4124402967830221,-0.02366621436247094
Qwen2.5-1.5B,Qwen,H3d_kvdist_high_vs_uniform,kvdist_high@k4,random_same_ratio,4,all,delta_primary,-0.4574263844145468,True,False,330,50,0.11764705882352941,0.9019607843137255,0.23529411764705882,0.10784313725490197,-0.7071890002137369,0.1877007232733757,1.3306427990446508
Qwen2.5-1.5B,Qwen,H3d_kvdist_high_vs_uniform,kvdist_high@k4,random_same_ratio,4,all,delta_auc_all,-0.004550303030303016,True,False,330,50,0.058823529411764705,0.9607843137254902,0.11764705882352941,0.049019607843137254,-0.012217037575757563,0.004643241016114575,1.6511601527568358
Qwen2.5-1.5B,Qwen,H3d_kvdist_high_vs_uniform,kvdist_high@k4,random_same_ratio,4,all,delta_d_all,-0.4574263844145468,True,False,330,50,0.11764705882352941,0.9019607843137255,0.23529411764705882,0.10784313725490197,-0.7071890002137369,0.1877007232733757,1.3306427990446508
Qwen2.5-1.5B,Qwen,H3d_kvdist_high_vs_uniform,kvdist_high@k4,random_same_ratio,4,early,delta_primary,-0.25010507019357114,True,False,330,50,0.5098039215686274,0.5490196078431373,1.0,0.4803921568627451,-0.28188700966209973,0.17899895520767906,0.1775537708119826
Qwen2.5-1.5B,Qwen,H3d_kvdist_high_vs_uniform,kvdist_high@k4,random_same_ratio,4,early,delta_auc_all,-0.001897555555555555,True,False,330,50,0.5098039215686274,0.5490196078431373,1.0,0.4803921568627451,-0.0027050000000000017,0.002091163000192391,0.3861221934254576
Qwen2.5-1.5B,Qwen,H3d_kvdist_high_vs_uniform,kvdist_high@k4,random_same_ratio,4,early,delta_d_all,-0.25010507019357114,True,False,330,50,0.5098039215686274,0.5490196078431373,1.0,0.4803921568627451,-0.28188700966209973,0.17899895520767906,0.1775537708119826
Qwen2.5-1.5B,Qwen,H3d_kvdist_high_vs_uniform,kvdist_high@k4,random_same_ratio,4,late,delta_primary,-0.5809649405296116,True,False,330,50,0.058823529411764705,0.9607843137254902,0.11764705882352941,0.049019607843137254,-1.0327457985327504,0.2626656862034603,1.7199843060322324
Qwen2.5-1.5B,Qwen,H3d_kvdist_high_vs_uniform,kvdist_high@k4,random_same_ratio,4,late,delta_auc_all,-0.00812571428571426,True,False,330,50,0.058823529411764705,0.9607843137254902,0.11764705882352941,0.049019607843137254,-0.02451658666666666,0.011375762196221554,1.440859267117645
Qwen2.5-1.5B,Qwen,H3d_kvdist_high_vs_uniform,kvdist_high@k4,random_same_ratio,4,late,delta_d_all,-0.5809649405296116,True,False,330,50,0.058823529411764705,0.9607843137254902,0.11764705882352941,0.049019607843137254,-1.0327457985327504,0.2626656862034603,1.7199843060322324
Qwen2.5-1.5B,Qwen,H3d_kvdist_high_vs_uniform,kvdist_high@k4,random_same_ratio,4,middle,delta_primary,-0.570826473123454,True,False,330,50,0.29411764705882354,0.7254901960784313,0.5882352941176471,0.28431372549019607,-0.8676916196680226,0.4124402967830221,0.7197772595453841
Qwen2.5-1.5B,Qwen,H3d_kvdist_high_vs_uniform,kvdist_high@k4,random_same_ratio,4,middle,delta_auc_all,-0.004006603174603155,True,False,330,50,0.29411764705882354,0.7254901960784313,0.5882352941176471,0.28431372549019607,-0.010788388571428546,0.008404702857335697,0.8069036481053212
Qwen2.5-1.5B,Qwen,H3d_kvdist_high_vs_uniform,kvdist_high@k4,random_same_ratio,4,middle,delta_d_all,-0.570826473123454,True,False,330,50,0.29411764705882354,0.7254901960784313,0.5882352941176471,0.28431372549019607,-0.8676916196680226,0.4124402967830221,0.7197772595453841
Qwen2.5-1.5B,Qwen,H3d_fidelity_high_vs_uniform,fidelity_high@k4,random_same_ratio,4,all,delta_primary,-1.0279993642850034,True,False,330,50,0.9607843137254902,0.058823529411764705,0.11764705882352941,0.9509803921568627,-0.7071890002137369,0.1877007232733757,-1.7091589125313278
Qwen2.5-1.5B,Qwen,H3d_fidelity_high_vs_uniform,fidelity_high@k4,random_same_ratio,4,all,delta_auc_all,-0.02099781818181817,True,False,330,50,0.9607843137254902,0.058823529411764705,0.11764705882352941,0.9509803921568627,-0.012217037575757563,0.004643241016114575,-1.8910886976546157
Qwen2.5-1.5B,Qwen,H3d_fidelity_high_vs_uniform,fidelity_high@k4,random_same_ratio,4,all,delta_d_all,-1.0279993642850034,True,False,330,50,0.9607843137254902,0.058823529411764705,0.11764705882352941,0.9509803921568627,-0.7071890002137369,0.1877007232733757,-1.7091589125313278
Qwen2.5-1.5B,Qwen,H3d_fidelity_high_vs_uniform,fidelity_high@k4,random_same_ratio,4,early,delta_primary,-0.26423231903178324,True,False,330,50,0.6078431372549019,0.5098039215686274,1.0,0.5490196078431373,-0.28188700966209973,0.17899895520767906,0.09863013228112466
Qwen2.5-1.5B,Qwen,H3d_fidelity_high_vs_uniform,fidelity_high@k4,random_same_ratio,4,early,delta_auc_all,-0.003009555555555557,True,False,330,50,0.6274509803921569,0.49019607843137253,0.9803921568627451,0.5686274509803921,-0.0027050000000000017,0.002091163000192391,-0.14563931913845818
Qwen2.5-1.5B,Qwen,H3d_fidelity_high_vs_uniform,fidelity_high@k4,random_same_ratio,4,early,delta_d_all,-0.26423231903178324,True,False,330,50,0.6078431372549019,0.5098039215686274,1.0,0.5490196078431373,-0.28188700966209973,0.17899895520767906,0.09863013228112466
Qwen2.5-1.5B,Qwen,H3d_fidelity_high_vs_uniform,fidelity_high@k4,random_same_ratio,4,late,delta_primary,-1.235053959104984,True,False,330,50,0.7843137254901961,0.23529411764705882,0.47058823529411764,0.7745098039215687,-1.0327457985327504,0.2626656862034603,-0.7702116081334133
Qwen2.5-1.5B,Qwen,H3d_fidelity_high_vs_uniform,fidelity_high@k4,random_same_ratio,4,late,delta_auc_all,-0.027202285714285703,True,False,330,50,0.6666666666666666,0.35294117647058826,0.7058823529411765,0.6568627450980392,-0.02451658666666666,0.011375762196221554,-0.2360895912988666
Qwen2.5-1.5B,Qwen,H3d_fidelity_high_vs_uniform,fidelity_high@k4,random_same_ratio,4,late,delta_d_all,-1.235053959104984,True,False,330,50,0.7843137254901961,0.23529411764705882,0.47058823529411764,0.7745098039215687,-1.0327457985327504,0.2626656862034603,-0.7702116081334133
Qwen2.5-1.5B,Qwen,H3d_fidelity_high_vs_uniform,fidelity_high@k4,random_same_ratio,4,middle,delta_primary,-1.6938213926115597,True,False,330,50,1.0,0.0392156862745098,0.0784313725490196,0.9803921568627451,-0.8676916196680226,0.4124402967830221,-2.0030287520090457
Qwen2.5-1.5B,Qwen,H3d_fidelity_high_vs_uniform,fidelity_high@k4,random_same_ratio,4,middle,delta_auc_all,-0.035351365079365045,True,False,330,50,1.0,0.0392156862745098,0.0784313725490196,0.9803921568627451,-0.010788388571428546,0.008404702857335697,-2.922527652063002
Qwen2.5-1.5B,Qwen,H3d_fidelity_high_vs_uniform,fidelity_high@k4,random_same_ratio,4,middle,delta_d_all,-1.6938213926115597,True,False,330,50,1.0,0.0392156862745098,0.0784313725490196,0.9803921568627451,-0.8676916196680226,0.4124402967830221,-2.0030287520090457
Qwen2.5-1.5B,Qwen,H3d_cka_high_vs_uniform,cka_high@k6,random_same_ratio,6,all,delta_primary,-0.7129809194722733,False,False,462,50,0.0196078431372549,1.0,0.0392156862745098,0.00980392156862745,-1.0742961132767481,0.2034494360323221,1.7759459099560864
Qwen2.5-1.5B,Qwen,H3d_cka_high_vs_uniform,cka_high@k6,random_same_ratio,6,all,delta_auc_all,-0.020875838383838385,False,False,462,50,0.37254901960784315,0.6470588235294118,0.7450980392156863,0.3627450980392157,-0.026885991111111097,0.010376815904937269,0.5791904551774011
Qwen2.5-1.5B,Qwen,H3d_cka_high_vs_uniform,cka_high@k6,random_same_ratio,6,all,delta_d_all,-0.7129809194722733,False,False,462,50,0.0196078431372549,1.0,0.0392156862745098,0.00980392156862745,-1.0742961132767481,0.2034494360323221,1.7759459099560864
Qwen2.5-1.5B,Qwen,H3d_cka_high_vs_uniform,cka_high@k6,random_same_ratio,6,early,delta_primary,-0.07322236591729486,False,False,462,50,0.0392156862745098,1.0,0.0784313725490196,0.0196078431372549,-0.3825772937047388,0.145239819475084,2.129959462256933
Qwen2.5-1.5B,Qwen,H3d_cka_high_vs_uniform,cka_high@k6,random_same_ratio,6,early,delta_auc_all,-0.00045422222222223085,False,False,462,50,0.0392156862745098,1.0,0.0784313725490196,0.0196078431372549,-0.004268795555555555,0.002394188512752941,1.5932635684343686
Qwen2.5-1.5B,Qwen,H3d_cka_high_vs_uniform,cka_high@k6,random_same_ratio,6,early,delta_d_all,-0.07322236591729486,False,False,462,50,0.0392156862745098,1.0,0.0784313725490196,0.0196078431372549,-0.3825772937047388,0.145239819475084,2.129959462256933
Qwen2.5-1.5B,Qwen,H3d_cka_high_vs_uniform,cka_high@k6,random_same_ratio,6,late,delta_primary,-1.5295689511802377,False,False,462,50,0.5686274509803921,0.45098039215686275,0.9019607843137255,0.5588235294117647,-1.55160424106632,0.25546663785539603,0.0862550588643011
Qwen2.5-1.5B,Qwen,H3d_cka_high_vs_uniform,cka_high@k6,random_same_ratio,6,late,delta_auc_all,-0.06062057142857143,False,False,462,50,0.7254901960784313,0.29411764705882354,0.5882352941176471,0.7156862745098039,-0.05263988825396823,0.020100598097446302,-0.3970370998869489
Qwen2.5-1.5B,Qwen,H3d_cka_high_vs_uniform,cka_high@k6,random_same_ratio,6,late,delta_d_all,-1.5295689511802377,False,False,462,50,0.5686274509803921,0.45098039215686275,0.9019607843137255,0.5588235294117647,-1.55160424106632,0.25546663785539603,0.0862550588643011
Qwen2.5-1.5B,Qwen,H3d_cka_high_vs_uniform,cka_high@k6,random_same_ratio,6,middle,delta_primary,-0.62754552039857,False,False,462,50,0.058823529411764705,0.9607843137254902,0.11764705882352941,0.049019607843137254,-1.3875237792837583,0.4485434092875352,1.6943248817150942
Qwen2.5-1.5B,Qwen,H3d_cka_high_vs_uniform,cka_high@k6,random_same_ratio,6,middle,delta_auc_all,-0.004470095238095225,False,False,462,50,0.0196078431372549,1.0,0.0392156862745098,0.00980392156862745,-0.02698031746031744,0.019560410014978016,1.1508052338875023
Qwen2.5-1.5B,Qwen,H3d_cka_high_vs_uniform,cka_high@k6,random_same_ratio,6,middle,delta_d_all,-0.62754552039857,False,False,462,50,0.058823529411764705,0.9607843137254902,0.11764705882352941,0.049019607843137254,-1.3875237792837583,0.4485434092875352,1.6943248817150942
Qwen2.5-1.5B,Qwen,H3d_cka_low_vs_uniform,cka_low@k6,random_same_ratio,6,all,delta_primary,-1.4436731457523362,False,False,462,50,0.9411764705882353,0.0784313725490196,0.1568627450980392,0.9313725490196079,-1.0742961132767481,0.2034494360323221,-1.81557167067745
Qwen2.5-1.5B,Qwen,H3d_cka_low_vs_uniform,cka_low@k6,random_same_ratio,6,all,delta_auc_all,-0.039189737373737356,False,False,462,50,0.8823529411764706,0.13725490196078433,0.27450980392156865,0.8725490196078431,-0.026885991111111097,0.010376815904937269,-1.1856957254847473
Qwen2.5-1.5B,Qwen,H3d_cka_low_vs_uniform,cka_low@k6,random_same_ratio,6,all,delta_d_all,-1.4436731457523362,False,False,462,50,0.9411764705882353,0.0784313725490196,0.1568627450980392,0.9313725490196079,-1.0742961132767481,0.2034494360323221,-1.81557167067745
Qwen2.5-1.5B,Qwen,H3d_cka_low_vs_uniform,cka_low@k6,random_same_ratio,6,early,delta_primary,-0.7250964287051018,False,False,462,50,1.0,0.0392156862745098,0.0784313725490196,0.9803921568627451,-0.3825772937047388,0.145239819475084,-2.358300473232979
Qwen2.5-1.5B,Qwen,H3d_cka_low_vs_uniform,cka_low@k6,random_same_ratio,6,early,delta_auc_all,-0.010969555555555552,False,False,462,50,1.0,0.0392156862745098,0.0784313725490196,0.9803921568627451,-0.004268795555555555,0.002394188512752941,-2.798760400155447
Qwen2.5-1.5B,Qwen,H3d_cka_low_vs_uniform,cka_low@k6,random_same_ratio,6,early,delta_d_all,-0.7250964287051018,False,False,462,50,1.0,0.0392156862745098,0.0784313725490196,0.9803921568627451,-0.3825772937047388,0.145239819475084,-2.358300473232979
Qwen2.5-1.5B,Qwen,H3d_cka_low_vs_uniform,cka_low@k6,random_same_ratio,6,late,delta_primary,-1.6197156884442985,False,False,462,50,0.6666666666666666,0.35294117647058826,0.7058823529411765,0.6568627450980392,-1.55160424106632,0.25546663785539603,-0.26661582095323216
Qwen2.5-1.5B,Qwen,H3d_cka_low_vs_uniform,cka_low@k6,random_same_ratio,6,late,delta_auc_all,-0.04939123809523806,False,False,462,50,0.5882352941176471,0.43137254901960786,0.8627450980392157,0.5784313725490197,-0.05263988825396823,0.020100598097446302,0.16161957683950218
Qwen2.5-1.5B,Qwen,H3d_cka_low_vs_uniform,cka_low@k6,random_same_ratio,6,late,delta_d_all,-1.6197156884442985,False,False,462,50,0.6666666666666666,0.35294117647058826,0.7058823529411765,0.6568627450980392,-1.55160424106632,0.25546663785539603,-0.26661582095323216
Qwen2.5-1.5B,Qwen,H3d_cka_low_vs_uniform,cka_low@k6,random_same_ratio,6,middle,delta_primary,-2.088861136828642,False,False,462,50,0.9411764705882353,0.0784313725490196,0.1568627450980392,0.9313725490196079,-1.3875237792837583,0.4485434092875352,-1.5635885914785492
Qwen2.5-1.5B,Qwen,H3d_cka_low_vs_uniform,cka_low@k6,random_same_ratio,6,middle,delta_auc_all,-0.061239873015873005,False,False,462,50,0.9411764705882353,0.0784313725490196,0.1568627450980392,0.9313725490196079,-0.02698031746031744,0.019560410014978016,-1.751474305974259
Qwen2.5-1.5B,Qwen,H3d_cka_low_vs_uniform,cka_low@k6,random_same_ratio,6,middle,delta_d_all,-2.088861136828642,False,False,462,50,0.9411764705882353,0.0784313725490196,0.1568627450980392,0.9313725490196079,-1.3875237792837583,0.4485434092875352,-1.5635885914785492
Qwen2.5-1.5B,Qwen,H3d_kvdist_low_vs_uniform,kvdist_low@k6,random_same_ratio,6,all,delta_primary,-1.3369773921252384,False,False,462,50,0.8823529411764706,0.1568627450980392,0.3137254901960784,0.8627450980392157,-1.0742961132767481,0.2034494360323221,-1.291137906161401
Qwen2.5-1.5B,Qwen,H3d_kvdist_low_vs_uniform,kvdist_low@k6,random_same_ratio,6,all,delta_auc_all,-0.04050278787878785,False,False,462,50,0.9215686274509803,0.11764705882352941,0.23529411764705882,0.9019607843137255,-0.026885991111111097,0.010376815904937269,-1.312232662930631
Qwen2.5-1.5B,Qwen,H3d_kvdist_low_vs_uniform,kvdist_low@k6,random_same_ratio,6,all,delta_d_all,-1.3369773921252384,False,False,462,50,0.8823529411764706,0.1568627450980392,0.3137254901960784,0.8627450980392157,-1.0742961132767481,0.2034494360323221,-1.291137906161401
Qwen2.5-1.5B,Qwen,H3d_kvdist_low_vs_uniform,kvdist_low@k6,random_same_ratio,6,early,delta_primary,-0.4379091989773038,False,False,462,50,0.6666666666666666,0.5294117647058824,1.0,0.5686274509803921,-0.3825772937047388,0.145239819475084,-0.38096925121872116
Qwen2.5-1.5B,Qwen,H3d_kvdist_low_vs_uniform,kvdist_low@k6,random_same_ratio,6,early,delta_auc_all,-0.0058695555555555445,False,False,462,50,0.8627450980392157,0.3333333333333333,0.6666666666666666,0.7647058823529411,-0.004268795555555555,0.002394188512752941,-0.6686023224459324
Qwen2.5-1.5B,Qwen,H3d_kvdist_low_vs_uniform,kvdist_low@k6,random_same_ratio,6,early,delta_d_all,-0.4379091989773038,False,False,462,50,0.6666666666666666,0.5294117647058824,1.0,0.5686274509803921,-0.3825772937047388,0.145239819475084,-0.38096925121872116
Qwen2.5-1.5B,Qwen,H3d_kvdist_low_vs_uniform,kvdist_low@k6,random_same_ratio,6,late,delta_primary,-1.9682305250425915,False,False,462,50,0.9215686274509803,0.11764705882352941,0.23529411764705882,0.9019607843137255,-1.55160424106632,0.25546663785539603,-1.6308441974020031
Qwen2.5-1.5B,Qwen,H3d_kvdist_low_vs_uniform,kvdist_low@k6,random_same_ratio,6,late,delta_auc_all,-0.08344660317460316,False,False,462,50,0.9019607843137255,0.13725490196078433,0.27450980392156865,0.8823529411764706,-0.05263988825396823,0.020100598097446302,-1.53262677912797
Qwen2.5-1.5B,Qwen,H3d_kvdist_low_vs_uniform,kvdist_low@k6,random_same_ratio,6,late,delta_d_all,-1.9682305250425915,False,False,462,50,0.9215686274509803,0.11764705882352941,0.23529411764705882,0.9019607843137255,-1.55160424106632,0.25546663785539603,-1.6308441974020031
Qwen2.5-1.5B,Qwen,H3d_kvdist_low_vs_uniform,kvdist_low@k6,random_same_ratio,6,middle,delta_primary,-1.733230765662667,False,False,462,50,0.7450980392156863,0.29411764705882354,0.5882352941176471,0.7254901960784313,-1.3875237792837583,0.4485434092875352,-0.7707325070900687
Qwen2.5-1.5B,Qwen,H3d_kvdist_low_vs_uniform,kvdist_low@k6,random_same_ratio,6,middle,delta_auc_all,-0.03713980952380948,False,False,462,50,0.7843137254901961,0.2549019607843137,0.5098039215686274,0.7647058823529411,-0.02698031746031744,0.019560410014978016,-0.51939054732046
Qwen2.5-1.5B,Qwen,H3d_kvdist_low_vs_uniform,kvdist_low@k6,random_same_ratio,6,middle,delta_d_all,-1.733230765662667,False,False,462,50,0.7450980392156863,0.29411764705882354,0.5882352941176471,0.7254901960784313,-1.3875237792837583,0.4485434092875352,-0.7707325070900687
Qwen2.5-1.5B,Qwen,H3d_kvdist_high_vs_uniform,kvdist_high@k6,random_same_ratio,6,all,delta_primary,-0.8036849433542724,False,False,462,50,0.09803921568627451,0.9215686274509803,0.19607843137254902,0.08823529411764706,-1.0742961132767481,0.2034494360323221,1.3301151145952725
Qwen2.5-1.5B,Qwen,H3d_kvdist_high_vs_uniform,kvdist_high@k6,random_same_ratio,6,all,delta_auc_all,-0.012965737373737372,False,False,462,50,0.0196078431372549,1.0,0.0392156862745098,0.00980392156862745,-0.026885991111111097,0.010376815904937269,1.3414764090351161
Qwen2.5-1.5B,Qwen,H3d_kvdist_high_vs_uniform,kvdist_high@k6,random_same_ratio,6,all,delta_d_all,-0.8036849433542724,False,False,462,50,0.09803921568627451,0.9215686274509803,0.19607843137254902,0.08823529411764706,-1.0742961132767481,0.2034494360323221,1.3301151145952725
Qwen2.5-1.5B,Qwen,H3d_kvdist_high_vs_uniform,kvdist_high@k6,random_same_ratio,6,early,delta_primary,-0.444370226244483,False,False,462,50,0.7058823529411765,0.35294117647058826,0.7058823529411765,0.6764705882352942,-0.3825772937047388,0.145239819475084,-0.4254544846108463
Qwen2.5-1.5B,Qwen,H3d_kvdist_high_vs_uniform,kvdist_high@k6,random_same_ratio,6,early,delta_auc_all,-0.003761111111111118,False,False,462,50,0.5294117647058824,0.5294117647058824,1.0,0.5,-0.004268795555555555,0.002394188512752941,0.21204865103152634
Qwen2.5-1.5B,Qwen,H3d_kvdist_high_vs_uniform,kvdist_high@k6,random_same_ratio,6,early,delta_d_all,-0.444370226244483,False,False,462,50,0.7058823529411765,0.35294117647058826,0.7058823529411765,0.6764705882352942,-0.3825772937047388,0.145239819475084,-0.4254544846108463
Qwen2.5-1.5B,Qwen,H3d_kvdist_high_vs_uniform,kvdist_high@k6,random_same_ratio,6,late,delta_primary,-1.102304856030342,False,False,462,50,0.0392156862745098,0.9803921568627451,0.0784313725490196,0.029411764705882353,-1.55160424106632,0.25546663785539603,1.7587399623206335
Qwen2.5-1.5B,Qwen,H3d_kvdist_high_vs_uniform,kvdist_high@k6,random_same_ratio,6,late,delta_auc_all,-0.027282031746031752,False,False,462,50,0.058823529411764705,0.9607843137254902,0.11764705882352941,0.049019607843137254,-0.05263988825396823,0.020100598097446302,1.2615473621731728
Qwen2.5-1.5B,Qwen,H3d_kvdist_high_vs_uniform,kvdist_high@k6,random_same_ratio,6,late,delta_d_all,-1.102304856030342,False,False,462,50,0.0392156862745098,0.9803921568627451,0.0784313725490196,0.029411764705882353,-1.55160424106632,0.25546663785539603,1.7587399623206335
Qwen2.5-1.5B,Qwen,H3d_kvdist_high_vs_uniform,kvdist_high@k6,random_same_ratio,6,middle,delta_primary,-0.9157104216608192,False,False,462,50,0.17647058823529413,0.8431372549019608,0.35294117647058826,0.16666666666666666,-1.3875237792837583,0.4485434092875352,1.0518789215348539
Qwen2.5-1.5B,Qwen,H3d_kvdist_high_vs_uniform,kvdist_high@k6,random_same_ratio,6,middle,delta_auc_all,-0.009169015873015853,False,False,462,50,0.17647058823529413,0.8431372549019608,0.35294117647058826,0.16666666666666666,-0.02698031746031744,0.019560410014978016,0.9105791531804762
Qwen2.5-1.5B,Qwen,H3d_kvdist_high_vs_uniform,kvdist_high@k6,random_same_ratio,6,middle,delta_d_all,-0.9157104216608192,False,False,462,50,0.17647058823529413,0.8431372549019608,0.35294117647058826,0.16666666666666666,-1.3875237792837583,0.4485434092875352,1.0518789215348539
Qwen2.5-1.5B,Qwen,H3d_fidelity_high_vs_uniform,fidelity_high@k6,random_same_ratio,6,all,delta_primary,-1.1951968998787823,False,False,462,50,0.7058823529411765,0.3137254901960784,0.6274509803921569,0.696078431372549,-1.0742961132767481,0.2034494360323221,-0.5942547148807363
Qwen2.5-1.5B,Qwen,H3d_fidelity_high_vs_uniform,fidelity_high@k6,random_same_ratio,6,all,delta_auc_all,-0.026803030303030287,False,False,462,50,0.5882352941176471,0.43137254901960786,0.8627450980392157,0.5784313725490197,-0.026885991111111097,0.010376815904937269,0.007994823155852461
Qwen2.5-1.5B,Qwen,H3d_fidelity_high_vs_uniform,fidelity_high@k6,random_same_ratio,6,all,delta_d_all,-1.1951968998787823,False,False,462,50,0.7058823529411765,0.3137254901960784,0.6274509803921569,0.696078431372549,-1.0742961132767481,0.2034494360323221,-0.5942547148807363
Qwen2.5-1.5B,Qwen,H3d_fidelity_high_vs_uniform,fidelity_high@k6,random_same_ratio,6,early,delta_primary,-0.5519839325375229,False,False,462,50,0.9803921568627451,0.1568627450980392,0.3137254901960784,0.9117647058823529,-0.3825772937047388,0.145239819475084,-1.166392518560283
Qwen2.5-1.5B,Qwen,H3d_fidelity_high_vs_uniform,fidelity_high@k6,random_same_ratio,6,early,delta_auc_all,-0.008052888888888901,False,False,462,50,0.9803921568627451,0.1568627450980392,0.3137254901960784,0.9117647058823529,-0.004268795555555555,0.002394188512752941,-1.5805327413346548
Qwen2.5-1.5B,Qwen,H3d_fidelity_high_vs_uniform,fidelity_high@k6,random_same_ratio,6,early,delta_d_all,-0.5519839325375229,False,False,462,50,0.9803921568627451,0.1568627450980392,0.3137254901960784,0.9117647058823529,-0.3825772937047388,0.145239819475084,-1.166392518560283
Qwen2.5-1.5B,Qwen,H3d_fidelity_high_vs_uniform,fidelity_high@k6,random_same_ratio,6,late,delta_primary,-1.292911540233259,False,False,462,50,0.11764705882352941,0.9019607843137255,0.23529411764705882,0.10784313725490197,-1.55160424106632,0.25546663785539603,1.0126281185079482
Qwen2.5-1.5B,Qwen,H3d_fidelity_high_vs_uniform,fidelity_high@k6,random_same_ratio,6,late,delta_auc_all,-0.03234526984126983,False,False,462,50,0.09803921568627451,0.9215686274509803,0.19607843137254902,0.08823529411764706,-0.05263988825396823,0.020100598097446302,1.0096524647829634
Qwen2.5-1.5B,Qwen,H3d_fidelity_high_vs_uniform,fidelity_high@k6,random_same_ratio,6,late,delta_d_all,-1.292911540233259,False,False,462,50,0.11764705882352941,0.9019607843137255,0.23529411764705882,0.10784313725490197,-1.55160424106632,0.25546663785539603,1.0126281185079482
Qwen2.5-1.5B,Qwen,H3d_fidelity_high_vs_uniform,fidelity_high@k6,random_same_ratio,6,middle,delta_primary,-1.8325827936286019,False,False,462,50,0.7843137254901961,0.23529411764705882,0.47058823529411764,0.7745098039215687,-1.3875237792837583,0.4485434092875352,-0.9922317553428637
Qwen2.5-1.5B,Qwen,H3d_fidelity_high_vs_uniform,fidelity_high@k6,random_same_ratio,6,middle,delta_auc_all,-0.04268952380952377,False,False,462,50,0.7843137254901961,0.23529411764705882,0.47058823529411764,0.7745098039215687,-0.02698031746031744,0.019560410014978016,-0.803112324188363
Qwen2.5-1.5B,Qwen,H3d_fidelity_high_vs_uniform,fidelity_high@k6,random_same_ratio,6,middle,delta_d_all,-1.8325827936286019,False,False,462,50,0.7843137254901961,0.23529411764705882,0.47058823529411764,0.7745098039215687,-1.3875237792837583,0.4485434092875352,-0.9922317553428637
Qwen2.5-1.5B,Qwen,H4_own_head_vs_random_source,full,random_source,11,all,delta_primary,-1.758154983678559,True,False,39916800,50,0.6470588235294118,0.37254901960784315,0.7450980392156863,0.6372549019607843,-1.7326460084785724,0.09803358988559588,-0.26020647851165424
Qwen2.5-1.5B,Qwen,H4_own_head_vs_random_source,full,random_source,11,all,delta_auc_all,-0.07965220202020201,True,False,39916800,50,0.7450980392156863,0.27450980392156865,0.5490196078431373,0.7352941176470589,-0.07214629737373737,0.012737077848010463,-0.5892956560391177
Qwen2.5-1.5B,Qwen,H4_own_head_vs_random_source,full,random_source,11,all,delta_d_all,-1.758154983678559,True,False,39916800,50,0.6470588235294118,0.37254901960784315,0.7450980392156863,0.6372549019607843,-1.7326460084785724,0.09803358988559588,-0.26020647851165424
Qwen2.5-1.5B,Qwen,H4_own_head_vs_random_source,full,random_source,11,early,delta_primary,-0.7250964287051018,True,False,39916800,50,0.1568627450980392,0.9411764705882353,0.3137254901960784,0.10784313725490197,-0.760652330881998,0.03205990751182994,1.1090456877885955
Qwen2.5-1.5B,Qwen,H4_own_head_vs_random_source,full,random_source,11,early,delta_auc_all,-0.010969555555555552,True,False,39916800,50,0.21568627450980393,0.8823529411764706,0.43137254901960786,0.16666666666666666,-0.013055386666666668,0.0018466119786156076,1.129544882880512
Qwen2.5-1.5B,Qwen,H4_own_head_vs_random_source,full,random_source,11,early,delta_d_all,-0.7250964287051018,True,False,39916800,50,0.1568627450980392,0.9411764705882353,0.3137254901960784,0.10784313725490197,-0.760652330881998,0.03205990751182994,1.1090456877885955
Qwen2.5-1.5B,Qwen,H4_own_head_vs_random_source,full,random_source,11,late,delta_primary,-2.4878825001421068,True,False,39916800,50,0.8627450980392157,0.1568627450980392,0.3137254901960784,0.8529411764705882,-2.2656243727712084,0.19109462500420174,-1.1630789058876532
Qwen2.5-1.5B,Qwen,H4_own_head_vs_random_source,full,random_source,11,late,delta_auc_all,-0.16342120634920634,True,False,39916800,50,0.8627450980392157,0.1568627450980392,0.3137254901960784,0.8529411764705882,-0.12798983365079367,0.0298825022399265,-1.1856896190932846
Qwen2.5-1.5B,Qwen,H4_own_head_vs_random_source,full,random_source,11,late,delta_d_all,-2.4878825001421068,True,False,39916800,50,0.8627450980392157,0.1568627450980392,0.3137254901960784,0.8529411764705882,-2.2656243727712084,0.19109462500420174,-1.1630789058876532
Qwen2.5-1.5B,Qwen,H4_own_head_vs_random_source,full,random_source,11,middle,delta_primary,-2.2090658157561047,True,False,39916800,50,0.29411764705882354,0.7254901960784313,0.5882352941176471,0.28431372549019607,-2.310517561439164,0.17865873066931592,0.5678521575911055
Qwen2.5-1.5B,Qwen,H4_own_head_vs_random_source,full,random_source,11,middle,delta_auc_all,-0.07437765079365079,True,False,39916800,50,0.3137254901960784,0.7058823529411765,0.6274509803921569,0.30392156862745096,-0.08383523047619044,0.01892487716796943,0.499743253211002
Qwen2.5-1.5B,Qwen,H4_own_head_vs_random_source,full,random_source,11,middle,delta_d_all,-2.2090658157561047,True,False,39916800,50,0.29411764705882354,0.7254901960784313,0.5882352941176471,0.28431372549019607,-2.310517561439164,0.17865873066931592,0.5678521575911055
Qwen2.5-1.5B,Qwen,H3e_kvsharer_dissimilar_vs_random_pairs,kvsharer_dissimilar@k4,random_pairs,4,all,delta_primary,-0.331622288219311,True,False,385183029,50,0.5490196078431373,0.47058823529411764,0.9411764705882353,0.5392156862745098,-0.34937158346182995,0.19083498688373393,0.09300860147480552
Qwen2.5-1.5B,Qwen,H3e_kvsharer_dissimilar_vs_random_pairs,kvsharer_dissimilar@k4,random_pairs,4,all,delta_auc_all,-0.004446141414141402,True,False,385183029,50,0.6274509803921569,0.39215686274509803,0.7843137254901961,0.6176470588235294,-0.004300365252525243,0.0027248997589068118,-0.05349780708066936
Qwen2.5-1.5B,Qwen,H3e_kvsharer_dissimilar_vs_random_pairs,kvsharer_dissimilar@k4,random_pairs,4,all,delta_d_all,-0.331622288219311,True,False,385183029,50,0.5490196078431373,0.47058823529411764,0.9411764705882353,0.5392156862745098,-0.34937158346182995,0.19083498688373393,0.09300860147480552
Qwen2.5-1.5B,Qwen,H3e_kvsharer_dissimilar_vs_random_pairs,kvsharer_dissimilar@k4,random_pairs,4,early,delta_primary,0.0,True,False,385183029,50,0.39215686274509803,1.0,0.7843137254901961,0.19607843137254902,-0.0895527014026699,0.11031585652446832,0.8117844906802395
Qwen2.5-1.5B,Qwen,H3e_kvsharer_dissimilar_vs_random_pairs,kvsharer_dissimilar@k4,random_pairs,4,early,delta_auc_all,0.0,True,False,385183029,50,0.45098039215686275,0.9411764705882353,0.9019607843137255,0.2549019607843137,-0.0007922133333333365,0.0012492801760802857,0.6341358395832133
Qwen2.5-1.5B,Qwen,H3e_kvsharer_dissimilar_vs_random_pairs,kvsharer_dissimilar@k4,random_pairs,4,early,delta_d_all,0.0,True,False,385183029,50,0.39215686274509803,1.0,0.7843137254901961,0.19607843137254902,-0.0895527014026699,0.11031585652446832,0.8117844906802395
Qwen2.5-1.5B,Qwen,H3e_kvsharer_dissimilar_vs_random_pairs,kvsharer_dissimilar@k4,random_pairs,4,late,delta_primary,-0.7758958514459742,True,False,385183029,50,0.7647058823529411,0.2549019607843137,0.5098039215686274,0.7549019607843137,-0.5928090511028694,0.2142883105189687,-0.8543947166306022
Qwen2.5-1.5B,Qwen,H3e_kvsharer_dissimilar_vs_random_pairs,kvsharer_dissimilar@k4,random_pairs,4,late,delta_auc_all,-0.012157460317460298,True,False,385183029,50,0.7843137254901961,0.23529411764705882,0.47058823529411764,0.7745098039215687,-0.009045394285714277,0.004874939785767001,-0.6383804043758835
Qwen2.5-1.5B,Qwen,H3e_kvsharer_dissimilar_vs_random_pairs,kvsharer_dissimilar@k4,random_pairs,4,late,delta_d_all,-0.7758958514459742,True,False,385183029,50,0.7647058823529411,0.2549019607843137,0.5098039215686274,0.7549019607843137,-0.5928090511028694,0.2142883105189687,-0.8543947166306022
Qwen2.5-1.5B,Qwen,H3e_kvsharer_dissimilar_vs_random_pairs,kvsharer_dissimilar@k4,random_pairs,4,middle,delta_primary,-0.26634562581471766,True,False,385183029,50,0.45098039215686275,0.5686274509803921,0.9019607843137255,0.4411764705882353,-0.40286998103125904,0.34830256589839226,0.39197056979582695
Qwen2.5-1.5B,Qwen,H3e_kvsharer_dissimilar_vs_random_pairs,kvsharer_dissimilar@k4,random_pairs,4,middle,delta_auc_all,-0.0018161269841269676,True,False,385183029,50,0.5098039215686274,0.5098039215686274,1.0,0.5,-0.0035646526984126777,0.004220839183321936,0.4142602071158665
Qwen2.5-1.5B,Qwen,H3e_kvsharer_dissimilar_vs_random_pairs,kvsharer_dissimilar@k4,random_pairs,4,middle,delta_d_all,-0.26634562581471766,True,False,385183029,50,0.45098039215686275,0.5686274509803921,0.9019607843137255,0.4411764705882353,-0.40286998103125904,0.34830256589839226,0.39197056979582695
Qwen2.5-1.5B,Qwen,H3e_kvsharer_similar_vs_random_pairs,kvsharer_similar@k4,random_pairs,4,all,delta_primary,-0.1652311461006682,True,False,385183029,50,0.19607843137254902,0.8235294117647058,0.39215686274509803,0.18627450980392157,-0.34937158346182995,0.19083498688373393,0.9649196951151792
Qwen2.5-1.5B,Qwen,H3e_kvsharer_similar_vs_random_pairs,kvsharer_similar@k4,random_pairs,4,all,delta_auc_all,-0.0019996767676767613,True,False,385183029,50,0.23529411764705882,0.7843137254901961,0.47058823529411764,0.22549019607843138,-0.004300365252525243,0.0027248997589068118,0.8443204111741281
Qwen2.5-1.5B,Qwen,H3e_kvsharer_similar_vs_random_pairs,kvsharer_similar@k4,random_pairs,4,all,delta_d_all,-0.1652311461006682,True,False,385183029,50,0.19607843137254902,0.8235294117647058,0.39215686274509803,0.18627450980392157,-0.34937158346182995,0.19083498688373393,0.9649196951151792
Qwen2.5-1.5B,Qwen,H3e_kvsharer_similar_vs_random_pairs,kvsharer_similar@k4,random_pairs,4,early,delta_primary,-0.02463761932920988,True,False,385183029,50,0.45098039215686275,0.5686274509803921,0.9019607843137255,0.4411764705882353,-0.0895527014026699,0.11031585652446832,0.5884474283083837
Qwen2.5-1.5B,Qwen,H3e_kvsharer_similar_vs_random_pairs,kvsharer_similar@k4,random_pairs,4,early,delta_auc_all,-0.00016777777777778058,True,False,385183029,50,0.5098039215686274,0.5098039215686274,1.0,0.5,-0.0007922133333333365,0.0012492801760802857,0.49983627973251865
Qwen2.5-1.5B,Qwen,H3e_kvsharer_similar_vs_random_pairs,kvsharer_similar@k4,random_pairs,4,early,delta_d_all,-0.02463761932920988,True,False,385183029,50,0.45098039215686275,0.5686274509803921,0.9019607843137255,0.4411764705882353,-0.0895527014026699,0.11031585652446832,0.5884474283083837
Qwen2.5-1.5B,Qwen,H3e_kvsharer_similar_vs_random_pairs,kvsharer_similar@k4,random_pairs,4,late,delta_primary,-0.3487521055924717,True,False,385183029,50,0.1568627450980392,0.8627450980392157,0.3137254901960784,0.14705882352941177,-0.5928090511028694,0.2142883105189687,1.1389186135227563
Qwen2.5-1.5B,Qwen,H3e_kvsharer_similar_vs_random_pairs,kvsharer_similar@k4,random_pairs,4,late,delta_auc_all,-0.004977015873015879,True,False,385183029,50,0.21568627450980393,0.803921568627451,0.43137254901960786,0.20588235294117646,-0.009045394285714277,0.004874939785767001,0.8345494696317153
Qwen2.5-1.5B,Qwen,H3e_kvsharer_similar_vs_random_pairs,kvsharer_similar@k4,random_pairs,4,late,delta_d_all,-0.3487521055924717,True,False,385183029,50,0.1568627450980392,0.8627450980392157,0.3137254901960784,0.14705882352941177,-0.5928090511028694,0.2142883105189687,1.1389186135227563
Qwen2.5-1.5B,Qwen,H3e_kvsharer_similar_vs_random_pairs,kvsharer_similar@k4,random_pairs,4,middle,delta_primary,-0.14238850291910277,True,False,385183029,50,0.3137254901960784,0.7058823529411765,0.6274509803921569,0.30392156862745096,-0.40286998103125904,0.34830256589839226,0.747859773700733
Qwen2.5-1.5B,Qwen,H3e_kvsharer_similar_vs_random_pairs,kvsharer_similar@k4,random_pairs,4,middle,delta_auc_all,-0.0011159365079364786,True,False,385183029,50,0.37254901960784315,0.6470588235294118,0.7450980392156863,0.3627450980392157,-0.0035646526984126777,0.004220839183321936,0.5801491324644548
Qwen2.5-1.5B,Qwen,H3e_kvsharer_similar_vs_random_pairs,kvsharer_similar@k4,random_pairs,4,middle,delta_d_all,-0.14238850291910277,True,False,385183029,50,0.3137254901960784,0.7058823529411765,0.6274509803921569,0.30392156862745096,-0.40286998103125904,0.34830256589839226,0.747859773700733
Llama-3.2-1B,Llama,H3b_cka_high_vs_depth_matched,cka_high@k2,rdm_cka_high,2,all,delta_primary,-0.8972939442310354,True,True,4,4,1.0,0.25,0.5,0.875,-0.6469017008803535,0.27242100324221247,-0.9191370722912118
Llama-3.2-1B,Llama,H3b_cka_high_vs_depth_matched,cka_high@k2,rdm_cka_high,2,all,delta_auc_all,-0.01146207407407406,True,True,4,4,1.0,0.25,0.5,0.875,-0.007344518518518509,0.004290032429054715,-0.9597959044945569
Llama-3.2-1B,Llama,H3b_cka_high_vs_depth_matched,cka_high@k2,rdm_cka_high,2,all,delta_d_all,-0.8972939442310354,True,True,4,4,1.0,0.25,0.5,0.875,-0.6469017008803535,0.27242100324221247,-0.9191370722912118
Llama-3.2-1B,Llama,H3b_cka_high_vs_depth_matched,cka_high@k2,rdm_cka_high,2,early,delta_primary,-0.6726357825298186,True,True,4,4,1.0,0.5,1.0,0.75,-0.3833560816249394,0.33403142637705285,-0.8660254037844387
Llama-3.2-1B,Llama,H3b_cka_high_vs_depth_matched,cka_high@k2,rdm_cka_high,2,early,delta_auc_all,-0.006491111111111114,True,True,4,4,1.0,0.5,1.0,0.75,-0.0035299999999999915,0.003419196594200797,-0.8660254037844387
Llama-3.2-1B,Llama,H3b_cka_high_vs_depth_matched,cka_high@k2,rdm_cka_high,2,early,delta_d_all,-0.6726357825298186,True,True,4,4,1.0,0.5,1.0,0.75,-0.3833560816249394,0.33403142637705285,-0.8660254037844387
Llama-3.2-1B,Llama,H3b_cka_high_vs_depth_matched,cka_high@k2,rdm_cka_high,2,late,delta_primary,-0.972503384824039,True,True,4,4,1.0,0.25,0.5,0.875,-0.784467381392786,0.1707729884294646,-1.1010875031265182
Llama-3.2-1B,Llama,H3b_cka_high_vs_depth_matched,cka_high@k2,rdm_cka_high,2,late,delta_auc_all,-0.01563733333333331,True,True,4,4,1.0,0.25,0.5,0.875,-0.01104444444444444,0.004023050407882316,-1.141643385797522
Llama-3.2-1B,Llama,H3b_cka_high_vs_depth_matched,cka_high@k2,rdm_cka_high,2,late,delta_d_all,-0.972503384824039,True,True,4,4,1.0,0.25,0.5,0.875,-0.784467381392786,0.1707729884294646,-1.1010875031265182
Llama-3.2-1B,Llama,H3b_cka_high_vs_depth_matched,cka_high@k2,rdm_cka_high,2,middle,delta_primary,-1.0467426653392484,True,True,4,4,1.0,0.5,1.0,0.75,-0.7728816396233349,0.31622747383525934,-0.8660254037844388
Llama-3.2-1B,Llama,H3b_cka_high_vs_depth_matched,cka_high@k2,rdm_cka_high,2,middle,delta_auc_all,-0.012257777777777756,True,True,4,4,1.0,0.5,1.0,0.75,-0.007459111111111097,0.00554102298350256,-0.8660254037844386
Llama-3.2-1B,Llama,H3b_cka_high_vs_depth_matched,cka_high@k2,rdm_cka_high,2,middle,delta_d_all,-1.0467426653392484,True,True,4,4,1.0,0.5,1.0,0.75,-0.7728816396233349,0.31622747383525934,-0.8660254037844388
Llama-3.2-1B,Llama,H3b_cka_low_vs_depth_matched,cka_low@k2,rdm_cka_low,2,all,delta_primary,-0.41825394665117316,True,True,4,4,0.5,0.75,1.0,0.375,-0.6469017008803535,0.27242100324221247,0.8393176425750372
Llama-3.2-1B,Llama,H3b_cka_low_vs_depth_matched,cka_low@k2,rdm_cka_low,2,all,delta_auc_all,-0.003845777777777772,True,True,4,4,0.5,0.75,1.0,0.375,-0.007344518518518509,0.004290032429054715,0.8155511172934571
Llama-3.2-1B,Llama,H3b_cka_low_vs_depth_matched,cka_low@k2,rdm_cka_low,2,all,delta_d_all,-0.41825394665117316,True,True,4,4,0.5,0.75,1.0,0.375,-0.6469017008803535,0.27242100324221247,0.8393176425750372
Llama-3.2-1B,Llama,H3b_cka_low_vs_depth_matched,cka_low@k2,rdm_cka_low,2,early,delta_primary,-0.0940763807200602,True,True,4,4,0.5,1.0,1.0,0.25,-0.3833560816249394,0.33403142637705285,0.8660254037844387
Llama-3.2-1B,Llama,H3b_cka_low_vs_depth_matched,cka_low@k2,rdm_cka_low,2,early,delta_auc_all,-0.0005688888888888688,True,True,4,4,0.5,1.0,1.0,0.25,-0.0035299999999999915,0.003419196594200797,0.8660254037844387
Llama-3.2-1B,Llama,H3b_cka_low_vs_depth_matched,cka_low@k2,rdm_cka_low,2,early,delta_d_all,-0.0940763807200602,True,True,4,4,0.5,1.0,1.0,0.25,-0.3833560816249394,0.33403142637705285,0.8660254037844387
Llama-3.2-1B,Llama,H3b_cka_low_vs_depth_matched,cka_low@k2,rdm_cka_low,2,late,delta_primary,-0.6616648453260375,True,True,4,4,0.5,0.75,1.0,0.375,-0.784467381392786,0.17077298842946456,0.7190981266775127
Llama-3.2-1B,Llama,H3b_cka_low_vs_depth_matched,cka_low@k2,rdm_cka_low,2,late,delta_auc_all,-0.00830800000000001,True,True,4,4,0.5,0.75,1.0,0.375,-0.01104444444444444,0.004023050407882316,0.6801914385867367
Llama-3.2-1B,Llama,H3b_cka_low_vs_depth_matched,cka_low@k2,rdm_cka_low,2,late,delta_d_all,-0.6616648453260375,True,True,4,4,0.5,0.75,1.0,0.375,-0.784467381392786,0.17077298842946456,0.7190981266775127
Llama-3.2-1B,Llama,H3b_cka_low_vs_depth_matched,cka_low@k2,rdm_cka_low,2,middle,delta_primary,-0.4990206139074215,True,True,4,4,0.5,1.0,1.0,0.25,-0.7728816396233349,0.31622747383525934,0.8660254037844385
Llama-3.2-1B,Llama,H3b_cka_low_vs_depth_matched,cka_low@k2,rdm_cka_low,2,middle,delta_auc_all,-0.0026604444444444375,True,True,4,4,0.5,1.0,1.0,0.25,-0.007459111111111097,0.00554102298350256,0.8660254037844386
Llama-3.2-1B,Llama,H3b_cka_low_vs_depth_matched,cka_low@k2,rdm_cka_low,2,middle,delta_d_all,-0.4990206139074215,True,True,4,4,0.5,1.0,1.0,0.25,-0.7728816396233349,0.31622747383525934,0.8660254037844385
Llama-3.2-1B,Llama,H3b_kvdist_low_vs_depth_matched,kvdist_low@k2,rdm_kvdist_low,2,all,delta_primary,-0.08188666755518359,True,True,1,1,1.0,1.0,1.0,0.5,-0.08188666755518359,,
Llama-3.2-1B,Llama,H3b_kvdist_low_vs_depth_matched,kvdist_low@k2,rdm_kvdist_low,2,all,delta_auc_all,-0.0014880000000000078,True,True,1,1,1.0,1.0,1.0,0.5,-0.0014880000000000078,,
Llama-3.2-1B,Llama,H3b_kvdist_low_vs_depth_matched,kvdist_low@k2,rdm_kvdist_low,2,all,delta_d_all,-0.08188666755518359,True,True,1,1,1.0,1.0,1.0,0.5,-0.08188666755518359,,
Llama-3.2-1B,Llama,H3b_kvdist_low_vs_depth_matched,kvdist_low@k2,rdm_kvdist_low,2,early,delta_primary,0.0,True,True,1,1,1.0,1.0,1.0,0.5,0.0,,
Llama-3.2-1B,Llama,H3b_kvdist_low_vs_depth_matched,kvdist_low@k2,rdm_kvdist_low,2,early,delta_auc_all,0.0,True,True,1,1,1.0,1.0,1.0,0.5,0.0,,
Llama-3.2-1B,Llama,H3b_kvdist_low_vs_depth_matched,kvdist_low@k2,rdm_kvdist_low,2,early,delta_d_all,0.0,True,True,1,1,1.0,1.0,1.0,0.5,0.0,,
Llama-3.2-1B,Llama,H3b_kvdist_low_vs_depth_matched,kvdist_low@k2,rdm_kvdist_low,2,late,delta_primary,-0.24566000266555077,True,True,1,1,1.0,1.0,1.0,0.5,-0.24566000266555077,,
Llama-3.2-1B,Llama,H3b_kvdist_low_vs_depth_matched,kvdist_low@k2,rdm_kvdist_low,2,late,delta_auc_all,-0.0044640000000000235,True,True,1,1,1.0,1.0,1.0,0.5,-0.0044640000000000235,,
Llama-3.2-1B,Llama,H3b_kvdist_low_vs_depth_matched,kvdist_low@k2,rdm_kvdist_low,2,late,delta_d_all,-0.24566000266555077,True,True,1,1,1.0,1.0,1.0,0.5,-0.24566000266555077,,
Llama-3.2-1B,Llama,H3b_kvdist_low_vs_depth_matched,kvdist_low@k2,rdm_kvdist_low,2,middle,delta_primary,0.0,True,True,1,1,1.0,1.0,1.0,0.5,0.0,,
Llama-3.2-1B,Llama,H3b_kvdist_low_vs_depth_matched,kvdist_low@k2,rdm_kvdist_low,2,middle,delta_auc_all,0.0,True,True,1,1,1.0,1.0,1.0,0.5,0.0,,
Llama-3.2-1B,Llama,H3b_kvdist_low_vs_depth_matched,kvdist_low@k2,rdm_kvdist_low,2,middle,delta_d_all,0.0,True,True,1,1,1.0,1.0,1.0,0.5,0.0,,
Llama-3.2-1B,Llama,H3b_kvdist_high_vs_depth_matched,kvdist_high@k2,rdm_kvdist_high,2,all,delta_primary,-1.1519914565511424,True,True,4,4,1.0,0.25,0.5,0.875,-0.7821430392348683,0.31374340388159583,-1.1788245194657603
Llama-3.2-1B,Llama,H3b_kvdist_high_vs_depth_matched,kvdist_high@k2,rdm_kvdist_high,2,all,delta_auc_all,-0.019689333333333336,True,True,4,4,1.0,0.25,0.5,0.875,-0.010835999999999993,0.006603683232140437,-1.340665962026124
Llama-3.2-1B,Llama,H3b_kvdist_high_vs_depth_matched,kvdist_high@k2,rdm_kvdist_high,2,all,delta_d_all,-1.1519914565511424,True,True,4,4,1.0,0.25,0.5,0.875,-0.7821430392348683,0.31374340388159583,-1.1788245194657603
Llama-3.2-1B,Llama,H3b_kvdist_high_vs_depth_matched,kvdist_high@k2,rdm_kvdist_high,2,early,delta_primary,-0.6726357825298186,True,True,4,4,1.0,0.5,1.0,0.75,-0.3833560816249394,0.33403142637705285,-0.8660254037844387
Llama-3.2-1B,Llama,H3b_kvdist_high_vs_depth_matched,kvdist_high@k2,rdm_kvdist_high,2,early,delta_auc_all,-0.006491111111111114,True,True,4,4,1.0,0.5,1.0,0.75,-0.0035299999999999915,0.003419196594200797,-0.8660254037844387
Llama-3.2-1B,Llama,H3b_kvdist_high_vs_depth_matched,kvdist_high@k2,rdm_kvdist_high,2,early,delta_d_all,-0.6726357825298186,True,True,4,4,1.0,0.5,1.0,0.75,-0.3833560816249394,0.33403142637705285,-0.8660254037844387
Llama-3.2-1B,Llama,H3b_kvdist_high_vs_depth_matched,kvdist_high@k2,rdm_kvdist_high,2,late,delta_primary,-1.4498211881136878,True,True,4,4,1.0,0.25,0.5,0.875,-1.0465837040698622,0.3086034420159144,-1.3066525810915322
Llama-3.2-1B,Llama,H3b_kvdist_high_vs_depth_matched,kvdist_high@k2,rdm_kvdist_high,2,late,delta_auc_all,-0.031610666666666676,True,True,4,4,1.0,0.25,0.5,0.875,-0.017675333333333335,0.009875165645534718,-1.4111493248353277
Llama-3.2-1B,Llama,H3b_kvdist_high_vs_depth_matched,kvdist_high@k2,rdm_kvdist_high,2,late,delta_d_all,-1.4498211881136878,True,True,4,4,1.0,0.25,0.5,0.875,-1.0465837040698622,0.3086034420159144,-1.3066525810915322
Llama-3.2-1B,Llama,H3b_kvdist_high_vs_depth_matched,kvdist_high@k2,rdm_kvdist_high,2,middle,delta_primary,-1.3335173990099203,True,True,4,4,1.0,0.25,0.5,0.875,-0.916489332009803,0.3483663558001814,-1.197096275391529
Llama-3.2-1B,Llama,H3b_kvdist_high_vs_depth_matched,kvdist_high@k2,rdm_kvdist_high,2,middle,delta_auc_all,-0.02096622222222222,True,True,4,4,1.0,0.25,0.5,0.875,-0.011302666666666655,0.0073488578838844685,-1.3149737970504323
Llama-3.2-1B,Llama,H3b_kvdist_high_vs_depth_matched,kvdist_high@k2,rdm_kvdist_high,2,middle,delta_d_all,-1.3335173990099203,True,True,4,4,1.0,0.25,0.5,0.875,-0.916489332009803,0.3483663558001814,-1.197096275391529
Llama-3.2-1B,Llama,H3b_fidelity_high_vs_depth_matched,fidelity_high@k2,rdm_fidelity_high,2,all,delta_primary,-0.4042675886896275,True,True,4,4,0.25,1.0,0.5,0.125,-0.6469017008803535,0.2724210032422124,0.8906586103972219
Llama-3.2-1B,Llama,H3b_fidelity_high_vs_depth_matched,fidelity_high@k2,rdm_fidelity_high,2,all,delta_auc_all,-0.0034416296296296187,True,True,4,4,0.25,1.0,0.5,0.125,-0.007344518518518509,0.004290032429054715,0.9097574327075355
Llama-3.2-1B,Llama,H3b_fidelity_high_vs_depth_matched,fidelity_high@k2,rdm_fidelity_high,2,all,delta_d_all,-0.4042675886896275,True,True,4,4,0.25,1.0,0.5,0.125,-0.6469017008803535,0.2724210032422124,0.8906586103972219
Llama-3.2-1B,Llama,H3b_fidelity_high_vs_depth_matched,fidelity_high@k2,rdm_fidelity_high,2,early,delta_primary,-0.0940763807200602,True,True,4,4,0.5,1.0,1.0,0.25,-0.3833560816249394,0.33403142637705285,0.8660254037844387
Llama-3.2-1B,Llama,H3b_fidelity_high_vs_depth_matched,fidelity_high@k2,rdm_fidelity_high,2,early,delta_auc_all,-0.0005688888888888688,True,True,4,4,0.5,1.0,1.0,0.25,-0.0035299999999999915,0.003419196594200797,0.8660254037844387
Llama-3.2-1B,Llama,H3b_fidelity_high_vs_depth_matched,fidelity_high@k2,rdm_fidelity_high,2,early,delta_d_all,-0.0940763807200602,True,True,4,4,0.5,1.0,1.0,0.25,-0.3833560816249394,0.33403142637705285,0.8660254037844387
Llama-3.2-1B,Llama,H3b_fidelity_high_vs_depth_matched,fidelity_high@k2,rdm_fidelity_high,2,late,delta_primary,-0.6197057714414008,True,True,4,4,0.25,1.0,0.5,0.125,-0.784467381392786,0.17077298842946456,0.9647990087111332
Llama-3.2-1B,Llama,H3b_fidelity_high_vs_depth_matched,fidelity_high@k2,rdm_fidelity_high,2,late,delta_auc_all,-0.007095555555555549,True,True,4,4,0.25,1.0,0.5,0.125,-0.01104444444444444,0.004023050407882316,0.9815658489269432
Llama-3.2-1B,Llama,H3b_fidelity_high_vs_depth_matched,fidelity_high@k2,rdm_fidelity_high,2,late,delta_d_all,-0.6197057714414008,True,True,4,4,0.25,1.0,0.5,0.125,-0.784467381392786,0.17077298842946456,0.9647990087111332
Llama-3.2-1B,Llama,H3b_fidelity_high_vs_depth_matched,fidelity_high@k2,rdm_fidelity_high,2,middle,delta_primary,-0.4990206139074215,True,True,4,4,0.5,1.0,1.0,0.25,-0.7728816396233349,0.31622747383525934,0.8660254037844385
Llama-3.2-1B,Llama,H3b_fidelity_high_vs_depth_matched,fidelity_high@k2,rdm_fidelity_high,2,middle,delta_auc_all,-0.0026604444444444375,True,True,4,4,0.5,1.0,1.0,0.25,-0.007459111111111097,0.00554102298350256,0.8660254037844386
Llama-3.2-1B,Llama,H3b_fidelity_high_vs_depth_matched,fidelity_high@k2,rdm_fidelity_high,2,middle,delta_d_all,-0.4990206139074215,True,True,4,4,0.5,1.0,1.0,0.25,-0.7728816396233349,0.31622747383525934,0.8660254037844385
Llama-3.2-1B,Llama,H3d_cka_high_vs_uniform,cka_high@k1,random_same_ratio,1,all,delta_primary,-0.8625426558815287,False,True,6,6,1.0,0.16666666666666666,0.3333333333333333,0.9166666666666666,-0.2902429647904905,0.31092261359240514,-1.840649943336954
Llama-3.2-1B,Llama,H3d_cka_high_vs_uniform,cka_high@k1,random_same_ratio,1,all,delta_auc_all,-0.009949629629629623,False,True,6,6,1.0,0.16666666666666666,0.3333333333333333,0.9166666666666666,-0.0030119753086419714,0.003534430173002158,-1.9628777430605686
Llama-3.2-1B,Llama,H3d_cka_high_vs_uniform,cka_high@k1,random_same_ratio,1,all,delta_d_all,-0.8625426558815287,False,True,6,6,1.0,0.16666666666666666,0.3333333333333333,0.9166666666666666,-0.2902429647904905,0.31092261359240514,-1.840649943336954
Llama-3.2-1B,Llama,H3d_cka_high_vs_uniform,cka_high@k1,random_same_ratio,1,early,delta_primary,-0.6726357825298186,False,True,6,6,1.0,0.16666666666666666,0.3333333333333333,0.9166666666666666,-0.12778536054164646,0.26956063182012896,-2.0212536909014855
Llama-3.2-1B,Llama,H3d_cka_high_vs_uniform,cka_high@k1,random_same_ratio,1,early,delta_auc_all,-0.006491111111111114,False,True,6,6,1.0,0.16666666666666666,0.3333333333333333,0.9166666666666666,-0.0011766666666666638,0.0026134609757187785,-2.033489114174671
Llama-3.2-1B,Llama,H3d_cka_high_vs_uniform,cka_high@k1,random_same_ratio,1,early,delta_d_all,-0.6726357825298186,False,True,6,6,1.0,0.16666666666666666,0.3333333333333333,0.9166666666666666,-0.12778536054164646,0.26956063182012896,-2.0212536909014855
Llama-3.2-1B,Llama,H3d_cka_high_vs_uniform,cka_high@k1,random_same_ratio,1,late,delta_primary,-0.8682495197755192,False,True,6,6,1.0,0.16666666666666666,0.3333333333333333,0.9166666666666666,-0.43578026180652585,0.30409723341972594,-1.4221413759857648
Llama-3.2-1B,Llama,H3d_cka_high_vs_uniform,cka_high@k1,random_same_ratio,1,late,delta_auc_all,-0.011099999999999999,False,True,6,6,1.0,0.16666666666666666,0.3333333333333333,0.9166666666666666,-0.0049971851851851835,0.0035951988469306168,-1.697490201418223
Llama-3.2-1B,Llama,H3d_cka_high_vs_uniform,cka_high@k1,random_same_ratio,1,late,delta_d_all,-0.8682495197755192,False,True,6,6,1.0,0.16666666666666666,0.3333333333333333,0.9166666666666666,-0.43578026180652585,0.30409723341972594,-1.4221413759857648
Llama-3.2-1B,Llama,H3d_cka_high_vs_uniform,cka_high@k1,random_same_ratio,1,middle,delta_primary,-1.0467426653392484,False,True,6,6,1.0,0.16666666666666666,0.3333333333333333,0.9166666666666666,-0.30716327202329935,0.4064275814127843,-1.819707685056941
Llama-3.2-1B,Llama,H3d_cka_high_vs_uniform,cka_high@k1,random_same_ratio,1,middle,delta_auc_all,-0.012257777777777756,False,True,6,6,1.0,0.16666666666666666,0.3333333333333333,0.9166666666666666,-0.0028620740740740677,0.004707755598860327,-1.9957925823460845
Llama-3.2-1B,Llama,H3d_cka_high_vs_uniform,cka_high@k1,random_same_ratio,1,middle,delta_d_all,-1.0467426653392484,False,True,6,6,1.0,0.16666666666666666,0.3333333333333333,0.9166666666666666,-0.30716327202329935,0.4064275814127843,-1.819707685056941
Llama-3.2-1B,Llama,H3d_cka_low_vs_uniform,cka_low@k1,random_same_ratio,1,all,delta_primary,-0.04554076872002263,False,True,6,6,0.3333333333333333,0.8333333333333334,0.6666666666666666,0.25,-0.2902429647904905,0.31092261359240514,0.7870196163706928
Llama-3.2-1B,Llama,H3d_cka_low_vs_uniform,cka_low@k1,random_same_ratio,1,all,delta_auc_all,-0.0007571851851851848,False,True,6,6,0.3333333333333333,0.8333333333333334,0.6666666666666666,0.25,-0.0030119753086419714,0.003534430173002158,0.6379501116417755
Llama-3.2-1B,Llama,H3d_cka_low_vs_uniform,cka_low@k1,random_same_ratio,1,all,delta_d_all,-0.04554076872002263,False,True,6,6,0.3333333333333333,0.8333333333333334,0.6666666666666666,0.25,-0.2902429647904905,0.31092261359240514,0.7870196163706928
Llama-3.2-1B,Llama,H3d_cka_low_vs_uniform,cka_low@k1,random_same_ratio,1,early,delta_primary,0.0,False,True,6,6,0.6666666666666666,1.0,1.0,0.3333333333333333,-0.12778536054164646,0.26956063182012896,0.47405053059422425
Llama-3.2-1B,Llama,H3d_cka_low_vs_uniform,cka_low@k1,random_same_ratio,1,early,delta_auc_all,0.0,False,True,6,6,0.6666666666666666,1.0,1.0,0.3333333333333333,-0.0011766666666666638,0.0026134609757187785,0.45023311141772293
Llama-3.2-1B,Llama,H3d_cka_low_vs_uniform,cka_low@k1,random_same_ratio,1,early,delta_d_all,0.0,False,True,6,6,0.6666666666666666,1.0,1.0,0.3333333333333333,-0.12778536054164646,0.26956063182012896,0.47405053059422425
Llama-3.2-1B,Llama,H3d_cka_low_vs_uniform,cka_low@k1,random_same_ratio,1,late,delta_primary,-0.13662230616006787,False,True,6,6,0.3333333333333333,0.8333333333333334,0.6666666666666666,0.25,-0.43578026180652585,0.30409723341972594,0.9837575708344225
Llama-3.2-1B,Llama,H3d_cka_low_vs_uniform,cka_low@k1,random_same_ratio,1,late,delta_auc_all,-0.0022715555555555544,False,True,6,6,0.3333333333333333,0.8333333333333334,0.6666666666666666,0.25,-0.0049971851851851835,0.0035951988469306168,0.758130424957335
Llama-3.2-1B,Llama,H3d_cka_low_vs_uniform,cka_low@k1,random_same_ratio,1,late,delta_d_all,-0.13662230616006787,False,True,6,6,0.3333333333333333,0.8333333333333334,0.6666666666666666,0.25,-0.43578026180652585,0.30409723341972594,0.9837575708344225
Llama-3.2-1B,Llama,H3d_cka_low_vs_uniform,cka_low@k1,random_same_ratio,1,middle,delta_primary,0.0,False,True,6,6,0.3333333333333333,1.0,0.6666666666666666,0.16666666666666666,-0.30716327202329935,0.4064275814127843,0.7557638459367547
Llama-3.2-1B,Llama,H3d_cka_low_vs_uniform,cka_low@k1,random_same_ratio,1,middle,delta_auc_all,0.0,False,True,6,6,0.3333333333333333,1.0,0.6666666666666666,0.16666666666666666,-0.0028620740740740677,0.004707755598860327,0.6079487377736709
Llama-3.2-1B,Llama,H3d_cka_low_vs_uniform,cka_low@k1,random_same_ratio,1,middle,delta_d_all,0.0,False,True,6,6,0.3333333333333333,1.0,0.6666666666666666,0.16666666666666666,-0.30716327202329935,0.4064275814127843,0.7557638459367547
Llama-3.2-1B,Llama,H3d_kvdist_low_vs_uniform,kvdist_low@k1,random_same_ratio,1,all,delta_primary,-0.03129595184272649,False,True,6,6,0.16666666666666666,1.0,0.3333333333333333,0.08333333333333333,-0.2902429647904905,0.31092261359240514,0.8328342861777914
Llama-3.2-1B,Llama,H3d_kvdist_low_vs_uniform,kvdist_low@k1,random_same_ratio,1,all,delta_auc_all,-0.0004279999999999932,False,True,6,6,0.16666666666666666,1.0,0.3333333333333333,0.08333333333333333,-0.0030119753086419714,0.003534430173002158,0.7310868180052742
Llama-3.2-1B,Llama,H3d_kvdist_low_vs_uniform,kvdist_low@k1,random_same_ratio,1,all,delta_d_all,-0.03129595184272649,False,True,6,6,0.16666666666666666,1.0,0.3333333333333333,0.08333333333333333,-0.2902429647904905,0.31092261359240514,0.8328342861777914
Llama-3.2-1B,Llama,H3d_kvdist_low_vs_uniform,kvdist_low@k1,random_same_ratio,1,early,delta_primary,0.0,False,True,6,6,0.6666666666666666,1.0,1.0,0.3333333333333333,-0.12778536054164646,0.26956063182012896,0.47405053059422425
Llama-3.2-1B,Llama,H3d_kvdist_low_vs_uniform,kvdist_low@k1,random_same_ratio,1,early,delta_auc_all,0.0,False,True,6,6,0.6666666666666666,1.0,1.0,0.3333333333333333,-0.0011766666666666638,0.0026134609757187785,0.45023311141772293
Llama-3.2-1B,Llama,H3d_kvdist_low_vs_uniform,kvdist_low@k1,random_same_ratio,1,early,delta_d_all,0.0,False,True,6,6,0.6666666666666666,1.0,1.0,0.3333333333333333,-0.12778536054164646,0.26956063182012896,0.47405053059422425
Llama-3.2-1B,Llama,H3d_kvdist_low_vs_uniform,kvdist_low@k1,random_same_ratio,1,late,delta_primary,-0.09388785552817946,False,True,6,6,0.16666666666666666,1.0,0.3333333333333333,0.08333333333333333,-0.43578026180652585,0.30409723341972594,1.1242864738807214
Llama-3.2-1B,Llama,H3d_kvdist_low_vs_uniform,kvdist_low@k1,random_same_ratio,1,late,delta_auc_all,-0.0012839999999999796,False,True,6,6,0.16666666666666666,1.0,0.3333333333333333,0.08333333333333333,-0.0049971851851851835,0.0035951988469306168,1.0328177503604057
Llama-3.2-1B,Llama,H3d_kvdist_low_vs_uniform,kvdist_low@k1,random_same_ratio,1,late,delta_d_all,-0.09388785552817946,False,True,6,6,0.16666666666666666,1.0,0.3333333333333333,0.08333333333333333,-0.43578026180652585,0.30409723341972594,1.1242864738807214
Llama-3.2-1B,Llama,H3d_kvdist_low_vs_uniform,kvdist_low@k1,random_same_ratio,1,middle,delta_primary,0.0,False,True,6,6,0.3333333333333333,1.0,0.6666666666666666,0.16666666666666666,-0.30716327202329935,0.4064275814127843,0.7557638459367547
Llama-3.2-1B,Llama,H3d_kvdist_low_vs_uniform,kvdist_low@k1,random_same_ratio,1,middle,delta_auc_all,0.0,False,True,6,6,0.3333333333333333,1.0,0.6666666666666666,0.16666666666666666,-0.0028620740740740677,0.004707755598860327,0.6079487377736709
Llama-3.2-1B,Llama,H3d_kvdist_low_vs_uniform,kvdist_low@k1,random_same_ratio,1,middle,delta_d_all,0.0,False,True,6,6,0.3333333333333333,1.0,0.6666666666666666,0.16666666666666666,-0.30716327202329935,0.4064275814127843,0.7557638459367547
Llama-3.2-1B,Llama,H3d_kvdist_high_vs_uniform,kvdist_high@k1,random_same_ratio,1,all,delta_primary,-0.27948843899875647,False,True,6,6,0.6666666666666666,0.5,1.0,0.5833333333333334,-0.2902429647904905,0.31092261359240514,0.03458907561426959
Llama-3.2-1B,Llama,H3d_kvdist_high_vs_uniform,kvdist_high@k1,random_same_ratio,1,all,delta_auc_all,-0.002761333333333338,False,True,6,6,0.8333333333333334,0.3333333333333333,0.6666666666666666,0.75,-0.0030119753086419714,0.003534430173002158,0.07091439441162799
Llama-3.2-1B,Llama,H3d_kvdist_high_vs_uniform,kvdist_high@k1,random_same_ratio,1,all,delta_d_all,-0.27948843899875647,False,True,6,6,0.6666666666666666,0.5,1.0,0.5833333333333334,-0.2902429647904905,0.31092261359240514,0.03458907561426959
Llama-3.2-1B,Llama,H3d_kvdist_high_vs_uniform,kvdist_high@k1,random_same_ratio,1,early,delta_primary,0.0,False,True,6,6,0.6666666666666666,1.0,1.0,0.3333333333333333,-0.12778536054164646,0.26956063182012896,0.47405053059422425
Llama-3.2-1B,Llama,H3d_kvdist_high_vs_uniform,kvdist_high@k1,random_same_ratio,1,early,delta_auc_all,0.0,False,True,6,6,0.6666666666666666,1.0,1.0,0.3333333333333333,-0.0011766666666666638,0.0026134609757187785,0.45023311141772293
Llama-3.2-1B,Llama,H3d_kvdist_high_vs_uniform,kvdist_high@k1,random_same_ratio,1,early,delta_d_all,0.0,False,True,6,6,0.6666666666666666,1.0,1.0,0.3333333333333333,-0.12778536054164646,0.26956063182012896,0.47405053059422425
Llama-3.2-1B,Llama,H3d_kvdist_high_vs_uniform,kvdist_high@k1,random_same_ratio,1,late,delta_primary,-0.6501583497243928,False,True,6,6,0.8333333333333334,0.3333333333333333,0.6666666666666666,0.75,-0.43578026180652585,0.30409723341972594,-0.7049655977039903
Llama-3.2-1B,Llama,H3d_kvdist_high_vs_uniform,kvdist_high@k1,random_same_ratio,1,late,delta_auc_all,-0.00694266666666668,False,True,6,6,0.8333333333333334,0.3333333333333333,0.6666666666666666,0.75,-0.0049971851851851835,0.0035951988469306168,-0.5411332068996523
Llama-3.2-1B,Llama,H3d_kvdist_high_vs_uniform,kvdist_high@k1,random_same_ratio,1,late,delta_d_all,-0.6501583497243928,False,True,6,6,0.8333333333333334,0.3333333333333333,0.6666666666666666,0.75,-0.43578026180652585,0.30409723341972594,-0.7049655977039903
Llama-3.2-1B,Llama,H3d_kvdist_high_vs_uniform,kvdist_high@k1,random_same_ratio,1,middle,delta_primary,-0.18830696727187657,False,True,6,6,0.6666666666666666,0.5,1.0,0.5833333333333334,-0.30716327202329935,0.4064275814127843,0.2924415324822838
Llama-3.2-1B,Llama,H3d_kvdist_high_vs_uniform,kvdist_high@k1,random_same_ratio,1,middle,delta_auc_all,-0.0013413333333333333,False,True,6,6,0.6666666666666666,0.5,1.0,0.5833333333333334,-0.0028620740740740677,0.004707755598860327,0.32302882101799885
Llama-3.2-1B,Llama,H3d_kvdist_high_vs_uniform,kvdist_high@k1,random_same_ratio,1,middle,delta_d_all,-0.18830696727187657,False,True,6,6,0.6666666666666666,0.5,1.0,0.5833333333333334,-0.30716327202329935,0.4064275814127843,0.2924415324822838
Llama-3.2-1B,Llama,H3d_fidelity_high_vs_uniform,fidelity_high@k1,random_same_ratio,1,all,delta_primary,-0.03129595184272649,False,True,6,6,0.16666666666666666,1.0,0.3333333333333333,0.08333333333333333,-0.2902429647904905,0.31092261359240514,0.8328342861777914
Llama-3.2-1B,Llama,H3d_fidelity_high_vs_uniform,fidelity_high@k1,random_same_ratio,1,all,delta_auc_all,-0.0004279999999999932,False,True,6,6,0.16666666666666666,1.0,0.3333333333333333,0.08333333333333333,-0.0030119753086419714,0.003534430173002158,0.7310868180052742
Llama-3.2-1B,Llama,H3d_fidelity_high_vs_uniform,fidelity_high@k1,random_same_ratio,1,all,delta_d_all,-0.03129595184272649,False,True,6,6,0.16666666666666666,1.0,0.3333333333333333,0.08333333333333333,-0.2902429647904905,0.31092261359240514,0.8328342861777914
Llama-3.2-1B,Llama,H3d_fidelity_high_vs_uniform,fidelity_high@k1,random_same_ratio,1,early,delta_primary,0.0,False,True,6,6,0.6666666666666666,1.0,1.0,0.3333333333333333,-0.12778536054164646,0.26956063182012896,0.47405053059422425
Llama-3.2-1B,Llama,H3d_fidelity_high_vs_uniform,fidelity_high@k1,random_same_ratio,1,early,delta_auc_all,0.0,False,True,6,6,0.6666666666666666,1.0,1.0,0.3333333333333333,-0.0011766666666666638,0.0026134609757187785,0.45023311141772293
Llama-3.2-1B,Llama,H3d_fidelity_high_vs_uniform,fidelity_high@k1,random_same_ratio,1,early,delta_d_all,0.0,False,True,6,6,0.6666666666666666,1.0,1.0,0.3333333333333333,-0.12778536054164646,0.26956063182012896,0.47405053059422425
Llama-3.2-1B,Llama,H3d_fidelity_high_vs_uniform,fidelity_high@k1,random_same_ratio,1,late,delta_primary,-0.09388785552817946,False,True,6,6,0.16666666666666666,1.0,0.3333333333333333,0.08333333333333333,-0.43578026180652585,0.30409723341972594,1.1242864738807214
Llama-3.2-1B,Llama,H3d_fidelity_high_vs_uniform,fidelity_high@k1,random_same_ratio,1,late,delta_auc_all,-0.0012839999999999796,False,True,6,6,0.16666666666666666,1.0,0.3333333333333333,0.08333333333333333,-0.0049971851851851835,0.0035951988469306168,1.0328177503604057
Llama-3.2-1B,Llama,H3d_fidelity_high_vs_uniform,fidelity_high@k1,random_same_ratio,1,late,delta_d_all,-0.09388785552817946,False,True,6,6,0.16666666666666666,1.0,0.3333333333333333,0.08333333333333333,-0.43578026180652585,0.30409723341972594,1.1242864738807214
Llama-3.2-1B,Llama,H3d_fidelity_high_vs_uniform,fidelity_high@k1,random_same_ratio,1,middle,delta_primary,0.0,False,True,6,6,0.3333333333333333,1.0,0.6666666666666666,0.16666666666666666,-0.30716327202329935,0.4064275814127843,0.7557638459367547
Llama-3.2-1B,Llama,H3d_fidelity_high_vs_uniform,fidelity_high@k1,random_same_ratio,1,middle,delta_auc_all,0.0,False,True,6,6,0.3333333333333333,1.0,0.6666666666666666,0.16666666666666666,-0.0028620740740740677,0.004707755598860327,0.6079487377736709
Llama-3.2-1B,Llama,H3d_fidelity_high_vs_uniform,fidelity_high@k1,random_same_ratio,1,middle,delta_d_all,0.0,False,True,6,6,0.3333333333333333,1.0,0.6666666666666666,0.16666666666666666,-0.30716327202329935,0.4064275814127843,0.7557638459367547
Llama-3.2-1B,Llama,H3d_cka_high_vs_uniform,cka_high@k2,random_same_ratio,2,all,delta_primary,-0.8972939442310354,True,True,15,15,0.8,0.26666666666666666,0.5333333333333333,0.7666666666666667,-0.5546152823627347,0.36825532995911897,-0.9305463736433696
Llama-3.2-1B,Llama,H3d_cka_high_vs_uniform,cka_high@k2,random_same_ratio,2,all,delta_auc_all,-0.01146207407407406,True,True,15,15,0.8,0.26666666666666666,0.5333333333333333,0.7666666666666667,-0.007507950617283945,0.006480357961015248,-0.6101705307912715
Llama-3.2-1B,Llama,H3d_cka_high_vs_uniform,cka_high@k2,random_same_ratio,2,all,delta_d_all,-0.8972939442310354,True,True,15,15,0.8,0.26666666666666666,0.5333333333333333,0.7666666666666667,-0.5546152823627347,0.36825532995911897,-0.9305463736433696
Llama-3.2-1B,Llama,H3d_cka_high_vs_uniform,cka_high@k2,random_same_ratio,2,early,delta_primary,-0.6726357825298186,True,True,15,15,0.9333333333333333,0.3333333333333333,0.6666666666666666,0.8,-0.2543737563556589,0.3201790802916407,-1.3063377713284028
Llama-3.2-1B,Llama,H3d_cka_high_vs_uniform,cka_high@k2,random_same_ratio,2,early,delta_auc_all,-0.006491111111111114,True,True,15,15,0.9333333333333333,0.3333333333333333,0.6666666666666666,0.8,-0.0024780740740740696,0.0033539381013626248,-1.196514937293161
Llama-3.2-1B,Llama,H3d_cka_high_vs_uniform,cka_high@k2,random_same_ratio,2,early,delta_d_all,-0.6726357825298186,True,True,15,15,0.9333333333333333,0.3333333333333333,0.6666666666666666,0.8,-0.2543737563556589,0.3201790802916407,-1.3063377713284028
Llama-3.2-1B,Llama,H3d_cka_high_vs_uniform,cka_high@k2,random_same_ratio,2,late,delta_primary,-0.972503384824039,True,True,15,15,0.7333333333333333,0.3333333333333333,0.6666666666666666,0.7,-0.8084384675935972,0.35630068608471505,-0.46046758717560615
Llama-3.2-1B,Llama,H3d_cka_high_vs_uniform,cka_high@k2,random_same_ratio,2,late,delta_auc_all,-0.01563733333333331,True,True,15,15,0.8,0.26666666666666666,0.5333333333333333,0.7666666666666667,-0.013203229629629628,0.009571901525131748,-0.25429677659269245
Llama-3.2-1B,Llama,H3d_cka_high_vs_uniform,cka_high@k2,random_same_ratio,2,late,delta_d_all,-0.972503384824039,True,True,15,15,0.7333333333333333,0.3333333333333333,0.6666666666666666,0.7,-0.8084384675935972,0.35630068608471505,-0.46046758717560615
Llama-3.2-1B,Llama,H3d_cka_high_vs_uniform,cka_high@k2,random_same_ratio,2,middle,delta_primary,-1.0467426653392484,True,True,15,15,0.8,0.3333333333333333,0.6666666666666666,0.7333333333333333,-0.6010336231389478,0.47245454746488214,-0.9433903104370701
Llama-3.2-1B,Llama,H3d_cka_high_vs_uniform,cka_high@k2,random_same_ratio,2,middle,delta_auc_all,-0.012257777777777756,True,True,15,15,0.8,0.3333333333333333,0.6666666666666666,0.7333333333333333,-0.0068425481481481365,0.007170116621991373,-0.7552498676270674
Llama-3.2-1B,Llama,H3d_cka_high_vs_uniform,cka_high@k2,random_same_ratio,2,middle,delta_d_all,-1.0467426653392484,True,True,15,15,0.8,0.3333333333333333,0.6666666666666666,0.7333333333333333,-0.6010336231389478,0.47245454746488214,-0.9433903104370701
Llama-3.2-1B,Llama,H3d_cka_low_vs_uniform,cka_low@k2,random_same_ratio,2,all,delta_primary,-0.41825394665117316,True,True,15,15,0.5333333333333333,0.5333333333333333,1.0,0.5,-0.5546152823627347,0.36825532995911897,0.3702901889477049
Llama-3.2-1B,Llama,H3d_cka_low_vs_uniform,cka_low@k2,random_same_ratio,2,all,delta_auc_all,-0.003845777777777772,True,True,15,15,0.4,0.6666666666666666,0.8,0.36666666666666664,-0.007507950617283945,0.006480357961015248,0.5651189118775835
Llama-3.2-1B,Llama,H3d_cka_low_vs_uniform,cka_low@k2,random_same_ratio,2,all,delta_d_all,-0.41825394665117316,True,True,15,15,0.5333333333333333,0.5333333333333333,1.0,0.5,-0.5546152823627347,0.36825532995911897,0.3702901889477049
Llama-3.2-1B,Llama,H3d_cka_low_vs_uniform,cka_low@k2,random_same_ratio,2,early,delta_primary,-0.0940763807200602,True,True,15,15,0.6666666666666666,0.6,1.0,0.5333333333333333,-0.2543737563556589,0.3201790802916407,0.5006491226397085
Llama-3.2-1B,Llama,H3d_cka_low_vs_uniform,cka_low@k2,random_same_ratio,2,early,delta_auc_all,-0.0005688888888888688,True,True,15,15,0.6666666666666666,0.6,1.0,0.5333333333333333,-0.0024780740740740696,0.0033539381013626248,0.5692368575345933
Llama-3.2-1B,Llama,H3d_cka_low_vs_uniform,cka_low@k2,random_same_ratio,2,early,delta_d_all,-0.0940763807200602,True,True,15,15,0.6666666666666666,0.6,1.0,0.5333333333333333,-0.2543737563556589,0.3201790802916407,0.5006491226397085
Llama-3.2-1B,Llama,H3d_cka_low_vs_uniform,cka_low@k2,random_same_ratio,2,late,delta_primary,-0.6616648453260375,True,True,15,15,0.4,0.6666666666666666,0.8,0.36666666666666664,-0.8084384675935972,0.35630068608471505,0.4119375235574549
Llama-3.2-1B,Llama,H3d_cka_low_vs_uniform,cka_low@k2,random_same_ratio,2,late,delta_auc_all,-0.00830800000000001,True,True,15,15,0.4,0.6666666666666666,0.8,0.36666666666666664,-0.013203229629629628,0.009571901525131748,0.5114166309355382
Llama-3.2-1B,Llama,H3d_cka_low_vs_uniform,cka_low@k2,random_same_ratio,2,late,delta_d_all,-0.6616648453260375,True,True,15,15,0.4,0.6666666666666666,0.8,0.36666666666666664,-0.8084384675935972,0.35630068608471505,0.4119375235574549
Llama-3.2-1B,Llama,H3d_cka_low_vs_uniform,cka_low@k2,random_same_ratio,2,middle,delta_primary,-0.4990206139074215,True,True,15,15,0.5333333333333333,0.6,1.0,0.4666666666666667,-0.6010336231389478,0.47245454746488214,0.21592131937116985
Llama-3.2-1B,Llama,H3d_cka_low_vs_uniform,cka_low@k2,random_same_ratio,2,middle,delta_auc_all,-0.0026604444444444375,True,True,15,15,0.5333333333333333,0.6,1.0,0.4666666666666667,-0.0068425481481481365,0.007170116621991373,0.5832685748620632
Llama-3.2-1B,Llama,H3d_cka_low_vs_uniform,cka_low@k2,random_same_ratio,2,middle,delta_d_all,-0.4990206139074215,True,True,15,15,0.5333333333333333,0.6,1.0,0.4666666666666667,-0.6010336231389478,0.47245454746488214,0.21592131937116985
Llama-3.2-1B,Llama,H3d_kvdist_low_vs_uniform,kvdist_low@k2,random_same_ratio,2,all,delta_primary,-0.08188666755518359,True,True,15,15,0.06666666666666667,1.0,0.13333333333333333,0.03333333333333333,-0.5546152823627347,0.36825532995911897,1.2836979572299199
Llama-3.2-1B,Llama,H3d_kvdist_low_vs_uniform,kvdist_low@k2,random_same_ratio,2,all,delta_auc_all,-0.0014880000000000078,True,True,15,15,0.06666666666666667,1.0,0.13333333333333333,0.03333333333333333,-0.007507950617283945,0.006480357961015248,0.928953408669545
Llama-3.2-1B,Llama,H3d_kvdist_low_vs_uniform,kvdist_low@k2,random_same_ratio,2,all,delta_d_all,-0.08188666755518359,True,True,15,15,0.06666666666666667,1.0,0.13333333333333333,0.03333333333333333,-0.5546152823627347,0.36825532995911897,1.2836979572299199
Llama-3.2-1B,Llama,H3d_kvdist_low_vs_uniform,kvdist_low@k2,random_same_ratio,2,early,delta_primary,0.0,True,True,15,15,0.4,1.0,0.8,0.2,-0.2543737563556589,0.3201790802916407,0.7944733807216827
Llama-3.2-1B,Llama,H3d_kvdist_low_vs_uniform,kvdist_low@k2,random_same_ratio,2,early,delta_auc_all,0.0,True,True,15,15,0.4,1.0,0.8,0.2,-0.0024780740740740696,0.0033539381013626248,0.7388550412028437
Llama-3.2-1B,Llama,H3d_kvdist_low_vs_uniform,kvdist_low@k2,random_same_ratio,2,early,delta_d_all,0.0,True,True,15,15,0.4,1.0,0.8,0.2,-0.2543737563556589,0.3201790802916407,0.7944733807216827
Llama-3.2-1B,Llama,H3d_kvdist_low_vs_uniform,kvdist_low@k2,random_same_ratio,2,late,delta_primary,-0.24566000266555077,True,True,15,15,0.06666666666666667,1.0,0.13333333333333333,0.03333333333333333,-0.8084384675935972,0.35630068608471505,1.5795042976544778
Llama-3.2-1B,Llama,H3d_kvdist_low_vs_uniform,kvdist_low@k2,random_same_ratio,2,late,delta_auc_all,-0.0044640000000000235,True,True,15,15,0.06666666666666667,1.0,0.13333333333333333,0.03333333333333333,-0.013203229629629628,0.009571901525131748,0.9130087273342815
Llama-3.2-1B,Llama,H3d_kvdist_low_vs_uniform,kvdist_low@k2,random_same_ratio,2,late,delta_d_all,-0.24566000266555077,True,True,15,15,0.06666666666666667,1.0,0.13333333333333333,0.03333333333333333,-0.8084384675935972,0.35630068608471505,1.5795042976544778
Llama-3.2-1B,Llama,H3d_kvdist_low_vs_uniform,kvdist_low@k2,random_same_ratio,2,middle,delta_primary,0.0,True,True,15,15,0.06666666666666667,1.0,0.13333333333333333,0.03333333333333333,-0.6010336231389478,0.47245454746488214,1.2721512076960653
Llama-3.2-1B,Llama,H3d_kvdist_low_vs_uniform,kvdist_low@k2,random_same_ratio,2,middle,delta_auc_all,0.0,True,True,15,15,0.06666666666666667,1.0,0.13333333333333333,0.03333333333333333,-0.0068425481481481365,0.007170116621991373,0.9543147634672279
Llama-3.2-1B,Llama,H3d_kvdist_low_vs_uniform,kvdist_low@k2,random_same_ratio,2,middle,delta_d_all,0.0,True,True,15,15,0.06666666666666667,1.0,0.13333333333333333,0.03333333333333333,-0.6010336231389478,0.47245454746488214,1.2721512076960653
Llama-3.2-1B,Llama,H3d_kvdist_high_vs_uniform,kvdist_high@k2,random_same_ratio,2,all,delta_primary,-1.1519914565511424,True,True,15,15,0.9333333333333333,0.13333333333333333,0.26666666666666666,0.9,-0.5546152823627347,0.36825532995911897,-1.6221793022105724
Llama-3.2-1B,Llama,H3d_kvdist_high_vs_uniform,kvdist_high@k2,random_same_ratio,2,all,delta_auc_all,-0.019689333333333336,True,True,15,15,0.9333333333333333,0.13333333333333333,0.26666666666666666,0.9,-0.007507950617283945,0.006480357961015248,-1.8797391732571807
Llama-3.2-1B,Llama,H3d_kvdist_high_vs_uniform,kvdist_high@k2,random_same_ratio,2,all,delta_d_all,-1.1519914565511424,True,True,15,15,0.9333333333333333,0.13333333333333333,0.26666666666666666,0.9,-0.5546152823627347,0.36825532995911897,-1.6221793022105724
Llama-3.2-1B,Llama,H3d_kvdist_high_vs_uniform,kvdist_high@k2,random_same_ratio,2,early,delta_primary,-0.6726357825298186,True,True,15,15,0.9333333333333333,0.3333333333333333,0.6666666666666666,0.8,-0.2543737563556589,0.3201790802916407,-1.3063377713284028
Llama-3.2-1B,Llama,H3d_kvdist_high_vs_uniform,kvdist_high@k2,random_same_ratio,2,early,delta_auc_all,-0.006491111111111114,True,True,15,15,0.9333333333333333,0.3333333333333333,0.6666666666666666,0.8,-0.0024780740740740696,0.0033539381013626248,-1.196514937293161
Llama-3.2-1B,Llama,H3d_kvdist_high_vs_uniform,kvdist_high@k2,random_same_ratio,2,early,delta_d_all,-0.6726357825298186,True,True,15,15,0.9333333333333333,0.3333333333333333,0.6666666666666666,0.8,-0.2543737563556589,0.3201790802916407,-1.3063377713284028
Llama-3.2-1B,Llama,H3d_kvdist_high_vs_uniform,kvdist_high@k2,random_same_ratio,2,late,delta_primary,-1.4498211881136878,True,True,15,15,0.9333333333333333,0.13333333333333333,0.26666666666666666,0.9,-0.8084384675935972,0.35630068608471505,-1.80011643415021
Llama-3.2-1B,Llama,H3d_kvdist_high_vs_uniform,kvdist_high@k2,random_same_ratio,2,late,delta_auc_all,-0.031610666666666676,True,True,15,15,0.9333333333333333,0.13333333333333333,0.26666666666666666,0.9,-0.013203229629629628,0.009571901525131748,-1.9230700387699282
Llama-3.2-1B,Llama,H3d_kvdist_high_vs_uniform,kvdist_high@k2,random_same_ratio,2,late,delta_d_all,-1.4498211881136878,True,True,15,15,0.9333333333333333,0.13333333333333333,0.26666666666666666,0.9,-0.8084384675935972,0.35630068608471505,-1.80011643415021
Llama-3.2-1B,Llama,H3d_kvdist_high_vs_uniform,kvdist_high@k2,random_same_ratio,2,middle,delta_primary,-1.3335173990099203,True,True,15,15,0.9333333333333333,0.13333333333333333,0.26666666666666666,0.9,-0.6010336231389478,0.47245454746488214,-1.5503793535301267
Llama-3.2-1B,Llama,H3d_kvdist_high_vs_uniform,kvdist_high@k2,random_same_ratio,2,middle,delta_auc_all,-0.02096622222222222,True,True,15,15,1.0,0.06666666666666667,0.13333333333333333,0.9666666666666667,-0.0068425481481481365,0.007170116621991373,-1.9697969808127727
Llama-3.2-1B,Llama,H3d_kvdist_high_vs_uniform,kvdist_high@k2,random_same_ratio,2,middle,delta_d_all,-1.3335173990099203,True,True,15,15,0.9333333333333333,0.13333333333333333,0.26666666666666666,0.9,-0.6010336231389478,0.47245454746488214,-1.5503793535301267
Llama-3.2-1B,Llama,H3d_fidelity_high_vs_uniform,fidelity_high@k2,random_same_ratio,2,all,delta_primary,-0.4042675886896275,True,True,15,15,0.4666666666666667,0.6,0.9333333333333333,0.43333333333333335,-0.5546152823627347,0.36825532995911897,0.4082702446962485
Llama-3.2-1B,Llama,H3d_fidelity_high_vs_uniform,fidelity_high@k2,random_same_ratio,2,all,delta_auc_all,-0.0034416296296296187,True,True,15,15,0.3333333333333333,0.7333333333333333,0.6666666666666666,0.3,-0.007507950617283945,0.006480357961015248,0.6274840081545857
Llama-3.2-1B,Llama,H3d_fidelity_high_vs_uniform,fidelity_high@k2,random_same_ratio,2,all,delta_d_all,-0.4042675886896275,True,True,15,15,0.4666666666666667,0.6,0.9333333333333333,0.43333333333333335,-0.5546152823627347,0.36825532995911897,0.4082702446962485
Llama-3.2-1B,Llama,H3d_fidelity_high_vs_uniform,fidelity_high@k2,random_same_ratio,2,early,delta_primary,-0.0940763807200602,True,True,15,15,0.6666666666666666,0.6,1.0,0.5333333333333333,-0.2543737563556589,0.3201790802916407,0.5006491226397085
Llama-3.2-1B,Llama,H3d_fidelity_high_vs_uniform,fidelity_high@k2,random_same_ratio,2,early,delta_auc_all,-0.0005688888888888688,True,True,15,15,0.6666666666666666,0.6,1.0,0.5333333333333333,-0.0024780740740740696,0.0033539381013626248,0.5692368575345933
Llama-3.2-1B,Llama,H3d_fidelity_high_vs_uniform,fidelity_high@k2,random_same_ratio,2,early,delta_d_all,-0.0940763807200602,True,True,15,15,0.6666666666666666,0.6,1.0,0.5333333333333333,-0.2543737563556589,0.3201790802916407,0.5006491226397085
Llama-3.2-1B,Llama,H3d_fidelity_high_vs_uniform,fidelity_high@k2,random_same_ratio,2,late,delta_primary,-0.6197057714414008,True,True,15,15,0.3333333333333333,0.7333333333333333,0.6666666666666666,0.3,-0.8084384675935972,0.35630068608471505,0.5297006251268422
Llama-3.2-1B,Llama,H3d_fidelity_high_vs_uniform,fidelity_high@k2,random_same_ratio,2,late,delta_auc_all,-0.007095555555555549,True,True,15,15,0.3333333333333333,0.7333333333333333,0.6666666666666666,0.3,-0.013203229629629628,0.009571901525131748,0.6380836720935669
Llama-3.2-1B,Llama,H3d_fidelity_high_vs_uniform,fidelity_high@k2,random_same_ratio,2,late,delta_d_all,-0.6197057714414008,True,True,15,15,0.3333333333333333,0.7333333333333333,0.6666666666666666,0.3,-0.8084384675935972,0.35630068608471505,0.5297006251268422
Llama-3.2-1B,Llama,H3d_fidelity_high_vs_uniform,fidelity_high@k2,random_same_ratio,2,middle,delta_primary,-0.4990206139074215,True,True,15,15,0.5333333333333333,0.6,1.0,0.4666666666666667,-0.6010336231389478,0.47245454746488214,0.21592131937116985
Llama-3.2-1B,Llama,H3d_fidelity_high_vs_uniform,fidelity_high@k2,random_same_ratio,2,middle,delta_auc_all,-0.0026604444444444375,True,True,15,15,0.5333333333333333,0.6,1.0,0.4666666666666667,-0.0068425481481481365,0.007170116621991373,0.5832685748620632
Llama-3.2-1B,Llama,H3d_fidelity_high_vs_uniform,fidelity_high@k2,random_same_ratio,2,middle,delta_d_all,-0.4990206139074215,True,True,15,15,0.5333333333333333,0.6,1.0,0.4666666666666667,-0.6010336231389478,0.47245454746488214,0.21592131937116985
Llama-3.2-1B,Llama,H3d_cka_high_vs_uniform,cka_high@k3,random_same_ratio,3,all,delta_primary,-1.1661910884666975,False,True,20,20,0.8,0.25,0.5,0.775,-0.7915222776186481,0.3721539877486897,-1.0067574799199999
Llama-3.2-1B,Llama,H3d_cka_high_vs_uniform,cka_high@k3,random_same_ratio,3,all,delta_auc_all,-0.021181925925925927,False,True,20,20,0.8,0.25,0.5,0.775,-0.013167340740740732,0.008419928128428827,-0.9518590970064171
Llama-3.2-1B,Llama,H3d_cka_high_vs_uniform,cka_high@k3,random_same_ratio,3,all,delta_d_all,-1.1661910884666975,False,True,20,20,0.8,0.25,0.5,0.775,-0.7915222776186481,0.3721539877486897,-1.0067574799199999
Llama-3.2-1B,Llama,H3d_cka_high_vs_uniform,cka_high@k3,random_same_ratio,3,early,delta_primary,-0.6726357825298186,False,True,20,20,0.8,0.5,1.0,0.65,-0.37976518744203724,0.33449537354688647,-0.8755594792904645
Llama-3.2-1B,Llama,H3d_cka_high_vs_uniform,cka_high@k3,random_same_ratio,3,early,delta_auc_all,-0.006491111111111114,False,True,20,20,0.8,0.5,1.0,0.65,-0.0039042222222222174,0.0037623404505728805,-0.6875743763419918
Llama-3.2-1B,Llama,H3d_cka_high_vs_uniform,cka_high@k3,random_same_ratio,3,early,delta_d_all,-0.6726357825298186,False,True,20,20,0.8,0.5,1.0,0.65,-0.37976518744203724,0.33449537354688647,-0.8755594792904645
Llama-3.2-1B,Llama,H3d_cka_high_vs_uniform,cka_high@k3,random_same_ratio,3,late,delta_primary,-1.492420083860353,False,True,20,20,0.75,0.3,0.6,0.725,-1.1233249605137132,0.3488261968801609,-1.058106090218454
Llama-3.2-1B,Llama,H3d_cka_high_vs_uniform,cka_high@k3,random_same_ratio,3,late,delta_auc_all,-0.03608844444444445,False,True,20,20,0.8,0.25,0.5,0.775,-0.02394311111111111,0.013456583531026191,-0.9025569755748505
Llama-3.2-1B,Llama,H3d_cka_high_vs_uniform,cka_high@k3,random_same_ratio,3,late,delta_d_all,-1.492420083860353,False,True,20,20,0.75,0.3,0.6,0.725,-1.1233249605137132,0.3488261968801609,-1.058106090218454
Llama-3.2-1B,Llama,H3d_cka_high_vs_uniform,cka_high@k3,random_same_ratio,3,middle,delta_primary,-1.3335173990099203,False,True,20,20,0.8,0.3,0.6,0.75,-0.8714766849001935,0.4690068525449221,-0.9851470433802925
Llama-3.2-1B,Llama,H3d_cka_high_vs_uniform,cka_high@k3,random_same_ratio,3,middle,delta_auc_all,-0.02096622222222222,False,True,20,20,0.9,0.2,0.4,0.85,-0.011654688888888872,0.008769586368108031,-1.0617984637446745
Llama-3.2-1B,Llama,H3d_cka_high_vs_uniform,cka_high@k3,random_same_ratio,3,middle,delta_d_all,-1.3335173990099203,False,True,20,20,0.8,0.3,0.6,0.75,-0.8714766849001935,0.4690068525449221,-0.9851470433802925
Llama-3.2-1B,Llama,H3d_cka_low_vs_uniform,cka_low@k3,random_same_ratio,3,all,delta_primary,-0.4877008125122792,False,True,20,20,0.35,0.7,0.7,0.325,-0.7915222776186481,0.3721539877486897,0.8163864290271565
Llama-3.2-1B,Llama,H3d_cka_low_vs_uniform,cka_low@k3,random_same_ratio,3,all,delta_auc_all,-0.005639555555555546,False,True,20,20,0.3,0.75,0.6,0.275,-0.013167340740740732,0.008419928128428827,0.894043876665475
Llama-3.2-1B,Llama,H3d_cka_low_vs_uniform,cka_low@k3,random_same_ratio,3,all,delta_d_all,-0.4877008125122792,False,True,20,20,0.35,0.7,0.7,0.325,-0.7915222776186481,0.3721539877486897,0.8163864290271565
Llama-3.2-1B,Llama,H3d_cka_low_vs_uniform,cka_low@k3,random_same_ratio,3,early,delta_primary,-0.0940763807200602,False,True,20,20,0.5,0.8,1.0,0.35,-0.37976518744203724,0.33449537354688647,0.8540889630030468
Llama-3.2-1B,Llama,H3d_cka_low_vs_uniform,cka_low@k3,random_same_ratio,3,early,delta_auc_all,-0.0005688888888888688,False,True,20,20,0.5,0.8,1.0,0.35,-0.0039042222222222174,0.0037623404505728805,0.8865049235045933
Llama-3.2-1B,Llama,H3d_cka_low_vs_uniform,cka_low@k3,random_same_ratio,3,early,delta_d_all,-0.0940763807200602,False,True,20,20,0.5,0.8,1.0,0.35,-0.37976518744203724,0.33449537354688647,0.8540889630030468
Llama-3.2-1B,Llama,H3d_cka_low_vs_uniform,cka_low@k3,random_same_ratio,3,late,delta_primary,-0.7899095224185954,False,True,20,20,0.25,0.8,0.5,0.225,-1.1233249605137132,0.3488261968801609,0.9558210968015759
Llama-3.2-1B,Llama,H3d_cka_low_vs_uniform,cka_low@k3,random_same_ratio,3,late,delta_auc_all,-0.011693777777777775,False,True,20,20,0.25,0.8,0.5,0.225,-0.02394311111111111,0.013456583531026191,0.9102855345928363
Llama-3.2-1B,Llama,H3d_cka_low_vs_uniform,cka_low@k3,random_same_ratio,3,late,delta_d_all,-0.7899095224185954,False,True,20,20,0.25,0.8,0.5,0.225,-1.1233249605137132,0.3488261968801609,0.9558210968015759
Llama-3.2-1B,Llama,H3d_cka_low_vs_uniform,cka_low@k3,random_same_ratio,3,middle,delta_primary,-0.579116534398182,False,True,20,20,0.35,0.75,0.7,0.3,-0.8714766849001935,0.4690068525449221,0.6233600829403848
Llama-3.2-1B,Llama,H3d_cka_low_vs_uniform,cka_low@k3,random_same_ratio,3,middle,delta_auc_all,-0.0046559999999999935,False,True,20,20,0.35,0.75,0.7,0.3,-0.011654688888888872,0.008769586368108031,0.7980637392820148
Llama-3.2-1B,Llama,H3d_cka_low_vs_uniform,cka_low@k3,random_same_ratio,3,middle,delta_d_all,-0.579116534398182,False,True,20,20,0.35,0.75,0.7,0.3,-0.8714766849001935,0.4690068525449221,0.6233600829403848
Llama-3.2-1B,Llama,H3d_kvdist_low_vs_uniform,kvdist_low@k3,random_same_ratio,3,all,delta_primary,-0.44436847938302265,False,True,20,20,0.25,0.8,0.5,0.225,-0.7915222776186481,0.3721539877486897,0.9328229971031602
Llama-3.2-1B,Llama,H3d_kvdist_low_vs_uniform,kvdist_low@k3,random_same_ratio,3,all,delta_auc_all,-0.004737185185185178,False,True,20,20,0.15,0.9,0.3,0.125,-0.013167340740740732,0.008419928128428827,1.001214669171842
Llama-3.2-1B,Llama,H3d_kvdist_low_vs_uniform,kvdist_low@k3,random_same_ratio,3,all,delta_d_all,-0.44436847938302265,False,True,20,20,0.25,0.8,0.5,0.225,-0.7915222776186481,0.3721539877486897,0.9328229971031602
Llama-3.2-1B,Llama,H3d_kvdist_low_vs_uniform,kvdist_low@k3,random_same_ratio,3,early,delta_primary,-0.0940763807200602,False,True,20,20,0.5,0.8,1.0,0.35,-0.37976518744203724,0.33449537354688647,0.8540889630030468
Llama-3.2-1B,Llama,H3d_kvdist_low_vs_uniform,kvdist_low@k3,random_same_ratio,3,early,delta_auc_all,-0.0005688888888888688,False,True,20,20,0.5,0.8,1.0,0.35,-0.0039042222222222174,0.0037623404505728805,0.8865049235045933
Llama-3.2-1B,Llama,H3d_kvdist_low_vs_uniform,kvdist_low@k3,random_same_ratio,3,early,delta_d_all,-0.0940763807200602,False,True,20,20,0.5,0.8,1.0,0.35,-0.37976518744203724,0.33449537354688647,0.8540889630030468
Llama-3.2-1B,Llama,H3d_kvdist_low_vs_uniform,kvdist_low@k3,random_same_ratio,3,late,delta_primary,-0.740008443521586,False,True,20,20,0.15,0.9,0.3,0.125,-1.1233249605137132,0.3488261968801609,1.0988753723786846
Llama-3.2-1B,Llama,H3d_kvdist_low_vs_uniform,kvdist_low@k3,random_same_ratio,3,late,delta_auc_all,-0.010982222222222227,False,True,20,20,0.15,0.9,0.3,0.125,-0.02394311111111111,0.013456583531026191,0.9631634106090592
Llama-3.2-1B,Llama,H3d_kvdist_low_vs_uniform,kvdist_low@k3,random_same_ratio,3,late,delta_d_all,-0.740008443521586,False,True,20,20,0.15,0.9,0.3,0.125,-1.1233249605137132,0.3488261968801609,1.0988753723786846
Llama-3.2-1B,Llama,H3d_kvdist_low_vs_uniform,kvdist_low@k3,random_same_ratio,3,middle,delta_primary,-0.4990206139074215,False,True,20,20,0.25,0.8,0.5,0.225,-0.8714766849001935,0.4690068525449221,0.7941378019782721
Llama-3.2-1B,Llama,H3d_kvdist_low_vs_uniform,kvdist_low@k3,random_same_ratio,3,middle,delta_auc_all,-0.0026604444444444375,False,True,20,20,0.25,0.8,0.5,0.225,-0.011654688888888872,0.008769586368108031,1.0256178646182683
Llama-3.2-1B,Llama,H3d_kvdist_low_vs_uniform,kvdist_low@k3,random_same_ratio,3,middle,delta_d_all,-0.4990206139074215,False,True,20,20,0.25,0.8,0.5,0.225,-0.8714766849001935,0.4690068525449221,0.7941378019782721
Llama-3.2-1B,Llama,H3d_kvdist_high_vs_uniform,kvdist_high@k3,random_same_ratio,3,all,delta_primary,-1.1603319164260564,False,True,20,20,0.75,0.3,0.6,0.725,-0.7915222776186481,0.3721539877486897,-0.9910135345814437
Llama-3.2-1B,Llama,H3d_kvdist_high_vs_uniform,kvdist_high@k3,random_same_ratio,3,all,delta_auc_all,-0.020890518518518513,False,True,20,20,0.75,0.3,0.6,0.725,-0.013167340740740732,0.008419928128428827,-0.9172498458391164
Llama-3.2-1B,Llama,H3d_kvdist_high_vs_uniform,kvdist_high@k3,random_same_ratio,3,all,delta_d_all,-1.1603319164260564,False,True,20,20,0.75,0.3,0.6,0.725,-0.7915222776186481,0.3721539877486897,-0.9910135345814437
Llama-3.2-1B,Llama,H3d_kvdist_high_vs_uniform,kvdist_high@k3,random_same_ratio,3,early,delta_primary,-0.6726357825298186,False,True,20,20,0.8,0.5,1.0,0.65,-0.37976518744203724,0.33449537354688647,-0.8755594792904645
Llama-3.2-1B,Llama,H3d_kvdist_high_vs_uniform,kvdist_high@k3,random_same_ratio,3,early,delta_auc_all,-0.006491111111111114,False,True,20,20,0.8,0.5,1.0,0.65,-0.0039042222222222174,0.0037623404505728805,-0.6875743763419918
Llama-3.2-1B,Llama,H3d_kvdist_high_vs_uniform,kvdist_high@k3,random_same_ratio,3,early,delta_d_all,-0.6726357825298186,False,True,20,20,0.8,0.5,1.0,0.65,-0.37976518744203724,0.33449537354688647,-0.8755594792904645
Llama-3.2-1B,Llama,H3d_kvdist_high_vs_uniform,kvdist_high@k3,random_same_ratio,3,late,delta_primary,-1.4974070941440782,False,True,20,20,0.8,0.25,0.5,0.775,-1.1233249605137132,0.3488261968801609,-1.072402637692033
Llama-3.2-1B,Llama,H3d_kvdist_high_vs_uniform,kvdist_high@k3,random_same_ratio,3,late,delta_auc_all,-0.035921777777777775,False,True,20,20,0.75,0.3,0.6,0.725,-0.02394311111111111,0.013456583531026191,-0.8901714643280767
Llama-3.2-1B,Llama,H3d_kvdist_high_vs_uniform,kvdist_high@k3,random_same_ratio,3,late,delta_d_all,-1.4974070941440782,False,True,20,20,0.8,0.25,0.5,0.775,-1.1233249605137132,0.3488261968801609,-1.072402637692033
Llama-3.2-1B,Llama,H3d_kvdist_high_vs_uniform,kvdist_high@k3,random_same_ratio,3,middle,delta_primary,-1.3109528726042723,False,True,20,20,0.7,0.35,0.7,0.675,-0.8714766849001935,0.4690068525449221,-0.9370357497324311
Llama-3.2-1B,Llama,H3d_kvdist_high_vs_uniform,kvdist_high@k3,random_same_ratio,3,middle,delta_auc_all,-0.020258666666666647,False,True,20,20,0.7,0.35,0.7,0.675,-0.011654688888888872,0.008769586368108031,-0.9811155756521747
Llama-3.2-1B,Llama,H3d_kvdist_high_vs_uniform,kvdist_high@k3,random_same_ratio,3,middle,delta_d_all,-1.3109528726042723,False,True,20,20,0.7,0.35,0.7,0.675,-0.8714766849001935,0.4690068525449221,-0.9370357497324311
Llama-3.2-1B,Llama,H3d_fidelity_high_vs_uniform,fidelity_high@k3,random_same_ratio,3,all,delta_primary,-1.245287385010613,False,True,20,20,0.95,0.1,0.2,0.925,-0.7915222776186481,0.3721539877486897,-1.2192939544648544
Llama-3.2-1B,Llama,H3d_fidelity_high_vs_uniform,fidelity_high@k3,random_same_ratio,3,all,delta_auc_all,-0.024561333333333324,False,True,20,20,0.85,0.2,0.4,0.825,-0.013167340740740732,0.008419928128428827,-1.3532173219058974
Llama-3.2-1B,Llama,H3d_fidelity_high_vs_uniform,fidelity_high@k3,random_same_ratio,3,all,delta_d_all,-1.245287385010613,False,True,20,20,0.95,0.1,0.2,0.925,-0.7915222776186481,0.3721539877486897,-1.2192939544648544
Llama-3.2-1B,Llama,H3d_fidelity_high_vs_uniform,fidelity_high@k3,random_same_ratio,3,early,delta_primary,-0.7487576923353679,False,True,20,20,1.0,0.2,0.4,0.9,-0.37976518744203724,0.33449537354688647,-1.1031318639198122
Llama-3.2-1B,Llama,H3d_fidelity_high_vs_uniform,fidelity_high@k3,random_same_ratio,3,early,delta_auc_all,-0.008931111111111112,False,True,20,20,1.0,0.2,0.4,0.9,-0.0039042222222222174,0.0037623404505728805,-1.3361068608566418
Llama-3.2-1B,Llama,H3d_fidelity_high_vs_uniform,fidelity_high@k3,random_same_ratio,3,early,delta_d_all,-0.7487576923353679,False,True,20,20,1.0,0.2,0.4,0.9,-0.37976518744203724,0.33449537354688647,-1.1031318639198122
Llama-3.2-1B,Llama,H3d_fidelity_high_vs_uniform,fidelity_high@k3,random_same_ratio,3,late,delta_primary,-1.5843762233548184,False,True,20,20,0.95,0.1,0.2,0.925,-1.1233249605137132,0.3488261968801609,-1.3217220121787445
Llama-3.2-1B,Llama,H3d_fidelity_high_vs_uniform,fidelity_high@k3,random_same_ratio,3,late,delta_auc_all,-0.04419200000000001,False,True,20,20,0.9,0.15,0.3,0.875,-0.02394311111111111,0.013456583531026191,-1.504757046407955
Llama-3.2-1B,Llama,H3d_fidelity_high_vs_uniform,fidelity_high@k3,random_same_ratio,3,late,delta_d_all,-1.5843762233548184,False,True,20,20,0.95,0.1,0.2,0.925,-1.1233249605137132,0.3488261968801609,-1.3217220121787445
Llama-3.2-1B,Llama,H3d_fidelity_high_vs_uniform,fidelity_high@k3,random_same_ratio,3,middle,delta_primary,-1.4027282393416525,False,True,20,20,0.9,0.2,0.4,0.85,-0.8714766849001935,0.4690068525449221,-1.1327159753824174
Llama-3.2-1B,Llama,H3d_fidelity_high_vs_uniform,fidelity_high@k3,random_same_ratio,3,middle,delta_auc_all,-0.02056088888888885,False,True,20,20,0.8,0.3,0.6,0.75,-0.011654688888888872,0.008769586368108031,-1.0155781157921842
Llama-3.2-1B,Llama,H3d_fidelity_high_vs_uniform,fidelity_high@k3,random_same_ratio,3,middle,delta_d_all,-1.4027282393416525,False,True,20,20,0.9,0.2,0.4,0.85,-0.8714766849001935,0.4690068525449221,-1.1327159753824174
Llama-3.2-1B,Llama,H4_own_head_vs_random_source,full,random_source,6,all,delta_primary,-1.326110126801862,True,False,720,50,0.17647058823529413,0.8431372549019608,0.35294117647058826,0.16666666666666666,-1.4050518597737878,0.06550080141885938,1.2052025511430824
Llama-3.2-1B,Llama,H4_own_head_vs_random_source,full,random_source,6,all,delta_auc_all,-0.03603244444444443,True,False,720,50,0.27450980392156865,0.7450980392156863,0.5490196078431373,0.2647058823529412,-0.04056175407407406,0.006138142575821267,0.7378958005099155
Llama-3.2-1B,Llama,H4_own_head_vs_random_source,full,random_source,6,all,delta_d_all,-1.326110126801862,True,False,720,50,0.17647058823529413,0.8431372549019608,0.35294117647058826,0.16666666666666666,-1.4050518597737878,0.06550080141885938,1.2052025511430824
Llama-3.2-1B,Llama,H4_own_head_vs_random_source,full,random_source,6,early,delta_primary,-0.7487576923353679,True,False,720,50,1.0,0.5294117647058824,1.0,0.7352941176470589,-0.7457445305818173,0.003168038578443333,-0.951112708681459
Llama-3.2-1B,Llama,H4_own_head_vs_random_source,full,random_source,6,early,delta_auc_all,-0.008931111111111112,True,False,720,50,1.0,0.5294117647058824,1.0,0.7352941176470589,-0.008712017777777773,0.0002303547532627018,-0.9511127086814631
Llama-3.2-1B,Llama,H4_own_head_vs_random_source,full,random_source,6,early,delta_d_all,-0.7487576923353679,True,False,720,50,1.0,0.5294117647058824,1.0,0.7352941176470589,-0.7457445305818173,0.003168038578443333,-0.951112708681459
Llama-3.2-1B,Llama,H4_own_head_vs_random_source,full,random_source,6,late,delta_primary,-1.7744797926791753,True,False,720,50,0.21568627450980393,0.803921568627451,0.43137254901960786,0.20588235294117646,-1.9098959216539473,0.14960360583323917,0.9051662105371859
Llama-3.2-1B,Llama,H4_own_head_vs_random_source,full,random_source,6,late,delta_auc_all,-0.07118755555555556,True,False,720,50,0.3333333333333333,0.6862745098039216,0.6666666666666666,0.3235294117647059,-0.08014995555555554,0.016851865467701097,0.531834295566722
Llama-3.2-1B,Llama,H4_own_head_vs_random_source,full,random_source,6,late,delta_d_all,-1.7744797926791753,True,False,720,50,0.21568627450980393,0.803921568627451,0.43137254901960786,0.20588235294117646,-1.9098959216539473,0.14960360583323917,0.9051662105371859
Llama-3.2-1B,Llama,H4_own_head_vs_random_source,full,random_source,6,middle,delta_primary,-1.4550928953910431,True,False,720,50,0.19607843137254902,0.8627450980392157,0.39215686274509803,0.16666666666666666,-1.5595151270855985,0.09467916366213228,1.1029061480432139
Llama-3.2-1B,Llama,H4_own_head_vs_random_source,full,random_source,6,middle,delta_auc_all,-0.027978666666666624,True,False,720,50,0.19607843137254902,0.8627450980392157,0.39215686274509803,0.16666666666666666,-0.03282328888888888,0.004906748278512175,0.9873386502091445
Llama-3.2-1B,Llama,H4_own_head_vs_random_source,full,random_source,6,middle,delta_d_all,-1.4550928953910431,True,False,720,50,0.19607843137254902,0.8627450980392157,0.39215686274509803,0.16666666666666666,-1.5595151270855985,0.09467916366213228,1.1029061480432139
Llama-3.2-1B,Llama,H3e_kvsharer_dissimilar_vs_random_pairs,kvsharer_dissimilar@k2,random_pairs,2,all,delta_primary,-0.3974520524076019,True,False,5401,50,0.6666666666666666,0.35294117647058826,0.7058823529411765,0.6568627450980392,-0.35711767439464515,0.2983600741681268,-0.13518691509048295
Llama-3.2-1B,Llama,H3e_kvsharer_dissimilar_vs_random_pairs,kvsharer_dissimilar@k2,random_pairs,2,all,delta_auc_all,-0.0031780740740740645,True,False,5401,50,0.6078431372549019,0.4117647058823529,0.8235294117647058,0.5980392156862745,-0.004811598518518515,0.005246993790915506,0.31132578187393467
Llama-3.2-1B,Llama,H3e_kvsharer_dissimilar_vs_random_pairs,kvsharer_dissimilar@k2,random_pairs,2,all,delta_d_all,-0.3974520524076019,True,False,5401,50,0.6666666666666666,0.35294117647058826,0.7058823529411765,0.6568627450980392,-0.35711767439464515,0.2983600741681268,-0.13518691509048295
Llama-3.2-1B,Llama,H3e_kvsharer_dissimilar_vs_random_pairs,kvsharer_dissimilar@k2,random_pairs,2,early,delta_primary,-0.19467113768410493,True,False,5401,50,0.8627450980392157,0.19607843137254902,0.39215686274509803,0.8333333333333334,-0.11049509918406636,0.2376040985018884,-0.3542701452995752
Llama-3.2-1B,Llama,H3e_kvsharer_dissimilar_vs_random_pairs,kvsharer_dissimilar@k2,random_pairs,2,early,delta_auc_all,-0.0009675555555555548,True,False,5401,50,0.8235294117647058,0.23529411764705882,0.47058823529411764,0.7941176470588235,-0.0008805688888888879,0.002100971689512028,-0.04140306463951946
Llama-3.2-1B,Llama,H3e_kvsharer_dissimilar_vs_random_pairs,kvsharer_dissimilar@k2,random_pairs,2,early,delta_d_all,-0.19467113768410493,True,False,5401,50,0.8627450980392157,0.19607843137254902,0.39215686274509803,0.8333333333333334,-0.11049509918406636,0.2376040985018884,-0.3542701452995752
Llama-3.2-1B,Llama,H3e_kvsharer_dissimilar_vs_random_pairs,kvsharer_dissimilar@k2,random_pairs,2,late,delta_primary,-0.5579098428688531,True,False,5401,50,0.5882352941176471,0.43137254901960786,0.8627450980392157,0.5784313725490197,-0.5988932072777208,0.40164427578588074,0.10203896054207962
Llama-3.2-1B,Llama,H3e_kvsharer_dissimilar_vs_random_pairs,kvsharer_dissimilar@k2,random_pairs,2,late,delta_auc_all,-0.005235555555555521,True,False,5401,50,0.5294117647058824,0.49019607843137253,0.9803921568627451,0.5196078431372549,-0.009981044444444443,0.01113738619496208,0.4260864089489427
Llama-3.2-1B,Llama,H3e_kvsharer_dissimilar_vs_random_pairs,kvsharer_dissimilar@k2,random_pairs,2,late,delta_d_all,-0.5579098428688531,True,False,5401,50,0.5882352941176471,0.43137254901960786,0.8627450980392157,0.5784313725490197,-0.5988932072777208,0.40164427578588074,0.10203896054207962
Llama-3.2-1B,Llama,H3e_kvsharer_dissimilar_vs_random_pairs,kvsharer_dissimilar@k2,random_pairs,2,middle,delta_primary,-0.43977517666984756,True,False,5401,50,0.7058823529411765,0.3137254901960784,0.6274509803921569,0.696078431372549,-0.36196471672214847,0.36220635193656553,-0.21482356543909065
Llama-3.2-1B,Llama,H3e_kvsharer_dissimilar_vs_random_pairs,kvsharer_dissimilar@k2,random_pairs,2,middle,delta_auc_all,-0.003331111111111118,True,False,5401,50,0.7058823529411765,0.3137254901960784,0.6274509803921569,0.696078431372549,-0.0035731822222222166,0.004462143498424735,0.05424996107735142
Llama-3.2-1B,Llama,H3e_kvsharer_dissimilar_vs_random_pairs,kvsharer_dissimilar@k2,random_pairs,2,middle,delta_d_all,-0.43977517666984756,True,False,5401,50,0.7058823529411765,0.3137254901960784,0.6274509803921569,0.696078431372549,-0.36196471672214847,0.36220635193656553,-0.21482356543909065
Llama-3.2-1B,Llama,H3e_kvsharer_similar_vs_random_pairs,kvsharer_similar@k2,random_pairs,2,all,delta_primary,-0.07909018874581249,True,False,5401,50,0.17647058823529413,0.8431372549019608,0.35294117647058826,0.16666666666666666,-0.35711767439464515,0.2983600741681268,0.9318521803696943
Llama-3.2-1B,Llama,H3e_kvsharer_similar_vs_random_pairs,kvsharer_similar@k2,random_pairs,2,all,delta_auc_all,-0.001216592592592584,True,False,5401,50,0.29411764705882354,0.7254901960784313,0.5882352941176471,0.28431372549019607,-0.004811598518518515,0.005246993790915506,0.6851553611803811
Llama-3.2-1B,Llama,H3e_kvsharer_similar_vs_random_pairs,kvsharer_similar@k2,random_pairs,2,all,delta_d_all,-0.07909018874581249,True,False,5401,50,0.17647058823529413,0.8431372549019608,0.35294117647058826,0.16666666666666666,-0.35711767439464515,0.2983600741681268,0.9318521803696943
Llama-3.2-1B,Llama,H3e_kvsharer_similar_vs_random_pairs,kvsharer_similar@k2,random_pairs,2,early,delta_primary,0.0,True,False,5401,50,0.6666666666666666,1.0,1.0,0.3333333333333333,-0.11049509918406636,0.2376040985018884,0.4650386920122431
Llama-3.2-1B,Llama,H3e_kvsharer_similar_vs_random_pairs,kvsharer_similar@k2,random_pairs,2,early,delta_auc_all,0.0,True,False,5401,50,0.6666666666666666,1.0,1.0,0.3333333333333333,-0.0008805688888888879,0.002100971689512028,0.41912458567845295
Llama-3.2-1B,Llama,H3e_kvsharer_similar_vs_random_pairs,kvsharer_similar@k2,random_pairs,2,early,delta_d_all,0.0,True,False,5401,50,0.6666666666666666,1.0,1.0,0.3333333333333333,-0.11049509918406636,0.2376040985018884,0.4650386920122431
Llama-3.2-1B,Llama,H3e_kvsharer_similar_vs_random_pairs,kvsharer_similar@k2,random_pairs,2,late,delta_primary,-0.23727056623743747,True,False,5401,50,0.21568627450980393,0.803921568627451,0.43137254901960786,0.20588235294117646,-0.5988932072777208,0.40164427578588074,0.9003555206474965
Llama-3.2-1B,Llama,H3e_kvsharer_similar_vs_random_pairs,kvsharer_similar@k2,random_pairs,2,late,delta_auc_all,-0.003649777777777752,True,False,5401,50,0.39215686274509803,0.6274509803921569,0.7843137254901961,0.38235294117647056,-0.009981044444444443,0.01113738619496208,0.5684697069704376
Llama-3.2-1B,Llama,H3e_kvsharer_similar_vs_random_pairs,kvsharer_similar@k2,random_pairs,2,late,delta_d_all,-0.23727056623743747,True,False,5401,50,0.21568627450980393,0.803921568627451,0.43137254901960786,0.20588235294117646,-0.5988932072777208,0.40164427578588074,0.9003555206474965
Llama-3.2-1B,Llama,H3e_kvsharer_similar_vs_random_pairs,kvsharer_similar@k2,random_pairs,2,middle,delta_primary,0.0,True,False,5401,50,0.21568627450980393,0.9803921568627451,0.43137254901960786,0.11764705882352941,-0.36196471672214847,0.36220635193656553,0.999332879688263
Llama-3.2-1B,Llama,H3e_kvsharer_similar_vs_random_pairs,kvsharer_similar@k2,random_pairs,2,middle,delta_auc_all,0.0,True,False,5401,50,0.21568627450980393,0.9803921568627451,0.43137254901960786,0.11764705882352941,-0.0035731822222222166,0.004462143498424735,0.8007770757447968
Llama-3.2-1B,Llama,H3e_kvsharer_similar_vs_random_pairs,kvsharer_similar@k2,random_pairs,2,middle,delta_d_all,0.0,True,False,5401,50,0.21568627450980393,0.9803921568627451,0.43137254901960786,0.11764705882352941,-0.36196471672214847,0.36220635193656553,0.999332879688263
Qwen2.5-3B,Qwen,H3b_cka_high_vs_depth_matched,cka_high@k5,rdm_cka_high,5,all,delta_primary,-0.3496805418869335,True,False,60,50,1.0,0.0392156862745098,0.0784313725490196,0.9803921568627451,-0.21311533035522764,0.06415539565739509,-2.1286629149790643
Qwen2.5-3B,Qwen,H3b_cka_high_vs_depth_matched,cka_high@k5,rdm_cka_high,5,all,delta_auc_all,-0.004685206349206348,True,False,60,50,1.0,0.0392156862745098,0.0784313725490196,0.9803921568627451,-0.0023553739682539688,0.0009731547566494475,-2.394102649175703
Qwen2.5-3B,Qwen,H3b_cka_high_vs_depth_matched,cka_high@k5,rdm_cka_high,5,all,delta_d_all,-0.3496805418869335,True,False,60,50,1.0,0.0392156862745098,0.0784313725490196,0.9803921568627451,-0.21311533035522764,0.06415539565739509,-2.1286629149790643
Qwen2.5-3B,Qwen,H3b_cka_high_vs_depth_matched,cka_high@k5,rdm_cka_high,5,early,delta_primary,0.0,True,False,60,50,1.0,1.0,1.0,0.5,0.0,0.0,
Qwen2.5-3B,Qwen,H3b_cka_high_vs_depth_matched,cka_high@k5,rdm_cka_high,5,early,delta_auc_all,0.0,True,False,60,50,1.0,1.0,1.0,0.5,0.0,0.0,
Qwen2.5-3B,Qwen,H3b_cka_high_vs_depth_matched,cka_high@k5,rdm_cka_high,5,early,delta_d_all,0.0,True,False,60,50,1.0,1.0,1.0,0.5,0.0,0.0,
Qwen2.5-3B,Qwen,H3b_cka_high_vs_depth_matched,cka_high@k5,rdm_cka_high,5,late,delta_primary,-0.9271083396968921,True,False,60,50,1.0,0.0392156862745098,0.0784313725490196,0.9803921568627451,-0.5767224267145662,0.19306149118652932,-1.8148928138330558
Qwen2.5-3B,Qwen,H3b_cka_high_vs_depth_matched,cka_high@k5,rdm_cka_high,5,late,delta_auc_all,-0.013818666666666658,True,False,60,50,1.0,0.0392156862745098,0.0784313725490196,0.9803921568627451,-0.006927541728395059,0.003031202444609355,-2.2733964702775533
Qwen2.5-3B,Qwen,H3b_cka_high_vs_depth_matched,cka_high@k5,rdm_cka_high,5,late,delta_d_all,-0.9271083396968921,True,False,60,50,1.0,0.0392156862745098,0.0784313725490196,0.9803921568627451,-0.5767224267145662,0.19306149118652932,-1.8148928138330558
Qwen2.5-3B,Qwen,H3b_cka_high_vs_depth_matched,cka_high@k5,rdm_cka_high,5,middle,delta_primary,-0.16078667950690098,True,False,60,50,1.0,0.1568627450980392,0.3137254901960784,0.9215686274509803,-0.08630304550169741,0.04170781090611303,-1.7858437637226041
Qwen2.5-3B,Qwen,H3b_cka_high_vs_depth_matched,cka_high@k5,rdm_cka_high,5,middle,delta_auc_all,-0.0007575308641975346,True,False,60,50,1.0,0.1568627450980392,0.3137254901960784,0.9215686274509803,-0.00040028839506173246,0.0002110396453329144,-1.6927742110836719
Qwen2.5-3B,Qwen,H3b_cka_high_vs_depth_matched,cka_high@k5,rdm_cka_high,5,middle,delta_d_all,-0.16078667950690098,True,False,60,50,1.0,0.1568627450980392,0.3137254901960784,0.9215686274509803,-0.08630304550169741,0.04170781090611303,-1.7858437637226041
Qwen2.5-3B,Qwen,H3b_cka_low_vs_depth_matched,cka_low@k5,rdm_cka_low,5,all,delta_primary,-0.6125143004578171,True,False,200,50,0.5294117647058824,0.49019607843137253,0.9803921568627451,0.5196078431372549,-0.6273710328253667,0.1533424935963204,0.0968859447835801
Qwen2.5-3B,Qwen,H3b_cka_low_vs_depth_matched,cka_low@k5,rdm_cka_low,5,all,delta_auc_all,-0.004934095238095225,True,False,200,50,0.5490196078431373,0.47058823529411764,0.9411764705882353,0.5392156862745098,-0.005744210793650788,0.0023254473414437383,0.34836977002997105
Qwen2.5-3B,Qwen,H3b_cka_low_vs_depth_matched,cka_low@k5,rdm_cka_low,5,all,delta_d_all,-0.6125143004578171,True,False,200,50,0.5294117647058824,0.49019607843137253,0.9803921568627451,0.5196078431372549,-0.6273710328253667,0.1533424935963204,0.0968859447835801
Qwen2.5-3B,Qwen,H3b_cka_low_vs_depth_matched,cka_low@k5,rdm_cka_low,5,early,delta_primary,-0.40941954763757504,True,False,200,50,0.7254901960784313,0.35294117647058826,0.7058823529411765,0.6862745098039216,-0.3731372379560905,0.1009957334481443,-0.35924596458437025
Qwen2.5-3B,Qwen,H3b_cka_low_vs_depth_matched,cka_low@k5,rdm_cka_low,5,early,delta_auc_all,-0.002684799999999976,True,False,200,50,0.6470588235294118,0.43137254901960786,0.8627450980392157,0.6078431372549019,-0.002701123555555542,0.001013590694415494,0.01610468174727984
Qwen2.5-3B,Qwen,H3b_cka_low_vs_depth_matched,cka_low@k5,rdm_cka_low,5,early,delta_d_all,-0.40941954763757504,True,False,200,50,0.7254901960784313,0.35294117647058826,0.7058823529411765,0.6862745098039216,-0.3731372379560905,0.1009957334481443,-0.35924596458437025
Qwen2.5-3B,Qwen,H3b_cka_low_vs_depth_matched,cka_low@k5,rdm_cka_low,5,late,delta_primary,-0.7014113868371482,True,False,200,50,0.3333333333333333,0.6862745098039216,0.6666666666666666,0.3235294117647059,-0.8348470906426827,0.2439980612814068,0.5468719837558094
Qwen2.5-3B,Qwen,H3b_cka_low_vs_depth_matched,cka_low@k5,rdm_cka_low,5,late,delta_auc_all,-0.007843753086419738,True,False,200,50,0.39215686274509803,0.6274509803921569,0.7843137254901961,0.38235294117647056,-0.01040860444444444,0.005652930922613929,0.4537206261913259
Qwen2.5-3B,Qwen,H3b_cka_low_vs_depth_matched,cka_low@k5,rdm_cka_low,5,late,delta_d_all,-0.7014113868371482,True,False,200,50,0.3333333333333333,0.6862745098039216,0.6666666666666666,0.3235294117647059,-0.8348470906426827,0.2439980612814068,0.5468719837558094
Qwen2.5-3B,Qwen,H3b_cka_low_vs_depth_matched,cka_low@k5,rdm_cka_low,5,middle,delta_primary,-0.7492780505454216,True,False,200,50,0.5294117647058824,0.49019607843137253,0.9803921568627451,0.5196078431372549,-0.7023769693072459,0.18853634092215815,-0.24876414281074846
Qwen2.5-3B,Qwen,H3b_cka_low_vs_depth_matched,cka_low@k5,rdm_cka_low,5,middle,delta_auc_all,-0.004523654320987657,True,False,200,50,0.5490196078431373,0.47058823529411764,0.9411764705882353,0.5392156862745098,-0.004461025185185189,0.0014715396390388492,-0.0425602777804714
Qwen2.5-3B,Qwen,H3b_cka_low_vs_depth_matched,cka_low@k5,rdm_cka_low,5,middle,delta_d_all,-0.7492780505454216,True,False,200,50,0.5294117647058824,0.49019607843137253,0.9803921568627451,0.5196078431372549,-0.7023769693072459,0.18853634092215815,-0.24876414281074846
Qwen2.5-3B,Qwen,H3b_kvdist_low_vs_depth_matched,kvdist_low@k5,rdm_kvdist_low,5,all,delta_primary,-0.838724921948935,True,True,20,20,0.4,0.65,0.8,0.375,-0.8610254072761157,0.13699928568332886,0.16277811388540947
Qwen2.5-3B,Qwen,H3b_kvdist_low_vs_depth_matched,kvdist_low@k5,rdm_kvdist_low,5,all,delta_auc_all,-0.007769650793650781,True,True,20,20,0.4,0.65,0.8,0.375,-0.009019974603174595,0.002452156328252839,0.5098874794881736
Qwen2.5-3B,Qwen,H3b_kvdist_low_vs_depth_matched,kvdist_low@k5,rdm_kvdist_low,5,all,delta_d_all,-0.838724921948935,True,True,20,20,0.4,0.65,0.8,0.375,-0.8610254072761157,0.13699928568332886,0.16277811388540947
Qwen2.5-3B,Qwen,H3b_kvdist_low_vs_depth_matched,kvdist_low@k5,rdm_kvdist_low,5,early,delta_primary,-0.5588120645351777,True,True,20,20,0.8,0.4,0.8,0.7,-0.5238867748889319,0.07879338514399217,-0.4432515443069378
Qwen2.5-3B,Qwen,H3b_kvdist_low_vs_depth_matched,kvdist_low@k5,rdm_kvdist_low,5,early,delta_auc_all,-0.004912533333333313,True,True,20,20,0.8,0.4,0.8,0.7,-0.004555235555555537,0.0012563875272917312,-0.28438500861909033
Qwen2.5-3B,Qwen,H3b_kvdist_low_vs_depth_matched,kvdist_low@k5,rdm_kvdist_low,5,early,delta_d_all,-0.5588120645351777,True,True,20,20,0.8,0.4,0.8,0.7,-0.5238867748889319,0.07879338514399217,-0.4432515443069378
Qwen2.5-3B,Qwen,H3b_kvdist_low_vs_depth_matched,kvdist_low@k5,rdm_kvdist_low,5,late,delta_primary,-1.0286721985715086,True,True,20,20,0.45,0.6,0.9,0.425,-1.0571086076599912,0.2274215164485664,0.12503834084192172
Qwen2.5-3B,Qwen,H3b_kvdist_low_vs_depth_matched,kvdist_low@k5,rdm_kvdist_low,5,late,delta_auc_all,-0.011726222222222206,True,True,20,20,0.45,0.6,0.9,0.425,-0.014204879012345675,0.004971236657996836,0.4985996363975651
Qwen2.5-3B,Qwen,H3b_kvdist_low_vs_depth_matched,kvdist_low@k5,rdm_kvdist_low,5,late,delta_d_all,-1.0286721985715086,True,True,20,20,0.45,0.6,0.9,0.425,-1.0571086076599912,0.2274215164485664,0.12503834084192172
Qwen2.5-3B,Qwen,H3b_kvdist_low_vs_depth_matched,kvdist_low@k5,rdm_kvdist_low,5,middle,delta_primary,-0.9597919313416475,True,True,20,20,0.35,0.7,0.7,0.325,-1.0395406873224444,0.17301924124708143,0.4609242036087251
Qwen2.5-3B,Qwen,H3b_kvdist_low_vs_depth_matched,kvdist_low@k5,rdm_kvdist_low,5,middle,delta_auc_all,-0.006987654320987653,True,True,20,20,0.3,0.75,0.6,0.275,-0.008795891358024692,0.0023702704259631435,0.7628821661993581
Qwen2.5-3B,Qwen,H3b_kvdist_low_vs_depth_matched,kvdist_low@k5,rdm_kvdist_low,5,middle,delta_d_all,-0.9597919313416475,True,True,20,20,0.35,0.7,0.7,0.325,-1.0395406873224444,0.17301924124708143,0.4609242036087251
Qwen2.5-3B,Qwen,H3b_kvdist_high_vs_depth_matched,kvdist_high@k5,rdm_kvdist_high,5,all,delta_primary,-0.12320328049707337,True,False,60,50,0.13725490196078433,0.9019607843137255,0.27450980392156865,0.11764705882352941,-0.20558065502156278,0.06773069101846467,1.2162488420800517
Qwen2.5-3B,Qwen,H3b_kvdist_high_vs_depth_matched,kvdist_high@k5,rdm_kvdist_high,5,all,delta_auc_all,-0.0009794920634920673,True,False,60,50,0.058823529411764705,0.9803921568627451,0.11764705882352941,0.0392156862745098,-0.0022664799999999995,0.001016500241450982,1.2660970298156036
Qwen2.5-3B,Qwen,H3b_kvdist_high_vs_depth_matched,kvdist_high@k5,rdm_kvdist_high,5,all,delta_d_all,-0.12320328049707337,True,False,60,50,0.13725490196078433,0.9019607843137255,0.27450980392156865,0.11764705882352941,-0.20558065502156278,0.06773069101846467,1.2162488420800517
Qwen2.5-3B,Qwen,H3b_kvdist_high_vs_depth_matched,kvdist_high@k5,rdm_kvdist_high,5,early,delta_primary,0.0,True,False,60,50,1.0,1.0,1.0,0.5,0.0,0.0,
Qwen2.5-3B,Qwen,H3b_kvdist_high_vs_depth_matched,kvdist_high@k5,rdm_kvdist_high,5,early,delta_auc_all,0.0,True,False,60,50,1.0,1.0,1.0,0.5,0.0,0.0,
Qwen2.5-3B,Qwen,H3b_kvdist_high_vs_depth_matched,kvdist_high@k5,rdm_kvdist_high,5,early,delta_d_all,0.0,True,False,60,50,1.0,1.0,1.0,0.5,0.0,0.0,
Qwen2.5-3B,Qwen,H3b_kvdist_high_vs_depth_matched,kvdist_high@k5,rdm_kvdist_high,5,late,delta_primary,-0.26969960819135724,True,False,60,50,0.09803921568627451,0.9411764705882353,0.19607843137254902,0.0784313725490196,-0.5505033051710602,0.20182035573057502,1.3913546825503005
Qwen2.5-3B,Qwen,H3b_kvdist_high_vs_depth_matched,kvdist_high@k5,rdm_kvdist_high,5,late,delta_auc_all,-0.002477629629629632,True,False,60,50,0.058823529411764705,0.9803921568627451,0.11764705882352941,0.0392156862745098,-0.006630700246913579,0.0031783304214042496,1.3066830903783242
Qwen2.5-3B,Qwen,H3b_kvdist_high_vs_depth_matched,kvdist_high@k5,rdm_kvdist_high,5,late,delta_d_all,-0.26969960819135724,True,False,60,50,0.09803921568627451,0.9411764705882353,0.19607843137254902,0.0784313725490196,-0.5505033051710602,0.20182035573057502,1.3913546825503005
Qwen2.5-3B,Qwen,H3b_kvdist_high_vs_depth_matched,kvdist_high@k5,rdm_kvdist_high,5,middle,delta_primary,-0.11359948668842652,True,False,60,50,0.6862745098039216,0.4117647058823529,0.8235294117647058,0.6372549019607843,-0.08908095489602416,0.046862866573861385,-0.5231974393576261
Qwen2.5-3B,Qwen,H3b_kvdist_high_vs_depth_matched,kvdist_high@k5,rdm_kvdist_high,5,middle,delta_auc_all,-0.0005696790123456882,True,False,60,50,0.6862745098039216,0.4117647058823529,0.8235294117647058,0.6372549019607843,-0.00042057086419753297,0.00023256428105659078,-0.6411481052495424
Qwen2.5-3B,Qwen,H3b_kvdist_high_vs_depth_matched,kvdist_high@k5,rdm_kvdist_high,5,middle,delta_d_all,-0.11359948668842652,True,False,60,50,0.6862745098039216,0.4117647058823529,0.8235294117647058,0.6372549019607843,-0.08908095489602416,0.046862866573861385,-0.5231974393576261
Qwen2.5-3B,Qwen,H3b_fidelity_high_vs_depth_matched,fidelity_high@k5,rdm_fidelity_high,5,all,delta_primary,-0.19052713653119005,True,False,300,50,0.058823529411764705,0.9607843137254902,0.11764705882352941,0.049019607843137254,-0.36610232060949194,0.10563836744287451,1.6620399228835747
Qwen2.5-3B,Qwen,H3b_fidelity_high_vs_depth_matched,fidelity_high@k5,rdm_fidelity_high,5,all,delta_auc_all,-0.0016203809523809526,True,False,300,50,0.0784313725490196,0.9411764705882353,0.1568627450980392,0.06862745098039216,-0.0033939485714285685,0.00130349536745983,1.360624412884438
Qwen2.5-3B,Qwen,H3b_fidelity_high_vs_depth_matched,fidelity_high@k5,rdm_fidelity_high,5,all,delta_d_all,-0.19052713653119005,True,False,300,50,0.058823529411764705,0.9607843137254902,0.11764705882352941,0.049019607843137254,-0.36610232060949194,0.10563836744287451,1.6620399228835747
Qwen2.5-3B,Qwen,H3b_fidelity_high_vs_depth_matched,fidelity_high@k5,rdm_fidelity_high,5,early,delta_primary,-0.01052696747397448,True,False,300,50,0.1568627450980392,1.0,0.3137254901960784,0.0784313725490196,-0.13149975842364253,0.07963559132728651,1.5190794584860159
Qwen2.5-3B,Qwen,H3b_fidelity_high_vs_depth_matched,fidelity_high@k5,rdm_fidelity_high,5,early,delta_auc_all,-1.9733333333338266e-05,True,False,300,50,0.1568627450980392,1.0,0.3137254901960784,0.0784313725490196,-0.0006748977777777765,0.00045444034647121014,1.4416951521401598
Qwen2.5-3B,Qwen,H3b_fidelity_high_vs_depth_matched,fidelity_high@k5,rdm_fidelity_high,5,early,delta_d_all,-0.01052696747397448,True,False,300,50,0.1568627450980392,1.0,0.3137254901960784,0.0784313725490196,-0.13149975842364253,0.07963559132728651,1.5190794584860159
Qwen2.5-3B,Qwen,H3b_fidelity_high_vs_depth_matched,fidelity_high@k5,rdm_fidelity_high,5,late,delta_primary,-0.33411426184453175,True,False,300,50,0.0392156862745098,0.9803921568627451,0.0784313725490196,0.029411764705882353,-0.6845197994318702,0.2272409525021035,1.5419999508411448
Qwen2.5-3B,Qwen,H3b_fidelity_high_vs_depth_matched,fidelity_high@k5,rdm_fidelity_high,5,late,delta_auc_all,-0.0038012839506172836,True,False,300,50,0.0392156862745098,0.9803921568627451,0.0784313725490196,0.029411764705882353,-0.008271847901234565,0.0038755418983740454,1.15353260727045
Qwen2.5-3B,Qwen,H3b_fidelity_high_vs_depth_matched,fidelity_high@k5,rdm_fidelity_high,5,late,delta_d_all,-0.33411426184453175,True,False,300,50,0.0392156862745098,0.9803921568627451,0.0784313725490196,0.029411764705882353,-0.6845197994318702,0.2272409525021035,1.5419999508411448
Qwen2.5-3B,Qwen,H3b_fidelity_high_vs_depth_matched,fidelity_high@k5,rdm_fidelity_high,5,middle,delta_primary,-0.24694019905919898,True,False,300,50,0.3333333333333333,0.6862745098039216,0.6666666666666666,0.3235294117647059,-0.3083543553269466,0.10642771649701228,0.5770503989857914
Qwen2.5-3B,Qwen,H3b_fidelity_high_vs_depth_matched,fidelity_high@k5,rdm_fidelity_high,5,middle,delta_auc_all,-0.0012179753086419708,True,False,300,50,0.23529411764705882,0.7843137254901961,0.47058823529411764,0.22549019607843138,-0.0015372167901234516,0.0005097908215728639,0.6262205358984714
Qwen2.5-3B,Qwen,H3b_fidelity_high_vs_depth_matched,fidelity_high@k5,rdm_fidelity_high,5,middle,delta_d_all,-0.24694019905919898,True,False,300,50,0.3333333333333333,0.6862745098039216,0.6666666666666666,0.3235294117647059,-0.3083543553269466,0.10642771649701228,0.5770503989857914
Qwen2.5-3B,Qwen,H3d_cka_high_vs_uniform,cka_high@k2,random_same_ratio,2,all,delta_primary,-0.13873227691822118,False,False,91,50,0.29411764705882354,0.7450980392156863,0.5882352941176471,0.27450980392156865,-0.22091299771607895,0.12869478918220553,0.638570693654944
Qwen2.5-3B,Qwen,H3d_cka_high_vs_uniform,cka_high@k2,random_same_ratio,2,all,delta_auc_all,-0.0007986031746031741,False,False,91,50,0.27450980392156865,0.7647058823529411,0.5490196078431373,0.2549019607843137,-0.0014200552380952346,0.0007862074173311502,0.7904428905054519
Qwen2.5-3B,Qwen,H3d_cka_high_vs_uniform,cka_high@k2,random_same_ratio,2,all,delta_d_all,-0.13873227691822118,False,False,91,50,0.29411764705882354,0.7450980392156863,0.5882352941176471,0.27450980392156865,-0.22091299771607895,0.12869478918220553,0.638570693654944
Qwen2.5-3B,Qwen,H3d_cka_high_vs_uniform,cka_high@k2,random_same_ratio,2,early,delta_primary,0.0,False,False,91,50,0.2549019607843137,1.0,0.5098039215686274,0.12745098039215685,-0.1375264835333328,0.12072347100768246,1.1391859626416891
Qwen2.5-3B,Qwen,H3d_cka_high_vs_uniform,cka_high@k2,random_same_ratio,2,early,delta_auc_all,0.0,False,False,91,50,0.2549019607843137,1.0,0.5098039215686274,0.12745098039215685,-0.0007826737777777739,0.0007719315544826729,1.013916030809623
Qwen2.5-3B,Qwen,H3d_cka_high_vs_uniform,cka_high@k2,random_same_ratio,2,early,delta_d_all,0.0,False,False,91,50,0.2549019607843137,1.0,0.5098039215686274,0.12745098039215685,-0.1375264835333328,0.12072347100768246,1.1391859626416891
Qwen2.5-3B,Qwen,H3d_cka_high_vs_uniform,cka_high@k2,random_same_ratio,2,late,delta_primary,-0.39936008472090956,False,False,91,50,0.7647058823529411,0.27450980392156865,0.5490196078431373,0.7450980392156863,-0.31257688435955894,0.1539710207919303,-0.563633337721555
Qwen2.5-3B,Qwen,H3d_cka_high_vs_uniform,cka_high@k2,random_same_ratio,2,late,delta_auc_all,-0.0023634567901234587,False,False,91,50,0.5098039215686274,0.5294117647058824,1.0,0.49019607843137253,-0.0025371555555555514,0.0011791269754836068,0.14731133206485406
Qwen2.5-3B,Qwen,H3d_cka_high_vs_uniform,cka_high@k2,random_same_ratio,2,late,delta_d_all,-0.39936008472090956,False,False,91,50,0.7647058823529411,0.27450980392156865,0.5490196078431373,0.7450980392156863,-0.31257688435955894,0.1539710207919303,-0.563633337721555
Qwen2.5-3B,Qwen,H3d_cka_high_vs_uniform,cka_high@k2,random_same_ratio,2,middle,delta_primary,-0.03225144346911188,False,False,91,50,0.17647058823529413,0.9019607843137255,0.35294117647058826,0.13725490196078433,-0.22190079349787242,0.17505902781904853,1.0833451572962776
Qwen2.5-3B,Qwen,H3d_cka_high_vs_uniform,cka_high@k2,random_same_ratio,2,middle,delta_auc_all,-0.00012108641975308278,False,False,91,50,0.17647058823529413,0.9019607843137255,0.35294117647058826,0.13725490196078433,-0.0010111565432098734,0.0007827287044456381,1.1371374505642746
Qwen2.5-3B,Qwen,H3d_cka_high_vs_uniform,cka_high@k2,random_same_ratio,2,middle,delta_d_all,-0.03225144346911188,False,False,91,50,0.17647058823529413,0.9019607843137255,0.35294117647058826,0.13725490196078433,-0.22190079349787242,0.17505902781904853,1.0833451572962776
Qwen2.5-3B,Qwen,H3d_cka_low_vs_uniform,cka_low@k2,random_same_ratio,2,all,delta_primary,-0.5283863632074023,False,False,91,50,1.0,0.0392156862745098,0.0784313725490196,0.9803921568627451,-0.22091299771607895,0.12869478918220553,-2.3891671717648477
Qwen2.5-3B,Qwen,H3d_cka_low_vs_uniform,cka_low@k2,random_same_ratio,2,all,delta_auc_all,-0.0036059365079364985,False,False,91,50,1.0,0.0392156862745098,0.0784313725490196,0.9803921568627451,-0.0014200552380952346,0.0007862074173311502,-2.7802857384142072
Qwen2.5-3B,Qwen,H3d_cka_low_vs_uniform,cka_low@k2,random_same_ratio,2,all,delta_d_all,-0.5283863632074023,False,False,91,50,1.0,0.0392156862745098,0.0784313725490196,0.9803921568627451,-0.22091299771607895,0.12869478918220553,-2.3891671717648477
Qwen2.5-3B,Qwen,H3d_cka_low_vs_uniform,cka_low@k2,random_same_ratio,2,early,delta_primary,-0.4063708043561919,False,False,91,50,1.0,0.0392156862745098,0.0784313725490196,0.9803921568627451,-0.1375264835333328,0.12072347100768246,-2.2269432661172464
Qwen2.5-3B,Qwen,H3d_cka_low_vs_uniform,cka_low@k2,random_same_ratio,2,early,delta_auc_all,-0.0027011555555555232,False,False,91,50,1.0,0.0392156862745098,0.0784313725490196,0.9803921568627451,-0.0007826737777777739,0.0007719315544826729,-2.48530036975035
Qwen2.5-3B,Qwen,H3d_cka_low_vs_uniform,cka_low@k2,random_same_ratio,2,early,delta_d_all,-0.4063708043561919,False,False,91,50,1.0,0.0392156862745098,0.0784313725490196,0.9803921568627451,-0.1375264835333328,0.12072347100768246,-2.2269432661172464
Qwen2.5-3B,Qwen,H3d_cka_low_vs_uniform,cka_low@k2,random_same_ratio,2,late,delta_primary,-0.5351891082413212,False,False,91,50,0.9411764705882353,0.09803921568627451,0.19607843137254902,0.9215686274509803,-0.31257688435955894,0.1539710207919303,-1.4458059882748366
Qwen2.5-3B,Qwen,H3d_cka_low_vs_uniform,cka_low@k2,random_same_ratio,2,late,delta_auc_all,-0.004894123456790128,False,False,91,50,0.9803921568627451,0.058823529411764705,0.11764705882352941,0.9607843137254902,-0.0025371555555555514,0.0011791269754836068,-1.9989093204045223
Qwen2.5-3B,Qwen,H3d_cka_low_vs_uniform,cka_low@k2,random_same_ratio,2,late,delta_d_all,-0.5351891082413212,False,False,91,50,0.9411764705882353,0.09803921568627451,0.19607843137254902,0.9215686274509803,-0.31257688435955894,0.1539710207919303,-1.4458059882748366
Qwen2.5-3B,Qwen,H3d_cka_low_vs_uniform,cka_low@k2,random_same_ratio,2,middle,delta_primary,-0.6571564613414951,False,False,91,50,1.0,0.0392156862745098,0.0784313725490196,0.9803921568627451,-0.22190079349787242,0.17505902781904853,-2.4863365989529482
Qwen2.5-3B,Qwen,H3d_cka_low_vs_uniform,cka_low@k2,random_same_ratio,2,middle,delta_auc_all,-0.003323061728395064,False,False,91,50,1.0,0.0392156862745098,0.0784313725490196,0.9803921568627451,-0.0010111565432098734,0.0007827287044456381,-2.953648144055967
Qwen2.5-3B,Qwen,H3d_cka_low_vs_uniform,cka_low@k2,random_same_ratio,2,middle,delta_d_all,-0.6571564613414951,False,False,91,50,1.0,0.0392156862745098,0.0784313725490196,0.9803921568627451,-0.22190079349787242,0.17505902781904853,-2.4863365989529482
Qwen2.5-3B,Qwen,H3d_kvdist_low_vs_uniform,kvdist_low@k2,random_same_ratio,2,all,delta_primary,-0.3108291014920222,False,False,91,50,0.8627450980392157,0.17647058823529413,0.35294117647058826,0.8431372549019608,-0.22091299771607895,0.12869478918220553,-0.6986771130930594
Qwen2.5-3B,Qwen,H3d_kvdist_low_vs_uniform,kvdist_low@k2,random_same_ratio,2,all,delta_auc_all,-0.00217707936507935,False,False,91,50,0.9019607843137255,0.13725490196078433,0.27450980392156865,0.8823529411764706,-0.0014200552380952346,0.0007862074173311502,-0.9628809272162555
Qwen2.5-3B,Qwen,H3d_kvdist_low_vs_uniform,kvdist_low@k2,random_same_ratio,2,all,delta_d_all,-0.3108291014920222,False,False,91,50,0.8627450980392157,0.17647058823529413,0.35294117647058826,0.8431372549019608,-0.22091299771607895,0.12869478918220553,-0.6986771130930594
Qwen2.5-3B,Qwen,H3d_kvdist_low_vs_uniform,kvdist_low@k2,random_same_ratio,2,early,delta_primary,-0.3316369084472953,False,False,91,50,0.9215686274509803,0.11764705882352941,0.23529411764705882,0.9019607843137255,-0.1375264835333328,0.12072347100768246,-1.6078930078278642
Qwen2.5-3B,Qwen,H3d_kvdist_low_vs_uniform,kvdist_low@k2,random_same_ratio,2,early,delta_auc_all,-0.0024042666666666546,False,False,91,50,0.9215686274509803,0.11764705882352941,0.23529411764705882,0.9019607843137255,-0.0007826737777777739,0.0007719315544826729,-2.1006951710577852
Qwen2.5-3B,Qwen,H3d_kvdist_low_vs_uniform,kvdist_low@k2,random_same_ratio,2,early,delta_d_all,-0.3316369084472953,False,False,91,50,0.9215686274509803,0.11764705882352941,0.23529411764705882,0.9019607843137255,-0.1375264835333328,0.12072347100768246,-1.6078930078278642
Qwen2.5-3B,Qwen,H3d_kvdist_low_vs_uniform,kvdist_low@k2,random_same_ratio,2,late,delta_primary,-0.27275888329843684,False,False,91,50,0.45098039215686275,0.5882352941176471,0.9019607843137255,0.43137254901960786,-0.31257688435955894,0.1539710207919303,0.25860711227556515
Qwen2.5-3B,Qwen,H3d_kvdist_low_vs_uniform,kvdist_low@k2,random_same_ratio,2,late,delta_auc_all,-0.0023087407407407223,False,False,91,50,0.47058823529411764,0.5686274509803921,0.9411764705882353,0.45098039215686275,-0.0025371555555555514,0.0011791269754836068,0.19371519739945484
Qwen2.5-3B,Qwen,H3d_kvdist_low_vs_uniform,kvdist_low@k2,random_same_ratio,2,late,delta_d_all,-0.27275888329843684,False,False,91,50,0.45098039215686275,0.5882352941176471,0.9019607843137255,0.43137254901960786,-0.31257688435955894,0.1539710207919303,0.25860711227556515
Qwen2.5-3B,Qwen,H3d_kvdist_low_vs_uniform,kvdist_low@k2,random_same_ratio,2,middle,delta_primary,-0.32577953417974853,False,False,91,50,0.7647058823529411,0.27450980392156865,0.5490196078431373,0.7450980392156863,-0.22190079349787242,0.17505902781904853,-0.5933926514732584
Qwen2.5-3B,Qwen,H3d_kvdist_low_vs_uniform,kvdist_low@k2,random_same_ratio,2,middle,delta_auc_all,-0.0017929876543209728,False,False,91,50,0.8431372549019608,0.19607843137254902,0.39215686274509803,0.8235294117647058,-0.0010111565432098734,0.0007827287044456381,-0.9988532510313719
Qwen2.5-3B,Qwen,H3d_kvdist_low_vs_uniform,kvdist_low@k2,random_same_ratio,2,middle,delta_d_all,-0.32577953417974853,False,False,91,50,0.7647058823529411,0.27450980392156865,0.5490196078431373,0.7450980392156863,-0.22190079349787242,0.17505902781904853,-0.5933926514732584
Qwen2.5-3B,Qwen,H3d_kvdist_high_vs_uniform,kvdist_high@k2,random_same_ratio,2,all,delta_primary,-0.10041166596713132,False,False,91,50,0.21568627450980393,0.803921568627451,0.43137254901960786,0.20588235294117646,-0.22091299771607895,0.12869478918220553,0.9363341943731875
Qwen2.5-3B,Qwen,H3d_kvdist_high_vs_uniform,kvdist_high@k2,random_same_ratio,2,all,delta_auc_all,-0.0007271111111111149,False,False,91,50,0.19607843137254902,0.8235294117647058,0.39215686274509803,0.18627450980392157,-0.0014200552380952346,0.0007862074173311502,0.8813757180469998
Qwen2.5-3B,Qwen,H3d_kvdist_high_vs_uniform,kvdist_high@k2,random_same_ratio,2,all,delta_d_all,-0.10041166596713132,False,False,91,50,0.21568627450980393,0.803921568627451,0.43137254901960786,0.20588235294117646,-0.22091299771607895,0.12869478918220553,0.9363341943731875
Qwen2.5-3B,Qwen,H3d_kvdist_high_vs_uniform,kvdist_high@k2,random_same_ratio,2,early,delta_primary,0.0,False,False,91,50,0.2549019607843137,1.0,0.5098039215686274,0.12745098039215685,-0.1375264835333328,0.12072347100768246,1.1391859626416891
Qwen2.5-3B,Qwen,H3d_kvdist_high_vs_uniform,kvdist_high@k2,random_same_ratio,2,early,delta_auc_all,0.0,False,False,91,50,0.2549019607843137,1.0,0.5098039215686274,0.12745098039215685,-0.0007826737777777739,0.0007719315544826729,1.013916030809623
Qwen2.5-3B,Qwen,H3d_kvdist_high_vs_uniform,kvdist_high@k2,random_same_ratio,2,early,delta_d_all,0.0,False,False,91,50,0.2549019607843137,1.0,0.5098039215686274,0.12745098039215685,-0.1375264835333328,0.12072347100768246,1.1391859626416891
Qwen2.5-3B,Qwen,H3d_kvdist_high_vs_uniform,kvdist_high@k2,random_same_ratio,2,late,delta_primary,-0.20167341300903305,False,False,91,50,0.29411764705882354,0.7254901960784313,0.5882352941176471,0.28431372549019607,-0.31257688435955894,0.1539710207919303,0.7202879527596039
Qwen2.5-3B,Qwen,H3d_kvdist_high_vs_uniform,kvdist_high@k2,random_same_ratio,2,late,delta_auc_all,-0.0017120000000000097,False,False,91,50,0.29411764705882354,0.7254901960784313,0.5882352941176471,0.28431372549019607,-0.0025371555555555514,0.0011791269754836068,0.6998021186116216
Qwen2.5-3B,Qwen,H3d_kvdist_high_vs_uniform,kvdist_high@k2,random_same_ratio,2,late,delta_d_all,-0.20167341300903305,False,False,91,50,0.29411764705882354,0.7254901960784313,0.5882352941176471,0.28431372549019607,-0.31257688435955894,0.1539710207919303,0.7202879527596039
Qwen2.5-3B,Qwen,H3d_kvdist_high_vs_uniform,kvdist_high@k2,random_same_ratio,2,middle,delta_primary,-0.11071843666648659,False,False,91,50,0.37254901960784315,0.6666666666666666,0.7450980392156863,0.35294117647058826,-0.22190079349787242,0.17505902781904853,0.6351135283711878
Qwen2.5-3B,Qwen,H3d_kvdist_high_vs_uniform,kvdist_high@k2,random_same_ratio,2,middle,delta_auc_all,-0.0005501234567901254,False,False,91,50,0.37254901960784315,0.6666666666666666,0.7450980392156863,0.35294117647058826,-0.0010111565432098734,0.0007827287044456381,0.589007511544209
Qwen2.5-3B,Qwen,H3d_kvdist_high_vs_uniform,kvdist_high@k2,random_same_ratio,2,middle,delta_d_all,-0.11071843666648659,False,False,91,50,0.37254901960784315,0.6666666666666666,0.7450980392156863,0.35294117647058826,-0.22190079349787242,0.17505902781904853,0.6351135283711878
Qwen2.5-3B,Qwen,H3d_fidelity_high_vs_uniform,fidelity_high@k2,random_same_ratio,2,all,delta_primary,-0.022742725307143736,False,False,91,50,0.0196078431372549,1.0,0.0392156862745098,0.00980392156862745,-0.22091299771607895,0.12869478918220553,1.539846901869248
Qwen2.5-3B,Qwen,H3d_fidelity_high_vs_uniform,fidelity_high@k2,random_same_ratio,2,all,delta_auc_all,-0.0001830476190476184,False,False,91,50,0.0196078431372549,1.0,0.0392156862745098,0.00980392156862745,-0.0014200552380952346,0.0007862074173311502,1.5733858416736217
Qwen2.5-3B,Qwen,H3d_fidelity_high_vs_uniform,fidelity_high@k2,random_same_ratio,2,all,delta_d_all,-0.022742725307143736,False,False,91,50,0.0196078431372549,1.0,0.0392156862745098,0.00980392156862745,-0.22091299771607895,0.12869478918220553,1.539846901869248
Qwen2.5-3B,Qwen,H3d_fidelity_high_vs_uniform,fidelity_high@k2,random_same_ratio,2,early,delta_primary,0.0,False,False,91,50,0.2549019607843137,1.0,0.5098039215686274,0.12745098039215685,-0.1375264835333328,0.12072347100768246,1.1391859626416891
Qwen2.5-3B,Qwen,H3d_fidelity_high_vs_uniform,fidelity_high@k2,random_same_ratio,2,early,delta_auc_all,0.0,False,False,91,50,0.2549019607843137,1.0,0.5098039215686274,0.12745098039215685,-0.0007826737777777739,0.0007719315544826729,1.013916030809623
Qwen2.5-3B,Qwen,H3d_fidelity_high_vs_uniform,fidelity_high@k2,random_same_ratio,2,early,delta_d_all,0.0,False,False,91,50,0.2549019607843137,1.0,0.5098039215686274,0.12745098039215685,-0.1375264835333328,0.12072347100768246,1.1391859626416891
Qwen2.5-3B,Qwen,H3d_fidelity_high_vs_uniform,fidelity_high@k2,random_same_ratio,2,late,delta_primary,-0.03829101185743308,False,False,91,50,0.0392156862745098,0.9803921568627451,0.0784313725490196,0.029411764705882353,-0.31257688435955894,0.1539710207919303,1.781412314417164
Qwen2.5-3B,Qwen,H3d_fidelity_high_vs_uniform,fidelity_high@k2,random_same_ratio,2,late,delta_auc_all,-0.00044167901234567114,False,False,91,50,0.0196078431372549,1.0,0.0392156862745098,0.00980392156862745,-0.0025371555555555514,0.0011791269754836068,1.7771424000798912
Qwen2.5-3B,Qwen,H3d_fidelity_high_vs_uniform,fidelity_high@k2,random_same_ratio,2,late,delta_d_all,-0.03829101185743308,False,False,91,50,0.0392156862745098,0.9803921568627451,0.0784313725490196,0.029411764705882353,-0.31257688435955894,0.1539710207919303,1.781412314417164
Qwen2.5-3B,Qwen,H3d_fidelity_high_vs_uniform,fidelity_high@k2,random_same_ratio,2,middle,delta_primary,-0.03246413354256964,False,False,91,50,0.19607843137254902,0.8431372549019608,0.39215686274509803,0.17647058823529413,-0.22190079349787242,0.17505902781904853,1.0821301952568583
Qwen2.5-3B,Qwen,H3d_fidelity_high_vs_uniform,fidelity_high@k2,random_same_ratio,2,middle,delta_auc_all,-0.0001278024691358083,False,False,91,50,0.19607843137254902,0.8431372549019608,0.39215686274509803,0.17647058823529413,-0.0010111565432098734,0.0007827287044456381,1.1285571476514256
Qwen2.5-3B,Qwen,H3d_fidelity_high_vs_uniform,fidelity_high@k2,random_same_ratio,2,middle,delta_d_all,-0.03246413354256964,False,False,91,50,0.19607843137254902,0.8431372549019608,0.39215686274509803,0.17647058823529413,-0.22190079349787242,0.17505902781904853,1.0821301952568583
Qwen2.5-3B,Qwen,H3d_cka_high_vs_uniform,cka_high@k5,random_same_ratio,5,all,delta_primary,-0.3496805418869335,True,False,2002,50,0.3137254901960784,0.7058823529411765,0.6274509803921569,0.30392156862745096,-0.44042263431806483,0.17626664872146863,0.51480012293488
Qwen2.5-3B,Qwen,H3d_cka_high_vs_uniform,cka_high@k5,random_same_ratio,5,all,delta_auc_all,-0.004685206349206348,True,False,2002,50,0.7254901960784313,0.29411764705882354,0.5882352941176471,0.7156862745098039,-0.00397661333333333,0.0018673674614789293,-0.37946094193577834
Qwen2.5-3B,Qwen,H3d_cka_high_vs_uniform,cka_high@k5,random_same_ratio,5,all,delta_d_all,-0.3496805418869335,True,False,2002,50,0.3137254901960784,0.7058823529411765,0.6274509803921569,0.30392156862745096,-0.44042263431806483,0.17626664872146863,0.51480012293488
Qwen2.5-3B,Qwen,H3d_cka_high_vs_uniform,cka_high@k5,random_same_ratio,5,early,delta_primary,0.0,True,False,2002,50,0.0784313725490196,1.0,0.1568627450980392,0.0392156862745098,-0.19739868550892883,0.15691795987982302,1.2579738205882127
Qwen2.5-3B,Qwen,H3d_cka_high_vs_uniform,cka_high@k5,random_same_ratio,5,early,delta_auc_all,0.0,True,False,2002,50,0.0784313725490196,1.0,0.1568627450980392,0.0392156862745098,-0.0012439537777777735,0.0011900688809064234,1.0452788050640467
Qwen2.5-3B,Qwen,H3d_cka_high_vs_uniform,cka_high@k5,random_same_ratio,5,early,delta_d_all,0.0,True,False,2002,50,0.0784313725490196,1.0,0.1568627450980392,0.0392156862745098,-0.19739868550892883,0.15691795987982302,1.2579738205882127
Qwen2.5-3B,Qwen,H3d_cka_high_vs_uniform,cka_high@k5,random_same_ratio,5,late,delta_primary,-0.9271083396968921,True,False,2002,50,0.8235294117647058,0.19607843137254902,0.39215686274509803,0.8137254901960784,-0.7185653384777908,0.23731094583913542,-0.8787753151532467
Qwen2.5-3B,Qwen,H3d_cka_high_vs_uniform,cka_high@k5,random_same_ratio,5,late,delta_auc_all,-0.013818666666666658,True,False,2002,50,0.9019607843137255,0.11764705882352941,0.23529411764705882,0.8921568627450981,-0.0086145224691358,0.004112828007004594,-1.2653444755452046
Qwen2.5-3B,Qwen,H3d_cka_high_vs_uniform,cka_high@k5,random_same_ratio,5,late,delta_d_all,-0.9271083396968921,True,False,2002,50,0.8235294117647058,0.19607843137254902,0.39215686274509803,0.8137254901960784,-0.7185653384777908,0.23731094583913542,-0.8787753151532467
Qwen2.5-3B,Qwen,H3d_cka_high_vs_uniform,cka_high@k5,random_same_ratio,5,middle,delta_primary,-0.16078667950690098,True,False,2002,50,0.09803921568627451,0.9215686274509803,0.19607843137254902,0.08823529411764706,-0.43230653994626794,0.23412712599535282,1.1597112435607155
Qwen2.5-3B,Qwen,H3d_cka_high_vs_uniform,cka_high@k5,random_same_ratio,5,middle,delta_auc_all,-0.0007575308641975346,True,False,2002,50,0.09803921568627451,0.9215686274509803,0.19607843137254902,0.08823529411764706,-0.0023749925925925907,0.0016640517205495167,0.9720020768710992
Qwen2.5-3B,Qwen,H3d_cka_high_vs_uniform,cka_high@k5,random_same_ratio,5,middle,delta_d_all,-0.16078667950690098,True,False,2002,50,0.09803921568627451,0.9215686274509803,0.19607843137254902,0.08823529411764706,-0.43230653994626794,0.23412712599535282,1.1597112435607155
Qwen2.5-3B,Qwen,H3d_cka_low_vs_uniform,cka_low@k5,random_same_ratio,5,all,delta_primary,-0.6125143004578171,True,False,2002,50,0.803921568627451,0.21568627450980393,0.43137254901960786,0.7941176470588235,-0.44042263431806483,0.17626664872146863,-0.9763143929268572
Qwen2.5-3B,Qwen,H3d_cka_low_vs_uniform,cka_low@k5,random_same_ratio,5,all,delta_auc_all,-0.004934095238095225,True,False,2002,50,0.7843137254901961,0.23529411764705882,0.47058823529411764,0.7745098039215687,-0.00397661333333333,0.0018673674614789293,-0.5127442372823519
Qwen2.5-3B,Qwen,H3d_cka_low_vs_uniform,cka_low@k5,random_same_ratio,5,all,delta_d_all,-0.6125143004578171,True,False,2002,50,0.803921568627451,0.21568627450980393,0.43137254901960786,0.7941176470588235,-0.44042263431806483,0.17626664872146863,-0.9763143929268572
Qwen2.5-3B,Qwen,H3d_cka_low_vs_uniform,cka_low@k5,random_same_ratio,5,early,delta_primary,-0.40941954763757504,True,False,2002,50,0.9607843137254902,0.0784313725490196,0.1568627450980392,0.9411764705882353,-0.19739868550892883,0.15691795987982302,-1.3511573964575134
Qwen2.5-3B,Qwen,H3d_cka_low_vs_uniform,cka_low@k5,random_same_ratio,5,early,delta_auc_all,-0.002684799999999976,True,False,2002,50,0.8823529411764706,0.1568627450980392,0.3137254901960784,0.8627450980392157,-0.0012439537777777735,0.0011900688809064234,-1.21072506418685
Qwen2.5-3B,Qwen,H3d_cka_low_vs_uniform,cka_low@k5,random_same_ratio,5,early,delta_d_all,-0.40941954763757504,True,False,2002,50,0.9607843137254902,0.0784313725490196,0.1568627450980392,0.9411764705882353,-0.19739868550892883,0.15691795987982302,-1.3511573964575134
Qwen2.5-3B,Qwen,H3d_cka_low_vs_uniform,cka_low@k5,random_same_ratio,5,late,delta_primary,-0.7014113868371482,True,False,2002,50,0.49019607843137253,0.5294117647058824,0.9803921568627451,0.4803921568627451,-0.7185653384777908,0.23731094583913542,0.07228470469402892
Qwen2.5-3B,Qwen,H3d_cka_low_vs_uniform,cka_low@k5,random_same_ratio,5,late,delta_auc_all,-0.007843753086419738,True,False,2002,50,0.5294117647058824,0.49019607843137253,0.9803921568627451,0.5196078431372549,-0.0086145224691358,0.004112828007004594,0.18740617925265993
Qwen2.5-3B,Qwen,H3d_cka_low_vs_uniform,cka_low@k5,random_same_ratio,5,late,delta_d_all,-0.7014113868371482,True,False,2002,50,0.49019607843137253,0.5294117647058824,0.9803921568627451,0.4803921568627451,-0.7185653384777908,0.23731094583913542,0.07228470469402892
Qwen2.5-3B,Qwen,H3d_cka_low_vs_uniform,cka_low@k5,random_same_ratio,5,middle,delta_primary,-0.7492780505454216,True,False,2002,50,0.9019607843137255,0.11764705882352941,0.23529411764705882,0.8921568627450981,-0.43230653994626794,0.23412712599535282,-1.3538435977958625
Qwen2.5-3B,Qwen,H3d_cka_low_vs_uniform,cka_low@k5,random_same_ratio,5,middle,delta_auc_all,-0.004523654320987657,True,False,2002,50,0.9019607843137255,0.11764705882352941,0.23529411764705882,0.8921568627450981,-0.0023749925925925907,0.0016640517205495167,-1.2912229240600273
Qwen2.5-3B,Qwen,H3d_cka_low_vs_uniform,cka_low@k5,random_same_ratio,5,middle,delta_d_all,-0.7492780505454216,True,False,2002,50,0.9019607843137255,0.11764705882352941,0.23529411764705882,0.8921568627450981,-0.43230653994626794,0.23412712599535282,-1.3538435977958625
Qwen2.5-3B,Qwen,H3d_kvdist_low_vs_uniform,kvdist_low@k5,random_same_ratio,5,all,delta_primary,-0.838724921948935,True,False,2002,50,0.9803921568627451,0.0392156862745098,0.0784313725490196,0.9705882352941176,-0.44042263431806483,0.17626664872146863,-2.259657686351408
Qwen2.5-3B,Qwen,H3d_kvdist_low_vs_uniform,kvdist_low@k5,random_same_ratio,5,all,delta_auc_all,-0.007769650793650781,True,False,2002,50,0.9607843137254902,0.058823529411764705,0.11764705882352941,0.9509803921568627,-0.00397661333333333,0.0018673674614789293,-2.0312217806951702
Qwen2.5-3B,Qwen,H3d_kvdist_low_vs_uniform,kvdist_low@k5,random_same_ratio,5,all,delta_d_all,-0.838724921948935,True,False,2002,50,0.9803921568627451,0.0392156862745098,0.0784313725490196,0.9705882352941176,-0.44042263431806483,0.17626664872146863,-2.259657686351408
Qwen2.5-3B,Qwen,H3d_kvdist_low_vs_uniform,kvdist_low@k5,random_same_ratio,5,early,delta_primary,-0.5588120645351777,True,False,2002,50,1.0,0.0392156862745098,0.0784313725490196,0.9803921568627451,-0.19739868550892883,0.15691795987982302,-2.303199578321312
Qwen2.5-3B,Qwen,H3d_kvdist_low_vs_uniform,kvdist_low@k5,random_same_ratio,5,early,delta_auc_all,-0.004912533333333313,True,False,2002,50,1.0,0.0392156862745098,0.0784313725490196,0.9803921568627451,-0.0012439537777777735,0.0011900688809064234,-3.082661528601053
Qwen2.5-3B,Qwen,H3d_kvdist_low_vs_uniform,kvdist_low@k5,random_same_ratio,5,early,delta_d_all,-0.5588120645351777,True,False,2002,50,1.0,0.0392156862745098,0.0784313725490196,0.9803921568627451,-0.19739868550892883,0.15691795987982302,-2.303199578321312
Qwen2.5-3B,Qwen,H3d_kvdist_low_vs_uniform,kvdist_low@k5,random_same_ratio,5,late,delta_primary,-1.0286721985715086,True,False,2002,50,0.9215686274509803,0.09803921568627451,0.19607843137254902,0.9117647058823529,-0.7185653384777908,0.23731094583913542,-1.3067532936467587
Qwen2.5-3B,Qwen,H3d_kvdist_low_vs_uniform,kvdist_low@k5,random_same_ratio,5,late,delta_auc_all,-0.011726222222222206,True,False,2002,50,0.8431372549019608,0.17647058823529413,0.35294117647058826,0.8333333333333334,-0.0086145224691358,0.004112828007004594,-0.7565839728252292
Qwen2.5-3B,Qwen,H3d_kvdist_low_vs_uniform,kvdist_low@k5,random_same_ratio,5,late,delta_d_all,-1.0286721985715086,True,False,2002,50,0.9215686274509803,0.09803921568627451,0.19607843137254902,0.9117647058823529,-0.7185653384777908,0.23731094583913542,-1.3067532936467587
Qwen2.5-3B,Qwen,H3d_kvdist_low_vs_uniform,kvdist_low@k5,random_same_ratio,5,middle,delta_primary,-0.9597919313416475,True,False,2002,50,0.9803921568627451,0.0392156862745098,0.0784313725490196,0.9705882352941176,-0.43230653994626794,0.23412712599535282,-2.2529870861945733
Qwen2.5-3B,Qwen,H3d_kvdist_low_vs_uniform,kvdist_low@k5,random_same_ratio,5,middle,delta_auc_all,-0.006987654320987653,True,False,2002,50,0.9607843137254902,0.058823529411764705,0.11764705882352941,0.9509803921568627,-0.0023749925925925907,0.0016640517205495167,-2.7719461309002056
Qwen2.5-3B,Qwen,H3d_kvdist_low_vs_uniform,kvdist_low@k5,random_same_ratio,5,middle,delta_d_all,-0.9597919313416475,True,False,2002,50,0.9803921568627451,0.0392156862745098,0.0784313725490196,0.9705882352941176,-0.43230653994626794,0.23412712599535282,-2.2529870861945733
Qwen2.5-3B,Qwen,H3d_kvdist_high_vs_uniform,kvdist_high@k5,random_same_ratio,5,all,delta_primary,-0.12320328049707337,True,False,2002,50,0.0196078431372549,1.0,0.0392156862745098,0.00980392156862745,-0.44042263431806483,0.17626664872146863,1.7996561239571314
Qwen2.5-3B,Qwen,H3d_kvdist_high_vs_uniform,kvdist_high@k5,random_same_ratio,5,all,delta_auc_all,-0.0009794920634920673,True,False,2002,50,0.0196078431372549,1.0,0.0392156862745098,0.00980392156862745,-0.00397661333333333,0.0018673674614789293,1.6049981225803218
Qwen2.5-3B,Qwen,H3d_kvdist_high_vs_uniform,kvdist_high@k5,random_same_ratio,5,all,delta_d_all,-0.12320328049707337,True,False,2002,50,0.0196078431372549,1.0,0.0392156862745098,0.00980392156862745,-0.44042263431806483,0.17626664872146863,1.7996561239571314
Qwen2.5-3B,Qwen,H3d_kvdist_high_vs_uniform,kvdist_high@k5,random_same_ratio,5,early,delta_primary,0.0,True,False,2002,50,0.0784313725490196,1.0,0.1568627450980392,0.0392156862745098,-0.19739868550892883,0.15691795987982302,1.2579738205882127
Qwen2.5-3B,Qwen,H3d_kvdist_high_vs_uniform,kvdist_high@k5,random_same_ratio,5,early,delta_auc_all,0.0,True,False,2002,50,0.0784313725490196,1.0,0.1568627450980392,0.0392156862745098,-0.0012439537777777735,0.0011900688809064234,1.0452788050640467
Qwen2.5-3B,Qwen,H3d_kvdist_high_vs_uniform,kvdist_high@k5,random_same_ratio,5,early,delta_d_all,0.0,True,False,2002,50,0.0784313725490196,1.0,0.1568627450980392,0.0392156862745098,-0.19739868550892883,0.15691795987982302,1.2579738205882127
Qwen2.5-3B,Qwen,H3d_kvdist_high_vs_uniform,kvdist_high@k5,random_same_ratio,5,late,delta_primary,-0.26969960819135724,True,False,2002,50,0.0392156862745098,0.9803921568627451,0.0784313725490196,0.029411764705882353,-0.7185653384777908,0.23731094583913542,1.8914666101862134
Qwen2.5-3B,Qwen,H3d_kvdist_high_vs_uniform,kvdist_high@k5,random_same_ratio,5,late,delta_auc_all,-0.002477629629629632,True,False,2002,50,0.0196078431372549,1.0,0.0392156862745098,0.00980392156862745,-0.0086145224691358,0.004112828007004594,1.4921345675176236
Qwen2.5-3B,Qwen,H3d_kvdist_high_vs_uniform,kvdist_high@k5,random_same_ratio,5,late,delta_d_all,-0.26969960819135724,True,False,2002,50,0.0392156862745098,0.9803921568627451,0.0784313725490196,0.029411764705882353,-0.7185653384777908,0.23731094583913542,1.8914666101862134
Qwen2.5-3B,Qwen,H3d_kvdist_high_vs_uniform,kvdist_high@k5,random_same_ratio,5,middle,delta_primary,-0.11359948668842652,True,False,2002,50,0.0784313725490196,0.9411764705882353,0.1568627450980392,0.06862745098039216,-0.43230653994626794,0.23412712599535282,1.3612564195750962
Qwen2.5-3B,Qwen,H3d_kvdist_high_vs_uniform,kvdist_high@k5,random_same_ratio,5,middle,delta_auc_all,-0.0005696790123456882,True,False,2002,50,0.0784313725490196,0.9411764705882353,0.1568627450980392,0.06862745098039216,-0.0023749925925925907,0.0016640517205495167,1.08489030596401
Qwen2.5-3B,Qwen,H3d_kvdist_high_vs_uniform,kvdist_high@k5,random_same_ratio,5,middle,delta_d_all,-0.11359948668842652,True,False,2002,50,0.0784313725490196,0.9411764705882353,0.1568627450980392,0.06862745098039216,-0.43230653994626794,0.23412712599535282,1.3612564195750962
Qwen2.5-3B,Qwen,H3d_fidelity_high_vs_uniform,fidelity_high@k5,random_same_ratio,5,all,delta_primary,-0.19052713653119005,True,False,2002,50,0.09803921568627451,0.9215686274509803,0.19607843137254902,0.08823529411764706,-0.44042263431806483,0.17626664872146863,1.4177128776173211
Qwen2.5-3B,Qwen,H3d_fidelity_high_vs_uniform,fidelity_high@k5,random_same_ratio,5,all,delta_auc_all,-0.0016203809523809526,True,False,2002,50,0.0784313725490196,0.9411764705882353,0.1568627450980392,0.06862745098039216,-0.00397661333333333,0.0018673674614789293,1.261793637062881
Qwen2.5-3B,Qwen,H3d_fidelity_high_vs_uniform,fidelity_high@k5,random_same_ratio,5,all,delta_d_all,-0.19052713653119005,True,False,2002,50,0.09803921568627451,0.9215686274509803,0.19607843137254902,0.08823529411764706,-0.44042263431806483,0.17626664872146863,1.4177128776173211
Qwen2.5-3B,Qwen,H3d_fidelity_high_vs_uniform,fidelity_high@k5,random_same_ratio,5,early,delta_primary,-0.01052696747397448,True,False,2002,50,0.1568627450980392,0.9411764705882353,0.3137254901960784,0.10784313725490197,-0.19739868550892883,0.15691795987982302,1.1908880167577485
Qwen2.5-3B,Qwen,H3d_fidelity_high_vs_uniform,fidelity_high@k5,random_same_ratio,5,early,delta_auc_all,-1.9733333333338266e-05,True,False,2002,50,0.1568627450980392,0.9411764705882353,0.3137254901960784,0.10784313725490197,-0.0012439537777777735,0.0011900688809064234,1.0286971318097151
Qwen2.5-3B,Qwen,H3d_fidelity_high_vs_uniform,fidelity_high@k5,random_same_ratio,5,early,delta_d_all,-0.01052696747397448,True,False,2002,50,0.1568627450980392,0.9411764705882353,0.3137254901960784,0.10784313725490197,-0.19739868550892883,0.15691795987982302,1.1908880167577485
Qwen2.5-3B,Qwen,H3d_fidelity_high_vs_uniform,fidelity_high@k5,random_same_ratio,5,late,delta_primary,-0.33411426184453175,True,False,2002,50,0.058823529411764705,0.9607843137254902,0.11764705882352941,0.049019607843137254,-0.7185653384777908,0.23731094583913542,1.6200309483148099
Qwen2.5-3B,Qwen,H3d_fidelity_high_vs_uniform,fidelity_high@k5,random_same_ratio,5,late,delta_auc_all,-0.0038012839506172836,True,False,2002,50,0.09803921568627451,0.9215686274509803,0.19607843137254902,0.08823529411764706,-0.0086145224691358,0.004112828007004594,1.1702990035861087
Qwen2.5-3B,Qwen,H3d_fidelity_high_vs_uniform,fidelity_high@k5,random_same_ratio,5,late,delta_d_all,-0.33411426184453175,True,False,2002,50,0.058823529411764705,0.9607843137254902,0.11764705882352941,0.049019607843137254,-0.7185653384777908,0.23731094583913542,1.6200309483148099
Qwen2.5-3B,Qwen,H3d_fidelity_high_vs_uniform,fidelity_high@k5,random_same_ratio,5,middle,delta_primary,-0.24694019905919898,True,False,2002,50,0.2549019607843137,0.7647058823529411,0.5098039215686274,0.24509803921568626,-0.43230653994626794,0.23412712599535282,0.7917337220068567
Qwen2.5-3B,Qwen,H3d_fidelity_high_vs_uniform,fidelity_high@k5,random_same_ratio,5,middle,delta_auc_all,-0.0012179753086419708,True,False,2002,50,0.2549019607843137,0.7647058823529411,0.5098039215686274,0.24509803921568626,-0.0023749925925925907,0.0016640517205495167,0.6953012755928886
Qwen2.5-3B,Qwen,H3d_fidelity_high_vs_uniform,fidelity_high@k5,random_same_ratio,5,middle,delta_d_all,-0.24694019905919898,True,False,2002,50,0.2549019607843137,0.7647058823529411,0.5098039215686274,0.24509803921568626,-0.43230653994626794,0.23412712599535282,0.7917337220068567
Qwen2.5-3B,Qwen,H3d_cka_high_vs_uniform,cka_high@k7,random_same_ratio,7,all,delta_primary,-0.4894932642661997,False,False,3432,50,0.29411764705882354,0.7254901960784313,0.5882352941176471,0.28431372549019607,-0.6225466784833696,0.20350085136654555,0.6538223959442521
Qwen2.5-3B,Qwen,H3d_cka_high_vs_uniform,cka_high@k7,random_same_ratio,7,all,delta_auc_all,-0.007625460317460324,False,False,3432,50,0.7450980392156863,0.27450980392156865,0.5490196078431373,0.7352941176470589,-0.006901043809523804,0.0034521854135905914,-0.209842873758933
Qwen2.5-3B,Qwen,H3d_cka_high_vs_uniform,cka_high@k7,random_same_ratio,7,all,delta_d_all,-0.4894932642661997,False,False,3432,50,0.29411764705882354,0.7254901960784313,0.5882352941176471,0.28431372549019607,-0.6225466784833696,0.20350085136654555,0.6538223959442521
Qwen2.5-3B,Qwen,H3d_cka_high_vs_uniform,cka_high@k7,random_same_ratio,7,early,delta_primary,-0.04433604307074317,False,False,3432,50,0.09803921568627451,0.9803921568627451,0.19607843137254902,0.058823529411764705,-0.2807270900048634,0.16217494969901036,1.4576298458723231
Qwen2.5-3B,Qwen,H3d_cka_high_vs_uniform,cka_high@k7,random_same_ratio,7,early,delta_auc_all,-0.0002624000000000071,False,False,3432,50,0.09803921568627451,0.9803921568627451,0.19607843137254902,0.058823529411764705,-0.0019646151111111015,0.0015835701391721732,1.0749224609659185
Qwen2.5-3B,Qwen,H3d_cka_high_vs_uniform,cka_high@k7,random_same_ratio,7,early,delta_d_all,-0.04433604307074317,False,False,3432,50,0.09803921568627451,0.9803921568627451,0.19607843137254902,0.058823529411764705,-0.2807270900048634,0.16217494969901036,1.4576298458723231
Qwen2.5-3B,Qwen,H3d_cka_high_vs_uniform,cka_high@k7,random_same_ratio,7,late,delta_primary,-1.1711994046378171,False,False,3432,50,0.803921568627451,0.21568627450980393,0.43137254901960786,0.7941176470588235,-1.0013922449401813,0.2800843678449857,-0.6062714638598344
Qwen2.5-3B,Qwen,H3d_cka_high_vs_uniform,cka_high@k7,random_same_ratio,7,late,delta_auc_all,-0.022018567901234576,False,False,3432,50,0.8627450980392157,0.1568627450980392,0.3137254901960784,0.8529411764705882,-0.015163496296296295,0.007925150631545365,-0.864976821721504
Qwen2.5-3B,Qwen,H3d_cka_high_vs_uniform,cka_high@k7,random_same_ratio,7,late,delta_d_all,-1.1711994046378171,False,False,3432,50,0.803921568627451,0.21568627450980393,0.43137254901960786,0.7941176470588235,-1.0013922449401813,0.2800843678449857,-0.6062714638598344
Qwen2.5-3B,Qwen,H3d_cka_high_vs_uniform,cka_high@k7,random_same_ratio,7,middle,delta_primary,-0.30240625855620074,False,False,3432,50,0.0784313725490196,0.9411764705882353,0.1568627450980392,0.06862745098039216,-0.623500654780454,0.2736000368995569,1.1735904711962166
Qwen2.5-3B,Qwen,H3d_cka_high_vs_uniform,cka_high@k7,random_same_ratio,7,middle,delta_auc_all,-0.001413530864197537,False,False,3432,50,0.058823529411764705,0.9607843137254902,0.11764705882352941,0.049019607843137254,-0.00412351209876543,0.0028718374456124067,0.9436401906062624
Qwen2.5-3B,Qwen,H3d_cka_high_vs_uniform,cka_high@k7,random_same_ratio,7,middle,delta_d_all,-0.30240625855620074,False,False,3432,50,0.0784313725490196,0.9411764705882353,0.1568627450980392,0.06862745098039216,-0.623500654780454,0.2736000368995569,1.1735904711962166
Qwen2.5-3B,Qwen,H3d_cka_low_vs_uniform,cka_low@k7,random_same_ratio,7,all,delta_primary,-0.8235661314471099,False,False,3432,50,0.8235294117647058,0.19607843137254902,0.39215686274509803,0.8137254901960784,-0.6225466784833696,0.20350085136654555,-0.9878064470681952
Qwen2.5-3B,Qwen,H3d_cka_low_vs_uniform,cka_low@k7,random_same_ratio,7,all,delta_auc_all,-0.00838755555555555,False,False,3432,50,0.7450980392156863,0.27450980392156865,0.5490196078431373,0.7352941176470589,-0.006901043809523804,0.0034521854135905914,-0.43060020478032085
Qwen2.5-3B,Qwen,H3d_cka_low_vs_uniform,cka_low@k7,random_same_ratio,7,all,delta_d_all,-0.8235661314471099,False,False,3432,50,0.8235294117647058,0.19607843137254902,0.39215686274509803,0.8137254901960784,-0.6225466784833696,0.20350085136654555,-0.9878064470681952
Qwen2.5-3B,Qwen,H3d_cka_low_vs_uniform,cka_low@k7,random_same_ratio,7,early,delta_primary,-0.5588120645351777,False,False,3432,50,0.9607843137254902,0.058823529411764705,0.11764705882352941,0.9509803921568627,-0.2807270900048634,0.16217494969901036,-1.7147221259906535
Qwen2.5-3B,Qwen,H3d_cka_low_vs_uniform,cka_low@k7,random_same_ratio,7,early,delta_auc_all,-0.004912533333333313,False,False,3432,50,0.9607843137254902,0.058823529411764705,0.11764705882352941,0.9509803921568627,-0.0019646151111111015,0.0015835701391721732,-1.861564669161585
Qwen2.5-3B,Qwen,H3d_cka_low_vs_uniform,cka_low@k7,random_same_ratio,7,early,delta_d_all,-0.5588120645351777,False,False,3432,50,0.9607843137254902,0.058823529411764705,0.11764705882352941,0.9509803921568627,-0.2807270900048634,0.16217494969901036,-1.7147221259906535
Qwen2.5-3B,Qwen,H3d_cka_low_vs_uniform,cka_low@k7,random_same_ratio,7,late,delta_primary,-0.9624278026782321,False,False,3432,50,0.5294117647058824,0.49019607843137253,0.9803921568627451,0.5196078431372549,-1.0013922449401813,0.2800843678449857,0.1391168045605254
Qwen2.5-3B,Qwen,H3d_cka_low_vs_uniform,cka_low@k7,random_same_ratio,7,late,delta_auc_all,-0.013022222222222232,False,False,3432,50,0.45098039215686275,0.5686274509803921,0.9019607843137255,0.4411764705882353,-0.015163496296296295,0.007925150631545365,0.2701871767018421
Qwen2.5-3B,Qwen,H3d_cka_low_vs_uniform,cka_low@k7,random_same_ratio,7,late,delta_d_all,-0.9624278026782321,False,False,3432,50,0.5294117647058824,0.49019607843137253,0.9803921568627451,0.5196078431372549,-1.0013922449401813,0.2800843678449857,0.1391168045605254
Qwen2.5-3B,Qwen,H3d_cka_low_vs_uniform,cka_low@k7,random_same_ratio,7,middle,delta_primary,-0.9788756456736897,False,False,3432,50,0.8823529411764706,0.13725490196078433,0.27450980392156865,0.8725490196078431,-0.623500654780454,0.2736000368995569,-1.2988850254567021
Qwen2.5-3B,Qwen,H3d_cka_low_vs_uniform,cka_low@k7,random_same_ratio,7,middle,delta_auc_all,-0.007614024691358017,False,False,3432,50,0.9019607843137255,0.11764705882352941,0.23529411764705882,0.8921568627450981,-0.00412351209876543,0.0028718374456124067,-1.2154283307104978
Qwen2.5-3B,Qwen,H3d_cka_low_vs_uniform,cka_low@k7,random_same_ratio,7,middle,delta_d_all,-0.9788756456736897,False,False,3432,50,0.8823529411764706,0.13725490196078433,0.27450980392156865,0.8725490196078431,-0.623500654780454,0.2736000368995569,-1.2988850254567021
Qwen2.5-3B,Qwen,H3d_kvdist_low_vs_uniform,kvdist_low@k7,random_same_ratio,7,all,delta_primary,-1.0064790034327953,False,False,3432,50,0.9411764705882353,0.0784313725490196,0.1568627450980392,0.9313725490196079,-0.6225466784833696,0.20350085136654555,-1.8866374384738425
Qwen2.5-3B,Qwen,H3d_kvdist_low_vs_uniform,kvdist_low@k7,random_same_ratio,7,all,delta_auc_all,-0.013847619047619044,False,False,3432,50,0.9215686274509803,0.09803921568627451,0.19607843137254902,0.9117647058823529,-0.006901043809523804,0.0034521854135905914,-2.0122254183532284
Qwen2.5-3B,Qwen,H3d_kvdist_low_vs_uniform,kvdist_low@k7,random_same_ratio,7,all,delta_d_all,-1.0064790034327953,False,False,3432,50,0.9411764705882353,0.0784313725490196,0.1568627450980392,0.9313725490196079,-0.6225466784833696,0.20350085136654555,-1.8866374384738425
Qwen2.5-3B,Qwen,H3d_kvdist_low_vs_uniform,kvdist_low@k7,random_same_ratio,7,early,delta_primary,-0.5588120645351777,False,False,3432,50,0.9607843137254902,0.058823529411764705,0.11764705882352941,0.9509803921568627,-0.2807270900048634,0.16217494969901036,-1.7147221259906535
Qwen2.5-3B,Qwen,H3d_kvdist_low_vs_uniform,kvdist_low@k7,random_same_ratio,7,early,delta_auc_all,-0.004912533333333313,False,False,3432,50,0.9607843137254902,0.058823529411764705,0.11764705882352941,0.9509803921568627,-0.0019646151111111015,0.0015835701391721732,-1.861564669161585
Qwen2.5-3B,Qwen,H3d_kvdist_low_vs_uniform,kvdist_low@k7,random_same_ratio,7,early,delta_d_all,-0.5588120645351777,False,False,3432,50,0.9607843137254902,0.058823529411764705,0.11764705882352941,0.9509803921568627,-0.2807270900048634,0.16217494969901036,-1.7147221259906535
Qwen2.5-3B,Qwen,H3d_kvdist_low_vs_uniform,kvdist_low@k7,random_same_ratio,7,late,delta_primary,-1.5027482952086852,False,False,3432,50,0.9019607843137255,0.11764705882352941,0.23529411764705882,0.8921568627450981,-1.0013922449401813,0.2800843678449857,-1.79001796539385
Qwen2.5-3B,Qwen,H3d_kvdist_low_vs_uniform,kvdist_low@k7,random_same_ratio,7,late,delta_auc_all,-0.029419654320987674,False,False,3432,50,0.9215686274509803,0.09803921568627451,0.19607843137254902,0.9117647058823529,-0.015163496296296295,0.007925150631545365,-1.7988501023496002
Qwen2.5-3B,Qwen,H3d_kvdist_low_vs_uniform,kvdist_low@k7,random_same_ratio,7,late,delta_d_all,-1.5027482952086852,False,False,3432,50,0.9019607843137255,0.11764705882352941,0.23529411764705882,0.8921568627450981,-1.0013922449401813,0.2800843678449857,-1.79001796539385
Qwen2.5-3B,Qwen,H3d_kvdist_low_vs_uniform,kvdist_low@k7,random_same_ratio,7,middle,delta_primary,-1.007617421543147,False,False,3432,50,0.9019607843137255,0.11764705882352941,0.23529411764705882,0.8921568627450981,-0.623500654780454,0.2736000368995569,-1.4039353616889627
Qwen2.5-3B,Qwen,H3d_kvdist_low_vs_uniform,kvdist_low@k7,random_same_ratio,7,middle,delta_auc_all,-0.008203456790123452,False,False,3432,50,0.9215686274509803,0.09803921568627451,0.19607843137254902,0.9117647058823529,-0.00412351209876543,0.0028718374456124067,-1.4206739652313407
Qwen2.5-3B,Qwen,H3d_kvdist_low_vs_uniform,kvdist_low@k7,random_same_ratio,7,middle,delta_d_all,-1.007617421543147,False,False,3432,50,0.9019607843137255,0.11764705882352941,0.23529411764705882,0.8921568627450981,-0.623500654780454,0.2736000368995569,-1.4039353616889627
Qwen2.5-3B,Qwen,H3d_kvdist_high_vs_uniform,kvdist_high@k7,random_same_ratio,7,all,delta_primary,-0.2709358579531894,False,False,3432,50,0.0196078431372549,1.0,0.0392156862745098,0.00980392156862745,-0.6225466784833696,0.20350085136654555,1.7278100714028912
Qwen2.5-3B,Qwen,H3d_kvdist_high_vs_uniform,kvdist_high@k7,random_same_ratio,7,all,delta_auc_all,-0.0022739682539682504,False,False,3432,50,0.0196078431372549,1.0,0.0392156862745098,0.00980392156862745,-0.006901043809523804,0.0034521854135905914,1.3403322826577173
Qwen2.5-3B,Qwen,H3d_kvdist_high_vs_uniform,kvdist_high@k7,random_same_ratio,7,all,delta_d_all,-0.2709358579531894,False,False,3432,50,0.0196078431372549,1.0,0.0392156862745098,0.00980392156862745,-0.6225466784833696,0.20350085136654555,1.7278100714028912
Qwen2.5-3B,Qwen,H3d_kvdist_high_vs_uniform,kvdist_high@k7,random_same_ratio,7,early,delta_primary,-0.04433604307074317,False,False,3432,50,0.09803921568627451,0.9803921568627451,0.19607843137254902,0.058823529411764705,-0.2807270900048634,0.16217494969901036,1.4576298458723231
Qwen2.5-3B,Qwen,H3d_kvdist_high_vs_uniform,kvdist_high@k7,random_same_ratio,7,early,delta_auc_all,-0.0002624000000000071,False,False,3432,50,0.09803921568627451,0.9803921568627451,0.19607843137254902,0.058823529411764705,-0.0019646151111111015,0.0015835701391721732,1.0749224609659185
Qwen2.5-3B,Qwen,H3d_kvdist_high_vs_uniform,kvdist_high@k7,random_same_ratio,7,early,delta_d_all,-0.04433604307074317,False,False,3432,50,0.09803921568627451,0.9803921568627451,0.19607843137254902,0.058823529411764705,-0.2807270900048634,0.16217494969901036,1.4576298458723231
Qwen2.5-3B,Qwen,H3d_kvdist_high_vs_uniform,kvdist_high@k7,random_same_ratio,7,late,delta_primary,-0.5185391471488975,False,False,3432,50,0.0392156862745098,0.9803921568627451,0.0784313725490196,0.029411764705882353,-1.0013922449401813,0.2800843678449857,1.7239558976690967
Qwen2.5-3B,Qwen,H3d_kvdist_high_vs_uniform,kvdist_high@k7,random_same_ratio,7,late,delta_auc_all,-0.005248790123456791,False,False,3432,50,0.0392156862745098,0.9803921568627451,0.0784313725490196,0.029411764705882353,-0.015163496296296295,0.007925150631545365,1.2510432462160261
Qwen2.5-3B,Qwen,H3d_kvdist_high_vs_uniform,kvdist_high@k7,random_same_ratio,7,late,delta_d_all,-0.5185391471488975,False,False,3432,50,0.0392156862745098,0.9803921568627451,0.0784313725490196,0.029411764705882353,-1.0013922449401813,0.2800843678449857,1.7239558976690967
Qwen2.5-3B,Qwen,H3d_kvdist_high_vs_uniform,kvdist_high@k7,random_same_ratio,7,middle,delta_primary,-0.27511014084908825,False,False,3432,50,0.058823529411764705,0.9607843137254902,0.11764705882352941,0.049019607843137254,-0.623500654780454,0.2736000368995569,1.2733569698284275
Qwen2.5-3B,Qwen,H3d_kvdist_high_vs_uniform,kvdist_high@k7,random_same_ratio,7,middle,delta_auc_all,-0.0015342222222222022,False,False,3432,50,0.09803921568627451,0.9215686274509803,0.19607843137254902,0.08823529411764706,-0.00412351209876543,0.0028718374456124067,0.9016143586048524
Qwen2.5-3B,Qwen,H3d_kvdist_high_vs_uniform,kvdist_high@k7,random_same_ratio,7,middle,delta_d_all,-0.27511014084908825,False,False,3432,50,0.058823529411764705,0.9607843137254902,0.11764705882352941,0.049019607843137254,-0.623500654780454,0.2736000368995569,1.2733569698284275
Qwen2.5-3B,Qwen,H3d_fidelity_high_vs_uniform,fidelity_high@k7,random_same_ratio,7,all,delta_primary,-0.26756854799195,False,False,3432,50,0.0196078431372549,1.0,0.0392156862745098,0.00980392156862745,-0.6225466784833696,0.20350085136654555,1.7443569798734322
Qwen2.5-3B,Qwen,H3d_fidelity_high_vs_uniform,fidelity_high@k7,random_same_ratio,7,all,delta_auc_all,-0.0024873650793650853,False,False,3432,50,0.0196078431372549,1.0,0.0392156862745098,0.00980392156862745,-0.006901043809523804,0.0034521854135905914,1.2785172872763186
Qwen2.5-3B,Qwen,H3d_fidelity_high_vs_uniform,fidelity_high@k7,random_same_ratio,7,all,delta_d_all,-0.26756854799195,False,False,3432,50,0.0196078431372549,1.0,0.0392156862745098,0.00980392156862745,-0.6225466784833696,0.20350085136654555,1.7443569798734322
Qwen2.5-3B,Qwen,H3d_fidelity_high_vs_uniform,fidelity_high@k7,random_same_ratio,7,early,delta_primary,-0.01052696747397448,False,False,3432,50,0.0392156862745098,1.0,0.0784313725490196,0.0196078431372549,-0.2807270900048634,0.16217494969901036,1.6661027059503861
Qwen2.5-3B,Qwen,H3d_fidelity_high_vs_uniform,fidelity_high@k7,random_same_ratio,7,early,delta_auc_all,-1.9733333333338266e-05,False,False,3432,50,0.0392156862745098,1.0,0.0784313725490196,0.0196078431372549,-0.0019646151111111015,0.0015835701391721732,1.2281627000080144
Qwen2.5-3B,Qwen,H3d_fidelity_high_vs_uniform,fidelity_high@k7,random_same_ratio,7,early,delta_d_all,-0.01052696747397448,False,False,3432,50,0.0392156862745098,1.0,0.0784313725490196,0.0196078431372549,-0.2807270900048634,0.16217494969901036,1.6661027059503861
Qwen2.5-3B,Qwen,H3d_fidelity_high_vs_uniform,fidelity_high@k7,random_same_ratio,7,late,delta_primary,-0.5364674616960325,False,False,3432,50,0.0392156862745098,0.9803921568627451,0.0784313725490196,0.029411764705882353,-1.0013922449401813,0.2800843678449857,1.6599454900727058
Qwen2.5-3B,Qwen,H3d_fidelity_high_vs_uniform,fidelity_high@k7,random_same_ratio,7,late,delta_auc_all,-0.006333234567901247,False,False,3432,50,0.0392156862745098,0.9803921568627451,0.0784313725490196,0.029411764705882353,-0.015163496296296295,0.007925150631545365,1.1142074313700698
Qwen2.5-3B,Qwen,H3d_fidelity_high_vs_uniform,fidelity_high@k7,random_same_ratio,7,late,delta_d_all,-0.5364674616960325,False,False,3432,50,0.0392156862745098,0.9803921568627451,0.0784313725490196,0.029411764705882353,-1.0013922449401813,0.2800843678449857,1.6599454900727058
Qwen2.5-3B,Qwen,H3d_fidelity_high_vs_uniform,fidelity_high@k7,random_same_ratio,7,middle,delta_primary,-0.2842713904189514,False,False,3432,50,0.058823529411764705,0.9607843137254902,0.11764705882352941,0.049019607843137254,-0.623500654780454,0.2736000368995569,1.2398728750392651
Qwen2.5-3B,Qwen,H3d_fidelity_high_vs_uniform,fidelity_high@k7,random_same_ratio,7,middle,delta_auc_all,-0.001383308641975309,False,False,3432,50,0.058823529411764705,0.9607843137254902,0.11764705882352941,0.049019607843137254,-0.00412351209876543,0.0028718374456124067,0.9541638441188947
Qwen2.5-3B,Qwen,H3d_fidelity_high_vs_uniform,fidelity_high@k7,random_same_ratio,7,middle,delta_d_all,-0.2842713904189514,False,False,3432,50,0.058823529411764705,0.9607843137254902,0.11764705882352941,0.049019607843137254,-0.623500654780454,0.2736000368995569,1.2398728750392651
Qwen2.5-3B,Qwen,H4_own_head_vs_random_source,full,random_source,14,all,delta_primary,-1.4646125527140446,True,False,87178291200,50,0.7254901960784313,0.29411764705882354,0.5882352941176471,0.7156862745098039,-1.4065502160341856,0.09483647338337296,-0.6122363538882775
Qwen2.5-3B,Qwen,H4_own_head_vs_random_source,full,random_source,14,all,delta_auc_all,-0.0394791111111111,True,False,87178291200,50,0.6666666666666666,0.35294117647058826,0.7058823529411765,0.6568627450980392,-0.037332037460317456,0.00827376239386723,-0.2595039050656227
Qwen2.5-3B,Qwen,H4_own_head_vs_random_source,full,random_source,14,all,delta_d_all,-1.4646125527140446,True,False,87178291200,50,0.7254901960784313,0.29411764705882354,0.5882352941176471,0.7156862745098039,-1.4065502160341856,0.09483647338337296,-0.6122363538882775
Qwen2.5-3B,Qwen,H4_own_head_vs_random_source,full,random_source,14,early,delta_primary,-0.6614562171659857,True,False,87178291200,50,0.7647058823529411,0.2549019607843137,0.5098039215686274,0.7549019607843137,-0.6309491103764587,0.030704460054071795,-0.9935724886808855
Qwen2.5-3B,Qwen,H4_own_head_vs_random_source,full,random_source,14,early,delta_auc_all,-0.0069998222222221965,True,False,87178291200,50,0.7647058823529411,0.2549019607843137,0.5098039215686274,0.7549019607843137,-0.006339815111111094,0.0007382766652111962,-0.893983437661946
Qwen2.5-3B,Qwen,H4_own_head_vs_random_source,full,random_source,14,early,delta_d_all,-0.6614562171659857,True,False,87178291200,50,0.7647058823529411,0.2549019607843137,0.5098039215686274,0.7549019607843137,-0.6309491103764587,0.030704460054071795,-0.9935724886808855
Qwen2.5-3B,Qwen,H4_own_head_vs_random_source,full,random_source,14,late,delta_primary,-2.282661323630005,True,False,87178291200,50,0.6666666666666666,0.35294117647058826,0.7058823529411765,0.6568627450980392,-2.212898408681245,0.19806933722879091,-0.35221461294726647
Qwen2.5-3B,Qwen,H4_own_head_vs_random_source,full,random_source,14,late,delta_auc_all,-0.0946868148148148,True,False,87178291200,50,0.6862745098039216,0.3333333333333333,0.6666666666666666,0.6764705882352942,-0.08884087703703704,0.02392385625797035,-0.24435599824464552
Qwen2.5-3B,Qwen,H4_own_head_vs_random_source,full,random_source,14,late,delta_d_all,-2.282661323630005,True,False,87178291200,50,0.6666666666666666,0.35294117647058826,0.7058823529411765,0.6568627450980392,-2.212898408681245,0.19806933722879091,-0.35221461294726647
Qwen2.5-3B,Qwen,H4_own_head_vs_random_source,full,random_source,14,middle,delta_primary,-1.5389597101848158,True,False,87178291200,50,0.7254901960784313,0.29411764705882354,0.5882352941176471,0.7156862745098039,-1.4619810296734892,0.12559400963440942,-0.6129168161395853
Qwen2.5-3B,Qwen,H4_own_head_vs_random_source,full,random_source,14,middle,delta_auc_all,-0.02035950617283951,True,False,87178291200,50,0.6078431372549019,0.4117647058823529,0.8235294117647058,0.5980392156862745,-0.020259000493827162,0.0042018858407582085,-0.023919183628799242
Qwen2.5-3B,Qwen,H4_own_head_vs_random_source,full,random_source,14,middle,delta_d_all,-1.5389597101848158,True,False,87178291200,50,0.7254901960784313,0.29411764705882354,0.5882352941176471,0.7156862745098039,-1.4619810296734892,0.12559400963440942,-0.6129168161395853
Qwen2.5-3B,Qwen,H3e_kvsharer_dissimilar_vs_random_pairs,kvsharer_dissimilar@k5,random_pairs,5,all,delta_primary,-0.12967676083134388,True,False,291172239540,50,0.058823529411764705,0.9607843137254902,0.11764705882352941,0.049019607843137254,-0.3117182933740749,0.12443125385689702,1.4629888143061638
Qwen2.5-3B,Qwen,H3e_kvsharer_dissimilar_vs_random_pairs,kvsharer_dissimilar@k5,random_pairs,5,all,delta_auc_all,-0.0009389841269841215,True,False,291172239540,50,0.13725490196078433,0.8823529411764706,0.27450980392156865,0.12745098039215685,-0.0023266603174603145,0.001266109190662299,1.0960162051665565
Qwen2.5-3B,Qwen,H3e_kvsharer_dissimilar_vs_random_pairs,kvsharer_dissimilar@k5,random_pairs,5,all,delta_d_all,-0.12967676083134388,True,False,291172239540,50,0.058823529411764705,0.9607843137254902,0.11764705882352941,0.049019607843137254,-0.3117182933740749,0.12443125385689702,1.4629888143061638
Qwen2.5-3B,Qwen,H3e_kvsharer_dissimilar_vs_random_pairs,kvsharer_dissimilar@k5,random_pairs,5,early,delta_primary,-0.043254495775491716,True,False,291172239540,50,0.45098039215686275,0.5882352941176471,0.9019607843137255,0.43137254901960786,-0.08433768706898823,0.08311978709622446,0.4942648763757797
Qwen2.5-3B,Qwen,H3e_kvsharer_dissimilar_vs_random_pairs,kvsharer_dissimilar@k5,random_pairs,5,early,delta_auc_all,-0.00026613333333331824,True,False,291172239540,50,0.49019607843137253,0.5490196078431373,0.9803921568627451,0.47058823529411764,-0.0005359715555555502,0.0005845893340493805,0.4615859484693209
Qwen2.5-3B,Qwen,H3e_kvsharer_dissimilar_vs_random_pairs,kvsharer_dissimilar@k5,random_pairs,5,early,delta_d_all,-0.043254495775491716,True,False,291172239540,50,0.45098039215686275,0.5882352941176471,0.9019607843137255,0.43137254901960786,-0.08433768706898823,0.08311978709622446,0.4942648763757797
Qwen2.5-3B,Qwen,H3e_kvsharer_dissimilar_vs_random_pairs,kvsharer_dissimilar@k5,random_pairs,5,late,delta_primary,-0.21067284306386747,True,False,291172239540,50,0.0784313725490196,0.9411764705882353,0.1568627450980392,0.06862745098039216,-0.5573163458517062,0.2491466753219647,1.3913230121970597
Qwen2.5-3B,Qwen,H3e_kvsharer_dissimilar_vs_random_pairs,kvsharer_dissimilar@k5,random_pairs,5,late,delta_auc_all,-0.0018968888888888985,True,False,291172239540,50,0.11764705882352941,0.9019607843137255,0.23529411764705882,0.10784313725490197,-0.0049872237037037,0.0032498059783871193,0.9509290201837024
Qwen2.5-3B,Qwen,H3e_kvsharer_dissimilar_vs_random_pairs,kvsharer_dissimilar@k5,random_pairs,5,late,delta_d_all,-0.21067284306386747,True,False,291172239540,50,0.0784313725490196,0.9411764705882353,0.1568627450980392,0.06862745098039216,-0.5573163458517062,0.2491466753219647,1.3913230121970597
Qwen2.5-3B,Qwen,H3e_kvsharer_dissimilar_vs_random_pairs,kvsharer_dissimilar@k5,random_pairs,5,middle,delta_primary,-0.14470541754976718,True,False,291172239540,50,0.17647058823529413,0.8431372549019608,0.35294117647058826,0.16666666666666666,-0.31876535901320674,0.1722337729459757,1.0106028480142317
Qwen2.5-3B,Qwen,H3e_kvsharer_dissimilar_vs_random_pairs,kvsharer_dissimilar@k5,random_pairs,5,middle,delta_auc_all,-0.0007286913580246814,True,False,291172239540,50,0.2549019607843137,0.7647058823529411,0.5098039215686274,0.24509803921568626,-0.0016557511111111112,0.001188751781094756,0.7798598225717682
Qwen2.5-3B,Qwen,H3e_kvsharer_dissimilar_vs_random_pairs,kvsharer_dissimilar@k5,random_pairs,5,middle,delta_d_all,-0.14470541754976718,True,False,291172239540,50,0.17647058823529413,0.8431372549019608,0.35294117647058826,0.16666666666666666,-0.31876535901320674,0.1722337729459757,1.0106028480142317
Qwen2.5-3B,Qwen,H3e_kvsharer_similar_vs_random_pairs,kvsharer_similar@k5,random_pairs,5,all,delta_primary,-0.4313741982623874,True,False,291172239540,50,0.7647058823529411,0.2549019607843137,0.5098039215686274,0.7549019607843137,-0.3117182933740749,0.12443125385689702,-0.9616225922301123
Qwen2.5-3B,Qwen,H3e_kvsharer_similar_vs_random_pairs,kvsharer_similar@k5,random_pairs,5,all,delta_auc_all,-0.0034231746031745986,True,False,291172239540,50,0.803921568627451,0.21568627450980393,0.43137254901960786,0.7941176470588235,-0.0023266603174603145,0.001266109190662299,-0.8660503326262878
Qwen2.5-3B,Qwen,H3e_kvsharer_similar_vs_random_pairs,kvsharer_similar@k5,random_pairs,5,all,delta_d_all,-0.4313741982623874,True,False,291172239540,50,0.7647058823529411,0.2549019607843137,0.5098039215686274,0.7549019607843137,-0.3117182933740749,0.12443125385689702,-0.9616225922301123
Qwen2.5-3B,Qwen,H3e_kvsharer_similar_vs_random_pairs,kvsharer_similar@k5,random_pairs,5,early,delta_primary,-0.4301840297162947,True,False,291172239540,50,1.0,0.0196078431372549,0.0392156862745098,0.9901960784313726,-0.08433768706898823,0.08311978709622446,-4.160818437214402
Qwen2.5-3B,Qwen,H3e_kvsharer_similar_vs_random_pairs,kvsharer_similar@k5,random_pairs,5,early,delta_auc_all,-0.003771733333333316,True,False,291172239540,50,1.0,0.0196078431372549,0.0392156862745098,0.9901960784313726,-0.0005359715555555502,0.0005845893340493805,-5.535102317662949
Qwen2.5-3B,Qwen,H3e_kvsharer_similar_vs_random_pairs,kvsharer_similar@k5,random_pairs,5,early,delta_d_all,-0.4301840297162947,True,False,291172239540,50,1.0,0.0196078431372549,0.0392156862745098,0.9901960784313726,-0.08433768706898823,0.08311978709622446,-4.160818437214402
Qwen2.5-3B,Qwen,H3e_kvsharer_similar_vs_random_pairs,kvsharer_similar@k5,random_pairs,5,late,delta_primary,-0.4144226411559317,True,False,291172239540,50,0.3333333333333333,0.6862745098039216,0.6666666666666666,0.3235294117647059,-0.5573163458517062,0.2491466753219647,0.5735324563778237
Qwen2.5-3B,Qwen,H3e_kvsharer_similar_vs_random_pairs,kvsharer_similar@k5,random_pairs,5,late,delta_auc_all,-0.0037343209876543235,True,False,291172239540,50,0.4117647058823529,0.6078431372549019,0.8235294117647058,0.4019607843137255,-0.0049872237037037,0.0032498059783871193,0.38553154384656313
Qwen2.5-3B,Qwen,H3e_kvsharer_similar_vs_random_pairs,kvsharer_similar@k5,random_pairs,5,late,delta_d_all,-0.4144226411559317,True,False,291172239540,50,0.3333333333333333,0.6862745098039216,0.6666666666666666,0.3235294117647059,-0.5573163458517062,0.2491466753219647,0.5735324563778237
Qwen2.5-3B,Qwen,H3e_kvsharer_similar_vs_random_pairs,kvsharer_similar@k5,random_pairs,5,middle,delta_primary,-0.4496481648645017,True,False,291172239540,50,0.7843137254901961,0.23529411764705882,0.47058823529411764,0.7745098039215687,-0.31876535901320674,0.1722337729459757,-0.7599137126976181
Qwen2.5-3B,Qwen,H3e_kvsharer_similar_vs_random_pairs,kvsharer_similar@k5,random_pairs,5,middle,delta_auc_all,-0.0027247407407407437,True,False,291172239540,50,0.8235294117647058,0.19607843137254902,0.39215686274509803,0.8137254901960784,-0.0016557511111111112,0.001188751781094756,-0.8992538615968836
Qwen2.5-3B,Qwen,H3e_kvsharer_similar_vs_random_pairs,kvsharer_similar@k5,random_pairs,5,middle,delta_d_all,-0.4496481648645017,True,False,291172239540,50,0.7843137254901961,0.23529411764705882,0.47058823529411764,0.7745098039215687,-0.31876535901320674,0.1722337729459757,-0.7599137126976181
Llama-3.2-3B,Llama,H3b_cka_high_vs_depth_matched,cka_high@k4,rdm_cka_high,4,all,delta_primary,-0.6954502329510007,True,True,12,12,0.25,0.8333333333333334,0.5,0.20833333333333334,-1.0023042936850584,0.28342782414666495,1.0826532703975822
Llama-3.2-3B,Llama,H3b_cka_high_vs_depth_matched,cka_high@k4,rdm_cka_high,4,all,delta_auc_all,-0.0050156767676767695,True,True,12,12,0.16666666666666666,0.9166666666666666,0.3333333333333333,0.125,-0.010907764309764314,0.005333099803826038,1.104814790426476
Llama-3.2-3B,Llama,H3b_cka_high_vs_depth_matched,cka_high@k4,rdm_cka_high,4,all,delta_d_all,-0.6954502329510007,True,True,12,12,0.25,0.8333333333333334,0.5,0.20833333333333334,-1.0023042936850584,0.28342782414666495,1.0826532703975822
Llama-3.2-3B,Llama,H3b_cka_high_vs_depth_matched,cka_high@k4,rdm_cka_high,4,early,delta_primary,-0.34500952460000844,True,True,12,12,0.5,0.75,1.0,0.375,-0.5303129898192543,0.19505967924921697,0.9499834406191856
Llama-3.2-3B,Llama,H3b_cka_high_vs_depth_matched,cka_high@k4,rdm_cka_high,4,early,delta_auc_all,-0.0009744444444444861,True,True,12,12,0.25,1.0,0.5,0.125,-0.002297777777777805,0.001144747030705809,1.1560050367786496
Llama-3.2-3B,Llama,H3b_cka_high_vs_depth_matched,cka_high@k4,rdm_cka_high,4,early,delta_d_all,-0.34500952460000844,True,True,12,12,0.5,0.75,1.0,0.375,-0.5303129898192543,0.19505967924921697,0.9499834406191856
Llama-3.2-3B,Llama,H3b_cka_high_vs_depth_matched,cka_high@k4,rdm_cka_high,4,late,delta_primary,-0.9484240105628504,True,True,12,12,0.25,0.8333333333333334,0.5,0.20833333333333334,-1.357650859058084,0.36264475672377455,1.1284510279213564
Llama-3.2-3B,Llama,H3b_cka_high_vs_depth_matched,cka_high@k4,rdm_cka_high,4,late,delta_auc_all,-0.009197714285714254,True,True,12,12,0.25,0.8333333333333334,0.5,0.20833333333333334,-0.020016698412698396,0.009981642341279408,1.0838881776240248
Llama-3.2-3B,Llama,H3b_cka_high_vs_depth_matched,cka_high@k4,rdm_cka_high,4,late,delta_d_all,-0.9484240105628504,True,True,12,12,0.25,0.8333333333333334,0.5,0.20833333333333334,-1.357650859058084,0.36264475672377455,1.1284510279213564
Llama-3.2-3B,Llama,H3b_cka_high_vs_depth_matched,cka_high@k4,rdm_cka_high,4,middle,delta_primary,-0.8429801220259995,True,True,12,12,0.25,0.8333333333333334,0.5,0.20833333333333334,-1.1863763613015232,0.3163368548857659,1.0855397781568303
Llama-3.2-3B,Llama,H3b_cka_high_vs_depth_matched,cka_high@k4,rdm_cka_high,4,middle,delta_auc_all,-0.005452190476190467,True,True,12,12,0.16666666666666666,0.9166666666666666,0.3333333333333333,0.125,-0.011638814814814817,0.005848438166678017,1.0578250401745166
Llama-3.2-3B,Llama,H3b_cka_high_vs_depth_matched,cka_high@k4,rdm_cka_high,4,middle,delta_d_all,-0.8429801220259995,True,True,12,12,0.25,0.8333333333333334,0.5,0.20833333333333334,-1.1863763613015232,0.3163368548857659,1.0855397781568303
Llama-3.2-3B,Llama,H3b_cka_low_vs_depth_matched,cka_low@k4,rdm_cka_low,4,all,delta_primary,-0.12011262062165667,True,True,12,12,0.25,0.8333333333333334,0.5,0.20833333333333334,-0.1558340782932899,0.03898812090384342,0.9162138837040449
Llama-3.2-3B,Llama,H3b_cka_low_vs_depth_matched,cka_low@k4,rdm_cka_low,4,all,delta_auc_all,-0.0012009696969696954,True,True,12,12,0.4166666666666667,0.6666666666666666,0.8333333333333334,0.375,-0.0013631313131313076,0.0002859534003511167,0.5670910573628329
Llama-3.2-3B,Llama,H3b_cka_low_vs_depth_matched,cka_low@k4,rdm_cka_low,4,all,delta_d_all,-0.12011262062165667,True,True,12,12,0.25,0.8333333333333334,0.5,0.20833333333333334,-0.1558340782932899,0.03898812090384342,0.9162138837040449
Llama-3.2-3B,Llama,H3b_cka_low_vs_depth_matched,cka_low@k4,rdm_cka_low,4,early,delta_primary,0.0,True,True,12,12,1.0,1.0,1.0,0.5,0.0,0.0,
Llama-3.2-3B,Llama,H3b_cka_low_vs_depth_matched,cka_low@k4,rdm_cka_low,4,early,delta_auc_all,0.0,True,True,12,12,1.0,1.0,1.0,0.5,0.0,0.0,
Llama-3.2-3B,Llama,H3b_cka_low_vs_depth_matched,cka_low@k4,rdm_cka_low,4,early,delta_d_all,0.0,True,True,12,12,1.0,1.0,1.0,0.5,0.0,0.0,
Llama-3.2-3B,Llama,H3b_cka_low_vs_depth_matched,cka_low@k4,rdm_cka_low,4,late,delta_primary,-0.3568090775673386,True,True,12,12,0.3333333333333333,0.75,0.6666666666666666,0.2916666666666667,-0.4372948421957308,0.09365884514197657,0.8593503849677472
Llama-3.2-3B,Llama,H3b_cka_low_vs_depth_matched,cka_low@k4,rdm_cka_low,4,late,delta_auc_all,-0.003594412698412684,True,True,12,12,0.4166666666666667,0.6666666666666666,0.8333333333333334,0.375,-0.003960656084656065,0.0008105169528947921,0.45186394304934513
Llama-3.2-3B,Llama,H3b_cka_low_vs_depth_matched,cka_low@k4,rdm_cka_low,4,late,delta_d_all,-0.3568090775673386,True,True,12,12,0.3333333333333333,0.75,0.6666666666666666,0.2916666666666667,-0.4372948421957308,0.09365884514197657,0.8593503849677472
Llama-3.2-3B,Llama,H3b_cka_low_vs_depth_matched,cka_low@k4,rdm_cka_low,4,middle,delta_primary,-0.020687730100725204,True,True,12,12,0.3333333333333333,1.0,0.6666666666666666,0.16666666666666666,-0.05246940386889459,0.03410863788109007,0.9317778645681197
Llama-3.2-3B,Llama,H3b_cka_low_vs_depth_matched,cka_low@k4,rdm_cka_low,4,middle,delta_auc_all,-0.0001800634920635012,True,True,12,12,0.3333333333333333,1.0,0.6666666666666666,0.16666666666666666,-0.00032347089947090283,0.00014452107593074888,0.9922940753369365
Llama-3.2-3B,Llama,H3b_cka_low_vs_depth_matched,cka_low@k4,rdm_cka_low,4,middle,delta_d_all,-0.020687730100725204,True,True,12,12,0.3333333333333333,1.0,0.6666666666666666,0.16666666666666666,-0.05246940386889459,0.03410863788109007,0.9317778645681197
Llama-3.2-3B,Llama,H3b_kvdist_low_vs_depth_matched,kvdist_low@k4,rdm_kvdist_low,4,all,delta_primary,-0.46766093830610084,True,True,18,18,0.1111111111111111,0.9444444444444444,0.2222222222222222,0.08333333333333333,-0.6859590763554619,0.23210070946242445,0.9405319723277369
Llama-3.2-3B,Llama,H3b_kvdist_low_vs_depth_matched,kvdist_low@k4,rdm_kvdist_low,4,all,delta_auc_all,-0.003998868686868687,True,True,18,18,0.16666666666666666,0.8888888888888888,0.3333333333333333,0.1388888888888889,-0.006223191919191927,0.0037188359381832236,0.5981235174923841
Llama-3.2-3B,Llama,H3b_kvdist_low_vs_depth_matched,kvdist_low@k4,rdm_kvdist_low,4,all,delta_d_all,-0.46766093830610084,True,True,18,18,0.1111111111111111,0.9444444444444444,0.2222222222222222,0.08333333333333333,-0.6859590763554619,0.23210070946242445,0.9405319723277369
Llama-3.2-3B,Llama,H3b_kvdist_low_vs_depth_matched,kvdist_low@k4,rdm_kvdist_low,4,early,delta_primary,-0.06787387470903217,True,True,18,18,0.16666666666666666,1.0,0.3333333333333333,0.08333333333333333,-0.3233080075329331,0.18266624140959228,1.3983652964706341
Llama-3.2-3B,Llama,H3b_kvdist_low_vs_depth_matched,kvdist_low@k4,rdm_kvdist_low,4,early,delta_auc_all,-0.0004171111111111181,True,True,18,18,0.16666666666666666,1.0,0.3333333333333333,0.08333333333333333,-0.0012165185185185428,0.0008185211242182932,0.976648474614357
Llama-3.2-3B,Llama,H3b_kvdist_low_vs_depth_matched,kvdist_low@k4,rdm_kvdist_low,4,early,delta_d_all,-0.06787387470903217,True,True,18,18,0.16666666666666666,1.0,0.3333333333333333,0.08333333333333333,-0.3233080075329331,0.18266624140959228,1.3983652964706341
Llama-3.2-3B,Llama,H3b_kvdist_low_vs_depth_matched,kvdist_low@k4,rdm_kvdist_low,4,late,delta_primary,-0.8444196918292206,True,True,18,18,0.3333333333333333,0.7222222222222222,0.6666666666666666,0.3055555555555556,-1.0069547075391498,0.2929392628828874,0.5548420314517833
Llama-3.2-3B,Llama,H3b_kvdist_low_vs_depth_matched,kvdist_low@k4,rdm_kvdist_low,4,late,delta_auc_all,-0.00812571428571426,True,True,18,18,0.2777777777777778,0.7777777777777778,0.5555555555555556,0.25,-0.012165657848324494,0.007709998124067044,0.5239876194002435
Llama-3.2-3B,Llama,H3b_kvdist_low_vs_depth_matched,kvdist_low@k4,rdm_kvdist_low,4,late,delta_d_all,-0.8444196918292206,True,True,18,18,0.3333333333333333,0.7222222222222222,0.6666666666666666,0.3055555555555556,-1.0069547075391498,0.2929392628828874,0.5548420314517833
Llama-3.2-3B,Llama,H3b_kvdist_low_vs_depth_matched,kvdist_low@k4,rdm_kvdist_low,4,middle,delta_primary,-0.547801686036774,True,True,18,18,0.1111111111111111,0.9444444444444444,0.2222222222222222,0.08333333333333333,-0.7794218095403781,0.24566023584297356,0.9428474360484456
Llama-3.2-3B,Llama,H3b_kvdist_low_vs_depth_matched,kvdist_low@k4,rdm_kvdist_low,4,middle,delta_auc_all,-0.0039654603174603354,True,True,18,18,0.2222222222222222,0.8333333333333334,0.4444444444444444,0.19444444444444445,-0.006002638447971796,0.0031876781727021063,0.6390789848100009
Llama-3.2-3B,Llama,H3b_kvdist_low_vs_depth_matched,kvdist_low@k4,rdm_kvdist_low,4,middle,delta_d_all,-0.547801686036774,True,True,18,18,0.1111111111111111,0.9444444444444444,0.2222222222222222,0.08333333333333333,-0.7794218095403781,0.24566023584297356,0.9428474360484456
Llama-3.2-3B,Llama,H3b_kvdist_high_vs_depth_matched,kvdist_high@k4,rdm_kvdist_high,4,all,delta_primary,-1.113826965297796,True,False,72,50,0.9803921568627451,0.0392156862745098,0.0784313725490196,0.9705882352941176,-0.5917500052962982,0.1693350273263204,-3.083100810533541
Llama-3.2-3B,Llama,H3b_kvdist_high_vs_depth_matched,kvdist_high@k4,rdm_kvdist_high,4,all,delta_auc_all,-0.013430545454545468,True,False,72,50,1.0,0.0196078431372549,0.0392156862745098,0.9901960784313726,-0.004797225050505057,0.0021952067166396976,-3.932805206270426
Llama-3.2-3B,Llama,H3b_kvdist_high_vs_depth_matched,kvdist_high@k4,rdm_kvdist_high,4,all,delta_d_all,-1.113826965297796,True,False,72,50,0.9803921568627451,0.0392156862745098,0.0784313725490196,0.9705882352941176,-0.5917500052962982,0.1693350273263204,-3.083100810533541
Llama-3.2-3B,Llama,H3b_kvdist_high_vs_depth_matched,kvdist_high@k4,rdm_kvdist_high,4,early,delta_primary,-0.6676988256429366,True,False,72,50,1.0,0.0784313725490196,0.1568627450980392,0.9607843137254902,-0.2810424378237446,0.13145511492417697,-2.9413567364207513
Llama-3.2-3B,Llama,H3b_kvdist_high_vs_depth_matched,kvdist_high@k4,rdm_kvdist_high,4,early,delta_auc_all,-0.002890888888888915,True,False,72,50,1.0,0.0784313725490196,0.1568627450980392,0.9607843137254902,-0.0010083866666666913,0.0005531566926753673,-3.4031988533256587
Llama-3.2-3B,Llama,H3b_kvdist_high_vs_depth_matched,kvdist_high@k4,rdm_kvdist_high,4,early,delta_d_all,-0.6676988256429366,True,False,72,50,1.0,0.0784313725490196,0.1568627450980392,0.9607843137254902,-0.2810424378237446,0.13145511492417697,-2.9413567364207513
Llama-3.2-3B,Llama,H3b_kvdist_high_vs_depth_matched,kvdist_high@k4,rdm_kvdist_high,4,late,delta_primary,-1.6104377316856264,True,False,72,50,1.0,0.0196078431372549,0.0392156862745098,0.9901960784313726,-0.8863264980487728,0.24751585914356314,-2.9255144948787204
Llama-3.2-3B,Llama,H3b_kvdist_high_vs_depth_matched,kvdist_high@k4,rdm_kvdist_high,4,late,delta_auc_all,-0.03065549206349205,True,False,72,50,1.0,0.0196078431372549,0.0392156862745098,0.9901960784313726,-0.009682382222222204,0.004979039567675489,-4.212280211113353
Llama-3.2-3B,Llama,H3b_kvdist_high_vs_depth_matched,kvdist_high@k4,rdm_kvdist_high,4,late,delta_d_all,-1.6104377316856264,True,False,72,50,1.0,0.0196078431372549,0.0392156862745098,0.9901960784313726,-0.8863264980487728,0.24751585914356314,-2.9255144948787204
Llama-3.2-3B,Llama,H3b_kvdist_high_vs_depth_matched,kvdist_high@k4,rdm_kvdist_high,4,middle,delta_primary,-1.1270769299440906,True,False,72,50,0.9411764705882353,0.0784313725490196,0.1568627450980392,0.9313725490196079,-0.6522678753695986,0.1653330786893779,-2.8718333822752244
Llama-3.2-3B,Llama,H3b_kvdist_high_vs_depth_matched,kvdist_high@k4,rdm_kvdist_high,4,middle,delta_auc_all,-0.008250920634920658,True,False,72,50,0.9411764705882353,0.0784313725490196,0.1568627450980392,0.9313725490196079,-0.0042421688888889,0.0014900242517042,-2.6903936237593373
Llama-3.2-3B,Llama,H3b_kvdist_high_vs_depth_matched,kvdist_high@k4,rdm_kvdist_high,4,middle,delta_d_all,-1.1270769299440906,True,False,72,50,0.9411764705882353,0.0784313725490196,0.1568627450980392,0.9313725490196079,-0.6522678753695986,0.1653330786893779,-2.8718333822752244
Llama-3.2-3B,Llama,H3b_fidelity_high_vs_depth_matched,fidelity_high@k4,rdm_fidelity_high,4,all,delta_primary,-0.6665997675437453,True,True,16,16,0.25,0.8125,0.5,0.21875,-0.9482367475799923,0.28350917261199876,0.9933963597773469
Llama-3.2-3B,Llama,H3b_fidelity_high_vs_depth_matched,fidelity_high@k4,rdm_fidelity_high,4,all,delta_auc_all,-0.0048096969696969786,True,True,16,16,0.1875,0.875,0.375,0.15625,-0.009575873737373746,0.005135644240307518,0.9280582035393037
Llama-3.2-3B,Llama,H3b_fidelity_high_vs_depth_matched,fidelity_high@k4,rdm_fidelity_high,4,all,delta_d_all,-0.6665997675437453,True,True,16,16,0.25,0.8125,0.5,0.21875,-0.9482367475799923,0.28350917261199876,0.9933963597773469
Llama-3.2-3B,Llama,H3b_fidelity_high_vs_depth_matched,fidelity_high@k4,rdm_fidelity_high,4,early,delta_primary,-0.34500952460000844,True,True,16,16,0.5,0.75,1.0,0.375,-0.5303129898192542,0.19288017308552108,0.9607180575117181
Llama-3.2-3B,Llama,H3b_fidelity_high_vs_depth_matched,fidelity_high@k4,rdm_fidelity_high,4,early,delta_auc_all,-0.0009744444444444861,True,True,16,16,0.25,1.0,0.5,0.125,-0.002297777777777805,0.0011319561596303564,1.1690676552044712
Llama-3.2-3B,Llama,H3b_fidelity_high_vs_depth_matched,fidelity_high@k4,rdm_fidelity_high,4,early,delta_d_all,-0.34500952460000844,True,True,16,16,0.5,0.75,1.0,0.375,-0.5303129898192542,0.19288017308552108,0.9607180575117181
Llama-3.2-3B,Llama,H3b_fidelity_high_vs_depth_matched,fidelity_high@k4,rdm_fidelity_high,4,late,delta_primary,-0.8335268957502517,True,True,16,16,0.0625,1.0,0.125,0.03125,-1.2851117887421155,0.38335645705560933,1.177976488149663
Llama-3.2-3B,Llama,H3b_fidelity_high_vs_depth_matched,fidelity_high@k4,rdm_fidelity_high,4,late,delta_auc_all,-0.00822577777777776,True,True,16,16,0.125,0.9375,0.25,0.09375,-0.01866423809523808,0.011279762048789676,0.9254149398107536
Llama-3.2-3B,Llama,H3b_fidelity_high_vs_depth_matched,fidelity_high@k4,rdm_fidelity_high,4,late,delta_d_all,-0.8335268957502517,True,True,16,16,0.0625,1.0,0.125,0.03125,-1.2851117887421155,0.38335645705560933,1.177976488149663
Llama-3.2-3B,Llama,H3b_fidelity_high_vs_depth_matched,fidelity_high@k4,rdm_fidelity_high,4,middle,delta_primary,-0.8672043455586521,True,True,16,16,0.5,0.75,1.0,0.375,-1.088988858144427,0.30081160826864756,0.7372870809816103
Llama-3.2-3B,Llama,H3b_fidelity_high_vs_depth_matched,fidelity_high@k4,rdm_fidelity_high,4,middle,delta_auc_all,-0.0057767619047619035,True,True,16,16,0.5,0.75,1.0,0.375,-0.008805333333333344,0.004086058608349763,0.741196277112283
Llama-3.2-3B,Llama,H3b_fidelity_high_vs_depth_matched,fidelity_high@k4,rdm_fidelity_high,4,middle,delta_d_all,-0.8672043455586521,True,True,16,16,0.5,0.75,1.0,0.375,-1.088988858144427,0.30081160826864756,0.7372870809816103
Llama-3.2-3B,Llama,H3d_cka_high_vs_uniform,cka_high@k2,random_same_ratio,2,all,delta_primary,-0.2545735240908382,False,False,55,50,0.6862745098039216,0.3333333333333333,0.6666666666666666,0.6764705882352942,-0.22735405355502913,0.2048018262137375,-0.13290638584151104
Llama-3.2-3B,Llama,H3d_cka_high_vs_uniform,cka_high@k2,random_same_ratio,2,all,delta_auc_all,-0.0019652525252525314,False,False,55,50,0.7254901960784313,0.29411764705882354,0.5882352941176471,0.7156862745098039,-0.0015160549494949494,0.0015001409174599516,-0.2994369199116082
Llama-3.2-3B,Llama,H3d_cka_high_vs_uniform,cka_high@k2,random_same_ratio,2,all,delta_d_all,-0.2545735240908382,False,False,55,50,0.6862745098039216,0.3333333333333333,0.6666666666666666,0.6764705882352942,-0.22735405355502913,0.2048018262137375,-0.13290638584151104
Llama-3.2-3B,Llama,H3d_cka_high_vs_uniform,cka_high@k2,random_same_ratio,2,early,delta_primary,-0.06787387470903217,False,False,55,50,0.6862745098039216,0.3333333333333333,0.6666666666666666,0.6764705882352942,-0.1141862750464882,0.16225216288427613,0.2854347178748406
Llama-3.2-3B,Llama,H3d_cka_high_vs_uniform,cka_high@k2,random_same_ratio,2,early,delta_auc_all,-0.0004171111111111181,False,False,55,50,0.6862745098039216,0.3333333333333333,0.6666666666666666,0.6764705882352942,-0.0004221333333333441,0.0006335492841044634,0.007927121611896435
Llama-3.2-3B,Llama,H3d_cka_high_vs_uniform,cka_high@k2,random_same_ratio,2,early,delta_d_all,-0.06787387470903217,False,False,55,50,0.6862745098039216,0.3333333333333333,0.6666666666666666,0.6764705882352942,-0.1141862750464882,0.16225216288427613,0.2854347178748406
Llama-3.2-3B,Llama,H3d_cka_high_vs_uniform,cka_high@k2,random_same_ratio,2,late,delta_primary,-0.34385724796412837,False,False,55,50,0.5882352941176471,0.43137254901960786,0.8627450980392157,0.5784313725490197,-0.3573835905799889,0.2340869695333464,0.05778340692275776
Llama-3.2-3B,Llama,H3d_cka_high_vs_uniform,cka_high@k2,random_same_ratio,2,late,delta_auc_all,-0.002964317460317445,False,False,55,50,0.6470588235294118,0.37254901960784315,0.7450980392156863,0.6372549019607843,-0.0030058615873015675,0.0026105387448349384,0.015914005132587818
Llama-3.2-3B,Llama,H3d_cka_high_vs_uniform,cka_high@k2,random_same_ratio,2,late,delta_d_all,-0.34385724796412837,False,False,55,50,0.5882352941176471,0.43137254901960786,0.8627450980392157,0.5784313725490197,-0.3573835905799889,0.2340869695333464,0.05778340692275776
Llama-3.2-3B,Llama,H3d_cka_high_vs_uniform,cka_high@k2,random_same_ratio,2,middle,delta_primary,-0.3786608280824692,False,False,55,50,0.803921568627451,0.21568627450980393,0.43137254901960786,0.7941176470588235,-0.22665912053983042,0.2428908250784173,-0.6258025904995177
Llama-3.2-3B,Llama,H3d_cka_high_vs_uniform,cka_high@k2,random_same_ratio,2,middle,delta_auc_all,-0.0027354920634920904,False,False,55,50,0.8823529411764706,0.13725490196078433,0.27450980392156865,0.8725490196078431,-0.001276444444444451,0.0014782829407589259,-0.9869880648819426
Llama-3.2-3B,Llama,H3d_cka_high_vs_uniform,cka_high@k2,random_same_ratio,2,middle,delta_d_all,-0.3786608280824692,False,False,55,50,0.803921568627451,0.21568627450980393,0.43137254901960786,0.7941176470588235,-0.22665912053983042,0.2428908250784173,-0.6258025904995177
Llama-3.2-3B,Llama,H3d_cka_low_vs_uniform,cka_low@k2,random_same_ratio,2,all,delta_primary,-0.011073228577906572,False,False,55,50,0.058823529411764705,1.0,0.11764705882352941,0.029411764705882353,-0.22735405355502913,0.2048018262137375,1.0560492988544214
Llama-3.2-3B,Llama,H3d_cka_low_vs_uniform,cka_low@k2,random_same_ratio,2,all,delta_auc_all,-0.00011563636363636321,False,False,55,50,0.058823529411764705,1.0,0.11764705882352941,0.029411764705882353,-0.0015160549494949494,0.0015001409174599516,0.9335246906202547
Llama-3.2-3B,Llama,H3d_cka_low_vs_uniform,cka_low@k2,random_same_ratio,2,all,delta_d_all,-0.011073228577906572,False,False,55,50,0.058823529411764705,1.0,0.11764705882352941,0.029411764705882353,-0.22735405355502913,0.2048018262137375,1.0560492988544214
Llama-3.2-3B,Llama,H3d_cka_low_vs_uniform,cka_low@k2,random_same_ratio,2,early,delta_primary,0.0,False,False,55,50,0.47058823529411764,1.0,0.9411764705882353,0.23529411764705882,-0.1141862750464882,0.16225216288427613,0.703758107236634
Llama-3.2-3B,Llama,H3d_cka_low_vs_uniform,cka_low@k2,random_same_ratio,2,early,delta_auc_all,0.0,False,False,55,50,0.47058823529411764,1.0,0.9411764705882353,0.23529411764705882,-0.0004221333333333441,0.0006335492841044634,0.6662991245109515
Llama-3.2-3B,Llama,H3d_cka_low_vs_uniform,cka_low@k2,random_same_ratio,2,early,delta_d_all,0.0,False,False,55,50,0.47058823529411764,1.0,0.9411764705882353,0.23529411764705882,-0.1141862750464882,0.16225216288427613,0.703758107236634
Llama-3.2-3B,Llama,H3d_cka_low_vs_uniform,cka_low@k2,random_same_ratio,2,late,delta_primary,-0.03480157553056351,False,False,55,50,0.058823529411764705,1.0,0.11764705882352941,0.029411764705882353,-0.3573835905799889,0.2340869695333464,1.3780434498019876
Llama-3.2-3B,Llama,H3d_cka_low_vs_uniform,cka_low@k2,random_same_ratio,2,late,delta_auc_all,-0.0003634285714285701,False,False,55,50,0.058823529411764705,1.0,0.11764705882352941,0.029411764705882353,-0.0030058615873015675,0.0026105387448349384,1.0122175053333964
Llama-3.2-3B,Llama,H3d_cka_low_vs_uniform,cka_low@k2,random_same_ratio,2,late,delta_d_all,-0.03480157553056351,False,False,55,50,0.058823529411764705,1.0,0.11764705882352941,0.029411764705882353,-0.3573835905799889,0.2340869695333464,1.3780434498019876
Llama-3.2-3B,Llama,H3d_cka_low_vs_uniform,cka_low@k2,random_same_ratio,2,middle,delta_primary,0.0,False,False,55,50,0.11764705882352941,1.0,0.23529411764705882,0.058823529411764705,-0.22665912053983042,0.2428908250784173,0.9331728379063043
Llama-3.2-3B,Llama,H3d_cka_low_vs_uniform,cka_low@k2,random_same_ratio,2,middle,delta_auc_all,0.0,False,False,55,50,0.11764705882352941,1.0,0.23529411764705882,0.058823529411764705,-0.001276444444444451,0.0014782829407589259,0.8634642322187291
Llama-3.2-3B,Llama,H3d_cka_low_vs_uniform,cka_low@k2,random_same_ratio,2,middle,delta_d_all,0.0,False,False,55,50,0.11764705882352941,1.0,0.23529411764705882,0.058823529411764705,-0.22665912053983042,0.2428908250784173,0.9331728379063043
Llama-3.2-3B,Llama,H3d_kvdist_low_vs_uniform,kvdist_low@k2,random_same_ratio,2,all,delta_primary,-0.14266334104434605,False,False,55,50,0.43137254901960786,0.5882352941176471,0.8627450980392157,0.4215686274509804,-0.22735405355502913,0.2048018262137375,0.41352518225251195
Llama-3.2-3B,Llama,H3d_kvdist_low_vs_uniform,kvdist_low@k2,random_same_ratio,2,all,delta_auc_all,-0.0009205656565656448,False,False,55,50,0.43137254901960786,0.5882352941176471,0.8627450980392157,0.4215686274509804,-0.0015160549494949494,0.0015001409174599516,0.396955569972447
Llama-3.2-3B,Llama,H3d_kvdist_low_vs_uniform,kvdist_low@k2,random_same_ratio,2,all,delta_d_all,-0.14266334104434605,False,False,55,50,0.43137254901960786,0.5882352941176471,0.8627450980392157,0.4215686274509804,-0.22735405355502913,0.2048018262137375,0.41352518225251195
Llama-3.2-3B,Llama,H3d_kvdist_low_vs_uniform,kvdist_low@k2,random_same_ratio,2,early,delta_primary,-0.011275380177509509,False,False,55,50,0.5098039215686274,0.5490196078431373,1.0,0.4803921568627451,-0.1141862750464882,0.16225216288427613,0.6342651650343688
Llama-3.2-3B,Llama,H3d_kvdist_low_vs_uniform,kvdist_low@k2,random_same_ratio,2,early,delta_auc_all,-7.444444444444642e-05,False,False,55,50,0.5098039215686274,0.5490196078431373,1.0,0.4803921568627451,-0.0004221333333333441,0.0006335492841044634,0.5487953307063774
Llama-3.2-3B,Llama,H3d_kvdist_low_vs_uniform,kvdist_low@k2,random_same_ratio,2,early,delta_d_all,-0.011275380177509509,False,False,55,50,0.5098039215686274,0.5490196078431373,1.0,0.4803921568627451,-0.1141862750464882,0.16225216288427613,0.6342651650343688
Llama-3.2-3B,Llama,H3d_kvdist_low_vs_uniform,kvdist_low@k2,random_same_ratio,2,late,delta_primary,-0.2589553598285145,False,False,55,50,0.3137254901960784,0.7058823529411765,0.6274509803921569,0.30392156862745096,-0.3573835905799889,0.2340869695333464,0.4204771882334657
Llama-3.2-3B,Llama,H3d_kvdist_low_vs_uniform,kvdist_low@k2,random_same_ratio,2,late,delta_auc_all,-0.0014300952380951987,False,False,55,50,0.27450980392156865,0.7450980392156863,0.5490196078431373,0.2647058823529412,-0.0030058615873015675,0.0026105387448349384,0.6036173001929541
Llama-3.2-3B,Llama,H3d_kvdist_low_vs_uniform,kvdist_low@k2,random_same_ratio,2,late,delta_d_all,-0.2589553598285145,False,False,55,50,0.3137254901960784,0.7058823529411765,0.6274509803921569,0.30392156862745096,-0.3573835905799889,0.2340869695333464,0.4204771882334657
Llama-3.2-3B,Llama,H3d_kvdist_low_vs_uniform,kvdist_low@k2,random_same_ratio,2,middle,delta_primary,-0.1765289918222765,False,False,55,50,0.5098039215686274,0.5098039215686274,1.0,0.5,-0.22665912053983042,0.2428908250784173,0.20638955259577801
Llama-3.2-3B,Llama,H3d_kvdist_low_vs_uniform,kvdist_low@k2,random_same_ratio,2,middle,delta_auc_all,-0.0013780317460317462,False,False,55,50,0.6862745098039216,0.3333333333333333,0.6666666666666666,0.6764705882352942,-0.001276444444444451,0.0014782829407589259,-0.06871979564016482
Llama-3.2-3B,Llama,H3d_kvdist_low_vs_uniform,kvdist_low@k2,random_same_ratio,2,middle,delta_d_all,-0.1765289918222765,False,False,55,50,0.5098039215686274,0.5098039215686274,1.0,0.5,-0.22665912053983042,0.2428908250784173,0.20638955259577801
Llama-3.2-3B,Llama,H3d_kvdist_high_vs_uniform,kvdist_high@k2,random_same_ratio,2,all,delta_primary,-0.42473572468907234,False,False,55,50,0.8627450980392157,0.17647058823529413,0.35294117647058826,0.8431372549019608,-0.22735405355502913,0.2048018262137375,-0.9637690970980386
Llama-3.2-3B,Llama,H3d_kvdist_high_vs_uniform,kvdist_high@k2,random_same_ratio,2,all,delta_auc_all,-0.0026910707070707178,False,False,55,50,0.8627450980392157,0.17647058823529413,0.35294117647058826,0.8431372549019608,-0.0015160549494949494,0.0015001409174599516,-0.7832702540807385
Llama-3.2-3B,Llama,H3d_kvdist_high_vs_uniform,kvdist_high@k2,random_same_ratio,2,all,delta_d_all,-0.42473572468907234,False,False,55,50,0.8627450980392157,0.17647058823529413,0.35294117647058826,0.8431372549019608,-0.22735405355502913,0.2048018262137375,-0.9637690970980386
Llama-3.2-3B,Llama,H3d_kvdist_high_vs_uniform,kvdist_high@k2,random_same_ratio,2,early,delta_primary,-0.27472523219219913,False,False,55,50,0.8823529411764706,0.21568627450980393,0.43137254901960786,0.8333333333333334,-0.1141862750464882,0.16225216288427613,-0.9894410915200734
Llama-3.2-3B,Llama,H3d_kvdist_high_vs_uniform,kvdist_high@k2,random_same_ratio,2,early,delta_auc_all,-0.0007595555555555966,False,False,55,50,0.7647058823529411,0.3333333333333333,0.6666666666666666,0.7156862745098039,-0.0004221333333333441,0.0006335492841044634,-0.532590329889184
Llama-3.2-3B,Llama,H3d_kvdist_high_vs_uniform,kvdist_high@k2,random_same_ratio,2,early,delta_d_all,-0.27472523219219913,False,False,55,50,0.8823529411764706,0.21568627450980393,0.43137254901960786,0.8333333333333334,-0.1141862750464882,0.16225216288427613,-0.9894410915200734
Llama-3.2-3B,Llama,H3d_kvdist_high_vs_uniform,kvdist_high@k2,random_same_ratio,2,late,delta_primary,-0.6067976059704964,False,False,55,50,0.9411764705882353,0.09803921568627451,0.19607843137254902,0.9215686274509803,-0.3573835905799889,0.2340869695333464,-1.0654758609063786
Llama-3.2-3B,Llama,H3d_kvdist_high_vs_uniform,kvdist_high@k2,random_same_ratio,2,late,delta_auc_all,-0.005539555555555535,False,False,55,50,0.9215686274509803,0.11764705882352941,0.23529411764705882,0.9019607843137255,-0.0030058615873015675,0.0026105387448349384,-0.9705636329922277
Llama-3.2-3B,Llama,H3d_kvdist_high_vs_uniform,kvdist_high@k2,random_same_ratio,2,late,delta_d_all,-0.6067976059704964,False,False,55,50,0.9411764705882353,0.09803921568627451,0.19607843137254902,0.9215686274509803,-0.3573835905799889,0.2340869695333464,-1.0654758609063786
Llama-3.2-3B,Llama,H3d_kvdist_high_vs_uniform,kvdist_high@k2,random_same_ratio,2,middle,delta_primary,-0.41411440626121765,False,False,55,50,0.8627450980392157,0.17647058823529413,0.35294117647058826,0.8431372549019608,-0.22665912053983042,0.2428908250784173,-0.7717676682965167
Llama-3.2-3B,Llama,H3d_kvdist_high_vs_uniform,kvdist_high@k2,random_same_ratio,2,middle,delta_auc_all,-0.002050031746031752,False,False,55,50,0.8431372549019608,0.19607843137254902,0.39215686274509803,0.8235294117647058,-0.001276444444444451,0.0014782829407589259,-0.5233012437998873
Llama-3.2-3B,Llama,H3d_kvdist_high_vs_uniform,kvdist_high@k2,random_same_ratio,2,middle,delta_d_all,-0.41411440626121765,False,False,55,50,0.8627450980392157,0.17647058823529413,0.35294117647058826,0.8431372549019608,-0.22665912053983042,0.2428908250784173,-0.7717676682965167
Llama-3.2-3B,Llama,H3d_fidelity_high_vs_uniform,fidelity_high@k2,random_same_ratio,2,all,delta_primary,-0.10324966353939845,False,False,55,50,0.2549019607843137,0.7647058823529411,0.5098039215686274,0.24509803921568626,-0.22735405355502913,0.2048018262137375,0.6059730633754775
Llama-3.2-3B,Llama,H3d_fidelity_high_vs_uniform,fidelity_high@k2,random_same_ratio,2,all,delta_auc_all,-0.0006577777777777723,False,False,55,50,0.29411764705882354,0.7254901960784313,0.5882352941176471,0.28431372549019607,-0.0015160549494949494,0.0015001409174599516,0.5721310323102297
Llama-3.2-3B,Llama,H3d_fidelity_high_vs_uniform,fidelity_high@k2,random_same_ratio,2,all,delta_d_all,-0.10324966353939845,False,False,55,50,0.2549019607843137,0.7647058823529411,0.5098039215686274,0.24509803921568626,-0.22735405355502913,0.2048018262137375,0.6059730633754775
Llama-3.2-3B,Llama,H3d_fidelity_high_vs_uniform,fidelity_high@k2,random_same_ratio,2,early,delta_primary,-0.011275380177509509,False,False,55,50,0.5098039215686274,0.5490196078431373,1.0,0.4803921568627451,-0.1141862750464882,0.16225216288427613,0.6342651650343688
Llama-3.2-3B,Llama,H3d_fidelity_high_vs_uniform,fidelity_high@k2,random_same_ratio,2,early,delta_auc_all,-7.444444444444642e-05,False,False,55,50,0.5098039215686274,0.5490196078431373,1.0,0.4803921568627451,-0.0004221333333333441,0.0006335492841044634,0.5487953307063774
Llama-3.2-3B,Llama,H3d_fidelity_high_vs_uniform,fidelity_high@k2,random_same_ratio,2,early,delta_d_all,-0.011275380177509509,False,False,55,50,0.5098039215686274,0.5490196078431373,1.0,0.4803921568627451,-0.1141862750464882,0.16225216288427613,0.6342651650343688
Llama-3.2-3B,Llama,H3d_fidelity_high_vs_uniform,fidelity_high@k2,random_same_ratio,2,late,delta_primary,-0.17380515165059082,False,False,55,50,0.21568627450980393,0.803921568627451,0.43137254901960786,0.20588235294117646,-0.3573835905799889,0.2340869695333464,0.7842317720433678
Llama-3.2-3B,Llama,H3d_fidelity_high_vs_uniform,fidelity_high@k2,random_same_ratio,2,late,delta_auc_all,-0.0010064761904761607,False,False,55,50,0.19607843137254902,0.8235294117647058,0.39215686274509803,0.18627450980392157,-0.0030058615873015675,0.0026105387448349384,0.7658899530915891
Llama-3.2-3B,Llama,H3d_fidelity_high_vs_uniform,fidelity_high@k2,random_same_ratio,2,late,delta_d_all,-0.17380515165059082,False,False,55,50,0.21568627450980393,0.803921568627451,0.43137254901960786,0.20588235294117646,-0.3573835905799889,0.2340869695333464,0.7842317720433678
Llama-3.2-3B,Llama,H3d_fidelity_high_vs_uniform,fidelity_high@k2,random_same_ratio,2,middle,delta_primary,-0.13780764212750768,False,False,55,50,0.49019607843137253,0.5490196078431373,0.9803921568627451,0.47058823529411764,-0.22665912053983042,0.2428908250784173,0.3658082942558124
Llama-3.2-3B,Llama,H3d_fidelity_high_vs_uniform,fidelity_high@k2,random_same_ratio,2,middle,delta_auc_all,-0.0009757460317460419,False,False,55,50,0.6274509803921569,0.4117647058823529,0.8235294117647058,0.6078431372549019,-0.001276444444444451,0.0014782829407589259,0.20341059509489806
Llama-3.2-3B,Llama,H3d_fidelity_high_vs_uniform,fidelity_high@k2,random_same_ratio,2,middle,delta_d_all,-0.13780764212750768,False,False,55,50,0.49019607843137253,0.5490196078431373,0.9803921568627451,0.47058823529411764,-0.22665912053983042,0.2428908250784173,0.3658082942558124
Llama-3.2-3B,Llama,H3d_cka_high_vs_uniform,cka_high@k4,random_same_ratio,4,all,delta_primary,-0.6954502329510007,True,False,330,50,0.8235294117647058,0.19607843137254902,0.39215686274509803,0.8137254901960784,-0.543866708760897,0.3269935584611654,-0.46356730971538734
Llama-3.2-3B,Llama,H3d_cka_high_vs_uniform,cka_high@k4,random_same_ratio,4,all,delta_auc_all,-0.0050156767676767695,True,False,330,50,0.7647058823529411,0.2549019607843137,0.5098039215686274,0.7549019607843137,-0.004930934949494954,0.004356846957546363,-0.019450262772034516
Llama-3.2-3B,Llama,H3d_cka_high_vs_uniform,cka_high@k4,random_same_ratio,4,all,delta_d_all,-0.6954502329510007,True,False,330,50,0.8235294117647058,0.19607843137254902,0.39215686274509803,0.8137254901960784,-0.543866708760897,0.3269935584611654,-0.46356730971538734
Llama-3.2-3B,Llama,H3d_cka_high_vs_uniform,cka_high@k4,random_same_ratio,4,early,delta_primary,-0.34500952460000844,True,False,330,50,0.8431372549019608,0.19607843137254902,0.39215686274509803,0.8235294117647058,-0.27513431081960504,0.22364553120302708,-0.3124373351192524
Llama-3.2-3B,Llama,H3d_cka_high_vs_uniform,cka_high@k4,random_same_ratio,4,early,delta_auc_all,-0.0009744444444444861,True,False,330,50,0.7450980392156863,0.29411764705882354,0.5882352941176471,0.7254901960784313,-0.001100737777777796,0.0010492607295083045,0.12036410949306416
Llama-3.2-3B,Llama,H3d_cka_high_vs_uniform,cka_high@k4,random_same_ratio,4,early,delta_d_all,-0.34500952460000844,True,False,330,50,0.8431372549019608,0.19607843137254902,0.39215686274509803,0.8235294117647058,-0.27513431081960504,0.22364553120302708,-0.3124373351192524
Llama-3.2-3B,Llama,H3d_cka_high_vs_uniform,cka_high@k4,random_same_ratio,4,late,delta_primary,-0.9484240105628504,True,False,330,50,0.7843137254901961,0.23529411764705882,0.47058823529411764,0.7745098039215687,-0.8144710846117491,0.39609734659861806,-0.3381818310609422
Llama-3.2-3B,Llama,H3d_cka_high_vs_uniform,cka_high@k4,random_same_ratio,4,late,delta_auc_all,-0.009197714285714254,True,False,330,50,0.7058823529411765,0.3137254901960784,0.6274509803921569,0.696078431372549,-0.009820149841269821,0.008156479545401081,0.07631179016522141
Llama-3.2-3B,Llama,H3d_cka_high_vs_uniform,cka_high@k4,random_same_ratio,4,late,delta_d_all,-0.9484240105628504,True,False,330,50,0.7843137254901961,0.23529411764705882,0.47058823529411764,0.7745098039215687,-0.8144710846117491,0.39609734659861806,-0.3381818310609422
Llama-3.2-3B,Llama,H3d_cka_high_vs_uniform,cka_high@k4,random_same_ratio,4,middle,delta_primary,-0.8429801220259995,True,False,330,50,0.8235294117647058,0.19607843137254902,0.39215686274509803,0.8137254901960784,-0.580385073414379,0.3990122083188814,-0.6581128174448251
Llama-3.2-3B,Llama,H3d_cka_high_vs_uniform,cka_high@k4,random_same_ratio,4,middle,delta_auc_all,-0.005452190476190467,True,False,330,50,0.8235294117647058,0.19607843137254902,0.39215686274509803,0.8137254901960784,-0.0044190882539682655,0.0047153256729580584,-0.21909456395492344
Llama-3.2-3B,Llama,H3d_cka_high_vs_uniform,cka_high@k4,random_same_ratio,4,middle,delta_d_all,-0.8429801220259995,True,False,330,50,0.8235294117647058,0.19607843137254902,0.39215686274509803,0.8137254901960784,-0.580385073414379,0.3990122083188814,-0.6581128174448251
Llama-3.2-3B,Llama,H3d_cka_low_vs_uniform,cka_low@k4,random_same_ratio,4,all,delta_primary,-0.12011262062165667,True,False,330,50,0.0196078431372549,1.0,0.0392156862745098,0.00980392156862745,-0.543866708760897,0.3269935584611654,1.2959095895754977
Llama-3.2-3B,Llama,H3d_cka_low_vs_uniform,cka_low@k4,random_same_ratio,4,all,delta_auc_all,-0.0012009696969696954,True,False,330,50,0.0196078431372549,1.0,0.0392156862745098,0.00980392156862745,-0.004930934949494954,0.004356846957546363,0.8561157389438935
Llama-3.2-3B,Llama,H3d_cka_low_vs_uniform,cka_low@k4,random_same_ratio,4,all,delta_d_all,-0.12011262062165667,True,False,330,50,0.0196078431372549,1.0,0.0392156862745098,0.00980392156862745,-0.543866708760897,0.3269935584611654,1.2959095895754977
Llama-3.2-3B,Llama,H3d_cka_low_vs_uniform,cka_low@k4,random_same_ratio,4,early,delta_primary,0.0,True,False,330,50,0.09803921568627451,1.0,0.19607843137254902,0.049019607843137254,-0.27513431081960504,0.22364553120302708,1.2302249427458314
Llama-3.2-3B,Llama,H3d_cka_low_vs_uniform,cka_low@k4,random_same_ratio,4,early,delta_auc_all,0.0,True,False,330,50,0.09803921568627451,1.0,0.19607843137254902,0.049019607843137254,-0.001100737777777796,0.0010492607295083045,1.0490603020029294
Llama-3.2-3B,Llama,H3d_cka_low_vs_uniform,cka_low@k4,random_same_ratio,4,early,delta_d_all,0.0,True,False,330,50,0.09803921568627451,1.0,0.19607843137254902,0.049019607843137254,-0.27513431081960504,0.22364553120302708,1.2302249427458314
Llama-3.2-3B,Llama,H3d_cka_low_vs_uniform,cka_low@k4,random_same_ratio,4,late,delta_primary,-0.3568090775673386,True,False,330,50,0.0784313725490196,0.9411764705882353,0.1568627450980392,0.06862745098039216,-0.8144710846117491,0.39609734659861806,1.1554281061826412
Llama-3.2-3B,Llama,H3d_cka_low_vs_uniform,cka_low@k4,random_same_ratio,4,late,delta_auc_all,-0.003594412698412684,True,False,330,50,0.0784313725490196,0.9411764705882353,0.1568627450980392,0.06862745098039216,-0.009820149841269821,0.008156479545401081,0.7632872868990929
Llama-3.2-3B,Llama,H3d_cka_low_vs_uniform,cka_low@k4,random_same_ratio,4,late,delta_d_all,-0.3568090775673386,True,False,330,50,0.0784313725490196,0.9411764705882353,0.1568627450980392,0.06862745098039216,-0.8144710846117491,0.39609734659861806,1.1554281061826412
Llama-3.2-3B,Llama,H3d_cka_low_vs_uniform,cka_low@k4,random_same_ratio,4,middle,delta_primary,-0.020687730100725204,True,False,330,50,0.0392156862745098,1.0,0.0784313725490196,0.0196078431372549,-0.580385073414379,0.3990122083188814,1.402707314825707
Llama-3.2-3B,Llama,H3d_cka_low_vs_uniform,cka_low@k4,random_same_ratio,4,middle,delta_auc_all,-0.0001800634920635012,True,False,330,50,0.0392156862745098,1.0,0.0784313725490196,0.0196078431372549,-0.0044190882539682655,0.0047153256729580584,0.8989887562199925
Llama-3.2-3B,Llama,H3d_cka_low_vs_uniform,cka_low@k4,random_same_ratio,4,middle,delta_d_all,-0.020687730100725204,True,False,330,50,0.0392156862745098,1.0,0.0784313725490196,0.0196078431372549,-0.580385073414379,0.3990122083188814,1.402707314825707
Llama-3.2-3B,Llama,H3d_kvdist_low_vs_uniform,kvdist_low@k4,random_same_ratio,4,all,delta_primary,-0.46766093830610084,True,False,330,50,0.47058823529411764,0.5490196078431373,0.9411764705882353,0.46078431372549017,-0.543866708760897,0.3269935584611654,0.2330497604094137
Llama-3.2-3B,Llama,H3d_kvdist_low_vs_uniform,kvdist_low@k4,random_same_ratio,4,all,delta_auc_all,-0.003998868686868687,True,False,330,50,0.6274509803921569,0.39215686274509803,0.7843137254901961,0.6176470588235294,-0.004930934949494954,0.004356846957546363,0.21393137553566416
Llama-3.2-3B,Llama,H3d_kvdist_low_vs_uniform,kvdist_low@k4,random_same_ratio,4,all,delta_d_all,-0.46766093830610084,True,False,330,50,0.47058823529411764,0.5490196078431373,0.9411764705882353,0.46078431372549017,-0.543866708760897,0.3269935584611654,0.2330497604094137
Llama-3.2-3B,Llama,H3d_kvdist_low_vs_uniform,kvdist_low@k4,random_same_ratio,4,early,delta_primary,-0.06787387470903217,True,False,330,50,0.3333333333333333,0.7843137254901961,0.6666666666666666,0.27450980392156865,-0.27513431081960504,0.22364553120302708,0.9267363179388561
Llama-3.2-3B,Llama,H3d_kvdist_low_vs_uniform,kvdist_low@k4,random_same_ratio,4,early,delta_auc_all,-0.0004171111111111181,True,False,330,50,0.3333333333333333,0.7843137254901961,0.6666666666666666,0.27450980392156865,-0.001100737777777796,0.0010492607295083045,0.6515317379570978
Llama-3.2-3B,Llama,H3d_kvdist_low_vs_uniform,kvdist_low@k4,random_same_ratio,4,early,delta_d_all,-0.06787387470903217,True,False,330,50,0.3333333333333333,0.7843137254901961,0.6666666666666666,0.27450980392156865,-0.27513431081960504,0.22364553120302708,0.9267363179388561
Llama-3.2-3B,Llama,H3d_kvdist_low_vs_uniform,kvdist_low@k4,random_same_ratio,4,late,delta_primary,-0.8444196918292206,True,False,330,50,0.6862745098039216,0.3333333333333333,0.6666666666666666,0.6764705882352942,-0.8144710846117491,0.39609734659861806,-0.07560920938917491
Llama-3.2-3B,Llama,H3d_kvdist_low_vs_uniform,kvdist_low@k4,random_same_ratio,4,late,delta_auc_all,-0.00812571428571426,True,False,330,50,0.6274509803921569,0.39215686274509803,0.7843137254901961,0.6176470588235294,-0.009820149841269821,0.008156479545401081,0.2077410414779922
Llama-3.2-3B,Llama,H3d_kvdist_low_vs_uniform,kvdist_low@k4,random_same_ratio,4,late,delta_d_all,-0.8444196918292206,True,False,330,50,0.6862745098039216,0.3333333333333333,0.6666666666666666,0.6764705882352942,-0.8144710846117491,0.39609734659861806,-0.07560920938917491
Llama-3.2-3B,Llama,H3d_kvdist_low_vs_uniform,kvdist_low@k4,random_same_ratio,4,middle,delta_primary,-0.547801686036774,True,False,330,50,0.5490196078431373,0.47058823529411764,0.9411764705882353,0.5392156862745098,-0.580385073414379,0.3990122083188814,0.08166012642792377
Llama-3.2-3B,Llama,H3d_kvdist_low_vs_uniform,kvdist_low@k4,random_same_ratio,4,middle,delta_auc_all,-0.0039654603174603354,True,False,330,50,0.7058823529411765,0.3137254901960784,0.6274509803921569,0.696078431372549,-0.0044190882539682655,0.0047153256729580584,0.09620288564784463
Llama-3.2-3B,Llama,H3d_kvdist_low_vs_uniform,kvdist_low@k4,random_same_ratio,4,middle,delta_d_all,-0.547801686036774,True,False,330,50,0.5490196078431373,0.47058823529411764,0.9411764705882353,0.5392156862745098,-0.580385073414379,0.3990122083188814,0.08166012642792377
Llama-3.2-3B,Llama,H3d_kvdist_high_vs_uniform,kvdist_high@k4,random_same_ratio,4,all,delta_primary,-1.113826965297796,True,False,330,50,0.8823529411764706,0.13725490196078433,0.27450980392156865,0.8725490196078431,-0.543866708760897,0.3269935584611654,-1.743032062219014
Llama-3.2-3B,Llama,H3d_kvdist_high_vs_uniform,kvdist_high@k4,random_same_ratio,4,all,delta_auc_all,-0.013430545454545468,True,False,330,50,0.9019607843137255,0.11764705882352941,0.23529411764705882,0.8921568627450981,-0.004930934949494954,0.004356846957546363,-1.95086276563573
Llama-3.2-3B,Llama,H3d_kvdist_high_vs_uniform,kvdist_high@k4,random_same_ratio,4,all,delta_d_all,-1.113826965297796,True,False,330,50,0.8823529411764706,0.13725490196078433,0.27450980392156865,0.8725490196078431,-0.543866708760897,0.3269935584611654,-1.743032062219014
Llama-3.2-3B,Llama,H3d_kvdist_high_vs_uniform,kvdist_high@k4,random_same_ratio,4,early,delta_primary,-0.6676988256429366,True,False,330,50,0.9215686274509803,0.17647058823529413,0.35294117647058826,0.8725490196078431,-0.27513431081960504,0.22364553120302708,-1.7552978264830992
Llama-3.2-3B,Llama,H3d_kvdist_high_vs_uniform,kvdist_high@k4,random_same_ratio,4,early,delta_auc_all,-0.002890888888888915,True,False,330,50,0.9215686274509803,0.17647058823529413,0.35294117647058826,0.8725490196078431,-0.001100737777777796,0.0010492607295083045,-1.706107033997169
Llama-3.2-3B,Llama,H3d_kvdist_high_vs_uniform,kvdist_high@k4,random_same_ratio,4,early,delta_d_all,-0.6676988256429366,True,False,330,50,0.9215686274509803,0.17647058823529413,0.35294117647058826,0.8725490196078431,-0.27513431081960504,0.22364553120302708,-1.7552978264830992
Llama-3.2-3B,Llama,H3d_kvdist_high_vs_uniform,kvdist_high@k4,random_same_ratio,4,late,delta_primary,-1.6104377316856264,True,False,330,50,0.9019607843137255,0.11764705882352941,0.23529411764705882,0.8921568627450981,-0.8144710846117491,0.39609734659861806,-2.0095227951134533
Llama-3.2-3B,Llama,H3d_kvdist_high_vs_uniform,kvdist_high@k4,random_same_ratio,4,late,delta_auc_all,-0.03065549206349205,True,False,330,50,0.9607843137254902,0.058823529411764705,0.11764705882352941,0.9509803921568627,-0.009820149841269821,0.008156479545401081,-2.554452825664223
Llama-3.2-3B,Llama,H3d_kvdist_high_vs_uniform,kvdist_high@k4,random_same_ratio,4,late,delta_d_all,-1.6104377316856264,True,False,330,50,0.9019607843137255,0.11764705882352941,0.23529411764705882,0.8921568627450981,-0.8144710846117491,0.39609734659861806,-2.0095227951134533
Llama-3.2-3B,Llama,H3d_kvdist_high_vs_uniform,kvdist_high@k4,random_same_ratio,4,middle,delta_primary,-1.1270769299440906,True,False,330,50,0.8823529411764706,0.13725490196078433,0.27450980392156865,0.8725490196078431,-0.580385073414379,0.3990122083188814,-1.3701131071478596
Llama-3.2-3B,Llama,H3d_kvdist_high_vs_uniform,kvdist_high@k4,random_same_ratio,4,middle,delta_auc_all,-0.008250920634920658,True,False,330,50,0.8823529411764706,0.13725490196078433,0.27450980392156865,0.8725490196078431,-0.0044190882539682655,0.0047153256729580584,-0.81263366450542
Llama-3.2-3B,Llama,H3d_kvdist_high_vs_uniform,kvdist_high@k4,random_same_ratio,4,middle,delta_d_all,-1.1270769299440906,True,False,330,50,0.8823529411764706,0.13725490196078433,0.27450980392156865,0.8725490196078431,-0.580385073414379,0.3990122083188814,-1.3701131071478596
Llama-3.2-3B,Llama,H3d_fidelity_high_vs_uniform,fidelity_high@k4,random_same_ratio,4,all,delta_primary,-0.6665997675437453,True,False,330,50,0.803921568627451,0.21568627450980393,0.43137254901960786,0.7941176470588235,-0.543866708760897,0.3269935584611654,-0.3753378487344861
Llama-3.2-3B,Llama,H3d_fidelity_high_vs_uniform,fidelity_high@k4,random_same_ratio,4,all,delta_auc_all,-0.0048096969696969786,True,False,330,50,0.7647058823529411,0.2549019607843137,0.5098039215686274,0.7549019607843137,-0.004930934949494954,0.004356846957546363,0.02782699988760966
Llama-3.2-3B,Llama,H3d_fidelity_high_vs_uniform,fidelity_high@k4,random_same_ratio,4,all,delta_d_all,-0.6665997675437453,True,False,330,50,0.803921568627451,0.21568627450980393,0.43137254901960786,0.7941176470588235,-0.543866708760897,0.3269935584611654,-0.3753378487344861
Llama-3.2-3B,Llama,H3d_fidelity_high_vs_uniform,fidelity_high@k4,random_same_ratio,4,early,delta_primary,-0.34500952460000844,True,False,330,50,0.8431372549019608,0.19607843137254902,0.39215686274509803,0.8235294117647058,-0.27513431081960504,0.22364553120302708,-0.3124373351192524
Llama-3.2-3B,Llama,H3d_fidelity_high_vs_uniform,fidelity_high@k4,random_same_ratio,4,early,delta_auc_all,-0.0009744444444444861,True,False,330,50,0.7450980392156863,0.29411764705882354,0.5882352941176471,0.7254901960784313,-0.001100737777777796,0.0010492607295083045,0.12036410949306416
Llama-3.2-3B,Llama,H3d_fidelity_high_vs_uniform,fidelity_high@k4,random_same_ratio,4,early,delta_d_all,-0.34500952460000844,True,False,330,50,0.8431372549019608,0.19607843137254902,0.39215686274509803,0.8235294117647058,-0.27513431081960504,0.22364553120302708,-0.3124373351192524
Llama-3.2-3B,Llama,H3d_fidelity_high_vs_uniform,fidelity_high@k4,random_same_ratio,4,late,delta_primary,-0.8335268957502517,True,False,330,50,0.6470588235294118,0.37254901960784315,0.7450980392156863,0.6372549019607843,-0.8144710846117491,0.39609734659861806,-0.04810890883804046
Llama-3.2-3B,Llama,H3d_fidelity_high_vs_uniform,fidelity_high@k4,random_same_ratio,4,late,delta_auc_all,-0.00822577777777776,True,False,330,50,0.6666666666666666,0.35294117647058826,0.7058823529411765,0.6568627450980392,-0.009820149841269821,0.008156479545401081,0.19547306587570926
Llama-3.2-3B,Llama,H3d_fidelity_high_vs_uniform,fidelity_high@k4,random_same_ratio,4,late,delta_d_all,-0.8335268957502517,True,False,330,50,0.6470588235294118,0.37254901960784315,0.7450980392156863,0.6372549019607843,-0.8144710846117491,0.39609734659861806,-0.04810890883804046
Llama-3.2-3B,Llama,H3d_fidelity_high_vs_uniform,fidelity_high@k4,random_same_ratio,4,middle,delta_primary,-0.8672043455586521,True,False,330,50,0.8431372549019608,0.19607843137254902,0.39215686274509803,0.8235294117647058,-0.580385073414379,0.3990122083188814,-0.7188232995494057
Llama-3.2-3B,Llama,H3d_fidelity_high_vs_uniform,fidelity_high@k4,random_same_ratio,4,middle,delta_auc_all,-0.0057767619047619035,True,False,330,50,0.8431372549019608,0.19607843137254902,0.39215686274509803,0.8235294117647058,-0.0044190882539682655,0.0047153256729580584,-0.28792786436359347
Llama-3.2-3B,Llama,H3d_fidelity_high_vs_uniform,fidelity_high@k4,random_same_ratio,4,middle,delta_d_all,-0.8672043455586521,True,False,330,50,0.8431372549019608,0.19607843137254902,0.39215686274509803,0.8235294117647058,-0.580385073414379,0.3990122083188814,-0.7188232995494057
Llama-3.2-3B,Llama,H3d_cka_high_vs_uniform,cka_high@k6,random_same_ratio,6,all,delta_primary,-1.3665114082357783,False,False,462,50,0.9607843137254902,0.058823529411764705,0.11764705882352941,0.9509803921568627,-0.8134330366020762,0.28904362154890423,-1.9134771723032988
Llama-3.2-3B,Llama,H3d_cka_high_vs_uniform,cka_high@k6,random_same_ratio,6,all,delta_auc_all,-0.021841777777777783,False,False,462,50,0.9411764705882353,0.0784313725490196,0.1568627450980392,0.9313725490196079,-0.009694616565656572,0.0059518161438534825,-2.040916741802541
Llama-3.2-3B,Llama,H3d_cka_high_vs_uniform,cka_high@k6,random_same_ratio,6,all,delta_d_all,-1.3665114082357783,False,False,462,50,0.9607843137254902,0.058823529411764705,0.11764705882352941,0.9509803921568627,-0.8134330366020762,0.28904362154890423,-1.9134771723032988
Llama-3.2-3B,Llama,H3d_cka_high_vs_uniform,cka_high@k6,random_same_ratio,6,early,delta_primary,-0.7730016614475226,False,False,462,50,1.0,0.0392156862745098,0.0784313725490196,0.9803921568627451,-0.3520890100073118,0.19635663730069763,-2.14361305645926
Llama-3.2-3B,Llama,H3d_cka_high_vs_uniform,cka_high@k6,random_same_ratio,6,early,delta_auc_all,-0.004364666666666697,False,False,462,50,1.0,0.0392156862745098,0.0784313725490196,0.9803921568627451,-0.0014031022222222441,0.0009623183195639099,-3.0775309834967435
Llama-3.2-3B,Llama,H3d_cka_high_vs_uniform,cka_high@k6,random_same_ratio,6,early,delta_d_all,-0.7730016614475226,False,False,462,50,1.0,0.0392156862745098,0.0784313725490196,0.9803921568627451,-0.3520890100073118,0.19635663730069763,-2.14361305645926
Llama-3.2-3B,Llama,H3d_cka_high_vs_uniform,cka_high@k6,random_same_ratio,6,late,delta_primary,-1.8293058457157003,False,False,462,50,0.8431372549019608,0.17647058823529413,0.35294117647058826,0.8333333333333334,-1.3112227548910673,0.35904172420582986,-1.442960680880723
Llama-3.2-3B,Llama,H3d_cka_high_vs_uniform,cka_high@k6,random_same_ratio,6,late,delta_auc_all,-0.040515809523809475,False,False,462,50,0.8431372549019608,0.17647058823529413,0.35294117647058826,0.8333333333333334,-0.02166507174603172,0.012830280428562274,-1.4692381731433533
Llama-3.2-3B,Llama,H3d_cka_high_vs_uniform,cka_high@k6,random_same_ratio,6,late,delta_d_all,-1.8293058457157003,False,False,462,50,0.8431372549019608,0.17647058823529413,0.35294117647058826,0.8333333333333334,-1.3112227548910673,0.35904172420582986,-1.442960680880723
Llama-3.2-3B,Llama,H3d_cka_high_vs_uniform,cka_high@k6,random_same_ratio,6,middle,delta_primary,-1.5820138242281474,False,False,462,50,0.9803921568627451,0.0392156862745098,0.0784313725490196,0.9705882352941176,-0.8428936344213878,0.3544040502307083,-2.0855297486741775
Llama-3.2-3B,Llama,H3d_cka_high_vs_uniform,cka_high@k6,random_same_ratio,6,middle,delta_auc_all,-0.02314158730158733,False,False,462,50,0.9803921568627451,0.0392156862745098,0.0784313725490196,0.9705882352941176,-0.007200177777777785,0.005254505135907796,-3.0338555413849497
Llama-3.2-3B,Llama,H3d_cka_high_vs_uniform,cka_high@k6,random_same_ratio,6,middle,delta_d_all,-1.5820138242281474,False,False,462,50,0.9803921568627451,0.0392156862745098,0.0784313725490196,0.9705882352941176,-0.8428936344213878,0.3544040502307083,-2.0855297486741775
Llama-3.2-3B,Llama,H3d_cka_low_vs_uniform,cka_low@k6,random_same_ratio,6,all,delta_primary,-0.2858636646019245,False,False,462,50,0.0392156862745098,0.9803921568627451,0.0784313725490196,0.029411764705882353,-0.8134330366020762,0.28904362154890423,1.8252240584762067
Llama-3.2-3B,Llama,H3d_cka_low_vs_uniform,cka_low@k6,random_same_ratio,6,all,delta_auc_all,-0.002866828282828274,False,False,462,50,0.0392156862745098,0.9803921568627451,0.0784313725490196,0.029411764705882353,-0.009694616565656572,0.0059518161438534825,1.1471772846813224
Llama-3.2-3B,Llama,H3d_cka_low_vs_uniform,cka_low@k6,random_same_ratio,6,all,delta_d_all,-0.2858636646019245,False,False,462,50,0.0392156862745098,0.9803921568627451,0.0784313725490196,0.029411764705882353,-0.8134330366020762,0.28904362154890423,1.8252240584762067
Llama-3.2-3B,Llama,H3d_cka_low_vs_uniform,cka_low@k6,random_same_ratio,6,early,delta_primary,0.0,False,False,462,50,0.0196078431372549,1.0,0.0392156862745098,0.00980392156862745,-0.3520890100073118,0.19635663730069763,1.7931097967833292
Llama-3.2-3B,Llama,H3d_cka_low_vs_uniform,cka_low@k6,random_same_ratio,6,early,delta_auc_all,0.0,False,False,462,50,0.0196078431372549,1.0,0.0392156862745098,0.00980392156862745,-0.0014031022222222441,0.0009623183195639099,1.4580437612972832
Llama-3.2-3B,Llama,H3d_cka_low_vs_uniform,cka_low@k6,random_same_ratio,6,early,delta_d_all,0.0,False,False,462,50,0.0196078431372549,1.0,0.0392156862745098,0.00980392156862745,-0.3520890100073118,0.19635663730069763,1.7931097967833292
Llama-3.2-3B,Llama,H3d_cka_low_vs_uniform,cka_low@k6,random_same_ratio,6,late,delta_primary,-0.7760162196489393,False,False,462,50,0.058823529411764705,0.9607843137254902,0.11764705882352941,0.049019607843137254,-1.3112227548910673,0.35904172420582986,1.4906527547068795
Llama-3.2-3B,Llama,H3d_cka_low_vs_uniform,cka_low@k6,random_same_ratio,6,late,delta_auc_all,-0.008265904761904728,False,False,462,50,0.0392156862745098,0.9803921568627451,0.0784313725490196,0.029411764705882353,-0.02166507174603172,0.012830280428562274,1.0443393703459736
Llama-3.2-3B,Llama,H3d_cka_low_vs_uniform,cka_low@k6,random_same_ratio,6,late,delta_d_all,-0.7760162196489393,False,False,462,50,0.058823529411764705,0.9607843137254902,0.11764705882352941,0.049019607843137254,-1.3112227548910673,0.35904172420582986,1.4906527547068795
Llama-3.2-3B,Llama,H3d_cka_low_vs_uniform,cka_low@k6,random_same_ratio,6,middle,delta_primary,-0.12241244052853784,False,False,462,50,0.0196078431372549,1.0,0.0392156862745098,0.00980392156862745,-0.8428936344213878,0.3544040502307083,2.032937246128633
Llama-3.2-3B,Llama,H3d_cka_low_vs_uniform,cka_low@k6,random_same_ratio,6,middle,delta_auc_all,-0.00074412698412699,False,False,462,50,0.0196078431372549,1.0,0.0392156862745098,0.00980392156862745,-0.007200177777777785,0.005254505135907796,1.2286696133441715
Llama-3.2-3B,Llama,H3d_cka_low_vs_uniform,cka_low@k6,random_same_ratio,6,middle,delta_d_all,-0.12241244052853784,False,False,462,50,0.0196078431372549,1.0,0.0392156862745098,0.00980392156862745,-0.8428936344213878,0.3544040502307083,2.032937246128633
Llama-3.2-3B,Llama,H3d_kvdist_low_vs_uniform,kvdist_low@k6,random_same_ratio,6,all,delta_primary,-0.5997768954525934,False,False,462,50,0.19607843137254902,0.8235294117647058,0.39215686274509803,0.18627450980392157,-0.8134330366020762,0.28904362154890423,0.7391830340505668
Llama-3.2-3B,Llama,H3d_kvdist_low_vs_uniform,kvdist_low@k6,random_same_ratio,6,all,delta_auc_all,-0.006943353535353535,False,False,462,50,0.4117647058823529,0.6078431372549019,0.8235294117647058,0.4019607843137255,-0.009694616565656572,0.0059518161438534825,0.46225605156575633
Llama-3.2-3B,Llama,H3d_kvdist_low_vs_uniform,kvdist_low@k6,random_same_ratio,6,all,delta_d_all,-0.5997768954525934,False,False,462,50,0.19607843137254902,0.8235294117647058,0.39215686274509803,0.18627450980392157,-0.8134330366020762,0.28904362154890423,0.7391830340505668
Llama-3.2-3B,Llama,H3d_kvdist_low_vs_uniform,kvdist_low@k6,random_same_ratio,6,early,delta_primary,-0.06787387470903217,False,False,462,50,0.1568627450980392,0.9411764705882353,0.3137254901960784,0.10784313725490197,-0.3520890100073118,0.19635663730069763,1.4474434844951882
Llama-3.2-3B,Llama,H3d_kvdist_low_vs_uniform,kvdist_low@k6,random_same_ratio,6,early,delta_auc_all,-0.0004171111111111181,False,False,462,50,0.1568627450980392,0.9411764705882353,0.3137254901960784,0.10784313725490197,-0.0014031022222222441,0.0009623183195639099,1.0245997515229095
Llama-3.2-3B,Llama,H3d_kvdist_low_vs_uniform,kvdist_low@k6,random_same_ratio,6,early,delta_d_all,-0.06787387470903217,False,False,462,50,0.1568627450980392,0.9411764705882353,0.3137254901960784,0.10784313725490197,-0.3520890100073118,0.19635663730069763,1.4474434844951882
Llama-3.2-3B,Llama,H3d_kvdist_low_vs_uniform,kvdist_low@k6,random_same_ratio,6,late,delta_primary,-1.2596412714324832,False,False,462,50,0.5686274509803921,0.45098039215686275,0.9019607843137255,0.5588235294117647,-1.3112227548910673,0.35904172420582986,0.14366431526218315
Llama-3.2-3B,Llama,H3d_kvdist_low_vs_uniform,kvdist_low@k6,random_same_ratio,6,late,delta_auc_all,-0.017379809523809495,False,False,462,50,0.5294117647058824,0.49019607843137253,0.9803921568627451,0.5196078431372549,-0.02166507174603172,0.012830280428562274,0.3339959906630365
Llama-3.2-3B,Llama,H3d_kvdist_low_vs_uniform,kvdist_low@k6,random_same_ratio,6,late,delta_d_all,-1.2596412714324832,False,False,462,50,0.5686274509803921,0.45098039215686275,0.9019607843137255,0.5588235294117647,-1.3112227548910673,0.35904172420582986,0.14366431526218315
Llama-3.2-3B,Llama,H3d_kvdist_low_vs_uniform,kvdist_low@k6,random_same_ratio,6,middle,delta_primary,-0.547801686036774,False,False,462,50,0.19607843137254902,0.8235294117647058,0.39215686274509803,0.18627450980392157,-0.8428936344213878,0.3544040502307083,0.8326427087741128
Llama-3.2-3B,Llama,H3d_kvdist_low_vs_uniform,kvdist_low@k6,random_same_ratio,6,middle,delta_auc_all,-0.0039654603174603354,False,False,462,50,0.27450980392156865,0.7450980392156863,0.5490196078431373,0.2647058823529412,-0.007200177777777785,0.005254505135907796,0.6156083925415372
Llama-3.2-3B,Llama,H3d_kvdist_low_vs_uniform,kvdist_low@k6,random_same_ratio,6,middle,delta_d_all,-0.547801686036774,False,False,462,50,0.19607843137254902,0.8235294117647058,0.39215686274509803,0.18627450980392157,-0.8428936344213878,0.3544040502307083,0.8326427087741128
Llama-3.2-3B,Llama,H3d_kvdist_high_vs_uniform,kvdist_high@k6,random_same_ratio,6,all,delta_primary,-1.1402566876644222,False,False,462,50,0.803921568627451,0.21568627450980393,0.43137254901960786,0.7941176470588235,-0.8134330366020762,0.28904362154890423,-1.1307070168543736
Llama-3.2-3B,Llama,H3d_kvdist_high_vs_uniform,kvdist_high@k6,random_same_ratio,6,all,delta_auc_all,-0.015428606060606071,False,False,462,50,0.803921568627451,0.21568627450980393,0.43137254901960786,0.7941176470588235,-0.009694616565656572,0.0059518161438534825,-0.9634016502460455
Llama-3.2-3B,Llama,H3d_kvdist_high_vs_uniform,kvdist_high@k6,random_same_ratio,6,all,delta_d_all,-1.1402566876644222,False,False,462,50,0.803921568627451,0.21568627450980393,0.43137254901960786,0.7941176470588235,-0.8134330366020762,0.28904362154890423,-1.1307070168543736
Llama-3.2-3B,Llama,H3d_kvdist_high_vs_uniform,kvdist_high@k6,random_same_ratio,6,early,delta_primary,-0.6676988256429366,False,False,462,50,0.8431372549019608,0.21568627450980393,0.43137254901960786,0.8137254901960784,-0.3520890100073118,0.19635663730069763,-1.6073294999053411
Llama-3.2-3B,Llama,H3d_kvdist_high_vs_uniform,kvdist_high@k6,random_same_ratio,6,early,delta_auc_all,-0.002890888888888915,False,False,462,50,0.8431372549019608,0.21568627450980393,0.43137254901960786,0.8137254901960784,-0.0014031022222222441,0.0009623183195639099,-1.5460442105486316
Llama-3.2-3B,Llama,H3d_kvdist_high_vs_uniform,kvdist_high@k6,random_same_ratio,6,early,delta_d_all,-0.6676988256429366,False,False,462,50,0.8431372549019608,0.21568627450980393,0.43137254901960786,0.8137254901960784,-0.3520890100073118,0.19635663730069763,-1.6073294999053411
Llama-3.2-3B,Llama,H3d_kvdist_high_vs_uniform,kvdist_high@k6,random_same_ratio,6,late,delta_primary,-1.6935025734093097,False,False,462,50,0.803921568627451,0.21568627450980393,0.43137254901960786,0.7941176470588235,-1.3112227548910673,0.35904172420582986,-1.064722545447366
Llama-3.2-3B,Llama,H3d_kvdist_high_vs_uniform,kvdist_high@k6,random_same_ratio,6,late,delta_auc_all,-0.03693511111111109,False,False,462,50,0.8235294117647058,0.19607843137254902,0.39215686274509803,0.8137254901960784,-0.02166507174603172,0.012830280428562274,-1.1901563219994633
Llama-3.2-3B,Llama,H3d_kvdist_high_vs_uniform,kvdist_high@k6,random_same_ratio,6,late,delta_d_all,-1.6935025734093097,False,False,462,50,0.803921568627451,0.21568627450980393,0.43137254901960786,0.7941176470588235,-1.3112227548910673,0.35904172420582986,-1.064722545447366
Llama-3.2-3B,Llama,H3d_kvdist_high_vs_uniform,kvdist_high@k6,random_same_ratio,6,middle,delta_primary,-1.1270769299440906,False,False,462,50,0.803921568627451,0.21568627450980393,0.43137254901960786,0.7941176470588235,-0.8428936344213878,0.3544040502307083,-0.8018624373443433
Llama-3.2-3B,Llama,H3d_kvdist_high_vs_uniform,kvdist_high@k6,random_same_ratio,6,middle,delta_auc_all,-0.008250920634920658,False,False,462,50,0.7058823529411765,0.3137254901960784,0.6274509803921569,0.696078431372549,-0.007200177777777785,0.005254505135907796,-0.1999698982045701
Llama-3.2-3B,Llama,H3d_kvdist_high_vs_uniform,kvdist_high@k6,random_same_ratio,6,middle,delta_d_all,-1.1270769299440906,False,False,462,50,0.803921568627451,0.21568627450980393,0.43137254901960786,0.7941176470588235,-0.8428936344213878,0.3544040502307083,-0.8018624373443433
Llama-3.2-3B,Llama,H3d_fidelity_high_vs_uniform,fidelity_high@k6,random_same_ratio,6,all,delta_primary,-1.3385493080948754,False,False,462,50,0.9215686274509803,0.09803921568627451,0.19607843137254902,0.9117647058823529,-0.8134330366020762,0.28904362154890423,-1.8167371024444248
Llama-3.2-3B,Llama,H3d_fidelity_high_vs_uniform,fidelity_high@k6,random_same_ratio,6,all,delta_auc_all,-0.01837915151515152,False,False,462,50,0.8823529411764706,0.13725490196078433,0.27450980392156865,0.8725490196078431,-0.009694616565656572,0.0059518161438534825,-1.4591403261781832
Llama-3.2-3B,Llama,H3d_fidelity_high_vs_uniform,fidelity_high@k6,random_same_ratio,6,all,delta_d_all,-1.3385493080948754,False,False,462,50,0.9215686274509803,0.09803921568627451,0.19607843137254902,0.9117647058823529,-0.8134330366020762,0.28904362154890423,-1.8167371024444248
Llama-3.2-3B,Llama,H3d_fidelity_high_vs_uniform,fidelity_high@k6,random_same_ratio,6,early,delta_primary,-0.7730016614475226,False,False,462,50,1.0,0.0392156862745098,0.0784313725490196,0.9803921568627451,-0.3520890100073118,0.19635663730069763,-2.14361305645926
Llama-3.2-3B,Llama,H3d_fidelity_high_vs_uniform,fidelity_high@k6,random_same_ratio,6,early,delta_auc_all,-0.004364666666666697,False,False,462,50,1.0,0.0392156862745098,0.0784313725490196,0.9803921568627451,-0.0014031022222222441,0.0009623183195639099,-3.0775309834967435
Llama-3.2-3B,Llama,H3d_fidelity_high_vs_uniform,fidelity_high@k6,random_same_ratio,6,early,delta_d_all,-0.7730016614475226,False,False,462,50,1.0,0.0392156862745098,0.0784313725490196,0.9803921568627451,-0.3520890100073118,0.19635663730069763,-2.14361305645926
Llama-3.2-3B,Llama,H3d_fidelity_high_vs_uniform,fidelity_high@k6,random_same_ratio,6,late,delta_primary,-1.783064445376404,False,False,462,50,0.8235294117647058,0.19607843137254902,0.39215686274509803,0.8137254901960784,-1.3112227548910673,0.35904172420582986,-1.314169520350346
Llama-3.2-3B,Llama,H3d_fidelity_high_vs_uniform,fidelity_high@k6,random_same_ratio,6,late,delta_auc_all,-0.03352355555555553,False,False,462,50,0.8235294117647058,0.19607843137254902,0.39215686274509803,0.8137254901960784,-0.02166507174603172,0.012830280428562274,-0.9242575698598848
Llama-3.2-3B,Llama,H3d_fidelity_high_vs_uniform,fidelity_high@k6,random_same_ratio,6,late,delta_d_all,-1.783064445376404,False,False,462,50,0.8235294117647058,0.19607843137254902,0.39215686274509803,0.8137254901960784,-1.3112227548910673,0.35904172420582986,-1.314169520350346
Llama-3.2-3B,Llama,H3d_fidelity_high_vs_uniform,fidelity_high@k6,random_same_ratio,6,middle,delta_primary,-1.5403743384103206,False,False,462,50,0.9607843137254902,0.058823529411764705,0.11764705882352941,0.9509803921568627,-0.8428936344213878,0.3544040502307083,-1.9680381856101532
Llama-3.2-3B,Llama,H3d_fidelity_high_vs_uniform,fidelity_high@k6,random_same_ratio,6,middle,delta_auc_all,-0.019251301587301595,False,False,462,50,0.9607843137254902,0.058823529411764705,0.11764705882352941,0.9509803921568627,-0.007200177777777785,0.005254505135907796,-2.2934840670665353
Llama-3.2-3B,Llama,H3d_fidelity_high_vs_uniform,fidelity_high@k6,random_same_ratio,6,middle,delta_d_all,-1.5403743384103206,False,False,462,50,0.9607843137254902,0.058823529411764705,0.11764705882352941,0.9509803921568627,-0.8428936344213878,0.3544040502307083,-1.9680381856101532
Llama-3.2-3B,Llama,H4_own_head_vs_random_source,full,random_source,11,all,delta_primary,-1.5237669671213554,True,False,39916800,50,0.7647058823529411,0.2549019607843137,0.5098039215686274,0.7549019607843137,-1.3801571062863822,0.18494962673177176,-0.7764809444208681
Llama-3.2-3B,Llama,H4_own_head_vs_random_source,full,random_source,11,all,delta_auc_all,-0.036654626262626284,True,False,39916800,50,0.7843137254901961,0.23529411764705882,0.47058823529411764,0.7745098039215687,-0.029912734545454553,0.01110706678067738,-0.6069911931114336
Llama-3.2-3B,Llama,H4_own_head_vs_random_source,full,random_source,11,all,delta_d_all,-1.5237669671213554,True,False,39916800,50,0.7647058823529411,0.2549019607843137,0.5098039215686274,0.7549019607843137,-1.3801571062863822,0.18494962673177176,-0.7764809444208681
Llama-3.2-3B,Llama,H4_own_head_vs_random_source,full,random_source,11,early,delta_primary,-0.7730016614475226,True,False,39916800,50,1.0,0.09803921568627451,0.19607843137254902,0.9509803921568627,-0.6533365248740904,0.11310037622066615,-1.0580436650357177
Llama-3.2-3B,Llama,H4_own_head_vs_random_source,full,random_source,11,early,delta_auc_all,-0.004364666666666697,True,False,39916800,50,1.0,0.09803921568627451,0.19607843137254902,0.9509803921568627,-0.0030652977777778103,0.0010906129489439147,-1.191411572865625
Llama-3.2-3B,Llama,H4_own_head_vs_random_source,full,random_source,11,early,delta_d_all,-0.7730016614475226,True,False,39916800,50,1.0,0.09803921568627451,0.19607843137254902,0.9509803921568627,-0.6533365248740904,0.11310037622066615,-1.0580436650357177
Llama-3.2-3B,Llama,H4_own_head_vs_random_source,full,random_source,11,late,delta_primary,-2.345570038948677,True,False,39916800,50,0.7647058823529411,0.2549019607843137,0.5098039215686274,0.7549019607843137,-2.1452457256624653,0.2995283092706004,-0.6687992656655183
Llama-3.2-3B,Llama,H4_own_head_vs_random_source,full,random_source,11,late,delta_auc_all,-0.08830374603174604,True,False,39916800,50,0.7843137254901961,0.23529411764705882,0.47058823529411764,0.7745098039215687,-0.07153297015873013,0.028007569301268534,-0.5987944077766263
Llama-3.2-3B,Llama,H4_own_head_vs_random_source,full,random_source,11,late,delta_d_all,-2.345570038948677,True,False,39916800,50,0.7647058823529411,0.2549019607843137,0.5098039215686274,0.7549019607843137,-2.1452457256624653,0.2995283092706004,-0.6687992656655183
Llama-3.2-3B,Llama,H4_own_head_vs_random_source,full,random_source,11,middle,delta_primary,-1.5599813874927002,True,False,39916800,50,0.7450980392156863,0.27450980392156865,0.5490196078431373,0.7352941176470589,-1.4457205799529185,0.19691152590832575,-0.5802647001627373
Llama-3.2-3B,Llama,H4_own_head_vs_random_source,full,random_source,11,middle,delta_auc_all,-0.021908317460317486,True,False,39916800,50,0.7647058823529411,0.2549019607843137,0.5098039215686274,0.7549019607843137,-0.018975283809523815,0.007070007286055502,-0.414855817274563
Llama-3.2-3B,Llama,H4_own_head_vs_random_source,full,random_source,11,middle,delta_d_all,-1.5599813874927002,True,False,39916800,50,0.7450980392156863,0.27450980392156865,0.5490196078431373,0.7352941176470589,-1.4457205799529185,0.19691152590832575,-0.5802647001627373
Llama-3.2-3B,Llama,H3e_kvsharer_dissimilar_vs_random_pairs,kvsharer_dissimilar@k4,random_pairs,4,all,delta_primary,-0.32322564253337166,True,False,385183029,50,0.8431372549019608,0.17647058823529413,0.35294117647058826,0.8333333333333334,-0.2042472302331273,0.17927509807511582,-0.6636639085836266
Llama-3.2-3B,Llama,H3e_kvsharer_dissimilar_vs_random_pairs,kvsharer_dissimilar@k4,random_pairs,4,all,delta_auc_all,-0.001809939393939389,True,False,385183029,50,0.8235294117647058,0.19607843137254902,0.39215686274509803,0.8137254901960784,-0.0013143078787878767,0.0013400952670959189,-0.36984797075328885
Llama-3.2-3B,Llama,H3e_kvsharer_dissimilar_vs_random_pairs,kvsharer_dissimilar@k4,random_pairs,4,all,delta_d_all,-0.32322564253337166,True,False,385183029,50,0.8431372549019608,0.17647058823529413,0.35294117647058826,0.8333333333333334,-0.2042472302331273,0.17927509807511582,-0.6636639085836266
Llama-3.2-3B,Llama,H3e_kvsharer_dissimilar_vs_random_pairs,kvsharer_dissimilar@k4,random_pairs,4,early,delta_primary,-0.2802454281471958,True,False,385183029,50,0.9215686274509803,0.09803921568627451,0.19607843137254902,0.9117647058823529,-0.06528112670401383,0.13545747647832365,-1.5869504366381817
Llama-3.2-3B,Llama,H3e_kvsharer_dissimilar_vs_random_pairs,kvsharer_dissimilar@k4,random_pairs,4,early,delta_auc_all,-0.0007595555555555966,True,False,385183029,50,0.8823529411764706,0.13725490196078433,0.27450980392156865,0.8725490196078431,-0.000258711111111119,0.0005103727428152124,-0.9813307068120904
Llama-3.2-3B,Llama,H3e_kvsharer_dissimilar_vs_random_pairs,kvsharer_dissimilar@k4,random_pairs,4,early,delta_d_all,-0.2802454281471958,True,False,385183029,50,0.9215686274509803,0.09803921568627451,0.19607843137254902,0.9117647058823529,-0.06528112670401383,0.13545747647832365,-1.5869504366381817
Llama-3.2-3B,Llama,H3e_kvsharer_dissimilar_vs_random_pairs,kvsharer_dissimilar@k4,random_pairs,4,late,delta_primary,-0.34593470261558074,True,False,385183029,50,0.5490196078431373,0.47058823529411764,0.9411764705882353,0.5392156862745098,-0.37088014755254456,0.2184723971010119,0.11418122045610256
Llama-3.2-3B,Llama,H3e_kvsharer_dissimilar_vs_random_pairs,kvsharer_dissimilar@k4,random_pairs,4,late,delta_auc_all,-0.0027845079365078945,True,False,385183029,50,0.7254901960784313,0.29411764705882354,0.5882352941176471,0.7156862745098039,-0.0027111161904761665,0.0023057533536550616,-0.03182983380047482
Llama-3.2-3B,Llama,H3e_kvsharer_dissimilar_vs_random_pairs,kvsharer_dissimilar@k4,random_pairs,4,late,delta_d_all,-0.34593470261558074,True,False,385183029,50,0.5490196078431373,0.47058823529411764,0.9411764705882353,0.5392156862745098,-0.37088014755254456,0.2184723971010119,0.11418122045610256
Llama-3.2-3B,Llama,H3e_kvsharer_dissimilar_vs_random_pairs,kvsharer_dissimilar@k4,random_pairs,4,middle,delta_primary,-0.34963682746393515,True,False,385183029,50,0.8431372549019608,0.17647058823529413,0.35294117647058826,0.8333333333333334,-0.19643271694698253,0.21839348559038746,-0.7015049469208887
Llama-3.2-3B,Llama,H3e_kvsharer_dissimilar_vs_random_pairs,kvsharer_dissimilar@k4,random_pairs,4,middle,delta_auc_all,-0.002035809523809503,True,False,385183029,50,0.8431372549019608,0.17647058823529413,0.35294117647058826,0.8333333333333334,-0.0011238958730158822,0.001488061433472974,-0.6128198945827884
Llama-3.2-3B,Llama,H3e_kvsharer_dissimilar_vs_random_pairs,kvsharer_dissimilar@k4,random_pairs,4,middle,delta_d_all,-0.34963682746393515,True,False,385183029,50,0.8431372549019608,0.17647058823529413,0.35294117647058826,0.8333333333333334,-0.19643271694698253,0.21839348559038746,-0.7015049469208887
Llama-3.2-3B,Llama,H3e_kvsharer_similar_vs_random_pairs,kvsharer_similar@k4,random_pairs,4,all,delta_primary,-0.3970181350934976,True,False,385183029,50,0.8823529411764706,0.13725490196078433,0.27450980392156865,0.8725490196078431,-0.2042472302331273,0.17927509807511582,-1.0752798739488056
Llama-3.2-3B,Llama,H3e_kvsharer_similar_vs_random_pairs,kvsharer_similar@k4,random_pairs,4,all,delta_auc_all,-0.00234949494949495,True,False,385183029,50,0.8627450980392157,0.1568627450980392,0.3137254901960784,0.8529411764705882,-0.0013143078787878767,0.0013400952670959189,-0.7724727458745502
Llama-3.2-3B,Llama,H3e_kvsharer_similar_vs_random_pairs,kvsharer_similar@k4,random_pairs,4,all,delta_d_all,-0.3970181350934976,True,False,385183029,50,0.8823529411764706,0.13725490196078433,0.27450980392156865,0.8725490196078431,-0.2042472302331273,0.17927509807511582,-1.0752798739488056
Llama-3.2-3B,Llama,H3e_kvsharer_similar_vs_random_pairs,kvsharer_similar@k4,random_pairs,4,early,delta_primary,-0.1473559984824534,True,False,385183029,50,0.8627450980392157,0.1568627450980392,0.3137254901960784,0.8529411764705882,-0.06528112670401383,0.13545747647832365,-0.6059087612751552
Llama-3.2-3B,Llama,H3e_kvsharer_similar_vs_random_pairs,kvsharer_similar@k4,random_pairs,4,early,delta_auc_all,-0.0004368888888889033,True,False,385183029,50,0.8235294117647058,0.19607843137254902,0.39215686274509803,0.8137254901960784,-0.000258711111111119,0.0005103727428152124,-0.3491130360821328
Llama-3.2-3B,Llama,H3e_kvsharer_similar_vs_random_pairs,kvsharer_similar@k4,random_pairs,4,early,delta_d_all,-0.1473559984824534,True,False,385183029,50,0.8627450980392157,0.1568627450980392,0.3137254901960784,0.8529411764705882,-0.06528112670401383,0.13545747647832365,-0.6059087612751552
Llama-3.2-3B,Llama,H3e_kvsharer_similar_vs_random_pairs,kvsharer_similar@k4,random_pairs,4,late,delta_primary,-0.6017056727178952,True,False,385183029,50,0.9019607843137255,0.11764705882352941,0.23529411764705882,0.8921568627450981,-0.37088014755254456,0.2184723971010119,-1.05654319826329
Llama-3.2-3B,Llama,H3e_kvsharer_similar_vs_random_pairs,kvsharer_similar@k4,random_pairs,4,late,delta_auc_all,-0.00456330158730156,True,False,385183029,50,0.9019607843137255,0.11764705882352941,0.23529411764705882,0.8921568627450981,-0.0027111161904761665,0.0023057533536550616,-0.8032886058213141
Llama-3.2-3B,Llama,H3e_kvsharer_similar_vs_random_pairs,kvsharer_similar@k4,random_pairs,4,late,delta_d_all,-0.6017056727178952,True,False,385183029,50,0.9019607843137255,0.11764705882352941,0.23529411764705882,0.8921568627450981,-0.37088014755254456,0.2184723971010119,-1.05654319826329
Llama-3.2-3B,Llama,H3e_kvsharer_similar_vs_random_pairs,kvsharer_similar@k4,random_pairs,4,middle,delta_primary,-0.47765875359600785,True,False,385183029,50,0.8823529411764706,0.13725490196078433,0.27450980392156865,0.8725490196078431,-0.19643271694698253,0.21839348559038746,-1.2877034124382483
Llama-3.2-3B,Llama,H3e_kvsharer_similar_vs_random_pairs,kvsharer_similar@k4,random_pairs,4,middle,delta_auc_all,-0.002321523809523821,True,False,385183029,50,0.8627450980392157,0.1568627450980392,0.3137254901960784,0.8529411764705882,-0.0011238958730158822,0.001488061433472974,-0.8048242562894766
Llama-3.2-3B,Llama,H3e_kvsharer_similar_vs_random_pairs,kvsharer_similar@k4,random_pairs,4,middle,delta_d_all,-0.47765875359600785,True,False,385183029,50,0.8823529411764706,0.13725490196078433,0.27450980392156865,0.8725490196078431,-0.19643271694698253,0.21839348559038746,-1.2877034124382483
SmolLM3-3B-Base,SmolLM,H3b_cka_high_vs_depth_matched,cka_high@k5,rdm_cka_high,5,all,delta_primary,-0.6129944954609511,True,False,60,50,0.6078431372549019,0.45098039215686275,0.9019607843137255,0.5784313725490197,-0.5667496587840631,0.13534643568302937,-0.341677536194523
SmolLM3-3B-Base,SmolLM,H3b_cka_high_vs_depth_matched,cka_high@k5,rdm_cka_high,5,all,delta_auc_all,-0.0033768253968254097,True,False,60,50,0.6470588235294118,0.4117647058823529,0.8235294117647058,0.6176470588235294,-0.003528929523809532,0.0015073595242385105,0.10090766306131396
SmolLM3-3B-Base,SmolLM,H3b_cka_high_vs_depth_matched,cka_high@k5,rdm_cka_high,5,all,delta_d_all,-0.6129944954609511,True,False,60,50,0.6078431372549019,0.45098039215686275,0.9019607843137255,0.5784313725490197,-0.5667496587840631,0.13534643568302937,-0.341677536194523
SmolLM3-3B-Base,SmolLM,H3b_cka_high_vs_depth_matched,cka_high@k5,rdm_cka_high,5,early,delta_primary,-0.216728901536539,True,False,60,50,0.37254901960784315,0.7058823529411765,0.7450980392156863,0.3333333333333333,-0.2892790833826773,0.12946576455267947,0.560381210405765
SmolLM3-3B-Base,SmolLM,H3b_cka_high_vs_depth_matched,cka_high@k5,rdm_cka_high,5,early,delta_auc_all,-0.0006188444444444552,True,False,60,50,0.37254901960784315,0.7058823529411765,0.7450980392156863,0.3333333333333333,-0.0012938311111111204,0.0008523226698291343,0.791937948572904
SmolLM3-3B-Base,SmolLM,H3b_cka_high_vs_depth_matched,cka_high@k5,rdm_cka_high,5,early,delta_d_all,-0.216728901536539,True,False,60,50,0.37254901960784315,0.7058823529411765,0.7450980392156863,0.3333333333333333,-0.2892790833826773,0.12946576455267947,0.560381210405765
SmolLM3-3B-Base,SmolLM,H3b_cka_high_vs_depth_matched,cka_high@k5,rdm_cka_high,5,late,delta_primary,-0.7684440933365102,True,False,60,50,0.6666666666666666,0.39215686274509803,0.7843137254901961,0.6372549019607843,-0.6998038112966719,0.21402215198832683,-0.32071578293251657
SmolLM3-3B-Base,SmolLM,H3b_cka_high_vs_depth_matched,cka_high@k5,rdm_cka_high,5,late,delta_auc_all,-0.005666962962962973,True,False,60,50,0.6078431372549019,0.45098039215686275,0.9019607843137255,0.5784313725490197,-0.00594408493827162,0.003416832611314124,0.08110493162322788
SmolLM3-3B-Base,SmolLM,H3b_cka_high_vs_depth_matched,cka_high@k5,rdm_cka_high,5,late,delta_d_all,-0.7684440933365102,True,False,60,50,0.6666666666666666,0.39215686274509803,0.7843137254901961,0.6372549019607843,-0.6998038112966719,0.21402215198832683,-0.32071578293251657
SmolLM3-3B-Base,SmolLM,H3b_cka_high_vs_depth_matched,cka_high@k5,rdm_cka_high,5,middle,delta_primary,-0.8978400019458497,True,False,60,50,0.8627450980392157,0.19607843137254902,0.39215686274509803,0.8333333333333334,-0.7419961456063277,0.15833894544300506,-0.9842421010415208
SmolLM3-3B-Base,SmolLM,H3b_cka_high_vs_depth_matched,cka_high@k5,rdm_cka_high,5,middle,delta_auc_all,-0.00415111111111113,True,False,60,50,0.7450980392156863,0.3137254901960784,0.6274509803921569,0.7156862745098039,-0.0035972167901234583,0.0011185541214178256,-0.49518776998075115
SmolLM3-3B-Base,SmolLM,H3b_cka_high_vs_depth_matched,cka_high@k5,rdm_cka_high,5,middle,delta_d_all,-0.8978400019458497,True,False,60,50,0.8627450980392157,0.19607843137254902,0.39215686274509803,0.8333333333333334,-0.7419961456063277,0.15833894544300506,-0.9842421010415208
SmolLM3-3B-Base,SmolLM,H3b_cka_low_vs_depth_matched,cka_low@k5,rdm_cka_low,5,all,delta_primary,-0.07664368592698019,True,False,200,50,0.0392156862745098,1.0,0.0784313725490196,0.0196078431372549,-0.23650898181387006,0.1195549345756272,1.337170200915157
SmolLM3-3B-Base,SmolLM,H3b_cka_low_vs_depth_matched,cka_low@k5,rdm_cka_low,5,all,delta_auc_all,-0.0003200000000000068,True,False,200,50,0.0392156862745098,1.0,0.0784313725490196,0.0196078431372549,-0.001323399365079373,0.000859343790183723,1.167634393290775
SmolLM3-3B-Base,SmolLM,H3b_cka_low_vs_depth_matched,cka_low@k5,rdm_cka_low,5,all,delta_d_all,-0.07664368592698019,True,False,200,50,0.0392156862745098,1.0,0.0784313725490196,0.0196078431372549,-0.23650898181387006,0.1195549345756272,1.337170200915157
SmolLM3-3B-Base,SmolLM,H3b_cka_low_vs_depth_matched,cka_low@k5,rdm_cka_low,5,early,delta_primary,-0.05866177808382602,True,False,200,50,0.7254901960784313,0.6470588235294118,1.0,0.5392156862745098,-0.06981750526365701,0.05645031572499147,0.1976202796487137
SmolLM3-3B-Base,SmolLM,H3b_cka_low_vs_depth_matched,cka_low@k5,rdm_cka_low,5,early,delta_auc_all,-0.00013351111111111757,True,False,200,50,0.7254901960784313,0.6470588235294118,1.0,0.5392156862745098,-0.00018354488888889928,0.00014999190990126578,0.33357650963120034
SmolLM3-3B-Base,SmolLM,H3b_cka_low_vs_depth_matched,cka_low@k5,rdm_cka_low,5,early,delta_d_all,-0.05866177808382602,True,False,200,50,0.7254901960784313,0.6470588235294118,1.0,0.5392156862745098,-0.06981750526365701,0.05645031572499147,0.1976202796487137
SmolLM3-3B-Base,SmolLM,H3b_cka_low_vs_depth_matched,cka_low@k5,rdm_cka_low,5,late,delta_primary,-0.08396882855057185,True,False,200,50,0.0392156862745098,1.0,0.0784313725490196,0.0196078431372549,-0.44795747183464363,0.21707645772669734,1.6767762248190874
SmolLM3-3B-Base,SmolLM,H3b_cka_low_vs_depth_matched,cka_low@k5,rdm_cka_low,5,late,delta_auc_all,-0.0006635061728395132,True,False,200,50,0.0392156862745098,1.0,0.0784313725490196,0.0196078431372549,-0.003266603456790135,0.0022374947421846484,1.1633981679925676
SmolLM3-3B-Base,SmolLM,H3b_cka_low_vs_depth_matched,cka_low@k5,rdm_cka_low,5,late,delta_d_all,-0.08396882855057185,True,False,200,50,0.0392156862745098,1.0,0.0784313725490196,0.0196078431372549,-0.44795747183464363,0.21707645772669734,1.6767762248190874
SmolLM3-3B-Base,SmolLM,H3b_cka_low_vs_depth_matched,cka_low@k5,rdm_cka_low,5,middle,delta_primary,-0.08929844090689315,True,False,200,50,0.27450980392156865,0.9019607843137255,0.5490196078431373,0.18627450980392157,-0.21027324351555537,0.13978395758389356,0.8654412473338171
SmolLM3-3B-Base,SmolLM,H3b_cka_low_vs_depth_matched,cka_low@k5,rdm_cka_low,5,middle,delta_auc_all,-0.0001837037037037106,True,False,200,50,0.17647058823529413,1.0,0.35294117647058826,0.08823529411764706,-0.0006467002469135814,0.0004573287889612813,1.0123931717954222
SmolLM3-3B-Base,SmolLM,H3b_cka_low_vs_depth_matched,cka_low@k5,rdm_cka_low,5,middle,delta_d_all,-0.08929844090689315,True,False,200,50,0.27450980392156865,0.9019607843137255,0.5490196078431373,0.18627450980392157,-0.21027324351555537,0.13978395758389356,0.8654412473338171
SmolLM3-3B-Base,SmolLM,H3b_kvdist_low_vs_depth_matched,kvdist_low@k5,rdm_kvdist_low,5,all,delta_primary,-0.16080577993075915,True,False,200,50,0.2549019607843137,0.7647058823529411,0.5098039215686274,0.24509803921568626,-0.26519876352943156,0.12381437057572632,0.8431410918882347
SmolLM3-3B-Base,SmolLM,H3b_kvdist_low_vs_depth_matched,kvdist_low@k5,rdm_kvdist_low,5,all,delta_auc_all,-0.0009059682539682542,True,False,200,50,0.37254901960784315,0.6470588235294118,0.7450980392156863,0.3627450980392157,-0.001415731428571436,0.0008170358381297338,0.6239177656760738
SmolLM3-3B-Base,SmolLM,H3b_kvdist_low_vs_depth_matched,kvdist_low@k5,rdm_kvdist_low,5,all,delta_d_all,-0.16080577993075915,True,False,200,50,0.2549019607843137,0.7647058823529411,0.5098039215686274,0.24509803921568626,-0.26519876352943156,0.12381437057572632,0.8431410918882347
SmolLM3-3B-Base,SmolLM,H3b_kvdist_low_vs_depth_matched,kvdist_low@k5,rdm_kvdist_low,5,early,delta_primary,-0.05866177808382602,True,False,200,50,0.6666666666666666,0.5490196078431373,1.0,0.5588235294117647,-0.07337734704472004,0.06583837863270743,0.22351050050894736
SmolLM3-3B-Base,SmolLM,H3b_kvdist_low_vs_depth_matched,kvdist_low@k5,rdm_kvdist_low,5,early,delta_auc_all,-0.00013351111111111757,True,False,200,50,0.6666666666666666,0.5490196078431373,1.0,0.5588235294117647,-0.00019482666666667756,0.0001727615654838844,0.35491433169074665
SmolLM3-3B-Base,SmolLM,H3b_kvdist_low_vs_depth_matched,kvdist_low@k5,rdm_kvdist_low,5,early,delta_d_all,-0.05866177808382602,True,False,200,50,0.6666666666666666,0.5490196078431373,1.0,0.5588235294117647,-0.07337734704472004,0.06583837863270743,0.22351050050894736
SmolLM3-3B-Base,SmolLM,H3b_kvdist_low_vs_depth_matched,kvdist_low@k5,rdm_kvdist_low,5,late,delta_primary,-0.2990443616338261,True,False,200,50,0.1568627450980392,0.8627450980392157,0.3137254901960784,0.14705882352941177,-0.4853308580426414,0.21491051827086385,0.8668095815302439
SmolLM3-3B-Base,SmolLM,H3b_kvdist_low_vs_depth_matched,kvdist_low@k5,rdm_kvdist_low,5,late,delta_auc_all,-0.0023290864197530706,True,False,200,50,0.4117647058823529,0.6078431372549019,0.8235294117647058,0.4019607843137255,-0.0033979832098765543,0.0020339252082913926,0.5255339703574523
SmolLM3-3B-Base,SmolLM,H3b_kvdist_low_vs_depth_matched,kvdist_low@k5,rdm_kvdist_low,5,late,delta_d_all,-0.2990443616338261,True,False,200,50,0.1568627450980392,0.8627450980392157,0.3137254901960784,0.14705882352941177,-0.4853308580426414,0.21491051827086385,0.8668095815302439
SmolLM3-3B-Base,SmolLM,H3b_kvdist_low_vs_depth_matched,kvdist_low@k5,rdm_kvdist_low,5,middle,delta_primary,-0.13606053361317352,True,False,200,50,0.3137254901960784,0.7450980392156863,0.6274509803921569,0.28431372549019607,-0.2582015762214566,0.14457148837733516,0.8448487594558891
SmolLM3-3B-Base,SmolLM,H3b_kvdist_low_vs_depth_matched,kvdist_low@k5,rdm_kvdist_low,5,middle,delta_auc_all,-0.0003411358024691453,True,False,200,50,0.23529411764705882,0.8235294117647058,0.47058823529411764,0.20588235294117646,-0.0007900404938271614,0.0005020393678864799,0.8941623308304412
SmolLM3-3B-Base,SmolLM,H3b_kvdist_low_vs_depth_matched,kvdist_low@k5,rdm_kvdist_low,5,middle,delta_d_all,-0.13606053361317352,True,False,200,50,0.3137254901960784,0.7450980392156863,0.6274509803921569,0.28431372549019607,-0.2582015762214566,0.14457148837733516,0.8448487594558891
SmolLM3-3B-Base,SmolLM,H3b_kvdist_high_vs_depth_matched,kvdist_high@k5,rdm_kvdist_high,5,all,delta_primary,-0.8582628199346095,True,False,60,50,0.9607843137254902,0.058823529411764705,0.11764705882352941,0.9509803921568627,-0.6059659550852025,0.12892385896086864,-1.956944718246333
SmolLM3-3B-Base,SmolLM,H3b_kvdist_high_vs_depth_matched,kvdist_high@k5,rdm_kvdist_high,5,all,delta_auc_all,-0.007884761904761919,True,False,60,50,0.9607843137254902,0.058823529411764705,0.11764705882352941,0.9509803921568627,-0.0038421320634920695,0.0014797468001645122,-2.731974038274931
SmolLM3-3B-Base,SmolLM,H3b_kvdist_high_vs_depth_matched,kvdist_high@k5,rdm_kvdist_high,5,all,delta_d_all,-0.8582628199346095,True,False,60,50,0.9607843137254902,0.058823529411764705,0.11764705882352941,0.9509803921568627,-0.6059659550852025,0.12892385896086864,-1.956944718246333
SmolLM3-3B-Base,SmolLM,H3b_kvdist_high_vs_depth_matched,kvdist_high@k5,rdm_kvdist_high,5,early,delta_primary,-0.33739918527055046,True,False,60,50,0.6666666666666666,0.45098039215686275,0.9019607843137255,0.6078431372549019,-0.3014293165416624,0.10384626399509195,-0.3463761462866696
SmolLM3-3B-Base,SmolLM,H3b_kvdist_high_vs_depth_matched,kvdist_high@k5,rdm_kvdist_high,5,early,delta_auc_all,-0.0012565333333333316,True,False,60,50,0.6666666666666666,0.45098039215686275,0.9019607843137255,0.6078431372549019,-0.0012831075555555637,0.0007267773853859884,0.03656445942951102
SmolLM3-3B-Base,SmolLM,H3b_kvdist_high_vs_depth_matched,kvdist_high@k5,rdm_kvdist_high,5,early,delta_d_all,-0.33739918527055046,True,False,60,50,0.6666666666666666,0.45098039215686275,0.9019607843137255,0.6078431372549019,-0.3014293165416624,0.10384626399509195,-0.3463761462866696
SmolLM3-3B-Base,SmolLM,H3b_kvdist_high_vs_depth_matched,kvdist_high@k5,rdm_kvdist_high,5,late,delta_primary,-1.251319213016521,True,False,60,50,0.9607843137254902,0.058823529411764705,0.11764705882352941,0.9509803921568627,-0.7541098229231687,0.22161627590721147,-2.2435599012661362
SmolLM3-3B-Base,SmolLM,H3b_kvdist_high_vs_depth_matched,kvdist_high@k5,rdm_kvdist_high,5,late,delta_auc_all,-0.017123555555555572,True,False,60,50,0.9607843137254902,0.058823529411764705,0.11764705882352941,0.9509803921568627,-0.006627875555555569,0.0034582063984243323,-3.0350068187896957
SmolLM3-3B-Base,SmolLM,H3b_kvdist_high_vs_depth_matched,kvdist_high@k5,rdm_kvdist_high,5,late,delta_d_all,-1.251319213016521,True,False,60,50,0.9607843137254902,0.058823529411764705,0.11764705882352941,0.9509803921568627,-0.7541098229231687,0.22161627590721147,-2.2435599012661362
SmolLM3-3B-Base,SmolLM,H3b_kvdist_high_vs_depth_matched,kvdist_high@k5,rdm_kvdist_high,5,middle,delta_primary,-1.0439437987016529,True,False,60,50,0.9607843137254902,0.058823529411764705,0.11764705882352941,0.9509803921568627,-0.796196130073392,0.1615981063424255,-1.5331099740939103
SmolLM3-3B-Base,SmolLM,H3b_kvdist_high_vs_depth_matched,kvdist_high@k5,rdm_kvdist_high,5,middle,delta_auc_all,-0.006010666666666695,True,False,60,50,0.9019607843137255,0.11764705882352941,0.23529411764705882,0.8921568627450981,-0.0038997491358024666,0.0011937140066833943,-1.7683611979465548
SmolLM3-3B-Base,SmolLM,H3b_kvdist_high_vs_depth_matched,kvdist_high@k5,rdm_kvdist_high,5,middle,delta_d_all,-1.0439437987016529,True,False,60,50,0.9607843137254902,0.058823529411764705,0.11764705882352941,0.9509803921568627,-0.796196130073392,0.1615981063424255,-1.5331099740939103
SmolLM3-3B-Base,SmolLM,H3b_fidelity_high_vs_depth_matched,fidelity_high@k5,rdm_fidelity_high,5,all,delta_primary,-0.7739410937021539,True,True,20,20,0.6,0.45,0.9,0.575,-0.8039597592306139,0.11537589714695273,0.26018142671710387
SmolLM3-3B-Base,SmolLM,H3b_fidelity_high_vs_depth_matched,fidelity_high@k5,rdm_fidelity_high,5,all,delta_auc_all,-0.0051149841269841345,True,True,20,20,0.35,0.7,0.7,0.325,-0.006357174603174613,0.0021131025648846733,0.5878514828542046
SmolLM3-3B-Base,SmolLM,H3b_fidelity_high_vs_depth_matched,fidelity_high@k5,rdm_fidelity_high,5,all,delta_d_all,-0.7739410937021539,True,True,20,20,0.6,0.45,0.9,0.575,-0.8039597592306139,0.11537589714695273,0.26018142671710387
SmolLM3-3B-Base,SmolLM,H3b_fidelity_high_vs_depth_matched,fidelity_high@k5,rdm_fidelity_high,5,early,delta_primary,-0.5778339037772182,True,True,20,20,1.0,0.2,0.4,0.9,-0.43588280584742617,0.09932338295324156,-1.4291810619924044
SmolLM3-3B-Base,SmolLM,H3b_fidelity_high_vs_depth_matched,fidelity_high@k5,rdm_fidelity_high,5,early,delta_auc_all,-0.003775644444444448,True,True,20,20,1.0,0.2,0.4,0.9,-0.0023228800000000076,0.0009900064121293212,-1.4674293283816335
SmolLM3-3B-Base,SmolLM,H3b_fidelity_high_vs_depth_matched,fidelity_high@k5,rdm_fidelity_high,5,early,delta_d_all,-0.5778339037772182,True,True,20,20,1.0,0.2,0.4,0.9,-0.43588280584742617,0.09932338295324156,-1.4291810619924044
SmolLM3-3B-Base,SmolLM,H3b_fidelity_high_vs_depth_matched,fidelity_high@k5,rdm_fidelity_high,5,late,delta_primary,-0.7284686437751118,True,True,20,20,0.15,0.9,0.3,0.125,-0.976862003081193,0.21126030636390256,1.1757691900636353
SmolLM3-3B-Base,SmolLM,H3b_fidelity_high_vs_depth_matched,fidelity_high@k5,rdm_fidelity_high,5,late,delta_auc_all,-0.005677037037037048,True,True,20,20,0.1,0.95,0.2,0.075,-0.01086222222222224,0.004749211308023646,1.091799216519379
SmolLM3-3B-Base,SmolLM,H3b_fidelity_high_vs_depth_matched,fidelity_high@k5,rdm_fidelity_high,5,late,delta_d_all,-0.7284686437751118,True,True,20,20,0.15,0.9,0.3,0.125,-0.976862003081193,0.21126030636390256,1.1757691900636353
SmolLM3-3B-Base,SmolLM,H3b_fidelity_high_vs_depth_matched,fidelity_high@k5,rdm_fidelity_high,5,middle,delta_primary,-1.0373104213235695,True,True,20,20,0.65,0.4,0.8,0.625,-1.040031908028021,0.13527220609550136,0.020118594817105505
SmolLM3-3B-Base,SmolLM,H3b_fidelity_high_vs_depth_matched,fidelity_high@k5,rdm_fidelity_high,5,middle,delta_auc_all,-0.0060410864197530945,True,True,20,20,0.7,0.35,0.7,0.675,-0.00633467654320988,0.0018252719084679635,0.1608473357283022
SmolLM3-3B-Base,SmolLM,H3b_fidelity_high_vs_depth_matched,fidelity_high@k5,rdm_fidelity_high,5,middle,delta_d_all,-1.0373104213235695,True,True,20,20,0.65,0.4,0.8,0.625,-1.040031908028021,0.13527220609550136,0.020118594817105505
SmolLM3-3B-Base,SmolLM,H3d_cka_high_vs_uniform,cka_high@k2,random_same_ratio,2,all,delta_primary,-0.189721783367127,False,False,91,50,0.5882352941176471,0.43137254901960786,0.8627450980392157,0.5784313725490197,-0.1889311304094958,0.15921844501738144,-0.004965837705203602
SmolLM3-3B-Base,SmolLM,H3d_cka_high_vs_uniform,cka_high@k2,random_same_ratio,2,all,delta_auc_all,-0.0006269206349206469,False,False,91,50,0.5686274509803921,0.45098039215686275,0.9019607843137255,0.5588235294117647,-0.0007911441269841345,0.0007538359352894541,0.21785044248445112
SmolLM3-3B-Base,SmolLM,H3d_cka_high_vs_uniform,cka_high@k2,random_same_ratio,2,all,delta_d_all,-0.189721783367127,False,False,91,50,0.5882352941176471,0.43137254901960786,0.8627450980392157,0.5784313725490197,-0.1889311304094958,0.15921844501738144,-0.004965837705203602
SmolLM3-3B-Base,SmolLM,H3d_cka_high_vs_uniform,cka_high@k2,random_same_ratio,2,early,delta_primary,-0.01443534761932357,False,False,91,50,0.3333333333333333,0.7647058823529411,0.6666666666666666,0.28431372549019607,-0.08935658683075888,0.09239462442934052,0.8108830970867996
SmolLM3-3B-Base,SmolLM,H3d_cka_high_vs_uniform,cka_high@k2,random_same_ratio,2,early,delta_auc_all,-3.822222222222837e-05,False,False,91,50,0.3333333333333333,0.7647058823529411,0.6666666666666666,0.28431372549019607,-0.0002781831111111199,0.00036297879466002037,0.6610878994009772
SmolLM3-3B-Base,SmolLM,H3d_cka_high_vs_uniform,cka_high@k2,random_same_ratio,2,early,delta_d_all,-0.01443534761932357,False,False,91,50,0.3333333333333333,0.7647058823529411,0.6666666666666666,0.28431372549019607,-0.08935658683075888,0.09239462442934052,0.8108830970867996
SmolLM3-3B-Base,SmolLM,H3d_cka_high_vs_uniform,cka_high@k2,random_same_ratio,2,late,delta_primary,-0.288707711886522,False,False,91,50,0.5882352941176471,0.43137254901960786,0.8627450980392157,0.5784313725490197,-0.2678615355113276,0.20982100377613777,-0.09935219067694304
SmolLM3-3B-Base,SmolLM,H3d_cka_high_vs_uniform,cka_high@k2,random_same_ratio,2,late,delta_auc_all,-0.001235950617283975,False,False,91,50,0.5882352941176471,0.43137254901960786,0.8627450980392157,0.5784313725490197,-0.0014842192592592715,0.0013633707625918406,0.1820991389776649
SmolLM3-3B-Base,SmolLM,H3d_cka_high_vs_uniform,cka_high@k2,random_same_ratio,2,late,delta_d_all,-0.288707711886522,False,False,91,50,0.5882352941176471,0.43137254901960786,0.8627450980392157,0.5784313725490197,-0.2678615355113276,0.20982100377613777,-0.09935219067694304
SmolLM3-3B-Base,SmolLM,H3d_cka_high_vs_uniform,cka_high@k2,random_same_ratio,2,middle,delta_primary,-0.28549856123418027,False,False,91,50,0.7450980392156863,0.27450980392156865,0.5490196078431373,0.7352941176470589,-0.2206391070618162,0.20987945514308423,-0.309031935156047
SmolLM3-3B-Base,SmolLM,H3d_cka_high_vs_uniform,cka_high@k2,random_same_ratio,2,middle,delta_auc_all,-0.0006720000000000059,False,False,91,50,0.7254901960784313,0.29411764705882354,0.5882352941176471,0.7156862745098039,-0.0006680256790123466,0.0007220143253129818,-0.00550449049045739
SmolLM3-3B-Base,SmolLM,H3d_cka_high_vs_uniform,cka_high@k2,random_same_ratio,2,middle,delta_d_all,-0.28549856123418027,False,False,91,50,0.7450980392156863,0.27450980392156865,0.5490196078431373,0.7352941176470589,-0.2206391070618162,0.20987945514308423,-0.309031935156047
SmolLM3-3B-Base,SmolLM,H3d_cka_low_vs_uniform,cka_low@k2,random_same_ratio,2,all,delta_primary,-0.004356910731852991,False,False,91,50,0.058823529411764705,1.0,0.11764705882352941,0.029411764705882353,-0.1889311304094958,0.15921844501738144,1.1592514903502125
SmolLM3-3B-Base,SmolLM,H3d_cka_low_vs_uniform,cka_low@k2,random_same_ratio,2,all,delta_auc_all,-1.61904761904752e-05,False,False,91,50,0.058823529411764705,1.0,0.11764705882352941,0.029411764705882353,-0.0007911441269841345,0.0007538359352894541,1.0280136758087774
SmolLM3-3B-Base,SmolLM,H3d_cka_low_vs_uniform,cka_low@k2,random_same_ratio,2,all,delta_d_all,-0.004356910731852991,False,False,91,50,0.058823529411764705,1.0,0.11764705882352941,0.029411764705882353,-0.1889311304094958,0.15921844501738144,1.1592514903502125
SmolLM3-3B-Base,SmolLM,H3d_cka_low_vs_uniform,cka_low@k2,random_same_ratio,2,early,delta_primary,0.0,False,False,91,50,0.2549019607843137,1.0,0.5098039215686274,0.12745098039215685,-0.08935658683075888,0.09239462442934052,0.9671188922803079
SmolLM3-3B-Base,SmolLM,H3d_cka_low_vs_uniform,cka_low@k2,random_same_ratio,2,early,delta_auc_all,0.0,False,False,91,50,0.2549019607843137,1.0,0.5098039215686274,0.12745098039215685,-0.0002781831111111199,0.00036297879466002037,0.7663894288140901
SmolLM3-3B-Base,SmolLM,H3d_cka_low_vs_uniform,cka_low@k2,random_same_ratio,2,early,delta_d_all,0.0,False,False,91,50,0.2549019607843137,1.0,0.5098039215686274,0.12745098039215685,-0.08935658683075888,0.09239462442934052,0.9671188922803079
SmolLM3-3B-Base,SmolLM,H3d_cka_low_vs_uniform,cka_low@k2,random_same_ratio,2,late,delta_primary,-0.013554833387987082,False,False,91,50,0.058823529411764705,1.0,0.11764705882352941,0.029411764705882353,-0.2678615355113276,0.20982100377613777,1.212017374555435
SmolLM3-3B-Base,SmolLM,H3d_cka_low_vs_uniform,cka_low@k2,random_same_ratio,2,late,delta_auc_all,-5.037037037036729e-05,False,False,91,50,0.058823529411764705,1.0,0.11764705882352941,0.029411764705882353,-0.0014842192592592715,0.0013633707625918406,1.0516940279422458
SmolLM3-3B-Base,SmolLM,H3d_cka_low_vs_uniform,cka_low@k2,random_same_ratio,2,late,delta_d_all,-0.013554833387987082,False,False,91,50,0.058823529411764705,1.0,0.11764705882352941,0.029411764705882353,-0.2678615355113276,0.20982100377613777,1.212017374555435
SmolLM3-3B-Base,SmolLM,H3d_cka_low_vs_uniform,cka_low@k2,random_same_ratio,2,middle,delta_primary,0.0,False,False,91,50,0.11764705882352941,1.0,0.23529411764705882,0.058823529411764705,-0.2206391070618162,0.20987945514308423,1.0512658655007305
SmolLM3-3B-Base,SmolLM,H3d_cka_low_vs_uniform,cka_low@k2,random_same_ratio,2,middle,delta_auc_all,0.0,False,False,91,50,0.11764705882352941,1.0,0.23529411764705882,0.058823529411764705,-0.0006680256790123466,0.0007220143253129818,0.925224965201027
SmolLM3-3B-Base,SmolLM,H3d_cka_low_vs_uniform,cka_low@k2,random_same_ratio,2,middle,delta_d_all,0.0,False,False,91,50,0.11764705882352941,1.0,0.23529411764705882,0.058823529411764705,-0.2206391070618162,0.20987945514308423,1.0512658655007305
SmolLM3-3B-Base,SmolLM,H3d_kvdist_low_vs_uniform,kvdist_low@k2,random_same_ratio,2,all,delta_primary,-0.02615793531922791,False,False,91,50,0.17647058823529413,0.8627450980392157,0.35294117647058826,0.1568627450980392,-0.1889311304094958,0.15921844501738144,1.0223262453825521
SmolLM3-3B-Base,SmolLM,H3d_kvdist_low_vs_uniform,kvdist_low@k2,random_same_ratio,2,all,delta_auc_all,-0.000252253968253965,False,False,91,50,0.29411764705882354,0.7450980392156863,0.5882352941176471,0.27450980392156865,-0.0007911441269841345,0.0007538359352894541,0.7148639823375483
SmolLM3-3B-Base,SmolLM,H3d_kvdist_low_vs_uniform,kvdist_low@k2,random_same_ratio,2,all,delta_d_all,-0.02615793531922791,False,False,91,50,0.17647058823529413,0.8627450980392157,0.35294117647058826,0.1568627450980392,-0.1889311304094958,0.15921844501738144,1.0223262453825521
SmolLM3-3B-Base,SmolLM,H3d_kvdist_low_vs_uniform,kvdist_low@k2,random_same_ratio,2,early,delta_primary,0.0,False,False,91,50,0.2549019607843137,1.0,0.5098039215686274,0.12745098039215685,-0.08935658683075888,0.09239462442934052,0.9671188922803079
SmolLM3-3B-Base,SmolLM,H3d_kvdist_low_vs_uniform,kvdist_low@k2,random_same_ratio,2,early,delta_auc_all,0.0,False,False,91,50,0.2549019607843137,1.0,0.5098039215686274,0.12745098039215685,-0.0002781831111111199,0.00036297879466002037,0.7663894288140901
SmolLM3-3B-Base,SmolLM,H3d_kvdist_low_vs_uniform,kvdist_low@k2,random_same_ratio,2,early,delta_d_all,0.0,False,False,91,50,0.2549019607843137,1.0,0.5098039215686274,0.12745098039215685,-0.08935658683075888,0.09239462442934052,0.9671188922803079
SmolLM3-3B-Base,SmolLM,H3d_kvdist_low_vs_uniform,kvdist_low@k2,random_same_ratio,2,late,delta_primary,-0.08138024321537572,False,False,91,50,0.3333333333333333,0.7058823529411765,0.6666666666666666,0.3137254901960784,-0.2678615355113276,0.20982100377613777,0.8887637030605023
SmolLM3-3B-Base,SmolLM,H3d_kvdist_low_vs_uniform,kvdist_low@k2,random_same_ratio,2,late,delta_auc_all,-0.00078479012345678,False,False,91,50,0.47058823529411764,0.5686274509803921,0.9411764705882353,0.45098039215686275,-0.0014842192592592715,0.0013633707625918406,0.5130146215493424
SmolLM3-3B-Base,SmolLM,H3d_kvdist_low_vs_uniform,kvdist_low@k2,random_same_ratio,2,late,delta_d_all,-0.08138024321537572,False,False,91,50,0.3333333333333333,0.7058823529411765,0.6666666666666666,0.3137254901960784,-0.2678615355113276,0.20982100377613777,0.8887637030605023
SmolLM3-3B-Base,SmolLM,H3d_kvdist_low_vs_uniform,kvdist_low@k2,random_same_ratio,2,middle,delta_primary,0.0,False,False,91,50,0.11764705882352941,1.0,0.23529411764705882,0.058823529411764705,-0.2206391070618162,0.20987945514308423,1.0512658655007305
SmolLM3-3B-Base,SmolLM,H3d_kvdist_low_vs_uniform,kvdist_low@k2,random_same_ratio,2,middle,delta_auc_all,0.0,False,False,91,50,0.11764705882352941,1.0,0.23529411764705882,0.058823529411764705,-0.0006680256790123466,0.0007220143253129818,0.925224965201027
SmolLM3-3B-Base,SmolLM,H3d_kvdist_low_vs_uniform,kvdist_low@k2,random_same_ratio,2,middle,delta_d_all,0.0,False,False,91,50,0.11764705882352941,1.0,0.23529411764705882,0.058823529411764705,-0.2206391070618162,0.20987945514308423,1.0512658655007305
SmolLM3-3B-Base,SmolLM,H3d_kvdist_high_vs_uniform,kvdist_high@k2,random_same_ratio,2,all,delta_primary,-0.39332105691400543,False,False,91,50,0.8823529411764706,0.13725490196078433,0.27450980392156865,0.8725490196078431,-0.1889311304094958,0.15921844501738144,-1.283707591053266
SmolLM3-3B-Base,SmolLM,H3d_kvdist_high_vs_uniform,kvdist_high@k2,random_same_ratio,2,all,delta_auc_all,-0.0021236825396825526,False,False,91,50,0.8823529411764706,0.13725490196078433,0.27450980392156865,0.8725490196078431,-0.0007911441269841345,0.0007538359352894541,-1.7676769577013556
SmolLM3-3B-Base,SmolLM,H3d_kvdist_high_vs_uniform,kvdist_high@k2,random_same_ratio,2,all,delta_d_all,-0.39332105691400543,False,False,91,50,0.8823529411764706,0.13725490196078433,0.27450980392156865,0.8725490196078431,-0.1889311304094958,0.15921844501738144,-1.283707591053266
SmolLM3-3B-Base,SmolLM,H3d_kvdist_high_vs_uniform,kvdist_high@k2,random_same_ratio,2,early,delta_primary,-0.13880934081948587,False,False,91,50,0.7450980392156863,0.27450980392156865,0.5490196078431373,0.7352941176470589,-0.08935658683075888,0.09239462442934052,-0.5352341036522785
SmolLM3-3B-Base,SmolLM,H3d_kvdist_high_vs_uniform,kvdist_high@k2,random_same_ratio,2,early,delta_auc_all,-0.00040231111111113107,False,False,91,50,0.7450980392156863,0.27450980392156865,0.5490196078431373,0.7352941176470589,-0.0002781831111111199,0.00036297879466002037,-0.34197039007822516
SmolLM3-3B-Base,SmolLM,H3d_kvdist_high_vs_uniform,kvdist_high@k2,random_same_ratio,2,early,delta_d_all,-0.13880934081948587,False,False,91,50,0.7450980392156863,0.27450980392156865,0.5490196078431373,0.7352941176470589,-0.08935658683075888,0.09239462442934052,-0.5352341036522785
SmolLM3-3B-Base,SmolLM,H3d_kvdist_high_vs_uniform,kvdist_high@k2,random_same_ratio,2,late,delta_primary,-0.6186131357182568,False,False,91,50,0.9411764705882353,0.0784313725490196,0.1568627450980392,0.9313725490196079,-0.2678615355113276,0.20982100377613777,-1.671670585377397
SmolLM3-3B-Base,SmolLM,H3d_kvdist_high_vs_uniform,kvdist_high@k2,random_same_ratio,2,late,delta_auc_all,-0.004542419753086434,False,False,91,50,0.9411764705882353,0.0784313725490196,0.1568627450980392,0.9313725490196079,-0.0014842192592592715,0.0013633707625918406,-2.243117263284538
SmolLM3-3B-Base,SmolLM,H3d_kvdist_high_vs_uniform,kvdist_high@k2,random_same_ratio,2,late,delta_d_all,-0.6186131357182568,False,False,91,50,0.9411764705882353,0.0784313725490196,0.1568627450980392,0.9313725490196079,-0.2678615355113276,0.20982100377613777,-1.671670585377397
SmolLM3-3B-Base,SmolLM,H3d_kvdist_high_vs_uniform,kvdist_high@k2,random_same_ratio,2,middle,delta_primary,-0.4508197737703312,False,False,91,50,0.8235294117647058,0.19607843137254902,0.39215686274509803,0.8137254901960784,-0.2206391070618162,0.20987945514308423,-1.096727960112106
SmolLM3-3B-Base,SmolLM,H3d_kvdist_high_vs_uniform,kvdist_high@k2,random_same_ratio,2,middle,delta_auc_all,-0.0016175802469135833,False,False,91,50,0.8235294117647058,0.19607843137254902,0.39215686274509803,0.8137254901960784,-0.0006680256790123466,0.0007220143253129818,-1.315146437696537
SmolLM3-3B-Base,SmolLM,H3d_kvdist_high_vs_uniform,kvdist_high@k2,random_same_ratio,2,middle,delta_d_all,-0.4508197737703312,False,False,91,50,0.8235294117647058,0.19607843137254902,0.39215686274509803,0.8137254901960784,-0.2206391070618162,0.20987945514308423,-1.096727960112106
SmolLM3-3B-Base,SmolLM,H3d_fidelity_high_vs_uniform,fidelity_high@k2,random_same_ratio,2,all,delta_primary,-0.12163346987862662,False,False,91,50,0.49019607843137253,0.5490196078431373,0.9803921568627451,0.47058823529411764,-0.1889311304094958,0.15921844501738144,0.4226750269010759
SmolLM3-3B-Base,SmolLM,H3d_fidelity_high_vs_uniform,fidelity_high@k2,random_same_ratio,2,all,delta_auc_all,-0.0005017777777777756,False,False,91,50,0.5098039215686274,0.5294117647058824,1.0,0.49019607843137253,-0.0007911441269841345,0.0007538359352894541,0.3838585236656959
SmolLM3-3B-Base,SmolLM,H3d_fidelity_high_vs_uniform,fidelity_high@k2,random_same_ratio,2,all,delta_d_all,-0.12163346987862662,False,False,91,50,0.49019607843137253,0.5490196078431373,0.9803921568627451,0.47058823529411764,-0.1889311304094958,0.15921844501738144,0.4226750269010759
SmolLM3-3B-Base,SmolLM,H3d_fidelity_high_vs_uniform,fidelity_high@k2,random_same_ratio,2,early,delta_primary,-0.10290822363618908,False,False,91,50,0.6078431372549019,0.43137254901960786,0.8627450980392157,0.5882352941176471,-0.08935658683075888,0.09239462442934052,-0.14667126890909024
SmolLM3-3B-Base,SmolLM,H3d_fidelity_high_vs_uniform,fidelity_high@k2,random_same_ratio,2,early,delta_auc_all,-0.00034631111111111946,False,False,91,50,0.6078431372549019,0.43137254901960786,0.8627450980392157,0.5882352941176471,-0.0002781831111111199,0.00036297879466002037,-0.18769140512412247
SmolLM3-3B-Base,SmolLM,H3d_fidelity_high_vs_uniform,fidelity_high@k2,random_same_ratio,2,early,delta_d_all,-0.10290822363618908,False,False,91,50,0.6078431372549019,0.43137254901960786,0.8627450980392157,0.5882352941176471,-0.08935658683075888,0.09239462442934052,-0.14667126890909024
SmolLM3-3B-Base,SmolLM,H3d_fidelity_high_vs_uniform,fidelity_high@k2,random_same_ratio,2,late,delta_primary,-0.09356639542801728,False,False,91,50,0.35294117647058826,0.6862745098039216,0.7058823529411765,0.3333333333333333,-0.2678615355113276,0.20982100377613777,0.8306849025909211
SmolLM3-3B-Base,SmolLM,H3d_fidelity_high_vs_uniform,fidelity_high@k2,random_same_ratio,2,late,delta_auc_all,-0.0006812839506172841,False,False,91,50,0.39215686274509803,0.6470588235294118,0.7843137254901961,0.37254901960784315,-0.0014842192592592715,0.0013633707625918406,0.588933935414285
SmolLM3-3B-Base,SmolLM,H3d_fidelity_high_vs_uniform,fidelity_high@k2,random_same_ratio,2,late,delta_d_all,-0.09356639542801728,False,False,91,50,0.35294117647058826,0.6862745098039216,0.7058823529411765,0.3333333333333333,-0.2678615355113276,0.20982100377613777,0.8306849025909211
SmolLM3-3B-Base,SmolLM,H3d_fidelity_high_vs_uniform,fidelity_high@k2,random_same_ratio,2,middle,delta_primary,-0.1705063734874999,False,False,91,50,0.5098039215686274,0.5294117647058824,1.0,0.49019607843137253,-0.2206391070618162,0.20987945514308423,0.23886441643436976
SmolLM3-3B-Base,SmolLM,H3d_fidelity_high_vs_uniform,fidelity_high@k2,random_same_ratio,2,middle,delta_auc_all,-0.0004950123456789961,False,False,91,50,0.7058823529411765,0.3333333333333333,0.6666666666666666,0.6862745098039216,-0.0006680256790123466,0.0007220143253129818,0.23962590113201968
SmolLM3-3B-Base,SmolLM,H3d_fidelity_high_vs_uniform,fidelity_high@k2,random_same_ratio,2,middle,delta_d_all,-0.1705063734874999,False,False,91,50,0.5098039215686274,0.5294117647058824,1.0,0.49019607843137253,-0.2206391070618162,0.20987945514308423,0.23886441643436976
SmolLM3-3B-Base,SmolLM,H3d_cka_high_vs_uniform,cka_high@k5,random_same_ratio,5,all,delta_primary,-0.6129944954609511,True,False,2002,50,0.8431372549019608,0.17647058823529413,0.35294117647058826,0.8333333333333334,-0.37678922122467157,0.20790114796358705,-1.1361422317766605
SmolLM3-3B-Base,SmolLM,H3d_cka_high_vs_uniform,cka_high@k5,random_same_ratio,5,all,delta_auc_all,-0.0033768253968254097,True,False,2002,50,0.7843137254901961,0.23529411764705882,0.47058823529411764,0.7745098039215687,-0.0023448082539682617,0.001713811038377427,-0.602176739294563
SmolLM3-3B-Base,SmolLM,H3d_cka_high_vs_uniform,cka_high@k5,random_same_ratio,5,all,delta_d_all,-0.6129944954609511,True,False,2002,50,0.8431372549019608,0.17647058823529413,0.35294117647058826,0.8333333333333334,-0.37678922122467157,0.20790114796358705,-1.1361422317766605
SmolLM3-3B-Base,SmolLM,H3d_cka_high_vs_uniform,cka_high@k5,random_same_ratio,5,early,delta_primary,-0.216728901536539,True,False,2002,50,0.7254901960784313,0.29411764705882354,0.5882352941176471,0.7156862745098039,-0.14760693147202855,0.1362737671141913,-0.5072287317528203
SmolLM3-3B-Base,SmolLM,H3d_cka_high_vs_uniform,cka_high@k5,random_same_ratio,5,early,delta_auc_all,-0.0006188444444444552,True,False,2002,50,0.7254901960784313,0.29411764705882354,0.5882352941176471,0.7156862745098039,-0.0005663111111111197,0.0006793706754256978,-0.07732646585079322
SmolLM3-3B-Base,SmolLM,H3d_cka_high_vs_uniform,cka_high@k5,random_same_ratio,5,early,delta_d_all,-0.216728901536539,True,False,2002,50,0.7254901960784313,0.29411764705882354,0.5882352941176471,0.7156862745098039,-0.14760693147202855,0.1362737671141913,-0.5072287317528203
SmolLM3-3B-Base,SmolLM,H3d_cka_high_vs_uniform,cka_high@k5,random_same_ratio,5,late,delta_primary,-0.7684440933365102,True,False,2002,50,0.803921568627451,0.21568627450980393,0.43137254901960786,0.7941176470588235,-0.5717202687474477,0.2715877349279547,-0.7243472340208894
SmolLM3-3B-Base,SmolLM,H3d_cka_high_vs_uniform,cka_high@k5,random_same_ratio,5,late,delta_auc_all,-0.005666962962962973,True,False,2002,50,0.6666666666666666,0.35294117647058826,0.7058823529411765,0.6568627450980392,-0.004797078518518533,0.003464339776461881,-0.2510967458662064
SmolLM3-3B-Base,SmolLM,H3d_cka_high_vs_uniform,cka_high@k5,random_same_ratio,5,late,delta_d_all,-0.7684440933365102,True,False,2002,50,0.803921568627451,0.21568627450980393,0.43137254901960786,0.7941176470588235,-0.5717202687474477,0.2715877349279547,-0.7243472340208894
SmolLM3-3B-Base,SmolLM,H3d_cka_high_vs_uniform,cka_high@k5,random_same_ratio,5,middle,delta_primary,-0.8978400019458497,True,False,2002,50,0.9215686274509803,0.09803921568627451,0.19607843137254902,0.9117647058823529,-0.43650516231594333,0.28001681347922985,-1.647525496407828
SmolLM3-3B-Base,SmolLM,H3d_cka_high_vs_uniform,cka_high@k5,random_same_ratio,5,middle,delta_auc_all,-0.00415111111111113,True,False,2002,50,0.9215686274509803,0.09803921568627451,0.19607843137254902,0.9117647058823529,-0.0018686459259259246,0.0015467984170247494,-1.475606103590087
SmolLM3-3B-Base,SmolLM,H3d_cka_high_vs_uniform,cka_high@k5,random_same_ratio,5,middle,delta_d_all,-0.8978400019458497,True,False,2002,50,0.9215686274509803,0.09803921568627451,0.19607843137254902,0.9117647058823529,-0.43650516231594333,0.28001681347922985,-1.647525496407828
SmolLM3-3B-Base,SmolLM,H3d_cka_low_vs_uniform,cka_low@k5,random_same_ratio,5,all,delta_primary,-0.07664368592698019,True,False,2002,50,0.0196078431372549,1.0,0.0392156862745098,0.00980392156862745,-0.37678922122467157,0.20790114796358705,1.4436934968260038
SmolLM3-3B-Base,SmolLM,H3d_cka_low_vs_uniform,cka_low@k5,random_same_ratio,5,all,delta_auc_all,-0.0003200000000000068,True,False,2002,50,0.0196078431372549,1.0,0.0392156862745098,0.00980392156862745,-0.0023448082539682617,0.001713811038377427,1.1814652891285309
SmolLM3-3B-Base,SmolLM,H3d_cka_low_vs_uniform,cka_low@k5,random_same_ratio,5,all,delta_d_all,-0.07664368592698019,True,False,2002,50,0.0196078431372549,1.0,0.0392156862745098,0.00980392156862745,-0.37678922122467157,0.20790114796358705,1.4436934968260038
SmolLM3-3B-Base,SmolLM,H3d_cka_low_vs_uniform,cka_low@k5,random_same_ratio,5,early,delta_primary,-0.05866177808382602,True,False,2002,50,0.43137254901960786,0.6274509803921569,0.8627450980392157,0.4019607843137255,-0.14760693147202855,0.1362737671141913,0.6526946107952711
SmolLM3-3B-Base,SmolLM,H3d_cka_low_vs_uniform,cka_low@k5,random_same_ratio,5,early,delta_auc_all,-0.00013351111111111757,True,False,2002,50,0.43137254901960786,0.6274509803921569,0.8627450980392157,0.4019607843137255,-0.0005663111111111197,0.0006793706754256978,0.6370601729737702
SmolLM3-3B-Base,SmolLM,H3d_cka_low_vs_uniform,cka_low@k5,random_same_ratio,5,early,delta_d_all,-0.05866177808382602,True,False,2002,50,0.43137254901960786,0.6274509803921569,0.8627450980392157,0.4019607843137255,-0.14760693147202855,0.1362737671141913,0.6526946107952711
SmolLM3-3B-Base,SmolLM,H3d_cka_low_vs_uniform,cka_low@k5,random_same_ratio,5,late,delta_primary,-0.08396882855057185,True,False,2002,50,0.0196078431372549,1.0,0.0392156862745098,0.00980392156862745,-0.5717202687474477,0.2715877349279547,1.7959258739216037
SmolLM3-3B-Base,SmolLM,H3d_cka_low_vs_uniform,cka_low@k5,random_same_ratio,5,late,delta_auc_all,-0.0006635061728395132,True,False,2002,50,0.0196078431372549,1.0,0.0392156862745098,0.00980392156862745,-0.004797078518518533,0.003464339776461881,1.1931775207975195
SmolLM3-3B-Base,SmolLM,H3d_cka_low_vs_uniform,cka_low@k5,random_same_ratio,5,late,delta_d_all,-0.08396882855057185,True,False,2002,50,0.0196078431372549,1.0,0.0392156862745098,0.00980392156862745,-0.5717202687474477,0.2715877349279547,1.7959258739216037
SmolLM3-3B-Base,SmolLM,H3d_cka_low_vs_uniform,cka_low@k5,random_same_ratio,5,middle,delta_primary,-0.08929844090689315,True,False,2002,50,0.09803921568627451,0.9215686274509803,0.19607843137254902,0.08823529411764706,-0.43650516231594333,0.28001681347922985,1.2399495483681164
SmolLM3-3B-Base,SmolLM,H3d_cka_low_vs_uniform,cka_low@k5,random_same_ratio,5,middle,delta_auc_all,-0.0001837037037037106,True,False,2002,50,0.0392156862745098,0.9803921568627451,0.0784313725490196,0.029411764705882353,-0.0018686459259259246,0.0015467984170247494,1.0893095077399826
SmolLM3-3B-Base,SmolLM,H3d_cka_low_vs_uniform,cka_low@k5,random_same_ratio,5,middle,delta_d_all,-0.08929844090689315,True,False,2002,50,0.09803921568627451,0.9215686274509803,0.19607843137254902,0.08823529411764706,-0.43650516231594333,0.28001681347922985,1.2399495483681164
SmolLM3-3B-Base,SmolLM,H3d_kvdist_low_vs_uniform,kvdist_low@k5,random_same_ratio,5,all,delta_primary,-0.16080577993075915,True,False,2002,50,0.17647058823529413,0.8431372549019608,0.35294117647058826,0.16666666666666666,-0.37678922122467157,0.20790114796358705,1.0388756551346265
SmolLM3-3B-Base,SmolLM,H3d_kvdist_low_vs_uniform,kvdist_low@k5,random_same_ratio,5,all,delta_auc_all,-0.0009059682539682542,True,False,2002,50,0.21568627450980393,0.803921568627451,0.43137254901960786,0.20588235294117646,-0.0023448082539682617,0.001713811038377427,0.8395558015323836
SmolLM3-3B-Base,SmolLM,H3d_kvdist_low_vs_uniform,kvdist_low@k5,random_same_ratio,5,all,delta_d_all,-0.16080577993075915,True,False,2002,50,0.17647058823529413,0.8431372549019608,0.35294117647058826,0.16666666666666666,-0.37678922122467157,0.20790114796358705,1.0388756551346265
SmolLM3-3B-Base,SmolLM,H3d_kvdist_low_vs_uniform,kvdist_low@k5,random_same_ratio,5,early,delta_primary,-0.05866177808382602,True,False,2002,50,0.43137254901960786,0.6274509803921569,0.8627450980392157,0.4019607843137255,-0.14760693147202855,0.1362737671141913,0.6526946107952711
SmolLM3-3B-Base,SmolLM,H3d_kvdist_low_vs_uniform,kvdist_low@k5,random_same_ratio,5,early,delta_auc_all,-0.00013351111111111757,True,False,2002,50,0.43137254901960786,0.6274509803921569,0.8627450980392157,0.4019607843137255,-0.0005663111111111197,0.0006793706754256978,0.6370601729737702
SmolLM3-3B-Base,SmolLM,H3d_kvdist_low_vs_uniform,kvdist_low@k5,random_same_ratio,5,early,delta_d_all,-0.05866177808382602,True,False,2002,50,0.43137254901960786,0.6274509803921569,0.8627450980392157,0.4019607843137255,-0.14760693147202855,0.1362737671141913,0.6526946107952711
SmolLM3-3B-Base,SmolLM,H3d_kvdist_low_vs_uniform,kvdist_low@k5,random_same_ratio,5,late,delta_primary,-0.2990443616338261,True,False,2002,50,0.21568627450980393,0.803921568627451,0.43137254901960786,0.20588235294117646,-0.5717202687474477,0.2715877349279547,1.0040067059212214
SmolLM3-3B-Base,SmolLM,H3d_kvdist_low_vs_uniform,kvdist_low@k5,random_same_ratio,5,late,delta_auc_all,-0.0023290864197530706,True,False,2002,50,0.29411764705882354,0.7254901960784313,0.5882352941176471,0.28431372549019607,-0.004797078518518533,0.003464339776461881,0.7123989729685276
SmolLM3-3B-Base,SmolLM,H3d_kvdist_low_vs_uniform,kvdist_low@k5,random_same_ratio,5,late,delta_d_all,-0.2990443616338261,True,False,2002,50,0.21568627450980393,0.803921568627451,0.43137254901960786,0.20588235294117646,-0.5717202687474477,0.2715877349279547,1.0040067059212214
SmolLM3-3B-Base,SmolLM,H3d_kvdist_low_vs_uniform,kvdist_low@k5,random_same_ratio,5,middle,delta_primary,-0.13606053361317352,True,False,2002,50,0.19607843137254902,0.8235294117647058,0.39215686274509803,0.18627450980392157,-0.43650516231594333,0.28001681347922985,1.0729521023031539
SmolLM3-3B-Base,SmolLM,H3d_kvdist_low_vs_uniform,kvdist_low@k5,random_same_ratio,5,middle,delta_auc_all,-0.0003411358024691453,True,False,2002,50,0.0784313725490196,0.9411764705882353,0.1568627450980392,0.06862745098039216,-0.0018686459259259246,0.0015467984170247494,0.9875301827596442
SmolLM3-3B-Base,SmolLM,H3d_kvdist_low_vs_uniform,kvdist_low@k5,random_same_ratio,5,middle,delta_d_all,-0.13606053361317352,True,False,2002,50,0.19607843137254902,0.8235294117647058,0.39215686274509803,0.18627450980392157,-0.43650516231594333,0.28001681347922985,1.0729521023031539
SmolLM3-3B-Base,SmolLM,H3d_kvdist_high_vs_uniform,kvdist_high@k5,random_same_ratio,5,all,delta_primary,-0.8582628199346095,True,False,2002,50,0.9803921568627451,0.0392156862745098,0.0784313725490196,0.9705882352941176,-0.37678922122467157,0.20790114796358705,-2.315877538080097
SmolLM3-3B-Base,SmolLM,H3d_kvdist_high_vs_uniform,kvdist_high@k5,random_same_ratio,5,all,delta_auc_all,-0.007884761904761919,True,False,2002,50,0.9803921568627451,0.0392156862745098,0.0784313725490196,0.9705882352941176,-0.0023448082539682617,0.001713811038377427,-3.2325346999974283
SmolLM3-3B-Base,SmolLM,H3d_kvdist_high_vs_uniform,kvdist_high@k5,random_same_ratio,5,all,delta_d_all,-0.8582628199346095,True,False,2002,50,0.9803921568627451,0.0392156862745098,0.0784313725490196,0.9705882352941176,-0.37678922122467157,0.20790114796358705,-2.315877538080097
SmolLM3-3B-Base,SmolLM,H3d_kvdist_high_vs_uniform,kvdist_high@k5,random_same_ratio,5,early,delta_primary,-0.33739918527055046,True,False,2002,50,0.8823529411764706,0.1568627450980392,0.3137254901960784,0.8627450980392157,-0.14760693147202855,0.1362737671141913,-1.3927277260889435
SmolLM3-3B-Base,SmolLM,H3d_kvdist_high_vs_uniform,kvdist_high@k5,random_same_ratio,5,early,delta_auc_all,-0.0012565333333333316,True,False,2002,50,0.8823529411764706,0.1568627450980392,0.3137254901960784,0.8627450980392157,-0.0005663111111111197,0.0006793706754256978,-1.015972939646997
SmolLM3-3B-Base,SmolLM,H3d_kvdist_high_vs_uniform,kvdist_high@k5,random_same_ratio,5,early,delta_d_all,-0.33739918527055046,True,False,2002,50,0.8823529411764706,0.1568627450980392,0.3137254901960784,0.8627450980392157,-0.14760693147202855,0.1362737671141913,-1.3927277260889435
SmolLM3-3B-Base,SmolLM,H3d_kvdist_high_vs_uniform,kvdist_high@k5,random_same_ratio,5,late,delta_primary,-1.251319213016521,True,False,2002,50,1.0,0.0196078431372549,0.0392156862745098,0.9901960784313726,-0.5717202687474477,0.2715877349279547,-2.502318245149596
SmolLM3-3B-Base,SmolLM,H3d_kvdist_high_vs_uniform,kvdist_high@k5,random_same_ratio,5,late,delta_auc_all,-0.017123555555555572,True,False,2002,50,1.0,0.0196078431372549,0.0392156862745098,0.9901960784313726,-0.004797078518518533,0.003464339776461881,-3.558102793723666
SmolLM3-3B-Base,SmolLM,H3d_kvdist_high_vs_uniform,kvdist_high@k5,random_same_ratio,5,late,delta_d_all,-1.251319213016521,True,False,2002,50,1.0,0.0196078431372549,0.0392156862745098,0.9901960784313726,-0.5717202687474477,0.2715877349279547,-2.502318245149596
SmolLM3-3B-Base,SmolLM,H3d_kvdist_high_vs_uniform,kvdist_high@k5,random_same_ratio,5,middle,delta_primary,-1.0439437987016529,True,False,2002,50,0.9803921568627451,0.0392156862745098,0.0784313725490196,0.9705882352941176,-0.43650516231594333,0.28001681347922985,-2.1692934393411565
SmolLM3-3B-Base,SmolLM,H3d_kvdist_high_vs_uniform,kvdist_high@k5,random_same_ratio,5,middle,delta_auc_all,-0.006010666666666695,True,False,2002,50,0.9803921568627451,0.0392156862745098,0.0784313725490196,0.9705882352941176,-0.0018686459259259246,0.0015467984170247494,-2.6778025469588367
SmolLM3-3B-Base,SmolLM,H3d_kvdist_high_vs_uniform,kvdist_high@k5,random_same_ratio,5,middle,delta_d_all,-1.0439437987016529,True,False,2002,50,0.9803921568627451,0.0392156862745098,0.0784313725490196,0.9705882352941176,-0.43650516231594333,0.28001681347922985,-2.1692934393411565
SmolLM3-3B-Base,SmolLM,H3d_fidelity_high_vs_uniform,fidelity_high@k5,random_same_ratio,5,all,delta_primary,-0.7739410937021539,True,False,2002,50,0.9411764705882353,0.0784313725490196,0.1568627450980392,0.9313725490196079,-0.37678922122467157,0.20790114796358705,-1.9102918688406747
SmolLM3-3B-Base,SmolLM,H3d_fidelity_high_vs_uniform,fidelity_high@k5,random_same_ratio,5,all,delta_auc_all,-0.0051149841269841345,True,False,2002,50,0.9411764705882353,0.0784313725490196,0.1568627450980392,0.9313725490196079,-0.0023448082539682617,0.001713811038377427,-1.6163834932692305
SmolLM3-3B-Base,SmolLM,H3d_fidelity_high_vs_uniform,fidelity_high@k5,random_same_ratio,5,all,delta_d_all,-0.7739410937021539,True,False,2002,50,0.9411764705882353,0.0784313725490196,0.1568627450980392,0.9313725490196079,-0.37678922122467157,0.20790114796358705,-1.9102918688406747
SmolLM3-3B-Base,SmolLM,H3d_fidelity_high_vs_uniform,fidelity_high@k5,random_same_ratio,5,early,delta_primary,-0.5778339037772182,True,False,2002,50,1.0,0.0196078431372549,0.0392156862745098,0.9901960784313726,-0.14760693147202855,0.1362737671141913,-3.1570784415512545
SmolLM3-3B-Base,SmolLM,H3d_fidelity_high_vs_uniform,fidelity_high@k5,random_same_ratio,5,early,delta_auc_all,-0.003775644444444448,True,False,2002,50,1.0,0.0196078431372549,0.0392156862745098,0.9901960784313726,-0.0005663111111111197,0.0006793706754256978,-4.723979779260182
SmolLM3-3B-Base,SmolLM,H3d_fidelity_high_vs_uniform,fidelity_high@k5,random_same_ratio,5,early,delta_d_all,-0.5778339037772182,True,False,2002,50,1.0,0.0196078431372549,0.0392156862745098,0.9901960784313726,-0.14760693147202855,0.1362737671141913,-3.1570784415512545
SmolLM3-3B-Base,SmolLM,H3d_fidelity_high_vs_uniform,fidelity_high@k5,random_same_ratio,5,late,delta_primary,-0.7284686437751118,True,False,2002,50,0.7647058823529411,0.2549019607843137,0.5098039215686274,0.7549019607843137,-0.5717202687474477,0.2715877349279547,-0.5771555739409417
SmolLM3-3B-Base,SmolLM,H3d_fidelity_high_vs_uniform,fidelity_high@k5,random_same_ratio,5,late,delta_auc_all,-0.005677037037037048,True,False,2002,50,0.6666666666666666,0.35294117647058826,0.7058823529411765,0.6568627450980392,-0.004797078518518533,0.003464339776461881,-0.25400468063130155
SmolLM3-3B-Base,SmolLM,H3d_fidelity_high_vs_uniform,fidelity_high@k5,random_same_ratio,5,late,delta_d_all,-0.7284686437751118,True,False,2002,50,0.7647058823529411,0.2549019607843137,0.5098039215686274,0.7549019607843137,-0.5717202687474477,0.2715877349279547,-0.5771555739409417
SmolLM3-3B-Base,SmolLM,H3d_fidelity_high_vs_uniform,fidelity_high@k5,random_same_ratio,5,middle,delta_primary,-1.0373104213235695,True,False,2002,50,0.9803921568627451,0.0392156862745098,0.0784313725490196,0.9705882352941176,-0.43650516231594333,0.28001681347922985,-2.1456042283410626
SmolLM3-3B-Base,SmolLM,H3d_fidelity_high_vs_uniform,fidelity_high@k5,random_same_ratio,5,middle,delta_auc_all,-0.0060410864197530945,True,False,2002,50,0.9803921568627451,0.0392156862745098,0.0784313725490196,0.9705882352941176,-0.0018686459259259246,0.0015467984170247494,-2.69746881552466
SmolLM3-3B-Base,SmolLM,H3d_fidelity_high_vs_uniform,fidelity_high@k5,random_same_ratio,5,middle,delta_d_all,-1.0373104213235695,True,False,2002,50,0.9803921568627451,0.0392156862745098,0.0784313725490196,0.9705882352941176,-0.43650516231594333,0.28001681347922985,-2.1456042283410626
SmolLM3-3B-Base,SmolLM,H3d_cka_high_vs_uniform,cka_high@k7,random_same_ratio,7,all,delta_primary,-0.7931960694125789,False,False,3432,50,0.9215686274509803,0.09803921568627451,0.19607843137254902,0.9117647058823529,-0.521048910853759,0.19836838621561612,-1.3719280765989097
SmolLM3-3B-Base,SmolLM,H3d_cka_high_vs_uniform,cka_high@k7,random_same_ratio,7,all,delta_auc_all,-0.005485269841269842,False,False,3432,50,0.7647058823529411,0.2549019607843137,0.5098039215686274,0.7549019607843137,-0.003860636825396833,0.0021647415886581127,-0.7504974378397248
SmolLM3-3B-Base,SmolLM,H3d_cka_high_vs_uniform,cka_high@k7,random_same_ratio,7,all,delta_d_all,-0.7931960694125789,False,False,3432,50,0.9215686274509803,0.09803921568627451,0.19607843137254902,0.9117647058823529,-0.521048910853759,0.19836838621561612,-1.3719280765989097
SmolLM3-3B-Base,SmolLM,H3d_cka_high_vs_uniform,cka_high@k7,random_same_ratio,7,early,delta_primary,-0.37204109332197893,False,False,3432,50,0.8627450980392157,0.17647058823529413,0.35294117647058826,0.8431372549019608,-0.22189847499923757,0.15350633414547674,-0.9780874460883966
SmolLM3-3B-Base,SmolLM,H3d_cka_high_vs_uniform,cka_high@k7,random_same_ratio,7,early,delta_auc_all,-0.0014720000000000067,False,False,3432,50,0.7647058823529411,0.27450980392156865,0.5490196078431373,0.7450980392156863,-0.0009734968888888998,0.0009657497486758514,-0.5161824911625494
SmolLM3-3B-Base,SmolLM,H3d_cka_high_vs_uniform,cka_high@k7,random_same_ratio,7,early,delta_d_all,-0.37204109332197893,False,False,3432,50,0.8627450980392157,0.17647058823529413,0.35294117647058826,0.8431372549019608,-0.22189847499923757,0.15350633414547674,-0.9780874460883966
SmolLM3-3B-Base,SmolLM,H3d_cka_high_vs_uniform,cka_high@k7,random_same_ratio,7,late,delta_primary,-1.0130192557388211,False,False,3432,50,0.8235294117647058,0.19607843137254902,0.39215686274509803,0.8137254901960784,-0.7876229845452035,0.2728189650484571,-0.8261752299866088
SmolLM3-3B-Base,SmolLM,H3d_cka_high_vs_uniform,cka_high@k7,random_same_ratio,7,late,delta_auc_all,-0.00986765432098766,False,False,3432,50,0.7058823529411765,0.3137254901960784,0.6274509803921569,0.696078431372549,-0.008093900246913595,0.004876896020173529,-0.3637055345729827
SmolLM3-3B-Base,SmolLM,H3d_cka_high_vs_uniform,cka_high@k7,random_same_ratio,7,late,delta_d_all,-1.0130192557388211,False,False,3432,50,0.8235294117647058,0.19607843137254902,0.39215686274509803,0.8137254901960784,-0.7876229845452035,0.2728189650484571,-0.8261752299866088
SmolLM3-3B-Base,SmolLM,H3d_cka_high_vs_uniform,cka_high@k7,random_same_ratio,7,middle,delta_primary,-1.0413228565203363,False,False,3432,50,0.9607843137254902,0.058823529411764705,0.11764705882352941,0.9509803921568627,-0.5868642103340052,0.262928202064806,-1.728451503556538
SmolLM3-3B-Base,SmolLM,H3d_cka_high_vs_uniform,cka_high@k7,random_same_ratio,7,middle,delta_auc_all,-0.005562074074074065,False,False,3432,50,0.9215686274509803,0.09803921568627451,0.19607843137254902,0.9117647058823529,-0.0028353066666666634,0.0018134106809487868,-1.5036678872878046
SmolLM3-3B-Base,SmolLM,H3d_cka_high_vs_uniform,cka_high@k7,random_same_ratio,7,middle,delta_d_all,-1.0413228565203363,False,False,3432,50,0.9607843137254902,0.058823529411764705,0.11764705882352941,0.9509803921568627,-0.5868642103340052,0.262928202064806,-1.728451503556538
SmolLM3-3B-Base,SmolLM,H3d_cka_low_vs_uniform,cka_low@k7,random_same_ratio,7,all,delta_primary,-0.2664272880965404,False,False,3432,50,0.11764705882352941,0.9019607843137255,0.23529411764705882,0.10784313725490197,-0.521048910853759,0.19836838621561612,1.2835796449967494
SmolLM3-3B-Base,SmolLM,H3d_cka_low_vs_uniform,cka_low@k7,random_same_ratio,7,all,delta_auc_all,-0.0017184761904761908,False,False,3432,50,0.13725490196078433,0.8823529411764706,0.27450980392156865,0.12745098039215685,-0.003860636825396833,0.0021647415886581127,0.9895687532148039
SmolLM3-3B-Base,SmolLM,H3d_cka_low_vs_uniform,cka_low@k7,random_same_ratio,7,all,delta_d_all,-0.2664272880965404,False,False,3432,50,0.11764705882352941,0.9019607843137255,0.23529411764705882,0.10784313725490197,-0.521048910853759,0.19836838621561612,1.2835796449967494
SmolLM3-3B-Base,SmolLM,H3d_cka_low_vs_uniform,cka_low@k7,random_same_ratio,7,early,delta_primary,-0.05866177808382602,False,False,3432,50,0.21568627450980393,0.803921568627451,0.43137254901960786,0.20588235294117646,-0.22189847499923757,0.15350633414547674,1.063387369805297
SmolLM3-3B-Base,SmolLM,H3d_cka_low_vs_uniform,cka_low@k7,random_same_ratio,7,early,delta_auc_all,-0.00013351111111111757,False,False,3432,50,0.21568627450980393,0.803921568627451,0.43137254901960786,0.20588235294117646,-0.0009734968888888998,0.0009657497486758514,0.8697758181449124
SmolLM3-3B-Base,SmolLM,H3d_cka_low_vs_uniform,cka_low@k7,random_same_ratio,7,early,delta_d_all,-0.05866177808382602,False,False,3432,50,0.21568627450980393,0.803921568627451,0.43137254901960786,0.20588235294117646,-0.22189847499923757,0.15350633414547674,1.063387369805297
SmolLM3-3B-Base,SmolLM,H3d_cka_low_vs_uniform,cka_low@k7,random_same_ratio,7,late,delta_primary,-0.5803627009315552,False,False,3432,50,0.2549019607843137,0.7647058823529411,0.5098039215686274,0.24509803921568626,-0.7876229845452035,0.2728189650484571,0.7596989585267122
SmolLM3-3B-Base,SmolLM,H3d_cka_low_vs_uniform,cka_low@k7,random_same_ratio,7,late,delta_auc_all,-0.004428641975308654,False,False,3432,50,0.23529411764705882,0.7843137254901961,0.47058823529411764,0.22549019607843138,-0.008093900246913595,0.004876896020173529,0.7515555501785179
SmolLM3-3B-Base,SmolLM,H3d_cka_low_vs_uniform,cka_low@k7,random_same_ratio,7,late,delta_d_all,-0.5803627009315552,False,False,3432,50,0.2549019607843137,0.7647058823529411,0.5098039215686274,0.24509803921568626,-0.7876229845452035,0.2728189650484571,0.7596989585267122
SmolLM3-3B-Base,SmolLM,H3d_cka_low_vs_uniform,cka_low@k7,random_same_ratio,7,middle,delta_primary,-0.18334244194231936,False,False,3432,50,0.0784313725490196,0.9411764705882353,0.1568627450980392,0.06862745098039216,-0.5868642103340052,0.262928202064806,1.5347222748369405
SmolLM3-3B-Base,SmolLM,H3d_cka_low_vs_uniform,cka_low@k7,random_same_ratio,7,middle,delta_auc_all,-0.0007693827160493654,False,False,3432,50,0.0196078431372549,1.0,0.0392156862745098,0.00980392156862745,-0.0028353066666666634,0.0018134106809487868,1.1392477017596447
SmolLM3-3B-Base,SmolLM,H3d_cka_low_vs_uniform,cka_low@k7,random_same_ratio,7,middle,delta_d_all,-0.18334244194231936,False,False,3432,50,0.0784313725490196,0.9411764705882353,0.1568627450980392,0.06862745098039216,-0.5868642103340052,0.262928202064806,1.5347222748369405
SmolLM3-3B-Base,SmolLM,H3d_kvdist_low_vs_uniform,kvdist_low@k7,random_same_ratio,7,all,delta_primary,-0.2317389666279386,False,False,3432,50,0.09803921568627451,0.9215686274509803,0.19607843137254902,0.08823529411764706,-0.521048910853759,0.19836838621561612,1.458447839119665
SmolLM3-3B-Base,SmolLM,H3d_kvdist_low_vs_uniform,kvdist_low@k7,random_same_ratio,7,all,delta_auc_all,-0.0013967619047619126,False,False,3432,50,0.09803921568627451,0.9215686274509803,0.19607843137254902,0.08823529411764706,-0.003860636825396833,0.0021647415886581127,1.1381843142590684
SmolLM3-3B-Base,SmolLM,H3d_kvdist_low_vs_uniform,kvdist_low@k7,random_same_ratio,7,all,delta_d_all,-0.2317389666279386,False,False,3432,50,0.09803921568627451,0.9215686274509803,0.19607843137254902,0.08823529411764706,-0.521048910853759,0.19836838621561612,1.458447839119665
SmolLM3-3B-Base,SmolLM,H3d_kvdist_low_vs_uniform,kvdist_low@k7,random_same_ratio,7,early,delta_primary,-0.10290822363618908,False,False,3432,50,0.2549019607843137,0.803921568627451,0.5098039215686274,0.22549019607843138,-0.22189847499923757,0.15350633414547674,0.7751488042850555
SmolLM3-3B-Base,SmolLM,H3d_kvdist_low_vs_uniform,kvdist_low@k7,random_same_ratio,7,early,delta_auc_all,-0.00034631111111111946,False,False,3432,50,0.2549019607843137,0.803921568627451,0.5098039215686274,0.22549019607843138,-0.0009734968888888998,0.0009657497486758514,0.6494288801397263
SmolLM3-3B-Base,SmolLM,H3d_kvdist_low_vs_uniform,kvdist_low@k7,random_same_ratio,7,early,delta_d_all,-0.10290822363618908,False,False,3432,50,0.2549019607843137,0.803921568627451,0.5098039215686274,0.22549019607843138,-0.22189847499923757,0.15350633414547674,0.7751488042850555
SmolLM3-3B-Base,SmolLM,H3d_kvdist_low_vs_uniform,kvdist_low@k7,random_same_ratio,7,late,delta_primary,-0.3828851103782942,False,False,3432,50,0.058823529411764705,0.9607843137254902,0.11764705882352941,0.049019607843137254,-0.7876229845452035,0.2728189650484571,1.4835400980830686
SmolLM3-3B-Base,SmolLM,H3d_kvdist_low_vs_uniform,kvdist_low@k7,random_same_ratio,7,late,delta_auc_all,-0.003343604938271621,False,False,3432,50,0.17647058823529413,0.8431372549019608,0.35294117647058826,0.16666666666666666,-0.008093900246913595,0.004876896020173529,0.9740407195462308
SmolLM3-3B-Base,SmolLM,H3d_kvdist_low_vs_uniform,kvdist_low@k7,random_same_ratio,7,late,delta_d_all,-0.3828851103782942,False,False,3432,50,0.058823529411764705,0.9607843137254902,0.11764705882352941,0.049019607843137254,-0.7876229845452035,0.2728189650484571,1.4835400980830686
SmolLM3-3B-Base,SmolLM,H3d_kvdist_low_vs_uniform,kvdist_low@k7,random_same_ratio,7,middle,delta_primary,-0.22373809286841576,False,False,3432,50,0.0784313725490196,0.9411764705882353,0.1568627450980392,0.06862745098039216,-0.5868642103340052,0.262928202064806,1.3810847015037468
SmolLM3-3B-Base,SmolLM,H3d_kvdist_low_vs_uniform,kvdist_low@k7,random_same_ratio,7,middle,delta_auc_all,-0.0006170864197530854,False,False,3432,50,0.0196078431372549,1.0,0.0392156862745098,0.00980392156862745,-0.0028353066666666634,0.0018134106809487868,1.2232310475600554
SmolLM3-3B-Base,SmolLM,H3d_kvdist_low_vs_uniform,kvdist_low@k7,random_same_ratio,7,middle,delta_d_all,-0.22373809286841576,False,False,3432,50,0.0784313725490196,0.9411764705882353,0.1568627450980392,0.06862745098039216,-0.5868642103340052,0.262928202064806,1.3810847015037468
SmolLM3-3B-Base,SmolLM,H3d_kvdist_high_vs_uniform,kvdist_high@k7,random_same_ratio,7,all,delta_primary,-0.8158807320764165,False,False,3432,50,0.9215686274509803,0.09803921568627451,0.19607843137254902,0.9117647058823529,-0.521048910853759,0.19836838621561612,-1.4862843160007897
SmolLM3-3B-Base,SmolLM,H3d_kvdist_high_vs_uniform,kvdist_high@k7,random_same_ratio,7,all,delta_auc_all,-0.0070311111111111225,False,False,3432,50,0.9019607843137255,0.11764705882352941,0.23529411764705882,0.8921568627450981,-0.003860636825396833,0.0021647415886581127,-1.464597115113224
SmolLM3-3B-Base,SmolLM,H3d_kvdist_high_vs_uniform,kvdist_high@k7,random_same_ratio,7,all,delta_d_all,-0.8158807320764165,False,False,3432,50,0.9215686274509803,0.09803921568627451,0.19607843137254902,0.9117647058823529,-0.521048910853759,0.19836838621561612,-1.4862843160007897
SmolLM3-3B-Base,SmolLM,H3d_kvdist_high_vs_uniform,kvdist_high@k7,random_same_ratio,7,early,delta_primary,-0.33739918527055046,False,False,3432,50,0.7254901960784313,0.3137254901960784,0.6274509803921569,0.7058823529411765,-0.22189847499923757,0.15350633414547674,-0.7524165756043252
SmolLM3-3B-Base,SmolLM,H3d_kvdist_high_vs_uniform,kvdist_high@k7,random_same_ratio,7,early,delta_auc_all,-0.0012565333333333316,False,False,3432,50,0.7254901960784313,0.3137254901960784,0.6274509803921569,0.7058823529411765,-0.0009734968888888998,0.0009657497486758514,-0.29307431333273015
SmolLM3-3B-Base,SmolLM,H3d_kvdist_high_vs_uniform,kvdist_high@k7,random_same_ratio,7,early,delta_d_all,-0.33739918527055046,False,False,3432,50,0.7254901960784313,0.3137254901960784,0.6274509803921569,0.7058823529411765,-0.22189847499923757,0.15350633414547674,-0.7524165756043252
SmolLM3-3B-Base,SmolLM,H3d_kvdist_high_vs_uniform,kvdist_high@k7,random_same_ratio,7,late,delta_primary,-1.1501118892240916,False,False,3432,50,0.8823529411764706,0.13725490196078433,0.27450980392156865,0.8725490196078431,-0.7876229845452035,0.2728189650484571,-1.3286792749708736
SmolLM3-3B-Base,SmolLM,H3d_kvdist_high_vs_uniform,kvdist_high@k7,random_same_ratio,7,late,delta_auc_all,-0.015033283950617303,False,False,3432,50,0.8823529411764706,0.13725490196078433,0.27450980392156865,0.8725490196078431,-0.008093900246913595,0.004876896020173529,-1.42290991544593
SmolLM3-3B-Base,SmolLM,H3d_kvdist_high_vs_uniform,kvdist_high@k7,random_same_ratio,7,late,delta_d_all,-1.1501118892240916,False,False,3432,50,0.8823529411764706,0.13725490196078433,0.27450980392156865,0.8725490196078431,-0.7876229845452035,0.2728189650484571,-1.3286792749708736
SmolLM3-3B-Base,SmolLM,H3d_kvdist_high_vs_uniform,kvdist_high@k7,random_same_ratio,7,middle,delta_primary,-1.0132957380463705,False,False,3432,50,0.9607843137254902,0.058823529411764705,0.11764705882352941,0.9509803921568627,-0.5868642103340052,0.262928202064806,-1.6218554128600453
SmolLM3-3B-Base,SmolLM,H3d_kvdist_high_vs_uniform,kvdist_high@k7,random_same_ratio,7,middle,delta_auc_all,-0.005445135802469155,False,False,3432,50,0.9215686274509803,0.09803921568627451,0.19607843137254902,0.9117647058823529,-0.0028353066666666634,0.0018134106809487868,-1.4391826204734903
SmolLM3-3B-Base,SmolLM,H3d_kvdist_high_vs_uniform,kvdist_high@k7,random_same_ratio,7,middle,delta_d_all,-1.0132957380463705,False,False,3432,50,0.9607843137254902,0.058823529411764705,0.11764705882352941,0.9509803921568627,-0.5868642103340052,0.262928202064806,-1.6218554128600453
SmolLM3-3B-Base,SmolLM,H3d_fidelity_high_vs_uniform,fidelity_high@k7,random_same_ratio,7,all,delta_primary,-1.0851761756709568,False,False,3432,50,1.0,0.0196078431372549,0.0392156862745098,0.9901960784313726,-0.521048910853759,0.19836838621561612,-2.843836538570318
SmolLM3-3B-Base,SmolLM,H3d_fidelity_high_vs_uniform,fidelity_high@k7,random_same_ratio,7,all,delta_auc_all,-0.011927682539682547,False,False,3432,50,1.0,0.0196078431372549,0.0392156862745098,0.9901960784313726,-0.003860636825396833,0.0021647415886581127,-3.7265629101191435
SmolLM3-3B-Base,SmolLM,H3d_fidelity_high_vs_uniform,fidelity_high@k7,random_same_ratio,7,all,delta_d_all,-1.0851761756709568,False,False,3432,50,1.0,0.0196078431372549,0.0392156862745098,0.9901960784313726,-0.521048910853759,0.19836838621561612,-2.843836538570318
SmolLM3-3B-Base,SmolLM,H3d_fidelity_high_vs_uniform,fidelity_high@k7,random_same_ratio,7,early,delta_primary,-0.5748888661544997,False,False,3432,50,0.9803921568627451,0.058823529411764705,0.11764705882352941,0.9607843137254902,-0.22189847499923757,0.15350633414547674,-2.299516779683736
SmolLM3-3B-Base,SmolLM,H3d_fidelity_high_vs_uniform,fidelity_high@k7,random_same_ratio,7,early,delta_auc_all,-0.0037648000000000013,False,False,3432,50,0.9803921568627451,0.058823529411764705,0.11764705882352941,0.9607843137254902,-0.0009734968888888998,0.0009657497486758514,-2.8902964923762946
SmolLM3-3B-Base,SmolLM,H3d_fidelity_high_vs_uniform,fidelity_high@k7,random_same_ratio,7,early,delta_d_all,-0.5748888661544997,False,False,3432,50,0.9803921568627451,0.058823529411764705,0.11764705882352941,0.9607843137254902,-0.22189847499923757,0.15350633414547674,-2.299516779683736
SmolLM3-3B-Base,SmolLM,H3d_fidelity_high_vs_uniform,fidelity_high@k7,random_same_ratio,7,late,delta_primary,-1.3482000960446663,False,False,3432,50,0.9803921568627451,0.0392156862745098,0.0784313725490196,0.9705882352941176,-0.7876229845452035,0.2728189650484571,-2.0547585883550843
SmolLM3-3B-Base,SmolLM,H3d_fidelity_high_vs_uniform,fidelity_high@k7,random_same_ratio,7,late,delta_auc_all,-0.020828444444444476,False,False,3432,50,0.9803921568627451,0.0392156862745098,0.0784313725490196,0.9705882352941176,-0.008093900246913595,0.004876896020173529,-2.6111986281548325
SmolLM3-3B-Base,SmolLM,H3d_fidelity_high_vs_uniform,fidelity_high@k7,random_same_ratio,7,late,delta_d_all,-1.3482000960446663,False,False,3432,50,0.9803921568627451,0.0392156862745098,0.0784313725490196,0.9705882352941176,-0.7876229845452035,0.2728189650484571,-2.0547585883550843
SmolLM3-3B-Base,SmolLM,H3d_fidelity_high_vs_uniform,fidelity_high@k7,random_same_ratio,7,middle,delta_primary,-1.3891381547599773,False,False,3432,50,1.0,0.0196078431372549,0.0392156862745098,0.9901960784313726,-0.5868642103340052,0.262928202064806,-3.0513042652922766
SmolLM3-3B-Base,SmolLM,H3d_fidelity_high_vs_uniform,fidelity_high@k7,random_same_ratio,7,middle,delta_auc_all,-0.012096790123456781,False,False,3432,50,1.0,0.0196078431372549,0.0392156862745098,0.9901960784313726,-0.0028353066666666634,0.0018134106809487868,-5.107217881800749
SmolLM3-3B-Base,SmolLM,H3d_fidelity_high_vs_uniform,fidelity_high@k7,random_same_ratio,7,middle,delta_d_all,-1.3891381547599773,False,False,3432,50,1.0,0.0196078431372549,0.0392156862745098,0.9901960784313726,-0.5868642103340052,0.262928202064806,-3.0513042652922766
SmolLM3-3B-Base,SmolLM,H4_own_head_vs_random_source,full,random_source,14,all,delta_primary,-1.1538788268194629,True,False,87178291200,50,0.5490196078431373,0.47058823529411764,0.9411764705882353,0.5392156862745098,-1.1387204894148137,0.08012731356377902,-0.1891781557431539
SmolLM3-3B-Base,SmolLM,H4_own_head_vs_random_source,full,random_source,14,all,delta_auc_all,-0.014939999999999997,True,False,87178291200,50,0.49019607843137253,0.5294117647058824,0.9803921568627451,0.4803921568627451,-0.015105149206349214,0.0032304990165528164,0.05112188720782946
SmolLM3-3B-Base,SmolLM,H4_own_head_vs_random_source,full,random_source,14,all,delta_d_all,-1.1538788268194629,True,False,87178291200,50,0.5490196078431373,0.47058823529411764,0.9411764705882353,0.5392156862745098,-1.1387204894148137,0.08012731356377902,-0.1891781557431539
SmolLM3-3B-Base,SmolLM,H4_own_head_vs_random_source,full,random_source,14,early,delta_primary,-0.5748888661544997,True,False,87178291200,50,0.7843137254901961,0.23529411764705882,0.47058823529411764,0.7745098039215687,-0.5317484947643727,0.04474219641906233,-0.9641987842096007
SmolLM3-3B-Base,SmolLM,H4_own_head_vs_random_source,full,random_source,14,early,delta_auc_all,-0.0037648000000000013,True,False,87178291200,50,0.6862745098039216,0.3333333333333333,0.6666666666666666,0.6764705882352942,-0.00323820444444445,0.0007506264707053434,-0.7015414138815589
SmolLM3-3B-Base,SmolLM,H4_own_head_vs_random_source,full,random_source,14,early,delta_d_all,-0.5748888661544997,True,False,87178291200,50,0.7843137254901961,0.23529411764705882,0.47058823529411764,0.7745098039215687,-0.5317484947643727,0.04474219641906233,-0.9641987842096007
SmolLM3-3B-Base,SmolLM,H4_own_head_vs_random_source,full,random_source,14,late,delta_primary,-1.5711787039228582,True,False,87178291200,50,0.6470588235294118,0.37254901960784315,0.7450980392156863,0.6372549019607843,-1.5204579645537988,0.1580860857250239,-0.320842527895108
SmolLM3-3B-Base,SmolLM,H4_own_head_vs_random_source,full,random_source,14,late,delta_auc_all,-0.030401580246913577,True,False,87178291200,50,0.5686274509803921,0.45098039215686275,0.9019607843137255,0.5588235294117647,-0.03003500444444446,0.007957669926578351,-0.0460657209775396
SmolLM3-3B-Base,SmolLM,H4_own_head_vs_random_source,full,random_source,14,late,delta_d_all,-1.5711787039228582,True,False,87178291200,50,0.6470588235294118,0.37254901960784315,0.7450980392156863,0.6372549019607843,-1.5204579645537988,0.1580860857250239,-0.320842527895108
SmolLM3-3B-Base,SmolLM,H4_own_head_vs_random_source,full,random_source,14,middle,delta_primary,-1.3799011282326927,True,False,87178291200,50,0.3137254901960784,0.7058823529411765,0.6274509803921569,0.30392156862745096,-1.4313963416652071,0.1082650536596572,0.4756402153034082
SmolLM3-3B-Base,SmolLM,H4_own_head_vs_random_source,full,random_source,14,middle,delta_auc_all,-0.0118953086419753,True,False,87178291200,50,0.29411764705882354,0.7254901960784313,0.5882352941176471,0.28431372549019607,-0.013360788148148148,0.002695072693673765,0.5437625150567621
SmolLM3-3B-Base,SmolLM,H4_own_head_vs_random_source,full,random_source,14,middle,delta_d_all,-1.3799011282326927,True,False,87178291200,50,0.3137254901960784,0.7058823529411765,0.6274509803921569,0.30392156862745096,-1.4313963416652071,0.1082650536596572,0.4756402153034082
SmolLM3-3B-Base,SmolLM,H3e_kvsharer_dissimilar_vs_random_pairs,kvsharer_dissimilar@k5,random_pairs,5,all,delta_primary,-0.4260870959070123,True,False,291172239540,50,0.7254901960784313,0.29411764705882354,0.5882352941176471,0.7156862745098039,-0.3358267052376109,0.2706330281918865,-0.3335157991337416
SmolLM3-3B-Base,SmolLM,H3e_kvsharer_dissimilar_vs_random_pairs,kvsharer_dissimilar@k5,random_pairs,5,all,delta_auc_all,-0.002171809523809532,True,False,291172239540,50,0.6666666666666666,0.35294117647058826,0.7058823529411765,0.6568627450980392,-0.0020982285714285782,0.0025801150141042837,-0.02851847765650798
SmolLM3-3B-Base,SmolLM,H3e_kvsharer_dissimilar_vs_random_pairs,kvsharer_dissimilar@k5,random_pairs,5,all,delta_d_all,-0.4260870959070123,True,False,291172239540,50,0.7254901960784313,0.29411764705882354,0.5882352941176471,0.7156862745098039,-0.3358267052376109,0.2706330281918865,-0.3335157991337416
SmolLM3-3B-Base,SmolLM,H3e_kvsharer_dissimilar_vs_random_pairs,kvsharer_dissimilar@k5,random_pairs,5,early,delta_primary,-0.3536560080628557,True,False,291172239540,50,0.8627450980392157,0.1568627450980392,0.3137254901960784,0.8529411764705882,-0.158787588021069,0.20532781751060342,-0.9490600075741
SmolLM3-3B-Base,SmolLM,H3e_kvsharer_dissimilar_vs_random_pairs,kvsharer_dissimilar@k5,random_pairs,5,early,delta_auc_all,-0.0013146666666666862,True,False,291172239540,50,0.8627450980392157,0.1568627450980392,0.3137254901960784,0.8529411764705882,-0.0005552284444444528,0.0008776620394209098,-0.8652968775125769
SmolLM3-3B-Base,SmolLM,H3e_kvsharer_dissimilar_vs_random_pairs,kvsharer_dissimilar@k5,random_pairs,5,early,delta_d_all,-0.3536560080628557,True,False,291172239540,50,0.8627450980392157,0.1568627450980392,0.3137254901960784,0.8529411764705882,-0.158787588021069,0.20532781751060342,-0.9490600075741
SmolLM3-3B-Base,SmolLM,H3e_kvsharer_dissimilar_vs_random_pairs,kvsharer_dissimilar@k5,random_pairs,5,late,delta_primary,-0.2947963478277979,True,False,291172239540,50,0.35294117647058826,0.6666666666666666,0.7058823529411765,0.3431372549019608,-0.4715776098266351,0.3060653620292855,0.5775931677689228
SmolLM3-3B-Base,SmolLM,H3e_kvsharer_dissimilar_vs_random_pairs,kvsharer_dissimilar@k5,random_pairs,5,late,delta_auc_all,-0.00199387654320989,True,False,291172239540,50,0.43137254901960786,0.5882352941176471,0.8627450980392157,0.4215686274509804,-0.004065366913580257,0.004393229749432314,0.4715187887995254
SmolLM3-3B-Base,SmolLM,H3e_kvsharer_dissimilar_vs_random_pairs,kvsharer_dissimilar@k5,random_pairs,5,late,delta_d_all,-0.2947963478277979,True,False,291172239540,50,0.35294117647058826,0.6666666666666666,0.7058823529411765,0.3431372549019608,-0.4715776098266351,0.3060653620292855,0.5775931677689228
SmolLM3-3B-Base,SmolLM,H3e_kvsharer_dissimilar_vs_random_pairs,kvsharer_dissimilar@k5,random_pairs,5,middle,delta_primary,-0.6378568304797341,True,False,291172239540,50,0.8235294117647058,0.19607843137254902,0.39215686274509803,0.8137254901960784,-0.39678593088918873,0.347760187789255,-0.6932101719954095
SmolLM3-3B-Base,SmolLM,H3e_kvsharer_dissimilar_vs_random_pairs,kvsharer_dissimilar@k5,random_pairs,5,middle,delta_auc_all,-0.0033021234567901145,True,False,291172239540,50,0.8823529411764706,0.13725490196078433,0.27450980392156865,0.8725490196078431,-0.0018455348148148155,0.002839573318374708,-0.5129603918130241
SmolLM3-3B-Base,SmolLM,H3e_kvsharer_dissimilar_vs_random_pairs,kvsharer_dissimilar@k5,random_pairs,5,middle,delta_d_all,-0.6378568304797341,True,False,291172239540,50,0.8235294117647058,0.19607843137254902,0.39215686274509803,0.8137254901960784,-0.39678593088918873,0.347760187789255,-0.6932101719954095
SmolLM3-3B-Base,SmolLM,H3e_kvsharer_similar_vs_random_pairs,kvsharer_similar@k5,random_pairs,5,all,delta_primary,-0.2470230983777573,True,False,291172239540,50,0.49019607843137253,0.5294117647058824,0.9803921568627451,0.4803921568627451,-0.3358267052376109,0.2706330281918865,0.32813292395667726
SmolLM3-3B-Base,SmolLM,H3e_kvsharer_similar_vs_random_pairs,kvsharer_similar@k5,random_pairs,5,all,delta_auc_all,-0.0007523174603174651,True,False,291172239540,50,0.35294117647058826,0.6666666666666666,0.7058823529411765,0.3431372549019608,-0.0020982285714285782,0.0025801150141042837,0.5216477187077497
SmolLM3-3B-Base,SmolLM,H3e_kvsharer_similar_vs_random_pairs,kvsharer_similar@k5,random_pairs,5,all,delta_d_all,-0.2470230983777573,True,False,291172239540,50,0.49019607843137253,0.5294117647058824,0.9803921568627451,0.4803921568627451,-0.3358267052376109,0.2706330281918865,0.32813292395667726
SmolLM3-3B-Base,SmolLM,H3e_kvsharer_similar_vs_random_pairs,kvsharer_similar@k5,random_pairs,5,early,delta_primary,-0.15622445810165334,True,False,291172239540,50,0.6862745098039216,0.3333333333333333,0.6666666666666666,0.6764705882352942,-0.158787588021069,0.20532781751060342,0.012483110912544951
SmolLM3-3B-Base,SmolLM,H3e_kvsharer_similar_vs_random_pairs,kvsharer_similar@k5,random_pairs,5,early,delta_auc_all,-0.00032142222222224514,True,False,291172239540,50,0.6274509803921569,0.39215686274509803,0.7843137254901961,0.6176470588235294,-0.0005552284444444528,0.0008776620394209098,0.2663966444036651
SmolLM3-3B-Base,SmolLM,H3e_kvsharer_similar_vs_random_pairs,kvsharer_similar@k5,random_pairs,5,early,delta_d_all,-0.15622445810165334,True,False,291172239540,50,0.6862745098039216,0.3333333333333333,0.6666666666666666,0.6764705882352942,-0.158787588021069,0.20532781751060342,0.012483110912544951
SmolLM3-3B-Base,SmolLM,H3e_kvsharer_similar_vs_random_pairs,kvsharer_similar@k5,random_pairs,5,late,delta_primary,-0.29370803206332924,True,False,291172239540,50,0.35294117647058826,0.6666666666666666,0.7058823529411765,0.3431372549019608,-0.4715776098266351,0.3060653620292855,0.5811489957046712
SmolLM3-3B-Base,SmolLM,H3e_kvsharer_similar_vs_random_pairs,kvsharer_similar@k5,random_pairs,5,late,delta_auc_all,-0.0014008888888888836,True,False,291172239540,50,0.3137254901960784,0.7058823529411765,0.6274509803921569,0.30392156862745096,-0.004065366913580257,0.004393229749432314,0.6064963993826349
SmolLM3-3B-Base,SmolLM,H3e_kvsharer_similar_vs_random_pairs,kvsharer_similar@k5,random_pairs,5,late,delta_d_all,-0.29370803206332924,True,False,291172239540,50,0.35294117647058826,0.6666666666666666,0.7058823529411765,0.3431372549019608,-0.4715776098266351,0.3060653620292855,0.5811489957046712
SmolLM3-3B-Base,SmolLM,H3e_kvsharer_similar_vs_random_pairs,kvsharer_similar@k5,random_pairs,5,middle,delta_primary,-0.30122554277674535,True,False,291172239540,50,0.49019607843137253,0.5294117647058824,0.9803921568627451,0.4803921568627451,-0.39678593088918873,0.347760187789255,0.27478817722042875
SmolLM3-3B-Base,SmolLM,H3e_kvsharer_similar_vs_random_pairs,kvsharer_similar@k5,random_pairs,5,middle,delta_auc_all,-0.000582518518518513,True,False,291172239540,50,0.35294117647058826,0.6666666666666666,0.7058823529411765,0.3431372549019608,-0.0018455348148148155,0.002839573318374708,0.444790873376433
SmolLM3-3B-Base,SmolLM,H3e_kvsharer_similar_vs_random_pairs,kvsharer_similar@k5,random_pairs,5,middle,delta_d_all,-0.30122554277674535,True,False,291172239540,50,0.49019607843137253,0.5294117647058824,0.9803921568627451,0.4803921568627451,-0.39678593088918873,0.347760187789255,0.27478817722042875
Qwen3-4B-Base,Qwen,H3b_cka_high_vs_depth_matched,cka_high@k5,rdm_cka_high,5,all,delta_primary,-0.2812212893415629,True,False,400,50,0.17647058823529413,0.8431372549019608,0.35294117647058826,0.16666666666666666,-0.4928702985009643,0.20967972367095444,1.0093918737299432
Qwen3-4B-Base,Qwen,H3b_cka_high_vs_depth_matched,cka_high@k5,rdm_cka_high,5,all,delta_auc_all,-0.0019937142857142814,True,False,400,50,0.21568627450980393,0.803921568627451,0.43137254901960786,0.20588235294117646,-0.0042892876190476145,0.0024991117493861903,0.9185556963977908
Qwen3-4B-Base,Qwen,H3b_cka_high_vs_depth_matched,cka_high@k5,rdm_cka_high,5,all,delta_d_all,-0.2812212893415629,True,False,400,50,0.17647058823529413,0.8431372549019608,0.35294117647058826,0.16666666666666666,-0.4928702985009643,0.20967972367095444,1.0093918737299432
Qwen3-4B-Base,Qwen,H3b_cka_high_vs_depth_matched,cka_high@k5,rdm_cka_high,5,early,delta_primary,-0.03320735169916196,True,False,400,50,0.09803921568627451,1.0,0.19607843137254902,0.049019607843137254,-0.16307739703040572,0.08543184490692209,1.5201596719904273
Qwen3-4B-Base,Qwen,H3b_cka_high_vs_depth_matched,cka_high@k5,rdm_cka_high,5,early,delta_auc_all,-0.0003059555555555593,True,False,400,50,0.11764705882352941,0.9803921568627451,0.23529411764705882,0.06862745098039216,-0.0008423751111111124,0.0004094244864577113,1.310179467272676
Qwen3-4B-Base,Qwen,H3b_cka_high_vs_depth_matched,cka_high@k5,rdm_cka_high,5,early,delta_d_all,-0.03320735169916196,True,False,400,50,0.09803921568627451,1.0,0.19607843137254902,0.049019607843137254,-0.16307739703040572,0.08543184490692209,1.5201596719904273
Qwen3-4B-Base,Qwen,H3b_cka_high_vs_depth_matched,cka_high@k5,rdm_cka_high,5,late,delta_primary,-0.4990304806862831,True,False,400,50,0.1568627450980392,0.8627450980392157,0.3137254901960784,0.14705882352941177,-0.8283414973778371,0.3342286388377206,0.9852866523848239
Qwen3-4B-Base,Qwen,H3b_cka_high_vs_depth_matched,cka_high@k5,rdm_cka_high,5,late,delta_auc_all,-0.0039533827160493674,True,False,400,50,0.19607843137254902,0.8235294117647058,0.39215686274509803,0.18627450980392157,-0.009555419259259242,0.006005289744023442,0.9328503339551781
Qwen3-4B-Base,Qwen,H3b_cka_high_vs_depth_matched,cka_high@k5,rdm_cka_high,5,late,delta_d_all,-0.4990304806862831,True,False,400,50,0.1568627450980392,0.8627450980392157,0.3137254901960784,0.14705882352941177,-0.8283414973778371,0.3342286388377206,0.9852866523848239
Qwen3-4B-Base,Qwen,H3b_cka_high_vs_depth_matched,cka_high@k5,rdm_cka_high,5,middle,delta_primary,-0.33898313982173267,True,False,400,50,0.3137254901960784,0.7058823529411765,0.6274509803921569,0.30392156862745096,-0.523835656813601,0.2627175741976937,0.7036168690137482
Qwen3-4B-Base,Qwen,H3b_cka_high_vs_depth_matched,cka_high@k5,rdm_cka_high,5,middle,delta_auc_all,-0.0019093333333333308,True,False,400,50,0.35294117647058826,0.6666666666666666,0.7058823529411765,0.3431372549019608,-0.0028530587654320995,0.0018571848132631877,0.50814836808868
Qwen3-4B-Base,Qwen,H3b_cka_high_vs_depth_matched,cka_high@k5,rdm_cka_high,5,middle,delta_d_all,-0.33898313982173267,True,False,400,50,0.3137254901960784,0.7058823529411765,0.6274509803921569,0.30392156862745096,-0.523835656813601,0.2627175741976937,0.7036168690137482
Qwen3-4B-Base,Qwen,H3b_cka_low_vs_depth_matched,cka_low@k5,rdm_cka_low,5,all,delta_primary,-0.5073517936667489,True,False,400,50,0.47058823529411764,0.5490196078431373,0.9411764705882353,0.46078431372549017,-0.5068102585488232,0.18012673070805865,-0.0030064117402061052
Qwen3-4B-Base,Qwen,H3b_cka_low_vs_depth_matched,cka_low@k5,rdm_cka_low,5,all,delta_auc_all,-0.0037973968253968227,True,False,400,50,0.43137254901960786,0.5882352941176471,0.8627450980392157,0.4215686274509804,-0.004368822857142855,0.002092379352903045,0.2730986763720518
Qwen3-4B-Base,Qwen,H3b_cka_low_vs_depth_matched,cka_low@k5,rdm_cka_low,5,all,delta_d_all,-0.5073517936667489,True,False,400,50,0.47058823529411764,0.5490196078431373,0.9411764705882353,0.46078431372549017,-0.5068102585488232,0.18012673070805865,-0.0030064117402061052
Qwen3-4B-Base,Qwen,H3b_cka_low_vs_depth_matched,cka_low@k5,rdm_cka_low,5,early,delta_primary,-0.27751650541873385,True,False,400,50,1.0,0.1568627450980392,0.3137254901960784,0.9215686274509803,-0.15956738573179194,0.08234013704911587,-1.43246202780286
Qwen3-4B-Base,Qwen,H3b_cka_low_vs_depth_matched,cka_low@k5,rdm_cka_low,5,early,delta_auc_all,-0.0015879111111111177,True,False,400,50,1.0,0.1568627450980392,0.3137254901960784,0.9215686274509803,-0.0008036124444444455,0.0004428970977290548,-1.7708372231115228
Qwen3-4B-Base,Qwen,H3b_cka_low_vs_depth_matched,cka_low@k5,rdm_cka_low,5,early,delta_d_all,-0.27751650541873385,True,False,400,50,1.0,0.1568627450980392,0.3137254901960784,0.9215686274509803,-0.15956738573179194,0.08234013704911587,-1.43246202780286
Qwen3-4B-Base,Qwen,H3b_cka_low_vs_depth_matched,cka_low@k5,rdm_cka_low,5,late,delta_primary,-0.7365592772012433,True,False,400,50,0.43137254901960786,0.5882352941176471,0.8627450980392157,0.4215686274509804,-0.8702188733781098,0.27737464170095355,0.4818738849276971
Qwen3-4B-Base,Qwen,H3b_cka_low_vs_depth_matched,cka_low@k5,rdm_cka_low,5,late,delta_auc_all,-0.007407407407407394,True,False,400,50,0.4117647058823529,0.6078431372549019,0.8235294117647058,0.4019607843137255,-0.009919519999999986,0.0049634917929216645,0.5061180107470037
Qwen3-4B-Base,Qwen,H3b_cka_low_vs_depth_matched,cka_low@k5,rdm_cka_low,5,late,delta_d_all,-0.7365592772012433,True,False,400,50,0.43137254901960786,0.5882352941176471,0.8627450980392157,0.4215686274509804,-0.8702188733781098,0.27737464170095355,0.4818738849276971
Qwen3-4B-Base,Qwen,H3b_cka_low_vs_depth_matched,cka_low@k5,rdm_cka_low,5,middle,delta_primary,-0.5335168526300491,True,False,400,50,0.49019607843137253,0.5490196078431373,0.9803921568627451,0.47058823529411764,-0.5292270579606825,0.24295495653983237,-0.017656748931826467
Qwen3-4B-Base,Qwen,H3b_cka_low_vs_depth_matched,cka_low@k5,rdm_cka_low,5,middle,delta_auc_all,-0.002642370370370369,True,False,400,50,0.5490196078431373,0.49019607843137253,0.9803921568627451,0.5294117647058824,-0.002779470617283955,0.0017547601558206651,0.07813047638380345
Qwen3-4B-Base,Qwen,H3b_cka_low_vs_depth_matched,cka_low@k5,rdm_cka_low,5,middle,delta_d_all,-0.5335168526300491,True,False,400,50,0.49019607843137253,0.5490196078431373,0.9803921568627451,0.47058823529411764,-0.5292270579606825,0.24295495653983237,-0.017656748931826467
Qwen3-4B-Base,Qwen,H3b_kvdist_low_vs_depth_matched,kvdist_low@k5,rdm_kvdist_low,5,all,delta_primary,-0.39904832481275504,True,False,400,50,0.4117647058823529,0.6078431372549019,0.8235294117647058,0.4019607843137255,-0.4494277799988267,0.1773796433517197,0.28402050107957466
Qwen3-4B-Base,Qwen,H3b_kvdist_low_vs_depth_matched,kvdist_low@k5,rdm_kvdist_low,5,all,delta_auc_all,-0.0028307936507936554,True,False,400,50,0.4117647058823529,0.6078431372549019,0.8235294117647058,0.4019607843137255,-0.0037909346031746,0.0019490477218160078,0.49262054573314484
Qwen3-4B-Base,Qwen,H3b_kvdist_low_vs_depth_matched,kvdist_low@k5,rdm_kvdist_low,5,all,delta_d_all,-0.39904832481275504,True,False,400,50,0.4117647058823529,0.6078431372549019,0.8235294117647058,0.4019607843137255,-0.4494277799988267,0.1773796433517197,0.28402050107957466
Qwen3-4B-Base,Qwen,H3b_kvdist_low_vs_depth_matched,kvdist_low@k5,rdm_kvdist_low,5,early,delta_primary,-0.06662115379767694,True,False,400,50,0.21568627450980393,0.8431372549019608,0.43137254901960786,0.18627450980392157,-0.132854931069445,0.08044238976427992,0.8233690901756235
Qwen3-4B-Base,Qwen,H3b_kvdist_low_vs_depth_matched,kvdist_low@k5,rdm_kvdist_low,5,early,delta_auc_all,-8.071111111110918e-05,True,False,400,50,0.058823529411764705,1.0,0.11764705882352941,0.029411764705882353,-0.0006917404444444458,0.00037916386586398285,1.6115178379168935
Qwen3-4B-Base,Qwen,H3b_kvdist_low_vs_depth_matched,kvdist_low@k5,rdm_kvdist_low,5,early,delta_d_all,-0.06662115379767694,True,False,400,50,0.21568627450980393,0.8431372549019608,0.43137254901960786,0.18627450980392157,-0.132854931069445,0.08044238976427992,0.8233690901756235
Qwen3-4B-Base,Qwen,H3b_kvdist_low_vs_depth_matched,kvdist_low@k5,rdm_kvdist_low,5,late,delta_primary,-0.8268286101813757,True,False,400,50,0.5490196078431373,0.47058823529411764,0.9411764705882353,0.5392156862745098,-0.7870722634015634,0.29525252519148415,-0.134652012727168
Qwen3-4B-Base,Qwen,H3b_kvdist_low_vs_depth_matched,kvdist_low@k5,rdm_kvdist_low,5,late,delta_auc_all,-0.007899061728395064,True,False,400,50,0.5490196078431373,0.47058823529411764,0.9411764705882353,0.5392156862745098,-0.008613368888888874,0.004923801404858774,0.14507229308414765
Qwen3-4B-Base,Qwen,H3b_kvdist_low_vs_depth_matched,kvdist_low@k5,rdm_kvdist_low,5,late,delta_d_all,-0.8268286101813757,True,False,400,50,0.5490196078431373,0.47058823529411764,0.9411764705882353,0.5392156862745098,-0.7870722634015634,0.29525252519148415,-0.134652012727168
Qwen3-4B-Base,Qwen,H3b_kvdist_low_vs_depth_matched,kvdist_low@k5,rdm_kvdist_low,5,middle,delta_primary,-0.34063156279422135,True,False,400,50,0.39215686274509803,0.6274509803921569,0.7843137254901961,0.38235294117647056,-0.46353090651762535,0.2095618431512824,0.5864585932024043
Qwen3-4B-Base,Qwen,H3b_kvdist_low_vs_depth_matched,kvdist_low@k5,rdm_kvdist_low,5,middle,delta_auc_all,-0.0008181728395061865,True,False,400,50,0.11764705882352941,0.9019607843137255,0.23529411764705882,0.10784313725490197,-0.0024120493827160523,0.0012408594010162761,1.2844940707258736
Qwen3-4B-Base,Qwen,H3b_kvdist_low_vs_depth_matched,kvdist_low@k5,rdm_kvdist_low,5,middle,delta_d_all,-0.34063156279422135,True,False,400,50,0.39215686274509803,0.6274509803921569,0.7843137254901961,0.38235294117647056,-0.46353090651762535,0.2095618431512824,0.5864585932024043
Qwen3-4B-Base,Qwen,H3b_kvdist_high_vs_depth_matched,kvdist_high@k5,rdm_kvdist_high,5,all,delta_primary,-0.47905453027850625,True,False,100,50,0.7058823529411765,0.3137254901960784,0.6274509803921569,0.696078431372549,-0.398749499752849,0.1482783286251585,-0.5415830571483244
Qwen3-4B-Base,Qwen,H3b_kvdist_high_vs_depth_matched,kvdist_high@k5,rdm_kvdist_high,5,all,delta_auc_all,-0.003742920634920643,True,False,100,50,0.7058823529411765,0.3137254901960784,0.6274509803921569,0.696078431372549,-0.0033149199999999938,0.001590928322919087,-0.2690257183525022
Qwen3-4B-Base,Qwen,H3b_kvdist_high_vs_depth_matched,kvdist_high@k5,rdm_kvdist_high,5,all,delta_d_all,-0.47905453027850625,True,False,100,50,0.7058823529411765,0.3137254901960784,0.6274509803921569,0.696078431372549,-0.398749499752849,0.1482783286251585,-0.5415830571483244
Qwen3-4B-Base,Qwen,H3b_kvdist_high_vs_depth_matched,kvdist_high@k5,rdm_kvdist_high,5,early,delta_primary,-0.27751650541873385,True,False,100,50,1.0,0.09803921568627451,0.19607843137254902,0.9509803921568627,-0.13427211430792313,0.08229722756084187,-1.740573715012586
Qwen3-4B-Base,Qwen,H3b_kvdist_high_vs_depth_matched,kvdist_high@k5,rdm_kvdist_high,5,early,delta_auc_all,-0.0015879111111111177,True,False,100,50,1.0,0.09803921568627451,0.19607843137254902,0.9509803921568627,-0.0006489813333333344,0.0004510965413765932,-2.0814386537136573
Qwen3-4B-Base,Qwen,H3b_kvdist_high_vs_depth_matched,kvdist_high@k5,rdm_kvdist_high,5,early,delta_d_all,-0.27751650541873385,True,False,100,50,1.0,0.09803921568627451,0.19607843137254902,0.9509803921568627,-0.13427211430792313,0.08229722756084187,-1.740573715012586
Qwen3-4B-Base,Qwen,H3b_kvdist_high_vs_depth_matched,kvdist_high@k5,rdm_kvdist_high,5,late,delta_primary,-0.688454198142489,True,False,100,50,0.39215686274509803,0.6274509803921569,0.7843137254901961,0.38235294117647056,-0.7174722944902595,0.24142753046751791,0.1201938167183244
Qwen3-4B-Base,Qwen,H3b_kvdist_high_vs_depth_matched,kvdist_high@k5,rdm_kvdist_high,5,late,delta_auc_all,-0.007585382716049398,True,False,100,50,0.5294117647058824,0.49019607843137253,0.9803921568627451,0.5196078431372549,-0.00796282469135801,0.0040012327563854954,0.09433142191147437
Qwen3-4B-Base,Qwen,H3b_kvdist_high_vs_depth_matched,kvdist_high@k5,rdm_kvdist_high,5,late,delta_d_all,-0.688454198142489,True,False,100,50,0.39215686274509803,0.6274509803921569,0.7843137254901961,0.38235294117647056,-0.7174722944902595,0.24142753046751791,0.1201938167183244
Qwen3-4B-Base,Qwen,H3b_kvdist_high_vs_depth_matched,kvdist_high@k5,rdm_kvdist_high,5,middle,delta_primary,-0.4935860011476041,True,False,100,50,0.7058823529411765,0.39215686274509803,0.7843137254901961,0.6568627450980392,-0.3738904666209112,0.16082592216559458,-0.7442552351942884
Qwen3-4B-Base,Qwen,H3b_kvdist_high_vs_depth_matched,kvdist_high@k5,rdm_kvdist_high,5,middle,delta_auc_all,-0.0022949135802469156,True,False,100,50,0.7058823529411765,0.39215686274509803,0.7843137254901961,0.6568627450980392,-0.0016291693827160463,0.0008483445065240977,-0.7847568911109091
Qwen3-4B-Base,Qwen,H3b_kvdist_high_vs_depth_matched,kvdist_high@k5,rdm_kvdist_high,5,middle,delta_d_all,-0.4935860011476041,True,False,100,50,0.7058823529411765,0.39215686274509803,0.7843137254901961,0.6568627450980392,-0.3738904666209112,0.16082592216559458,-0.7442552351942884
Qwen3-4B-Base,Qwen,H3b_fidelity_high_vs_depth_matched,fidelity_high@k5,rdm_fidelity_high,5,all,delta_primary,-0.3840406614258261,True,False,300,50,0.2549019607843137,0.7843137254901961,0.5098039215686274,0.23529411764705882,-0.5392054183156322,0.18068305097218396,0.858767637888147
Qwen3-4B-Base,Qwen,H3b_fidelity_high_vs_depth_matched,fidelity_high@k5,rdm_fidelity_high,5,all,delta_auc_all,-0.002618285714285704,True,False,300,50,0.23529411764705882,0.803921568627451,0.47058823529411764,0.21568627450980393,-0.004707648253968251,0.0026378461581923673,0.7920714152315543
Qwen3-4B-Base,Qwen,H3b_fidelity_high_vs_depth_matched,fidelity_high@k5,rdm_fidelity_high,5,all,delta_d_all,-0.3840406614258261,True,False,300,50,0.2549019607843137,0.7843137254901961,0.5098039215686274,0.23529411764705882,-0.5392054183156322,0.18068305097218396,0.858767637888147
Qwen3-4B-Base,Qwen,H3b_fidelity_high_vs_depth_matched,fidelity_high@k5,rdm_fidelity_high,5,early,delta_primary,-0.09272241095562972,True,False,300,50,0.5098039215686274,0.6274509803921569,1.0,0.4411764705882353,-0.13805693664223206,0.08629971861653662,0.5253148725552786
Qwen3-4B-Base,Qwen,H3b_fidelity_high_vs_depth_matched,fidelity_high@k5,rdm_fidelity_high,5,early,delta_auc_all,-0.0003772444444444356,True,False,300,50,0.3333333333333333,0.803921568627451,0.6666666666666666,0.2647058823529412,-0.0006941688888888906,0.00044787412585764366,0.7076194540990052
Qwen3-4B-Base,Qwen,H3b_fidelity_high_vs_depth_matched,fidelity_high@k5,rdm_fidelity_high,5,early,delta_d_all,-0.09272241095562972,True,False,300,50,0.5098039215686274,0.6274509803921569,1.0,0.4411764705882353,-0.13805693664223206,0.08629971861653662,0.5253148725552786
Qwen3-4B-Base,Qwen,H3b_fidelity_high_vs_depth_matched,fidelity_high@k5,rdm_fidelity_high,5,late,delta_primary,-0.6867676117840694,True,False,300,50,0.17647058823529413,0.8627450980392157,0.35294117647058826,0.1568627450980392,-0.9383418967967292,0.2819454088213726,0.8922801263702984
Qwen3-4B-Base,Qwen,H3b_fidelity_high_vs_depth_matched,fidelity_high@k5,rdm_fidelity_high,5,late,delta_auc_all,-0.005136197530864164,True,False,300,50,0.21568627450980393,0.8235294117647058,0.43137254901960786,0.19607843137254902,-0.010481355061728384,0.006215357854260627,0.8599919194033399
Qwen3-4B-Base,Qwen,H3b_fidelity_high_vs_depth_matched,fidelity_high@k5,rdm_fidelity_high,5,late,delta_d_all,-0.6867676117840694,True,False,300,50,0.17647058823529413,0.8627450980392157,0.35294117647058826,0.1568627450980392,-0.9383418967967292,0.2819454088213726,0.8922801263702984
Qwen3-4B-Base,Qwen,H3b_fidelity_high_vs_depth_matched,fidelity_high@k5,rdm_fidelity_high,5,middle,delta_primary,-0.4050006560344677,True,False,300,50,0.3137254901960784,0.7254901960784313,0.6274509803921569,0.29411764705882354,-0.5857894750272018,0.24319182198807995,0.7434000761818194
Qwen3-4B-Base,Qwen,H3b_fidelity_high_vs_depth_matched,fidelity_high@k5,rdm_fidelity_high,5,middle,delta_auc_all,-0.002590419753086431,True,False,300,50,0.49019607843137253,0.5490196078431373,0.9803921568627451,0.47058823529411764,-0.0033933629629629646,0.0021072775376963816,0.3810334403100454
Qwen3-4B-Base,Qwen,H3b_fidelity_high_vs_depth_matched,fidelity_high@k5,rdm_fidelity_high,5,middle,delta_d_all,-0.4050006560344677,True,False,300,50,0.3137254901960784,0.7254901960784313,0.6274509803921569,0.29411764705882354,-0.5857894750272018,0.24319182198807995,0.7434000761818194
Qwen3-4B-Base,Qwen,H3d_cka_high_vs_uniform,cka_high@k2,random_same_ratio,2,all,delta_primary,-0.18865396696636244,False,False,91,50,0.5686274509803921,0.45098039215686275,0.9019607843137255,0.5588235294117647,-0.20768427596361114,0.15756528743957102,0.120777293695143
Qwen3-4B-Base,Qwen,H3d_cka_high_vs_uniform,cka_high@k2,random_same_ratio,2,all,delta_auc_all,-0.0014231746031745929,False,False,91,50,0.6862745098039216,0.3333333333333333,0.6666666666666666,0.6764705882352942,-0.001196379047619042,0.0010270912468542987,-0.22081344403446534
Qwen3-4B-Base,Qwen,H3d_cka_high_vs_uniform,cka_high@k2,random_same_ratio,2,all,delta_d_all,-0.18865396696636244,False,False,91,50,0.5686274509803921,0.45098039215686275,0.9019607843137255,0.5588235294117647,-0.20768427596361114,0.15756528743957102,0.120777293695143
Qwen3-4B-Base,Qwen,H3d_cka_high_vs_uniform,cka_high@k2,random_same_ratio,2,early,delta_primary,-0.03320735169916196,False,False,91,50,0.4117647058823529,0.6078431372549019,0.8235294117647058,0.4019607843137255,-0.07713972433302828,0.08260416762977596,0.5318420836920364
Qwen3-4B-Base,Qwen,H3d_cka_high_vs_uniform,cka_high@k2,random_same_ratio,2,early,delta_auc_all,-0.0003059555555555593,False,False,91,50,0.5490196078431373,0.47058823529411764,0.9411764705882353,0.5392156862745098,-0.0003643413333333336,0.0004050146960809231,0.14415718328924207
Qwen3-4B-Base,Qwen,H3d_cka_high_vs_uniform,cka_high@k2,random_same_ratio,2,early,delta_d_all,-0.03320735169916196,False,False,91,50,0.4117647058823529,0.6078431372549019,0.8235294117647058,0.4019607843137255,-0.07713972433302828,0.08260416762977596,0.5318420836920364
Qwen3-4B-Base,Qwen,H3d_cka_high_vs_uniform,cka_high@k2,random_same_ratio,2,late,delta_primary,-0.29351552547574256,False,False,91,50,0.5490196078431373,0.47058823529411764,0.9411764705882353,0.5392156862745098,-0.34039004222236996,0.21512901250835303,0.21789026129057026
Qwen3-4B-Base,Qwen,H3d_cka_high_vs_uniform,cka_high@k2,random_same_ratio,2,late,delta_auc_all,-0.0022978765432098485,False,False,91,50,0.6274509803921569,0.39215686274509803,0.7843137254901961,0.6176470588235294,-0.002390352592592578,0.0019849844249359857,0.04658779596505485
Qwen3-4B-Base,Qwen,H3d_cka_high_vs_uniform,cka_high@k2,random_same_ratio,2,late,delta_d_all,-0.29351552547574256,False,False,91,50,0.5490196078431373,0.47058823529411764,0.9411764705882353,0.5392156862745098,-0.34039004222236996,0.21512901250835303,0.21789026129057026
Qwen3-4B-Base,Qwen,H3d_cka_high_vs_uniform,cka_high@k2,random_same_ratio,2,middle,delta_primary,-0.25651086986498267,False,False,91,50,0.6078431372549019,0.4117647058823529,0.8235294117647058,0.5980392156862745,-0.2200280115166111,0.20049843648526927,-0.18196081220340077
Qwen3-4B-Base,Qwen,H3d_cka_high_vs_uniform,cka_high@k2,random_same_ratio,2,middle,delta_auc_all,-0.0017898271604938189,False,False,91,50,0.8627450980392157,0.1568627450980392,0.3137254901960784,0.8529411764705882,-0.0009268918518518481,0.000932633541122634,-0.9252672894470794
Qwen3-4B-Base,Qwen,H3d_cka_high_vs_uniform,cka_high@k2,random_same_ratio,2,middle,delta_d_all,-0.25651086986498267,False,False,91,50,0.6078431372549019,0.4117647058823529,0.8235294117647058,0.5980392156862745,-0.2200280115166111,0.20049843648526927,-0.18196081220340077
Qwen3-4B-Base,Qwen,H3d_cka_low_vs_uniform,cka_low@k2,random_same_ratio,2,all,delta_primary,-0.013069986501315254,False,False,91,50,0.0392156862745098,0.9803921568627451,0.0784313725490196,0.029411764705882353,-0.20768427596361114,0.15756528743957102,1.2351342902029345
Qwen3-4B-Base,Qwen,H3d_cka_low_vs_uniform,cka_low@k2,random_same_ratio,2,all,delta_auc_all,-7.441269841269662e-05,False,False,91,50,0.0196078431372549,1.0,0.0392156862745098,0.00980392156862745,-0.001196379047619042,0.0010270912468542987,1.0923726130882951
Qwen3-4B-Base,Qwen,H3d_cka_low_vs_uniform,cka_low@k2,random_same_ratio,2,all,delta_d_all,-0.013069986501315254,False,False,91,50,0.0392156862745098,0.9803921568627451,0.0784313725490196,0.029411764705882353,-0.20768427596361114,0.15756528743957102,1.2351342902029345
Qwen3-4B-Base,Qwen,H3d_cka_low_vs_uniform,cka_low@k2,random_same_ratio,2,early,delta_primary,0.0,False,False,91,50,0.2549019607843137,1.0,0.5098039215686274,0.12745098039215685,-0.07713972433302828,0.08260416762977596,0.9338478498901073
Qwen3-4B-Base,Qwen,H3d_cka_low_vs_uniform,cka_low@k2,random_same_ratio,2,early,delta_auc_all,0.0,False,False,91,50,0.2549019607843137,1.0,0.5098039215686274,0.12745098039215685,-0.0003643413333333336,0.0004050146960809231,0.8995755878955493
Qwen3-4B-Base,Qwen,H3d_cka_low_vs_uniform,cka_low@k2,random_same_ratio,2,early,delta_d_all,0.0,False,False,91,50,0.2549019607843137,1.0,0.5098039215686274,0.12745098039215685,-0.07713972433302828,0.08260416762977596,0.9338478498901073
Qwen3-4B-Base,Qwen,H3d_cka_low_vs_uniform,cka_low@k2,random_same_ratio,2,late,delta_primary,-0.04066218022631412,False,False,91,50,0.058823529411764705,0.9607843137254902,0.11764705882352941,0.049019607843137254,-0.34039004222236996,0.21512901250835303,1.3932470497646987
Qwen3-4B-Base,Qwen,H3d_cka_low_vs_uniform,cka_low@k2,random_same_ratio,2,late,delta_auc_all,-0.00023150617283950058,False,False,91,50,0.0392156862745098,0.9803921568627451,0.0784313725490196,0.029411764705882353,-0.002390352592592578,0.0019849844249359857,1.0875885939622416
Qwen3-4B-Base,Qwen,H3d_cka_low_vs_uniform,cka_low@k2,random_same_ratio,2,late,delta_d_all,-0.04066218022631412,False,False,91,50,0.058823529411764705,0.9607843137254902,0.11764705882352941,0.049019607843137254,-0.34039004222236996,0.21512901250835303,1.3932470497646987
Qwen3-4B-Base,Qwen,H3d_cka_low_vs_uniform,cka_low@k2,random_same_ratio,2,middle,delta_primary,0.0,False,False,91,50,0.1568627450980392,0.9607843137254902,0.3137254901960784,0.09803921568627451,-0.2200280115166111,0.20049843648526927,1.0974051238188918
Qwen3-4B-Base,Qwen,H3d_cka_low_vs_uniform,cka_low@k2,random_same_ratio,2,middle,delta_auc_all,0.0,False,False,91,50,0.11764705882352941,1.0,0.23529411764705882,0.058823529411764705,-0.0009268918518518481,0.000932633541122634,0.9938435741182174
Qwen3-4B-Base,Qwen,H3d_cka_low_vs_uniform,cka_low@k2,random_same_ratio,2,middle,delta_d_all,0.0,False,False,91,50,0.1568627450980392,0.9607843137254902,0.3137254901960784,0.09803921568627451,-0.2200280115166111,0.20049843648526927,1.0974051238188918
Qwen3-4B-Base,Qwen,H3d_kvdist_low_vs_uniform,kvdist_low@k2,random_same_ratio,2,all,delta_primary,-0.1506718628199879,False,False,91,50,0.45098039215686275,0.5882352941176471,0.9019607843137255,0.43137254901960786,-0.20768427596361114,0.15756528743957102,0.3618335870169911
Qwen3-4B-Base,Qwen,H3d_kvdist_low_vs_uniform,kvdist_low@k2,random_same_ratio,2,all,delta_auc_all,-0.0009820317460317387,False,False,91,50,0.6078431372549019,0.43137254901960786,0.8627450980392157,0.5882352941176471,-0.001196379047619042,0.0010270912468542987,0.20869353355292508
Qwen3-4B-Base,Qwen,H3d_kvdist_low_vs_uniform,kvdist_low@k2,random_same_ratio,2,all,delta_d_all,-0.1506718628199879,False,False,91,50,0.45098039215686275,0.5882352941176471,0.9019607843137255,0.43137254901960786,-0.20768427596361114,0.15756528743957102,0.3618335870169911
Qwen3-4B-Base,Qwen,H3d_kvdist_low_vs_uniform,kvdist_low@k2,random_same_ratio,2,early,delta_primary,-0.015833007596987515,False,False,91,50,0.3333333333333333,0.7647058823529411,0.6666666666666666,0.28431372549019607,-0.07713972433302828,0.08260416762977596,0.7421746201815344
Qwen3-4B-Base,Qwen,H3d_kvdist_low_vs_uniform,kvdist_low@k2,random_same_ratio,2,early,delta_auc_all,-6.915555555555563e-05,False,False,91,50,0.43137254901960786,0.6666666666666666,0.8627450980392157,0.38235294117647056,-0.0003643413333333336,0.0004050146960809231,0.7288273256109181
Qwen3-4B-Base,Qwen,H3d_kvdist_low_vs_uniform,kvdist_low@k2,random_same_ratio,2,early,delta_d_all,-0.015833007596987515,False,False,91,50,0.3333333333333333,0.7647058823529411,0.6666666666666666,0.28431372549019607,-0.07713972433302828,0.08260416762977596,0.7421746201815344
Qwen3-4B-Base,Qwen,H3d_kvdist_low_vs_uniform,kvdist_low@k2,random_same_ratio,2,late,delta_primary,-0.31097695617441706,False,False,91,50,0.5686274509803921,0.47058823529411764,0.9411764705882353,0.5490196078431373,-0.34039004222236996,0.21512901250835303,0.13672300962572792
Qwen3-4B-Base,Qwen,H3d_kvdist_low_vs_uniform,kvdist_low@k2,random_same_ratio,2,late,delta_auc_all,-0.0025252345679012255,False,False,91,50,0.6862745098039216,0.35294117647058826,0.7058823529411765,0.6666666666666666,-0.002390352592592578,0.0019849844249359857,-0.06795115045449154
Qwen3-4B-Base,Qwen,H3d_kvdist_low_vs_uniform,kvdist_low@k2,random_same_ratio,2,late,delta_d_all,-0.31097695617441706,False,False,91,50,0.5686274509803921,0.47058823529411764,0.9411764705882353,0.5490196078431373,-0.34039004222236996,0.21512901250835303,0.13672300962572792
Qwen3-4B-Base,Qwen,H3d_kvdist_low_vs_uniform,kvdist_low@k2,random_same_ratio,2,middle,delta_primary,-0.140187719713337,False,False,91,50,0.45098039215686275,0.6078431372549019,0.9019607843137255,0.4215686274509804,-0.2200280115166111,0.20049843648526927,0.3982090494213905
Qwen3-4B-Base,Qwen,H3d_kvdist_low_vs_uniform,kvdist_low@k2,random_same_ratio,2,middle,delta_auc_all,-0.0004531358024691216,False,False,91,50,0.45098039215686275,0.6078431372549019,0.9019607843137255,0.4215686274509804,-0.0009268918518518481,0.000932633541122634,0.5079766365816681
Qwen3-4B-Base,Qwen,H3d_kvdist_low_vs_uniform,kvdist_low@k2,random_same_ratio,2,middle,delta_d_all,-0.140187719713337,False,False,91,50,0.45098039215686275,0.6078431372549019,0.9019607843137255,0.4215686274509804,-0.2200280115166111,0.20049843648526927,0.3982090494213905
Qwen3-4B-Base,Qwen,H3d_kvdist_high_vs_uniform,kvdist_high@k2,random_same_ratio,2,all,delta_primary,-0.29499810843746693,False,False,91,50,0.6862745098039216,0.35294117647058826,0.7058823529411765,0.6666666666666666,-0.20768427596361114,0.15756528743957102,-0.5541438339160975
Qwen3-4B-Base,Qwen,H3d_kvdist_high_vs_uniform,kvdist_high@k2,random_same_ratio,2,all,delta_auc_all,-0.0016669206349206322,False,False,91,50,0.7450980392156863,0.29411764705882354,0.5882352941176471,0.7254901960784313,-0.001196379047619042,0.0010270912468542987,-0.45813026714299365
Qwen3-4B-Base,Qwen,H3d_kvdist_high_vs_uniform,kvdist_high@k2,random_same_ratio,2,all,delta_d_all,-0.29499810843746693,False,False,91,50,0.6862745098039216,0.35294117647058826,0.7058823529411765,0.6666666666666666,-0.20768427596361114,0.15756528743957102,-0.5541438339160975
Qwen3-4B-Base,Qwen,H3d_kvdist_high_vs_uniform,kvdist_high@k2,random_same_ratio,2,early,delta_primary,-0.1631269254278375,False,False,91,50,0.9019607843137255,0.29411764705882354,0.5882352941176471,0.803921568627451,-0.07713972433302828,0.08260416762977596,-1.0409547552152052
Qwen3-4B-Base,Qwen,H3d_kvdist_high_vs_uniform,kvdist_high@k2,random_same_ratio,2,early,delta_auc_all,-0.0007493333333333351,False,False,91,50,0.9019607843137255,0.29411764705882354,0.5882352941176471,0.803921568627451,-0.0003643413333333336,0.0004050146960809231,-0.9505630381448653
Qwen3-4B-Base,Qwen,H3d_kvdist_high_vs_uniform,kvdist_high@k2,random_same_ratio,2,early,delta_d_all,-0.1631269254278375,False,False,91,50,0.9019607843137255,0.29411764705882354,0.5882352941176471,0.803921568627451,-0.07713972433302828,0.08260416762977596,-1.0409547552152052
Qwen3-4B-Base,Qwen,H3d_kvdist_high_vs_uniform,kvdist_high@k2,random_same_ratio,2,late,delta_primary,-0.3939542488495532,False,False,91,50,0.6274509803921569,0.4117647058823529,0.8235294117647058,0.6078431372549019,-0.34039004222236996,0.21512901250835303,-0.24898643842891
Qwen3-4B-Base,Qwen,H3d_kvdist_high_vs_uniform,kvdist_high@k2,random_same_ratio,2,late,delta_auc_all,-0.002920493827160494,False,False,91,50,0.7254901960784313,0.3137254901960784,0.6274509803921569,0.7058823529411765,-0.002390352592592578,0.0019849844249359857,-0.2670757653854199
Qwen3-4B-Base,Qwen,H3d_kvdist_high_vs_uniform,kvdist_high@k2,random_same_ratio,2,late,delta_d_all,-0.3939542488495532,False,False,91,50,0.6274509803921569,0.4117647058823529,0.8235294117647058,0.6078431372549019,-0.34039004222236996,0.21512901250835303,-0.24898643842891
Qwen3-4B-Base,Qwen,H3d_kvdist_high_vs_uniform,kvdist_high@k2,random_same_ratio,2,middle,delta_primary,-0.3425655047027465,False,False,91,50,0.7647058823529411,0.3333333333333333,0.6666666666666666,0.7156862745098039,-0.2200280115166111,0.20049843648526927,-0.6111643329205626
Qwen3-4B-Base,Qwen,H3d_kvdist_high_vs_uniform,kvdist_high@k2,random_same_ratio,2,middle,delta_auc_all,-0.0014328888888888785,False,False,91,50,0.7450980392156863,0.35294117647058826,0.7058823529411765,0.696078431372549,-0.0009268918518518481,0.000932633541122634,-0.5425464716055025
Qwen3-4B-Base,Qwen,H3d_kvdist_high_vs_uniform,kvdist_high@k2,random_same_ratio,2,middle,delta_d_all,-0.3425655047027465,False,False,91,50,0.7647058823529411,0.3333333333333333,0.6666666666666666,0.7156862745098039,-0.2200280115166111,0.20049843648526927,-0.6111643329205626
Qwen3-4B-Base,Qwen,H3d_fidelity_high_vs_uniform,fidelity_high@k2,random_same_ratio,2,all,delta_primary,0.007529885954886938,False,False,91,50,0.0392156862745098,1.0,0.0784313725490196,0.0196078431372549,-0.20768427596361114,0.15756528743957102,1.3658729369629488
Qwen3-4B-Base,Qwen,H3d_fidelity_high_vs_uniform,fidelity_high@k2,random_same_ratio,2,all,delta_auc_all,-0.00019752380952380616,False,False,91,50,0.0784313725490196,0.9607843137254902,0.1568627450980392,0.058823529411764705,-0.001196379047619042,0.0010270912468542987,0.972508763125436
Qwen3-4B-Base,Qwen,H3d_fidelity_high_vs_uniform,fidelity_high@k2,random_same_ratio,2,all,delta_d_all,0.007529885954886938,False,False,91,50,0.0392156862745098,1.0,0.0784313725490196,0.0196078431372549,-0.20768427596361114,0.15756528743957102,1.3658729369629488
Qwen3-4B-Base,Qwen,H3d_fidelity_high_vs_uniform,fidelity_high@k2,random_same_ratio,2,early,delta_primary,-0.018727579382429037,False,False,91,50,0.4117647058823529,0.6862745098039216,0.8235294117647058,0.3627450980392157,-0.07713972433302828,0.08260416762977596,0.7071331462644467
Qwen3-4B-Base,Qwen,H3d_fidelity_high_vs_uniform,fidelity_high@k2,random_same_ratio,2,early,delta_auc_all,-0.00020124444444444834,False,False,91,50,0.5490196078431373,0.5490196078431373,1.0,0.5,-0.0003643413333333336,0.0004050146960809231,0.40269375523178064
Qwen3-4B-Base,Qwen,H3d_fidelity_high_vs_uniform,fidelity_high@k2,random_same_ratio,2,early,delta_d_all,-0.018727579382429037,False,False,91,50,0.4117647058823529,0.6862745098039216,0.8235294117647058,0.3627450980392157,-0.07713972433302828,0.08260416762977596,0.7071331462644467
Qwen3-4B-Base,Qwen,H3d_fidelity_high_vs_uniform,fidelity_high@k2,random_same_ratio,2,late,delta_primary,0.030516275603948588,False,False,91,50,0.0392156862745098,1.0,0.0784313725490196,0.0196078431372549,-0.34039004222236996,0.21512901250835303,1.7241110973440508
Qwen3-4B-Base,Qwen,H3d_fidelity_high_vs_uniform,fidelity_high@k2,random_same_ratio,2,late,delta_auc_all,5.846913580247964e-05,False,False,91,50,0.0392156862745098,1.0,0.0784313725490196,0.0196078431372549,-0.002390352592592578,0.0019849844249359857,1.2336730191089689
Qwen3-4B-Base,Qwen,H3d_fidelity_high_vs_uniform,fidelity_high@k2,random_same_ratio,2,late,delta_d_all,0.030516275603948588,False,False,91,50,0.0392156862745098,1.0,0.0784313725490196,0.0196078431372549,-0.34039004222236996,0.21512901250835303,1.7241110973440508
Qwen3-4B-Base,Qwen,H3d_fidelity_high_vs_uniform,fidelity_high@k2,random_same_ratio,2,middle,delta_primary,0.013718457791731926,False,False,91,50,0.058823529411764705,1.0,0.11764705882352941,0.029411764705882353,-0.2200280115166111,0.20049843648526927,1.165826893246205
Qwen3-4B-Base,Qwen,H3d_fidelity_high_vs_uniform,fidelity_high@k2,random_same_ratio,2,middle,delta_auc_all,-0.00044938271604937844,False,False,91,50,0.4117647058823529,0.6470588235294118,0.8235294117647058,0.38235294117647056,-0.0009268918518518481,0.000932633541122634,0.5120008178428583
Qwen3-4B-Base,Qwen,H3d_fidelity_high_vs_uniform,fidelity_high@k2,random_same_ratio,2,middle,delta_d_all,0.013718457791731926,False,False,91,50,0.058823529411764705,1.0,0.11764705882352941,0.029411764705882353,-0.2200280115166111,0.20049843648526927,1.165826893246205
Qwen3-4B-Base,Qwen,H3d_cka_high_vs_uniform,cka_high@k5,random_same_ratio,5,all,delta_primary,-0.2812212893415629,True,False,2002,50,0.23529411764705882,0.803921568627451,0.47058823529411764,0.21568627450980393,-0.4293744319513515,0.21715253241570046,0.6822538100830222
Qwen3-4B-Base,Qwen,H3d_cka_high_vs_uniform,cka_high@k5,random_same_ratio,5,all,delta_auc_all,-0.0019937142857142814,True,False,2002,50,0.23529411764705882,0.803921568627451,0.47058823529411764,0.21568627450980393,-0.0036824736507936454,0.0028570288616775064,0.5910893613051594
Qwen3-4B-Base,Qwen,H3d_cka_high_vs_uniform,cka_high@k5,random_same_ratio,5,all,delta_d_all,-0.2812212893415629,True,False,2002,50,0.23529411764705882,0.803921568627451,0.47058823529411764,0.21568627450980393,-0.4293744319513515,0.21715253241570046,0.6822538100830222
Qwen3-4B-Base,Qwen,H3d_cka_high_vs_uniform,cka_high@k5,random_same_ratio,5,early,delta_primary,-0.03320735169916196,True,False,2002,50,0.39215686274509803,0.7254901960784313,0.7843137254901961,0.3333333333333333,-0.10874669697776511,0.10415610965387223,0.7252512169438042
Qwen3-4B-Base,Qwen,H3d_cka_high_vs_uniform,cka_high@k5,random_same_ratio,5,early,delta_auc_all,-0.0003059555555555593,True,False,2002,50,0.5098039215686274,0.6078431372549019,1.0,0.45098039215686275,-0.0005591537777777789,0.0005490809774112573,0.46113093084369616
Qwen3-4B-Base,Qwen,H3d_cka_high_vs_uniform,cka_high@k5,random_same_ratio,5,early,delta_d_all,-0.03320735169916196,True,False,2002,50,0.39215686274509803,0.7254901960784313,0.7843137254901961,0.3333333333333333,-0.10874669697776511,0.10415610965387223,0.7252512169438042
Qwen3-4B-Base,Qwen,H3d_cka_high_vs_uniform,cka_high@k5,random_same_ratio,5,late,delta_primary,-0.4990304806862831,True,False,2002,50,0.19607843137254902,0.8431372549019608,0.39215686274509803,0.17647058823529413,-0.7708659110561943,0.32143114943776,0.8457034448758295
Qwen3-4B-Base,Qwen,H3d_cka_high_vs_uniform,cka_high@k5,random_same_ratio,5,late,delta_auc_all,-0.0039533827160493674,True,False,2002,50,0.17647058823529413,0.8627450980392157,0.35294117647058826,0.1568627450980392,-0.008288794074074058,0.0064492766399843445,0.6722321897537977
Qwen3-4B-Base,Qwen,H3d_cka_high_vs_uniform,cka_high@k5,random_same_ratio,5,late,delta_d_all,-0.4990304806862831,True,False,2002,50,0.19607843137254902,0.8431372549019608,0.39215686274509803,0.17647058823529413,-0.7708659110561943,0.32143114943776,0.8457034448758295
Qwen3-4B-Base,Qwen,H3d_cka_high_vs_uniform,cka_high@k5,random_same_ratio,5,middle,delta_primary,-0.33898313982173267,True,False,2002,50,0.37254901960784315,0.6666666666666666,0.7450980392156863,0.35294117647058826,-0.4441359917060492,0.28351877245211976,0.3708849716541243
Qwen3-4B-Base,Qwen,H3d_cka_high_vs_uniform,cka_high@k5,random_same_ratio,5,middle,delta_auc_all,-0.0019093333333333308,True,False,2002,50,0.49019607843137253,0.5490196078431373,0.9803921568627451,0.47058823529411764,-0.002546508641975307,0.0022926755170973616,0.27791778814329166
Qwen3-4B-Base,Qwen,H3d_cka_high_vs_uniform,cka_high@k5,random_same_ratio,5,middle,delta_d_all,-0.33898313982173267,True,False,2002,50,0.37254901960784315,0.6666666666666666,0.7450980392156863,0.35294117647058826,-0.4441359917060492,0.28351877245211976,0.3708849716541243
Qwen3-4B-Base,Qwen,H3d_cka_low_vs_uniform,cka_low@k5,random_same_ratio,5,all,delta_primary,-0.5073517936667489,True,False,2002,50,0.7843137254901961,0.2549019607843137,0.5098039215686274,0.7647058823529411,-0.4293744319513515,0.21715253241570046,-0.3590902710087828
Qwen3-4B-Base,Qwen,H3d_cka_low_vs_uniform,cka_low@k5,random_same_ratio,5,all,delta_auc_all,-0.0037973968253968227,True,False,2002,50,0.7450980392156863,0.29411764705882354,0.5882352941176471,0.7254901960784313,-0.0036824736507936454,0.0028570288616775064,-0.04022471601343923
Qwen3-4B-Base,Qwen,H3d_cka_low_vs_uniform,cka_low@k5,random_same_ratio,5,all,delta_d_all,-0.5073517936667489,True,False,2002,50,0.7843137254901961,0.2549019607843137,0.5098039215686274,0.7647058823529411,-0.4293744319513515,0.21715253241570046,-0.3590902710087828
Qwen3-4B-Base,Qwen,H3d_cka_low_vs_uniform,cka_low@k5,random_same_ratio,5,early,delta_primary,-0.27751650541873385,True,False,2002,50,0.9019607843137255,0.17647058823529413,0.35294117647058826,0.8627450980392157,-0.10874669697776511,0.10415610965387223,-1.6203543796117037
Qwen3-4B-Base,Qwen,H3d_cka_low_vs_uniform,cka_low@k5,random_same_ratio,5,early,delta_auc_all,-0.0015879111111111177,True,False,2002,50,0.9607843137254902,0.11764705882352941,0.23529411764705882,0.9215686274509803,-0.0005591537777777789,0.0005490809774112573,-1.8735985686184276
Qwen3-4B-Base,Qwen,H3d_cka_low_vs_uniform,cka_low@k5,random_same_ratio,5,early,delta_d_all,-0.27751650541873385,True,False,2002,50,0.9019607843137255,0.17647058823529413,0.35294117647058826,0.8627450980392157,-0.10874669697776511,0.10415610965387223,-1.6203543796117037
Qwen3-4B-Base,Qwen,H3d_cka_low_vs_uniform,cka_low@k5,random_same_ratio,5,late,delta_primary,-0.7365592772012433,True,False,2002,50,0.47058823529411764,0.5686274509803921,0.9411764705882353,0.45098039215686275,-0.7708659110561943,0.32143114943776,0.10673089373870394
Qwen3-4B-Base,Qwen,H3d_cka_low_vs_uniform,cka_low@k5,random_same_ratio,5,late,delta_auc_all,-0.007407407407407394,True,False,2002,50,0.6470588235294118,0.39215686274509803,0.7843137254901961,0.6274509803921569,-0.008288794074074058,0.0064492766399843445,0.13666442236362245
Qwen3-4B-Base,Qwen,H3d_cka_low_vs_uniform,cka_low@k5,random_same_ratio,5,late,delta_d_all,-0.7365592772012433,True,False,2002,50,0.47058823529411764,0.5686274509803921,0.9411764705882353,0.45098039215686275,-0.7708659110561943,0.32143114943776,0.10673089373870394
Qwen3-4B-Base,Qwen,H3d_cka_low_vs_uniform,cka_low@k5,random_same_ratio,5,middle,delta_primary,-0.5335168526300491,True,False,2002,50,0.7450980392156863,0.3137254901960784,0.6274509803921569,0.7156862745098039,-0.4441359917060492,0.28351877245211976,-0.315255530175147
Qwen3-4B-Base,Qwen,H3d_cka_low_vs_uniform,cka_low@k5,random_same_ratio,5,middle,delta_auc_all,-0.002642370370370369,True,False,2002,50,0.7058823529411765,0.35294117647058826,0.7058823529411765,0.6764705882352942,-0.002546508641975307,0.0022926755170973616,-0.04181216560310627
Qwen3-4B-Base,Qwen,H3d_cka_low_vs_uniform,cka_low@k5,random_same_ratio,5,middle,delta_d_all,-0.5335168526300491,True,False,2002,50,0.7450980392156863,0.3137254901960784,0.6274509803921569,0.7156862745098039,-0.4441359917060492,0.28351877245211976,-0.315255530175147
Qwen3-4B-Base,Qwen,H3d_kvdist_low_vs_uniform,kvdist_low@k5,random_same_ratio,5,all,delta_primary,-0.39904832481275504,True,False,2002,50,0.5098039215686274,0.5098039215686274,1.0,0.5,-0.4293744319513515,0.21715253241570046,0.1396534813627798
Qwen3-4B-Base,Qwen,H3d_kvdist_low_vs_uniform,kvdist_low@k5,random_same_ratio,5,all,delta_auc_all,-0.0028307936507936554,True,False,2002,50,0.5294117647058824,0.49019607843137253,0.9803921568627451,0.5196078431372549,-0.0036824736507936454,0.0028570288616775064,0.2980998937126332
Qwen3-4B-Base,Qwen,H3d_kvdist_low_vs_uniform,kvdist_low@k5,random_same_ratio,5,all,delta_d_all,-0.39904832481275504,True,False,2002,50,0.5098039215686274,0.5098039215686274,1.0,0.5,-0.4293744319513515,0.21715253241570046,0.1396534813627798
Qwen3-4B-Base,Qwen,H3d_kvdist_low_vs_uniform,kvdist_low@k5,random_same_ratio,5,early,delta_primary,-0.06662115379767694,True,False,2002,50,0.5294117647058824,0.5294117647058824,1.0,0.5,-0.10874669697776511,0.10415610965387223,0.4044462040688562
Qwen3-4B-Base,Qwen,H3d_kvdist_low_vs_uniform,kvdist_low@k5,random_same_ratio,5,early,delta_auc_all,-8.071111111110918e-05,True,False,2002,50,0.27450980392156865,0.7843137254901961,0.5490196078431373,0.24509803921568626,-0.0005591537777777789,0.0005490809774112573,0.8713517429111736
Qwen3-4B-Base,Qwen,H3d_kvdist_low_vs_uniform,kvdist_low@k5,random_same_ratio,5,early,delta_d_all,-0.06662115379767694,True,False,2002,50,0.5294117647058824,0.5294117647058824,1.0,0.5,-0.10874669697776511,0.10415610965387223,0.4044462040688562
Qwen3-4B-Base,Qwen,H3d_kvdist_low_vs_uniform,kvdist_low@k5,random_same_ratio,5,late,delta_primary,-0.8268286101813757,True,False,2002,50,0.6862745098039216,0.3333333333333333,0.6666666666666666,0.6764705882352942,-0.7708659110561943,0.32143114943776,-0.17410477865343804
Qwen3-4B-Base,Qwen,H3d_kvdist_low_vs_uniform,kvdist_low@k5,random_same_ratio,5,late,delta_auc_all,-0.007899061728395064,True,False,2002,50,0.6666666666666666,0.35294117647058826,0.7058823529411765,0.6568627450980392,-0.008288794074074058,0.0064492766399843445,0.06043039668398229
Qwen3-4B-Base,Qwen,H3d_kvdist_low_vs_uniform,kvdist_low@k5,random_same_ratio,5,late,delta_d_all,-0.8268286101813757,True,False,2002,50,0.6862745098039216,0.3333333333333333,0.6666666666666666,0.6764705882352942,-0.7708659110561943,0.32143114943776,-0.17410477865343804
Qwen3-4B-Base,Qwen,H3d_kvdist_low_vs_uniform,kvdist_low@k5,random_same_ratio,5,middle,delta_primary,-0.34063156279422135,True,False,2002,50,0.39215686274509803,0.6470588235294118,0.7843137254901961,0.37254901960784315,-0.4441359917060492,0.28351877245211976,0.36507081353601567
Qwen3-4B-Base,Qwen,H3d_kvdist_low_vs_uniform,kvdist_low@k5,random_same_ratio,5,middle,delta_auc_all,-0.0008181728395061865,True,False,2002,50,0.19607843137254902,0.8431372549019608,0.39215686274509803,0.17647058823529413,-0.002546508641975307,0.0022926755170973616,0.7538510310683988
Qwen3-4B-Base,Qwen,H3d_kvdist_low_vs_uniform,kvdist_low@k5,random_same_ratio,5,middle,delta_d_all,-0.34063156279422135,True,False,2002,50,0.39215686274509803,0.6470588235294118,0.7843137254901961,0.37254901960784315,-0.4441359917060492,0.28351877245211976,0.36507081353601567
Qwen3-4B-Base,Qwen,H3d_kvdist_high_vs_uniform,kvdist_high@k5,random_same_ratio,5,all,delta_primary,-0.47905453027850625,True,False,2002,50,0.7058823529411765,0.3137254901960784,0.6274509803921569,0.696078431372549,-0.4293744319513515,0.21715253241570046,-0.22877973272745866
Qwen3-4B-Base,Qwen,H3d_kvdist_high_vs_uniform,kvdist_high@k5,random_same_ratio,5,all,delta_auc_all,-0.003742920634920643,True,False,2002,50,0.7254901960784313,0.29411764705882354,0.5882352941176471,0.7156862745098039,-0.0036824736507936454,0.0028570288616775064,-0.021157288586684378
Qwen3-4B-Base,Qwen,H3d_kvdist_high_vs_uniform,kvdist_high@k5,random_same_ratio,5,all,delta_d_all,-0.47905453027850625,True,False,2002,50,0.7058823529411765,0.3137254901960784,0.6274509803921569,0.696078431372549,-0.4293744319513515,0.21715253241570046,-0.22877973272745866
Qwen3-4B-Base,Qwen,H3d_kvdist_high_vs_uniform,kvdist_high@k5,random_same_ratio,5,early,delta_primary,-0.27751650541873385,True,False,2002,50,0.9019607843137255,0.17647058823529413,0.35294117647058826,0.8627450980392157,-0.10874669697776511,0.10415610965387223,-1.6203543796117037
Qwen3-4B-Base,Qwen,H3d_kvdist_high_vs_uniform,kvdist_high@k5,random_same_ratio,5,early,delta_auc_all,-0.0015879111111111177,True,False,2002,50,0.9607843137254902,0.11764705882352941,0.23529411764705882,0.9215686274509803,-0.0005591537777777789,0.0005490809774112573,-1.8735985686184276
Qwen3-4B-Base,Qwen,H3d_kvdist_high_vs_uniform,kvdist_high@k5,random_same_ratio,5,early,delta_d_all,-0.27751650541873385,True,False,2002,50,0.9019607843137255,0.17647058823529413,0.35294117647058826,0.8627450980392157,-0.10874669697776511,0.10415610965387223,-1.6203543796117037
Qwen3-4B-Base,Qwen,H3d_kvdist_high_vs_uniform,kvdist_high@k5,random_same_ratio,5,late,delta_primary,-0.688454198142489,True,False,2002,50,0.37254901960784315,0.6470588235294118,0.7450980392156863,0.3627450980392157,-0.7708659110561943,0.32143114943776,0.25638993936293347
Qwen3-4B-Base,Qwen,H3d_kvdist_high_vs_uniform,kvdist_high@k5,random_same_ratio,5,late,delta_auc_all,-0.007585382716049398,True,False,2002,50,0.6470588235294118,0.37254901960784315,0.7450980392156863,0.6372549019607843,-0.008288794074074058,0.0064492766399843445,0.10906825637834136
Qwen3-4B-Base,Qwen,H3d_kvdist_high_vs_uniform,kvdist_high@k5,random_same_ratio,5,late,delta_d_all,-0.688454198142489,True,False,2002,50,0.37254901960784315,0.6470588235294118,0.7450980392156863,0.3627450980392157,-0.7708659110561943,0.32143114943776,0.25638993936293347
Qwen3-4B-Base,Qwen,H3d_kvdist_high_vs_uniform,kvdist_high@k5,random_same_ratio,5,middle,delta_primary,-0.4935860011476041,True,False,2002,50,0.6470588235294118,0.37254901960784315,0.7450980392156863,0.6372549019607843,-0.4441359917060492,0.28351877245211976,-0.17441529184775909
Qwen3-4B-Base,Qwen,H3d_kvdist_high_vs_uniform,kvdist_high@k5,random_same_ratio,5,middle,delta_auc_all,-0.0022949135802469156,True,False,2002,50,0.5882352941176471,0.43137254901960786,0.8627450980392157,0.5784313725490197,-0.002546508641975307,0.0022926755170973616,0.10973862626967941
Qwen3-4B-Base,Qwen,H3d_kvdist_high_vs_uniform,kvdist_high@k5,random_same_ratio,5,middle,delta_d_all,-0.4935860011476041,True,False,2002,50,0.6470588235294118,0.37254901960784315,0.7450980392156863,0.6372549019607843,-0.4441359917060492,0.28351877245211976,-0.17441529184775909
Qwen3-4B-Base,Qwen,H3d_fidelity_high_vs_uniform,fidelity_high@k5,random_same_ratio,5,all,delta_primary,-0.3840406614258261,True,False,2002,50,0.5098039215686274,0.5098039215686274,1.0,0.5,-0.4293744319513515,0.21715253241570046,0.20876464124646651
Qwen3-4B-Base,Qwen,H3d_fidelity_high_vs_uniform,fidelity_high@k5,random_same_ratio,5,all,delta_auc_all,-0.002618285714285704,True,False,2002,50,0.47058823529411764,0.5490196078431373,0.9411764705882353,0.46078431372549017,-0.0036824736507936454,0.0028570288616775064,0.37248063916410795
Qwen3-4B-Base,Qwen,H3d_fidelity_high_vs_uniform,fidelity_high@k5,random_same_ratio,5,all,delta_d_all,-0.3840406614258261,True,False,2002,50,0.5098039215686274,0.5098039215686274,1.0,0.5,-0.4293744319513515,0.21715253241570046,0.20876464124646651
Qwen3-4B-Base,Qwen,H3d_fidelity_high_vs_uniform,fidelity_high@k5,random_same_ratio,5,early,delta_primary,-0.09272241095562972,True,False,2002,50,0.6078431372549019,0.45098039215686275,0.9019607843137255,0.5784313725490197,-0.10874669697776511,0.10415610965387223,0.15384873797021326
Qwen3-4B-Base,Qwen,H3d_fidelity_high_vs_uniform,fidelity_high@k5,random_same_ratio,5,early,delta_auc_all,-0.0003772444444444356,True,False,2002,50,0.5490196078431373,0.5098039215686274,1.0,0.5196078431372549,-0.0005591537777777789,0.0005490809774112573,0.3312978245776936
Qwen3-4B-Base,Qwen,H3d_fidelity_high_vs_uniform,fidelity_high@k5,random_same_ratio,5,early,delta_d_all,-0.09272241095562972,True,False,2002,50,0.6078431372549019,0.45098039215686275,0.9019607843137255,0.5784313725490197,-0.10874669697776511,0.10415610965387223,0.15384873797021326
Qwen3-4B-Base,Qwen,H3d_fidelity_high_vs_uniform,fidelity_high@k5,random_same_ratio,5,late,delta_primary,-0.6867676117840694,True,False,2002,50,0.37254901960784315,0.6470588235294118,0.7450980392156863,0.3627450980392157,-0.7708659110561943,0.32143114943776,0.26163705483811284
Qwen3-4B-Base,Qwen,H3d_fidelity_high_vs_uniform,fidelity_high@k5,random_same_ratio,5,late,delta_auc_all,-0.005136197530864164,True,False,2002,50,0.3137254901960784,0.7058823529411765,0.6274509803921569,0.30392156862745096,-0.008288794074074058,0.0064492766399843445,0.4888294795209075
Qwen3-4B-Base,Qwen,H3d_fidelity_high_vs_uniform,fidelity_high@k5,random_same_ratio,5,late,delta_d_all,-0.6867676117840694,True,False,2002,50,0.37254901960784315,0.6470588235294118,0.7450980392156863,0.3627450980392157,-0.7708659110561943,0.32143114943776,0.26163705483811284
Qwen3-4B-Base,Qwen,H3d_fidelity_high_vs_uniform,fidelity_high@k5,random_same_ratio,5,middle,delta_primary,-0.4050006560344677,True,False,2002,50,0.49019607843137253,0.5294117647058824,0.9803921568627451,0.4803921568627451,-0.4441359917060492,0.28351877245211976,0.1380343718798748
Qwen3-4B-Base,Qwen,H3d_fidelity_high_vs_uniform,fidelity_high@k5,random_same_ratio,5,middle,delta_auc_all,-0.002590419753086431,True,False,2002,50,0.6470588235294118,0.37254901960784315,0.7450980392156863,0.6372549019607843,-0.002546508641975307,0.0022926755170973616,-0.01915278057608326
Qwen3-4B-Base,Qwen,H3d_fidelity_high_vs_uniform,fidelity_high@k5,random_same_ratio,5,middle,delta_d_all,-0.4050006560344677,True,False,2002,50,0.49019607843137253,0.5294117647058824,0.9803921568627451,0.4803921568627451,-0.4441359917060492,0.28351877245211976,0.1380343718798748
Qwen3-4B-Base,Qwen,H3d_cka_high_vs_uniform,cka_high@k7,random_same_ratio,7,all,delta_primary,-0.4611998001277919,False,False,3432,50,0.2549019607843137,0.7647058823529411,0.5098039215686274,0.24509803921568626,-0.6679028901399903,0.25295734675904763,0.8171460234720586
Qwen3-4B-Base,Qwen,H3d_cka_high_vs_uniform,cka_high@k7,random_same_ratio,7,all,delta_auc_all,-0.004739238095238094,False,False,3432,50,0.37254901960784315,0.6470588235294118,0.7450980392156863,0.3627450980392157,-0.008444780952380949,0.005988998913974511,0.6187249171971757
Qwen3-4B-Base,Qwen,H3d_cka_high_vs_uniform,cka_high@k7,random_same_ratio,7,all,delta_d_all,-0.4611998001277919,False,False,3432,50,0.2549019607843137,0.7647058823529411,0.5098039215686274,0.24509803921568626,-0.6679028901399903,0.25295734675904763,0.8171460234720586
Qwen3-4B-Base,Qwen,H3d_cka_high_vs_uniform,cka_high@k7,random_same_ratio,7,early,delta_primary,-0.03320735169916196,False,False,3432,50,0.21568627450980393,0.9215686274509803,0.43137254901960786,0.14705882352941177,-0.15810552054331983,0.12800693913862132,0.9757140486649954
Qwen3-4B-Base,Qwen,H3d_cka_high_vs_uniform,cka_high@k7,random_same_ratio,7,early,delta_auc_all,-0.0003059555555555593,False,False,3432,50,0.3137254901960784,0.8235294117647058,0.6274509803921569,0.24509803921568626,-0.0008775537777777797,0.0007348170835592735,0.7778782434582754
Qwen3-4B-Base,Qwen,H3d_cka_high_vs_uniform,cka_high@k7,random_same_ratio,7,early,delta_d_all,-0.03320735169916196,False,False,3432,50,0.21568627450980393,0.9215686274509803,0.43137254901960786,0.14705882352941177,-0.15810552054331983,0.12800693913862132,0.9757140486649954
Qwen3-4B-Base,Qwen,H3d_cka_high_vs_uniform,cka_high@k7,random_same_ratio,7,late,delta_primary,-1.0213903869733398,False,False,3432,50,0.35294117647058826,0.6666666666666666,0.7058823529411765,0.3431372549019608,-1.2131915053263709,0.38368144030787776,0.4998967846845131
Qwen3-4B-Base,Qwen,H3d_cka_high_vs_uniform,cka_high@k7,random_same_ratio,7,late,delta_auc_all,-0.012150913580246904,False,False,3432,50,0.35294117647058826,0.6666666666666666,0.7058823529411765,0.3431372549019608,-0.020592300246913563,0.01503168810477512,0.5615727660012505
Qwen3-4B-Base,Qwen,H3d_cka_high_vs_uniform,cka_high@k7,random_same_ratio,7,late,delta_d_all,-1.0213903869733398,False,False,3432,50,0.35294117647058826,0.6666666666666666,0.7058823529411765,0.3431372549019608,-1.2131915053263709,0.38368144030787776,0.4998967846845131
Qwen3-4B-Base,Qwen,H3d_cka_high_vs_uniform,cka_high@k7,random_same_ratio,7,middle,delta_primary,-0.3765563782029438,False,False,3432,50,0.1568627450980392,0.8627450980392157,0.3137254901960784,0.14705882352941177,-0.6890557967276876,0.32997455489283933,0.9470409578284886
Qwen3-4B-Base,Qwen,H3d_cka_high_vs_uniform,cka_high@k7,random_same_ratio,7,middle,delta_auc_all,-0.002253432098765434,False,False,3432,50,0.19607843137254902,0.8235294117647058,0.39215686274509803,0.18627450980392157,-0.004705291851851854,0.003716501059044836,0.6597226030971625
Qwen3-4B-Base,Qwen,H3d_cka_high_vs_uniform,cka_high@k7,random_same_ratio,7,middle,delta_d_all,-0.3765563782029438,False,False,3432,50,0.1568627450980392,0.8627450980392157,0.3137254901960784,0.14705882352941177,-0.6890557967276876,0.32997455489283933,0.9470409578284886
Qwen3-4B-Base,Qwen,H3d_cka_low_vs_uniform,cka_low@k7,random_same_ratio,7,all,delta_primary,-1.0923807259491132,False,False,3432,50,0.9607843137254902,0.058823529411764705,0.11764705882352941,0.9509803921568627,-0.6679028901399903,0.25295734675904763,-1.6780609112470477
Qwen3-4B-Base,Qwen,H3d_cka_low_vs_uniform,cka_low@k7,random_same_ratio,7,all,delta_auc_all,-0.016493269841269847,False,False,3432,50,0.9215686274509803,0.09803921568627451,0.19607843137254902,0.9117647058823529,-0.008444780952380949,0.005988998913974511,-1.3438788359284635
Qwen3-4B-Base,Qwen,H3d_cka_low_vs_uniform,cka_low@k7,random_same_ratio,7,all,delta_d_all,-1.0923807259491132,False,False,3432,50,0.9607843137254902,0.058823529411764705,0.11764705882352941,0.9509803921568627,-0.6679028901399903,0.25295734675904763,-1.6780609112470477
Qwen3-4B-Base,Qwen,H3d_cka_low_vs_uniform,cka_low@k7,random_same_ratio,7,early,delta_primary,-0.3868687067961468,False,False,3432,50,0.9607843137254902,0.09803921568627451,0.19607843137254902,0.9313725490196079,-0.15810552054331983,0.12800693913862132,-1.7871155094576137
Qwen3-4B-Base,Qwen,H3d_cka_low_vs_uniform,cka_low@k7,random_same_ratio,7,early,delta_auc_all,-0.00218275555555556,False,False,3432,50,0.9607843137254902,0.09803921568627451,0.19607843137254902,0.9313725490196079,-0.0008775537777777797,0.0007348170835592735,-1.7762267739553679
Qwen3-4B-Base,Qwen,H3d_cka_low_vs_uniform,cka_low@k7,random_same_ratio,7,early,delta_d_all,-0.3868687067961468,False,False,3432,50,0.9607843137254902,0.09803921568627451,0.19607843137254902,0.9313725490196079,-0.15810552054331983,0.12800693913862132,-1.7871155094576137
Qwen3-4B-Base,Qwen,H3d_cka_low_vs_uniform,cka_low@k7,random_same_ratio,7,late,delta_primary,-1.6725119802738777,False,False,3432,50,0.8823529411764706,0.13725490196078433,0.27450980392156865,0.8725490196078431,-1.2131915053263709,0.38368144030787776,-1.1971401967708784
Qwen3-4B-Base,Qwen,H3d_cka_low_vs_uniform,cka_low@k7,random_same_ratio,7,late,delta_auc_all,-0.036322765432098766,False,False,3432,50,0.8823529411764706,0.13725490196078433,0.27450980392156865,0.8725490196078431,-0.020592300246913563,0.01503168810477512,-1.0464869331734006
Qwen3-4B-Base,Qwen,H3d_cka_low_vs_uniform,cka_low@k7,random_same_ratio,7,late,delta_d_all,-1.6725119802738777,False,False,3432,50,0.8823529411764706,0.13725490196078433,0.27450980392156865,0.8725490196078431,-1.2131915053263709,0.38368144030787776,-1.1971401967708784
Qwen3-4B-Base,Qwen,H3d_cka_low_vs_uniform,cka_low@k7,random_same_ratio,7,middle,delta_primary,-1.296151715127644,False,False,3432,50,0.9607843137254902,0.058823529411764705,0.11764705882352941,0.9509803921568627,-0.6890557967276876,0.32997455489283933,-1.8398264635802404
Qwen3-4B-Base,Qwen,H3d_cka_low_vs_uniform,cka_low@k7,random_same_ratio,7,middle,delta_auc_all,-0.01256434567901236,False,False,3432,50,0.9607843137254902,0.058823529411764705,0.11764705882352941,0.9509803921568627,-0.004705291851851854,0.003716501059044836,-2.1146378548807223
Qwen3-4B-Base,Qwen,H3d_cka_low_vs_uniform,cka_low@k7,random_same_ratio,7,middle,delta_d_all,-1.296151715127644,False,False,3432,50,0.9607843137254902,0.058823529411764705,0.11764705882352941,0.9509803921568627,-0.6890557967276876,0.32997455489283933,-1.8398264635802404
Qwen3-4B-Base,Qwen,H3d_kvdist_low_vs_uniform,kvdist_low@k7,random_same_ratio,7,all,delta_primary,-0.7607245048069153,False,False,3432,50,0.7058823529411765,0.3333333333333333,0.6666666666666666,0.6862745098039216,-0.6679028901399903,0.25295734675904763,-0.3669457157745314
Qwen3-4B-Base,Qwen,H3d_kvdist_low_vs_uniform,kvdist_low@k7,random_same_ratio,7,all,delta_auc_all,-0.007902793650793648,False,False,3432,50,0.6274509803921569,0.4117647058823529,0.8235294117647058,0.6078431372549019,-0.008444780952380949,0.005988998913974511,0.09049714474361444
Qwen3-4B-Base,Qwen,H3d_kvdist_low_vs_uniform,kvdist_low@k7,random_same_ratio,7,all,delta_d_all,-0.7607245048069153,False,False,3432,50,0.7058823529411765,0.3333333333333333,0.6666666666666666,0.6862745098039216,-0.6679028901399903,0.25295734675904763,-0.3669457157745314
Qwen3-4B-Base,Qwen,H3d_kvdist_low_vs_uniform,kvdist_low@k7,random_same_ratio,7,early,delta_primary,-0.11000562375884844,False,False,3432,50,0.5686274509803921,0.49019607843137253,0.9803921568627451,0.5392156862745098,-0.15810552054331983,0.12800693913862132,0.3757600729159146
Qwen3-4B-Base,Qwen,H3d_kvdist_low_vs_uniform,kvdist_low@k7,random_same_ratio,7,early,delta_auc_all,-0.0005354666666666508,False,False,3432,50,0.49019607843137253,0.5686274509803921,0.9803921568627451,0.46078431372549017,-0.0008775537777777797,0.0007348170835592735,0.4655404981252518
Qwen3-4B-Base,Qwen,H3d_kvdist_low_vs_uniform,kvdist_low@k7,random_same_ratio,7,early,delta_d_all,-0.11000562375884844,False,False,3432,50,0.5686274509803921,0.49019607843137253,0.9803921568627451,0.5392156862745098,-0.15810552054331983,0.12800693913862132,0.3757600729159146
Qwen3-4B-Base,Qwen,H3d_kvdist_low_vs_uniform,kvdist_low@k7,random_same_ratio,7,late,delta_primary,-1.3334133299852688,False,False,3432,50,0.6666666666666666,0.37254901960784315,0.7450980392156863,0.6470588235294118,-1.2131915053263709,0.38368144030787776,-0.3133376077884515
Qwen3-4B-Base,Qwen,H3d_kvdist_low_vs_uniform,kvdist_low@k7,random_same_ratio,7,late,delta_auc_all,-0.018816987654320976,False,False,3432,50,0.5882352941176471,0.45098039215686275,0.9019607843137255,0.5686274509803921,-0.020592300246913563,0.01503168810477512,0.11810467195820962
Qwen3-4B-Base,Qwen,H3d_kvdist_low_vs_uniform,kvdist_low@k7,random_same_ratio,7,late,delta_d_all,-1.3334133299852688,False,False,3432,50,0.6666666666666666,0.37254901960784315,0.7450980392156863,0.6470588235294118,-1.2131915053263709,0.38368144030787776,-0.3133376077884515
Qwen3-4B-Base,Qwen,H3d_kvdist_low_vs_uniform,kvdist_low@k7,random_same_ratio,7,middle,delta_primary,-0.911056658570858,False,False,3432,50,0.7058823529411765,0.3333333333333333,0.6666666666666666,0.6862745098039216,-0.6890557967276876,0.32997455489283933,-0.672781760142888
Qwen3-4B-Base,Qwen,H3d_kvdist_low_vs_uniform,kvdist_low@k7,random_same_ratio,7,middle,delta_auc_all,-0.005174518518518541,False,False,3432,50,0.6470588235294118,0.39215686274509803,0.7843137254901961,0.6274509803921569,-0.004705291851851854,0.003716501059044836,-0.12625495303566012
Qwen3-4B-Base,Qwen,H3d_kvdist_low_vs_uniform,kvdist_low@k7,random_same_ratio,7,middle,delta_d_all,-0.911056658570858,False,False,3432,50,0.7058823529411765,0.3333333333333333,0.6666666666666666,0.6862745098039216,-0.6890557967276876,0.32997455489283933,-0.672781760142888
Qwen3-4B-Base,Qwen,H3d_kvdist_high_vs_uniform,kvdist_high@k7,random_same_ratio,7,all,delta_primary,-0.622490625668056,False,False,3432,50,0.5294117647058824,0.49019607843137253,0.9803921568627451,0.5196078431372549,-0.6679028901399903,0.25295734675904763,0.17952538265350845
Qwen3-4B-Base,Qwen,H3d_kvdist_high_vs_uniform,kvdist_high@k7,random_same_ratio,7,all,delta_auc_all,-0.006230793650793646,False,False,3432,50,0.45098039215686275,0.5686274509803921,0.9019607843137255,0.4411764705882353,-0.008444780952380949,0.005988998913974511,0.3696756892744239
Qwen3-4B-Base,Qwen,H3d_kvdist_high_vs_uniform,kvdist_high@k7,random_same_ratio,7,all,delta_d_all,-0.622490625668056,False,False,3432,50,0.5294117647058824,0.49019607843137253,0.9803921568627451,0.5196078431372549,-0.6679028901399903,0.25295734675904763,0.17952538265350845
Qwen3-4B-Base,Qwen,H3d_kvdist_high_vs_uniform,kvdist_high@k7,random_same_ratio,7,early,delta_primary,-0.27751650541873385,False,False,3432,50,0.803921568627451,0.3137254901960784,0.6274509803921569,0.7450980392156863,-0.15810552054331983,0.12800693913862132,-0.9328477477779656
Qwen3-4B-Base,Qwen,H3d_kvdist_high_vs_uniform,kvdist_high@k7,random_same_ratio,7,early,delta_auc_all,-0.0015879111111111177,False,False,3432,50,0.8431372549019608,0.27450980392156865,0.5490196078431373,0.7843137254901961,-0.0008775537777777797,0.0007348170835592735,-0.9667131443005402
Qwen3-4B-Base,Qwen,H3d_kvdist_high_vs_uniform,kvdist_high@k7,random_same_ratio,7,early,delta_d_all,-0.27751650541873385,False,False,3432,50,0.803921568627451,0.3137254901960784,0.6274509803921569,0.7450980392156863,-0.15810552054331983,0.12800693913862132,-0.9328477477779656
Qwen3-4B-Base,Qwen,H3d_kvdist_high_vs_uniform,kvdist_high@k7,random_same_ratio,7,late,delta_primary,-1.0503404669066119,False,False,3432,50,0.37254901960784315,0.6470588235294118,0.7450980392156863,0.3627450980392157,-1.2131915053263709,0.38368144030787776,0.4244433566791303
Qwen3-4B-Base,Qwen,H3d_kvdist_high_vs_uniform,kvdist_high@k7,random_same_ratio,7,late,delta_auc_all,-0.014666666666666642,False,False,3432,50,0.47058823529411764,0.5490196078431373,0.9411764705882353,0.46078431372549017,-0.020592300246913563,0.01503168810477512,0.394209455314904
Qwen3-4B-Base,Qwen,H3d_kvdist_high_vs_uniform,kvdist_high@k7,random_same_ratio,7,late,delta_d_all,-1.0503404669066119,False,False,3432,50,0.37254901960784315,0.6470588235294118,0.7450980392156863,0.3627450980392157,-1.2131915053263709,0.38368144030787776,0.4244433566791303
Qwen3-4B-Base,Qwen,H3d_kvdist_high_vs_uniform,kvdist_high@k7,random_same_ratio,7,middle,delta_primary,-0.5779453624843024,False,False,3432,50,0.5294117647058824,0.5098039215686274,1.0,0.5098039215686274,-0.6890557967276876,0.32997455489283933,0.3367242491757244
Qwen3-4B-Base,Qwen,H3d_kvdist_high_vs_uniform,kvdist_high@k7,random_same_ratio,7,middle,delta_auc_all,-0.002953679012345679,False,False,3432,50,0.37254901960784315,0.6666666666666666,0.7450980392156863,0.35294117647058826,-0.004705291851851854,0.003716501059044836,0.4713069663314856
Qwen3-4B-Base,Qwen,H3d_kvdist_high_vs_uniform,kvdist_high@k7,random_same_ratio,7,middle,delta_d_all,-0.5779453624843024,False,False,3432,50,0.5294117647058824,0.5098039215686274,1.0,0.5098039215686274,-0.6890557967276876,0.32997455489283933,0.3367242491757244
Qwen3-4B-Base,Qwen,H3d_fidelity_high_vs_uniform,fidelity_high@k7,random_same_ratio,7,all,delta_primary,-0.9843235476495146,False,False,3432,50,0.9019607843137255,0.11764705882352941,0.23529411764705882,0.8921568627450981,-0.6679028901399903,0.25295734675904763,-1.250885422240486
Qwen3-4B-Base,Qwen,H3d_fidelity_high_vs_uniform,fidelity_high@k7,random_same_ratio,7,all,delta_auc_all,-0.011223428571428579,False,False,3432,50,0.7843137254901961,0.23529411764705882,0.47058823529411764,0.7745098039215687,-0.008444780952380949,0.005988998913974511,-0.46395861127375304
Qwen3-4B-Base,Qwen,H3d_fidelity_high_vs_uniform,fidelity_high@k7,random_same_ratio,7,all,delta_d_all,-0.9843235476495146,False,False,3432,50,0.9019607843137255,0.11764705882352941,0.23529411764705882,0.8921568627450981,-0.6679028901399903,0.25295734675904763,-1.250885422240486
Qwen3-4B-Base,Qwen,H3d_fidelity_high_vs_uniform,fidelity_high@k7,random_same_ratio,7,early,delta_primary,-0.4394053920471176,False,False,3432,50,0.9803921568627451,0.058823529411764705,0.11764705882352941,0.9607843137254902,-0.15810552054331983,0.12800693913862132,-2.197536113250645
Qwen3-4B-Base,Qwen,H3d_fidelity_high_vs_uniform,fidelity_high@k7,random_same_ratio,7,early,delta_auc_all,-0.0026940444444444656,False,False,3432,50,0.9803921568627451,0.058823529411764705,0.11764705882352941,0.9607843137254902,-0.0008775537777777797,0.0007348170835592735,-2.4720310772689866
Qwen3-4B-Base,Qwen,H3d_fidelity_high_vs_uniform,fidelity_high@k7,random_same_ratio,7,early,delta_d_all,-0.4394053920471176,False,False,3432,50,0.9803921568627451,0.058823529411764705,0.11764705882352941,0.9607843137254902,-0.15810552054331983,0.12800693913862132,-2.197536113250645
Qwen3-4B-Base,Qwen,H3d_fidelity_high_vs_uniform,fidelity_high@k7,random_same_ratio,7,late,delta_primary,-1.4524178922449469,False,False,3432,50,0.7647058823529411,0.2549019607843137,0.5098039215686274,0.7549019607843137,-1.2131915053263709,0.38368144030787776,-0.6235026294902704
Qwen3-4B-Base,Qwen,H3d_fidelity_high_vs_uniform,fidelity_high@k7,random_same_ratio,7,late,delta_auc_all,-0.022478419753086423,False,False,3432,50,0.7058823529411765,0.3137254901960784,0.6274509803921569,0.696078431372549,-0.020592300246913563,0.01503168810477512,-0.12547622682336623
Qwen3-4B-Base,Qwen,H3d_fidelity_high_vs_uniform,fidelity_high@k7,random_same_ratio,7,late,delta_d_all,-1.4524178922449469,False,False,3432,50,0.7647058823529411,0.2549019607843137,0.5098039215686274,0.7549019607843137,-1.2131915053263709,0.38368144030787776,-0.6235026294902704
Qwen3-4B-Base,Qwen,H3d_fidelity_high_vs_uniform,fidelity_high@k7,random_same_ratio,7,middle,delta_primary,-1.1216938203900786,False,False,3432,50,0.9411764705882353,0.0784313725490196,0.1568627450980392,0.9313725490196079,-0.6890557967276876,0.32997455489283933,-1.3111254102695649
Qwen3-4B-Base,Qwen,H3d_fidelity_high_vs_uniform,fidelity_high@k7,random_same_ratio,7,middle,delta_auc_all,-0.009445530864197527,False,False,3432,50,0.9411764705882353,0.0784313725490196,0.1568627450980392,0.9313725490196079,-0.004705291851851854,0.003716501059044836,-1.2754574630913582
Qwen3-4B-Base,Qwen,H3d_fidelity_high_vs_uniform,fidelity_high@k7,random_same_ratio,7,middle,delta_d_all,-1.1216938203900786,False,False,3432,50,0.9411764705882353,0.0784313725490196,0.1568627450980392,0.9313725490196079,-0.6890557967276876,0.32997455489283933,-1.3111254102695649
Qwen3-4B-Base,Qwen,H4_own_head_vs_random_source,full,random_source,14,all,delta_primary,-1.624346179300323,True,False,87178291200,50,0.9411764705882353,0.0784313725490196,0.1568627450980392,0.9313725490196079,-1.3481098727125576,0.18649234986252733,-1.4812205797792397
Qwen3-4B-Base,Qwen,H4_own_head_vs_random_source,full,random_source,14,all,delta_auc_all,-0.06078000000000001,True,False,87178291200,50,0.9607843137254902,0.058823529411764705,0.11764705882352941,0.9509803921568627,-0.036069638730158726,0.014158009289248657,-1.745327380778447
Qwen3-4B-Base,Qwen,H4_own_head_vs_random_source,full,random_source,14,all,delta_d_all,-1.624346179300323,True,False,87178291200,50,0.9411764705882353,0.0784313725490196,0.1568627450980392,0.9313725490196079,-1.3481098727125576,0.18649234986252733,-1.4812205797792397
Qwen3-4B-Base,Qwen,H4_own_head_vs_random_source,full,random_source,14,early,delta_primary,-0.4685432902306492,True,False,87178291200,50,0.8823529411764706,0.13725490196078433,0.27450980392156865,0.8725490196078431,-0.4063171193086378,0.05622151743004467,-1.106803476079034
Qwen3-4B-Base,Qwen,H4_own_head_vs_random_source,full,random_source,14,early,delta_auc_all,-0.0029683555555555683,True,False,87178291200,50,0.7647058823529411,0.2549019607843137,0.5098039215686274,0.7549019607843137,-0.0025831360000000084,0.00048775443888895856,-0.7897817525413816
Qwen3-4B-Base,Qwen,H4_own_head_vs_random_source,full,random_source,14,early,delta_d_all,-0.4685432902306492,True,False,87178291200,50,0.8823529411764706,0.13725490196078433,0.27450980392156865,0.8725490196078431,-0.4063171193086378,0.05622151743004467,-1.106803476079034
Qwen3-4B-Base,Qwen,H4_own_head_vs_random_source,full,random_source,14,late,delta_primary,-2.7406535505088105,True,False,87178291200,50,0.9411764705882353,0.0784313725490196,0.1568627450980392,0.9313725490196079,-2.239340782851011,0.330479351532541,-1.5169261417787467
Qwen3-4B-Base,Qwen,H4_own_head_vs_random_source,full,random_source,14,late,delta_auc_all,-0.16147614814814812,True,False,87178291200,50,0.9607843137254902,0.058823529411764705,0.11764705882352941,0.9509803921568627,-0.09077115654320986,0.03852684607732829,-1.8352135926990838
Qwen3-4B-Base,Qwen,H4_own_head_vs_random_source,full,random_source,14,late,delta_d_all,-2.7406535505088105,True,False,87178291200,50,0.9411764705882353,0.0784313725490196,0.1568627450980392,0.9313725490196079,-2.239340782851011,0.330479351532541,-1.5169261417787467
Qwen3-4B-Base,Qwen,H4_own_head_vs_random_source,full,random_source,14,middle,delta_primary,-1.792264240391474,True,False,87178291200,50,0.9019607843137255,0.11764705882352941,0.23529411764705882,0.8921568627450981,-1.503315355245126,0.2361555060433023,-1.223553454194565
Qwen3-4B-Base,Qwen,H4_own_head_vs_random_source,full,random_source,14,middle,delta_auc_all,-0.024319012345679028,True,False,87178291200,50,0.8431372549019608,0.17647058823529413,0.35294117647058826,0.8333333333333334,-0.01857534617283951,0.006769804214076419,-0.8484242662286663
Qwen3-4B-Base,Qwen,H4_own_head_vs_random_source,full,random_source,14,middle,delta_d_all,-1.792264240391474,True,False,87178291200,50,0.9019607843137255,0.11764705882352941,0.23529411764705882,0.8921568627450981,-1.503315355245126,0.2361555060433023,-1.223553454194565
Qwen3-4B-Base,Qwen,H3e_kvsharer_dissimilar_vs_random_pairs,kvsharer_dissimilar@k5,random_pairs,5,all,delta_primary,-0.20206136525768392,True,False,291172239540,50,0.5686274509803921,0.45098039215686275,0.9019607843137255,0.5588235294117647,-0.23219029023533078,0.1557397379051112,0.19345688764420385
Qwen3-4B-Base,Qwen,H3e_kvsharer_dissimilar_vs_random_pairs,kvsharer_dissimilar@k5,random_pairs,5,all,delta_auc_all,-0.0012902222222222243,True,False,291172239540,50,0.5686274509803921,0.45098039215686275,0.9019607843137255,0.5588235294117647,-0.0014957409523809473,0.0010925674216316936,0.18810622217875697
Qwen3-4B-Base,Qwen,H3e_kvsharer_dissimilar_vs_random_pairs,kvsharer_dissimilar@k5,random_pairs,5,all,delta_d_all,-0.20206136525768392,True,False,291172239540,50,0.5686274509803921,0.45098039215686275,0.9019607843137255,0.5588235294117647,-0.23219029023533078,0.1557397379051112,0.19345688764420385
Qwen3-4B-Base,Qwen,H3e_kvsharer_dissimilar_vs_random_pairs,kvsharer_dissimilar@k5,random_pairs,5,early,delta_primary,-0.09876225581360502,True,False,291172239540,50,0.5882352941176471,0.43137254901960786,0.8627450980392157,0.5784313725490197,-0.08530467402013064,0.09275945422096933,-0.1450804331105275
Qwen3-4B-Base,Qwen,H3e_kvsharer_dissimilar_vs_random_pairs,kvsharer_dissimilar@k5,random_pairs,5,early,delta_auc_all,-0.0004805333333333439,True,False,291172239540,50,0.6078431372549019,0.4117647058823529,0.8235294117647058,0.5980392156862745,-0.0004062151111111096,0.0003958495251858622,-0.18774361845537105
Qwen3-4B-Base,Qwen,H3e_kvsharer_dissimilar_vs_random_pairs,kvsharer_dissimilar@k5,random_pairs,5,early,delta_d_all,-0.09876225581360502,True,False,291172239540,50,0.5882352941176471,0.43137254901960786,0.8627450980392157,0.5784313725490197,-0.08530467402013064,0.09275945422096933,-0.1450804331105275
Qwen3-4B-Base,Qwen,H3e_kvsharer_dissimilar_vs_random_pairs,kvsharer_dissimilar@k5,random_pairs,5,late,delta_primary,-0.35504186610101435,True,False,291172239540,50,0.5098039215686274,0.5098039215686274,1.0,0.5,-0.4072766946630903,0.22208080579504974,0.23520640775358842
Qwen3-4B-Base,Qwen,H3e_kvsharer_dissimilar_vs_random_pairs,kvsharer_dissimilar@k5,random_pairs,5,late,delta_auc_all,-0.002911209876543203,True,False,291172239540,50,0.5882352941176471,0.43137254901960786,0.8627450980392157,0.5784313725490197,-0.003194868148148132,0.002424711490831291,0.11698640134199179
Qwen3-4B-Base,Qwen,H3e_kvsharer_dissimilar_vs_random_pairs,kvsharer_dissimilar@k5,random_pairs,5,late,delta_d_all,-0.35504186610101435,True,False,291172239540,50,0.5098039215686274,0.5098039215686274,1.0,0.5,-0.4072766946630903,0.22208080579504974,0.23520640775358842
Qwen3-4B-Base,Qwen,H3e_kvsharer_dissimilar_vs_random_pairs,kvsharer_dissimilar@k5,random_pairs,5,middle,delta_primary,-0.16385765268555236,True,False,291172239540,50,0.5294117647058824,0.49019607843137253,0.9803921568627451,0.5196078431372549,-0.2203101260466826,0.2020125127324406,0.2794503795707933
Qwen3-4B-Base,Qwen,H3e_kvsharer_dissimilar_vs_random_pairs,kvsharer_dissimilar@k5,random_pairs,5,middle,delta_auc_all,-0.0005688888888888904,True,False,291172239540,50,0.4117647058823529,0.6078431372549019,0.8235294117647058,0.4019607843137255,-0.00100719802469136,0.0009490038679937569,0.4618623280525482
Qwen3-4B-Base,Qwen,H3e_kvsharer_dissimilar_vs_random_pairs,kvsharer_dissimilar@k5,random_pairs,5,middle,delta_d_all,-0.16385765268555236,True,False,291172239540,50,0.5294117647058824,0.49019607843137253,0.9803921568627451,0.5196078431372549,-0.2203101260466826,0.2020125127324406,0.2794503795707933
Qwen3-4B-Base,Qwen,H3e_kvsharer_similar_vs_random_pairs,kvsharer_similar@k5,random_pairs,5,all,delta_primary,-0.21312725326065746,True,False,291172239540,50,0.5686274509803921,0.45098039215686275,0.9019607843137255,0.5588235294117647,-0.23219029023533078,0.1557397379051112,0.12240316589134116
Qwen3-4B-Base,Qwen,H3e_kvsharer_similar_vs_random_pairs,kvsharer_similar@k5,random_pairs,5,all,delta_auc_all,-0.0016737142857142942,True,False,291172239540,50,0.7450980392156863,0.27450980392156865,0.5490196078431373,0.7352941176470589,-0.0014957409523809473,0.0010925674216316936,-0.1628946001955219
Qwen3-4B-Base,Qwen,H3e_kvsharer_similar_vs_random_pairs,kvsharer_similar@k5,random_pairs,5,all,delta_d_all,-0.21312725326065746,True,False,291172239540,50,0.5686274509803921,0.45098039215686275,0.9019607843137255,0.5588235294117647,-0.23219029023533078,0.1557397379051112,0.12240316589134116
Qwen3-4B-Base,Qwen,H3e_kvsharer_similar_vs_random_pairs,kvsharer_similar@k5,random_pairs,5,early,delta_primary,-0.04507442712811418,True,False,291172239540,50,0.49019607843137253,0.5294117647058824,0.9803921568627451,0.4803921568627451,-0.08530467402013064,0.09275945422096933,0.43370508407887937
Qwen3-4B-Base,Qwen,H3e_kvsharer_similar_vs_random_pairs,kvsharer_similar@k5,random_pairs,5,early,delta_auc_all,-0.0005111111111111288,True,False,291172239540,50,0.6666666666666666,0.35294117647058826,0.7058823529411765,0.6568627450980392,-0.0004062151111111096,0.0003958495251858622,-0.26498958145969154
Qwen3-4B-Base,Qwen,H3e_kvsharer_similar_vs_random_pairs,kvsharer_similar@k5,random_pairs,5,early,delta_d_all,-0.04507442712811418,True,False,291172239540,50,0.49019607843137253,0.5294117647058824,0.9803921568627451,0.4803921568627451,-0.08530467402013064,0.09275945422096933,0.43370508407887937
Qwen3-4B-Base,Qwen,H3e_kvsharer_similar_vs_random_pairs,kvsharer_similar@k5,random_pairs,5,late,delta_primary,-0.42261645008558396,True,False,291172239540,50,0.5882352941176471,0.43137254901960786,0.8627450980392157,0.5784313725490197,-0.4072766946630903,0.22208080579504974,-0.06907285556524034
Qwen3-4B-Base,Qwen,H3e_kvsharer_similar_vs_random_pairs,kvsharer_similar@k5,random_pairs,5,late,delta_auc_all,-0.0034072098765432057,True,False,291172239540,50,0.7254901960784313,0.29411764705882354,0.5882352941176471,0.7156862745098039,-0.003194868148148132,0.002424711490831291,-0.08757401826898357
Qwen3-4B-Base,Qwen,H3e_kvsharer_similar_vs_random_pairs,kvsharer_similar@k5,random_pairs,5,late,delta_d_all,-0.42261645008558396,True,False,291172239540,50,0.5882352941176471,0.43137254901960786,0.8627450980392157,0.5784313725490197,-0.4072766946630903,0.22208080579504974,-0.06907285556524034
Qwen3-4B-Base,Qwen,H3e_kvsharer_similar_vs_random_pairs,kvsharer_similar@k5,random_pairs,5,middle,delta_primary,-0.1903634188052236,True,False,291172239540,50,0.6274509803921569,0.39215686274509803,0.7843137254901961,0.6176470588235294,-0.2203101260466826,0.2020125127324406,0.14824184322246664
Qwen3-4B-Base,Qwen,H3e_kvsharer_similar_vs_random_pairs,kvsharer_similar@k5,random_pairs,5,middle,delta_auc_all,-0.0012320000000000109,True,False,291172239540,50,0.7450980392156863,0.27450980392156865,0.5490196078431373,0.7352941176470589,-0.00100719802469136,0.0009490038679937569,-0.2368820432564662
Qwen3-4B-Base,Qwen,H3e_kvsharer_similar_vs_random_pairs,kvsharer_similar@k5,random_pairs,5,middle,delta_d_all,-0.1903634188052236,True,False,291172239540,50,0.6274509803921569,0.39215686274509803,0.7843137254901961,0.6176470588235294,-0.2203101260466826,0.2020125127324406,0.14824184322246664
