model,regime,policy,neg_control_layers,neg_control_max_abs_logit,neg_control_pass
SmolLM2-360M,rf2_ex00,full,1,0.0,True
SmolLM2-360M,rf2_ex20,cf_next_head,8,0.0,True
SmolLM2-360M,rf2_ex20,cf_prev_head,8,0.0,True
SmolLM2-360M,rf2_ex20,cka_high@k2,18,0.0,True
SmolLM2-360M,rf2_ex20,cka_high@k4,16,0.0,True
SmolLM2-360M,rf2_ex20,cka_high@k6,14,0.0,True
SmolLM2-360M,rf2_ex20,cka_low@k2,8,0.0,True
SmolLM2-360M,rf2_ex20,cka_low@k4,8,0.0,True
SmolLM2-360M,rf2_ex20,cka_low@k6,8,0.0,True
SmolLM2-360M,rf2_ex20,fidelity_high@k2,16,0.0,True
SmolLM2-360M,rf2_ex20,fidelity_high@k4,14,0.0,True
SmolLM2-360M,rf2_ex20,fidelity_high@k6,12,0.0,True
SmolLM2-360M,rf2_ex20,full,8,0.0,True
SmolLM2-360M,rf2_ex20,kvdist_high@k2,14,0.0,True
SmolLM2-360M,rf2_ex20,kvdist_high@k4,14,0.0,True
SmolLM2-360M,rf2_ex20,kvdist_high@k6,14,0.0,True
SmolLM2-360M,rf2_ex20,kvdist_low@k2,8,0.0,True
SmolLM2-360M,rf2_ex20,kvdist_low@k4,8,0.0,True
SmolLM2-360M,rf2_ex20,kvdist_low@k6,8,0.0,True
SmolLM2-360M,rf2_ex20,kvsharer_dissimilar@k4,16,0.0,True
SmolLM2-360M,rf2_ex20,kvsharer_similar@k4,11,0.0,True
SmolLM2-360M,rf2_ex20,random_pairs@k4#1,8,0.0,True
SmolLM2-360M,rf2_ex20,random_pairs@k4#10,23,0.0,True
SmolLM2-360M,rf2_ex20,random_pairs@k4#11,14,0.0,True
SmolLM2-360M,rf2_ex20,random_pairs@k4#12,20,0.0,True
SmolLM2-360M,rf2_ex20,random_pairs@k4#13,15,0.0,True
SmolLM2-360M,rf2_ex20,random_pairs@k4#14,10,0.0,True
SmolLM2-360M,rf2_ex20,random_pairs@k4#15,18,0.0,True
SmolLM2-360M,rf2_ex20,random_pairs@k4#16,15,0.0,True
SmolLM2-360M,rf2_ex20,random_pairs@k4#17,17,0.0,True
SmolLM2-360M,rf2_ex20,random_pairs@k4#18,20,0.0,True
SmolLM2-360M,rf2_ex20,random_pairs@k4#19,12,0.0,True
SmolLM2-360M,rf2_ex20,random_pairs@k4#2,20,0.0,True
SmolLM2-360M,rf2_ex20,random_pairs@k4#20,10,0.0,True
SmolLM2-360M,rf2_ex20,random_pairs@k4#21,15,0.0,True
SmolLM2-360M,rf2_ex20,random_pairs@k4#22,22,0.0,True
SmolLM2-360M,rf2_ex20,random_pairs@k4#23,15,0.0,True
SmolLM2-360M,rf2_ex20,random_pairs@k4#24,16,0.0,True
SmolLM2-360M,rf2_ex20,random_pairs@k4#25,18,0.0,True
SmolLM2-360M,rf2_ex20,random_pairs@k4#26,12,0.0,True
SmolLM2-360M,rf2_ex20,random_pairs@k4#27,18,0.0,True
SmolLM2-360M,rf2_ex20,random_pairs@k4#28,22,0.0,True
SmolLM2-360M,rf2_ex20,random_pairs@k4#29,18,0.0,True
SmolLM2-360M,rf2_ex20,random_pairs@k4#3,16,0.0,True
SmolLM2-360M,rf2_ex20,random_pairs@k4#30,16,0.0,True
SmolLM2-360M,rf2_ex20,random_pairs@k4#31,12,0.0,True
SmolLM2-360M,rf2_ex20,random_pairs@k4#32,19,0.0,True
SmolLM2-360M,rf2_ex20,random_pairs@k4#33,21,0.0,True
SmolLM2-360M,rf2_ex20,random_pairs@k4#34,14,0.0,True
SmolLM2-360M,rf2_ex20,random_pairs@k4#35,13,0.0,True
SmolLM2-360M,rf2_ex20,random_pairs@k4#36,14,0.0,True
SmolLM2-360M,rf2_ex20,random_pairs@k4#37,19,0.0,True
SmolLM2-360M,rf2_ex20,random_pairs@k4#38,10,0.0,True
SmolLM2-360M,rf2_ex20,random_pairs@k4#39,17,0.0,True
SmolLM2-360M,rf2_ex20,random_pairs@k4#4,16,0.0,True
SmolLM2-360M,rf2_ex20,random_pairs@k4#40,10,0.0,True
SmolLM2-360M,rf2_ex20,random_pairs@k4#41,14,0.0,True
SmolLM2-360M,rf2_ex20,random_pairs@k4#42,21,0.0,True
SmolLM2-360M,rf2_ex20,random_pairs@k4#43,13,0.0,True
SmolLM2-360M,rf2_ex20,random_pairs@k4#44,9,0.0,True
SmolLM2-360M,rf2_ex20,random_pairs@k4#45,23,0.0,True
SmolLM2-360M,rf2_ex20,random_pairs@k4#46,17,0.0,True
SmolLM2-360M,rf2_ex20,random_pairs@k4#47,14,0.0,True
SmolLM2-360M,rf2_ex20,random_pairs@k4#48,13,0.0,True
SmolLM2-360M,rf2_ex20,random_pairs@k4#49,11,0.0,True
SmolLM2-360M,rf2_ex20,random_pairs@k4#5,12,0.0,True
SmolLM2-360M,rf2_ex20,random_pairs@k4#50,12,0.0,True
SmolLM2-360M,rf2_ex20,random_pairs@k4#6,14,0.0,True
SmolLM2-360M,rf2_ex20,random_pairs@k4#7,7,0.0,True
SmolLM2-360M,rf2_ex20,random_pairs@k4#8,17,0.0,True
SmolLM2-360M,rf2_ex20,random_pairs@k4#9,16,0.0,True
SmolLM2-360M,rf2_ex20,random_same_ratio@k2#1,10,0.0,True
SmolLM2-360M,rf2_ex20,random_same_ratio@k2#10,8,0.0,True
SmolLM2-360M,rf2_ex20,random_same_ratio@k2#11,14,0.0,True
SmolLM2-360M,rf2_ex20,random_same_ratio@k2#12,14,0.0,True
SmolLM2-360M,rf2_ex20,random_same_ratio@k2#13,8,0.0,True
SmolLM2-360M,rf2_ex20,random_same_ratio@k2#14,20,0.0,True
SmolLM2-360M,rf2_ex20,random_same_ratio@k2#15,12,0.0,True
SmolLM2-360M,rf2_ex20,random_same_ratio@k2#16,8,0.0,True
SmolLM2-360M,rf2_ex20,random_same_ratio@k2#17,22,0.0,True
SmolLM2-360M,rf2_ex20,random_same_ratio@k2#18,22,0.0,True
SmolLM2-360M,rf2_ex20,random_same_ratio@k2#19,14,0.0,True
SmolLM2-360M,rf2_ex20,random_same_ratio@k2#2,8,0.0,True
SmolLM2-360M,rf2_ex20,random_same_ratio@k2#20,16,0.0,True
SmolLM2-360M,rf2_ex20,random_same_ratio@k2#21,18,0.0,True
SmolLM2-360M,rf2_ex20,random_same_ratio@k2#22,14,0.0,True
SmolLM2-360M,rf2_ex20,random_same_ratio@k2#23,10,0.0,True
SmolLM2-360M,rf2_ex20,random_same_ratio@k2#24,14,0.0,True
SmolLM2-360M,rf2_ex20,random_same_ratio@k2#25,12,0.0,True
SmolLM2-360M,rf2_ex20,random_same_ratio@k2#26,14,0.0,True
SmolLM2-360M,rf2_ex20,random_same_ratio@k2#27,16,0.0,True
SmolLM2-360M,rf2_ex20,random_same_ratio@k2#28,8,0.0,True
SmolLM2-360M,rf2_ex20,random_same_ratio@k2#29,14,0.0,True
SmolLM2-360M,rf2_ex20,random_same_ratio@k2#3,12,0.0,True
SmolLM2-360M,rf2_ex20,random_same_ratio@k2#30,14,0.0,True
SmolLM2-360M,rf2_ex20,random_same_ratio@k2#31,12,0.0,True
SmolLM2-360M,rf2_ex20,random_same_ratio@k2#32,8,0.0,True
SmolLM2-360M,rf2_ex20,random_same_ratio@k2#33,8,0.0,True
SmolLM2-360M,rf2_ex20,random_same_ratio@k2#34,8,0.0,True
SmolLM2-360M,rf2_ex20,random_same_ratio@k2#35,18,0.0,True
SmolLM2-360M,rf2_ex20,random_same_ratio@k2#36,18,0.0,True
SmolLM2-360M,rf2_ex20,random_same_ratio@k2#37,14,0.0,True
SmolLM2-360M,rf2_ex20,random_same_ratio@k2#38,14,0.0,True
SmolLM2-360M,rf2_ex20,random_same_ratio@k2#39,8,0.0,True
SmolLM2-360M,rf2_ex20,random_same_ratio@k2#4,22,0.0,True
SmolLM2-360M,rf2_ex20,random_same_ratio@k2#40,22,0.0,True
SmolLM2-360M,rf2_ex20,random_same_ratio@k2#41,18,0.0,True
SmolLM2-360M,rf2_ex20,random_same_ratio@k2#42,16,0.0,True
SmolLM2-360M,rf2_ex20,random_same_ratio@k2#43,8,0.0,True
SmolLM2-360M,rf2_ex20,random_same_ratio@k2#44,24,0.0,True
SmolLM2-360M,rf2_ex20,random_same_ratio@k2#45,18,0.0,True
SmolLM2-360M,rf2_ex20,random_same_ratio@k2#46,26,0.0,True
SmolLM2-360M,rf2_ex20,random_same_ratio@k2#47,10,0.0,True
SmolLM2-360M,rf2_ex20,random_same_ratio@k2#48,14,0.0,True
SmolLM2-360M,rf2_ex20,random_same_ratio@k2#49,10,0.0,True
SmolLM2-360M,rf2_ex20,random_same_ratio@k2#5,16,0.0,True
SmolLM2-360M,rf2_ex20,random_same_ratio@k2#50,28,0.0,True
SmolLM2-360M,rf2_ex20,random_same_ratio@k2#6,18,0.0,True
SmolLM2-360M,rf2_ex20,random_same_ratio@k2#7,20,0.0,True
SmolLM2-360M,rf2_ex20,random_same_ratio@k2#8,20,0.0,True
SmolLM2-360M,rf2_ex20,random_same_ratio@k2#9,24,0.0,True
SmolLM2-360M,rf2_ex20,random_same_ratio@k4#1,8,0.0,True
SmolLM2-360M,rf2_ex20,random_same_ratio@k4#10,8,0.0,True
SmolLM2-360M,rf2_ex20,random_same_ratio@k4#11,8,0.0,True
SmolLM2-360M,rf2_ex20,random_same_ratio@k4#12,8,0.0,True
SmolLM2-360M,rf2_ex20,random_same_ratio@k4#13,12,0.0,True
SmolLM2-360M,rf2_ex20,random_same_ratio@k4#14,14,0.0,True
SmolLM2-360M,rf2_ex20,random_same_ratio@k4#15,10,0.0,True
SmolLM2-360M,rf2_ex20,random_same_ratio@k4#16,14,0.0,True
SmolLM2-360M,rf2_ex20,random_same_ratio@k4#17,8,0.0,True
SmolLM2-360M,rf2_ex20,random_same_ratio@k4#18,8,0.0,True
SmolLM2-360M,rf2_ex20,random_same_ratio@k4#19,8,0.0,True
SmolLM2-360M,rf2_ex20,random_same_ratio@k4#2,18,0.0,True
SmolLM2-360M,rf2_ex20,random_same_ratio@k4#20,8,0.0,True
SmolLM2-360M,rf2_ex20,random_same_ratio@k4#21,8,0.0,True
SmolLM2-360M,rf2_ex20,random_same_ratio@k4#22,8,0.0,True
SmolLM2-360M,rf2_ex20,random_same_ratio@k4#23,10,0.0,True
SmolLM2-360M,rf2_ex20,random_same_ratio@k4#24,10,0.0,True
SmolLM2-360M,rf2_ex20,random_same_ratio@k4#25,8,0.0,True
SmolLM2-360M,rf2_ex20,random_same_ratio@k4#26,8,0.0,True
SmolLM2-360M,rf2_ex20,random_same_ratio@k4#27,10,0.0,True
SmolLM2-360M,rf2_ex20,random_same_ratio@k4#28,12,0.0,True
SmolLM2-360M,rf2_ex20,random_same_ratio@k4#29,8,0.0,True
SmolLM2-360M,rf2_ex20,random_same_ratio@k4#3,12,0.0,True
SmolLM2-360M,rf2_ex20,random_same_ratio@k4#30,14,0.0,True
SmolLM2-360M,rf2_ex20,random_same_ratio@k4#31,16,0.0,True
SmolLM2-360M,rf2_ex20,random_same_ratio@k4#32,12,0.0,True
SmolLM2-360M,rf2_ex20,random_same_ratio@k4#33,8,0.0,True
SmolLM2-360M,rf2_ex20,random_same_ratio@k4#34,8,0.0,True
SmolLM2-360M,rf2_ex20,random_same_ratio@k4#35,10,0.0,True
SmolLM2-360M,rf2_ex20,random_same_ratio@k4#36,8,0.0,True
SmolLM2-360M,rf2_ex20,random_same_ratio@k4#37,16,0.0,True
SmolLM2-360M,rf2_ex20,random_same_ratio@k4#38,10,0.0,True
SmolLM2-360M,rf2_ex20,random_same_ratio@k4#39,10,0.0,True
SmolLM2-360M,rf2_ex20,random_same_ratio@k4#4,8,0.0,True
SmolLM2-360M,rf2_ex20,random_same_ratio@k4#40,8,0.0,True
SmolLM2-360M,rf2_ex20,random_same_ratio@k4#41,22,0.0,True
SmolLM2-360M,rf2_ex20,random_same_ratio@k4#42,8,0.0,True
SmolLM2-360M,rf2_ex20,random_same_ratio@k4#43,8,0.0,True
SmolLM2-360M,rf2_ex20,random_same_ratio@k4#44,14,0.0,True
SmolLM2-360M,rf2_ex20,random_same_ratio@k4#45,8,0.0,True
SmolLM2-360M,rf2_ex20,random_same_ratio@k4#46,8,0.0,True
SmolLM2-360M,rf2_ex20,random_same_ratio@k4#47,8,0.0,True
SmolLM2-360M,rf2_ex20,random_same_ratio@k4#48,8,0.0,True
SmolLM2-360M,rf2_ex20,random_same_ratio@k4#49,14,0.0,True
SmolLM2-360M,rf2_ex20,random_same_ratio@k4#5,10,0.0,True
SmolLM2-360M,rf2_ex20,random_same_ratio@k4#50,10,0.0,True
SmolLM2-360M,rf2_ex20,random_same_ratio@k4#6,16,0.0,True
SmolLM2-360M,rf2_ex20,random_same_ratio@k4#7,10,0.0,True
SmolLM2-360M,rf2_ex20,random_same_ratio@k4#8,14,0.0,True
SmolLM2-360M,rf2_ex20,random_same_ratio@k4#9,12,0.0,True
SmolLM2-360M,rf2_ex20,random_same_ratio@k6#1,10,0.0,True
SmolLM2-360M,rf2_ex20,random_same_ratio@k6#10,10,0.0,True
SmolLM2-360M,rf2_ex20,random_same_ratio@k6#11,8,0.0,True
SmolLM2-360M,rf2_ex20,random_same_ratio@k6#12,10,0.0,True
SmolLM2-360M,rf2_ex20,random_same_ratio@k6#13,16,0.0,True
SmolLM2-360M,rf2_ex20,random_same_ratio@k6#14,12,0.0,True
SmolLM2-360M,rf2_ex20,random_same_ratio@k6#15,8,0.0,True
SmolLM2-360M,rf2_ex20,random_same_ratio@k6#16,10,0.0,True
SmolLM2-360M,rf2_ex20,random_same_ratio@k6#17,10,0.0,True
SmolLM2-360M,rf2_ex20,random_same_ratio@k6#18,8,0.0,True
SmolLM2-360M,rf2_ex20,random_same_ratio@k6#19,8,0.0,True
SmolLM2-360M,rf2_ex20,random_same_ratio@k6#2,8,0.0,True
SmolLM2-360M,rf2_ex20,random_same_ratio@k6#20,10,0.0,True
SmolLM2-360M,rf2_ex20,random_same_ratio@k6#21,8,0.0,True
SmolLM2-360M,rf2_ex20,random_same_ratio@k6#22,10,0.0,True
SmolLM2-360M,rf2_ex20,random_same_ratio@k6#23,8,0.0,True
SmolLM2-360M,rf2_ex20,random_same_ratio@k6#24,8,0.0,True
SmolLM2-360M,rf2_ex20,random_same_ratio@k6#25,12,0.0,True
SmolLM2-360M,rf2_ex20,random_same_ratio@k6#26,10,0.0,True
SmolLM2-360M,rf2_ex20,random_same_ratio@k6#27,14,0.0,True
SmolLM2-360M,rf2_ex20,random_same_ratio@k6#28,8,0.0,True
SmolLM2-360M,rf2_ex20,random_same_ratio@k6#29,8,0.0,True
SmolLM2-360M,rf2_ex20,random_same_ratio@k6#3,8,0.0,True
SmolLM2-360M,rf2_ex20,random_same_ratio@k6#30,8,0.0,True
SmolLM2-360M,rf2_ex20,random_same_ratio@k6#31,8,0.0,True
SmolLM2-360M,rf2_ex20,random_same_ratio@k6#32,8,0.0,True
SmolLM2-360M,rf2_ex20,random_same_ratio@k6#33,8,0.0,True
SmolLM2-360M,rf2_ex20,random_same_ratio@k6#34,10,0.0,True
SmolLM2-360M,rf2_ex20,random_same_ratio@k6#35,8,0.0,True
SmolLM2-360M,rf2_ex20,random_same_ratio@k6#36,8,0.0,True
SmolLM2-360M,rf2_ex20,random_same_ratio@k6#37,12,0.0,True
SmolLM2-360M,rf2_ex20,random_same_ratio@k6#38,8,0.0,True
SmolLM2-360M,rf2_ex20,random_same_ratio@k6#39,8,0.0,True
SmolLM2-360M,rf2_ex20,random_same_ratio@k6#4,8,0.0,True
SmolLM2-360M,rf2_ex20,random_same_ratio@k6#40,12,0.0,True
SmolLM2-360M,rf2_ex20,random_same_ratio@k6#41,14,0.0,True
SmolLM2-360M,rf2_ex20,random_same_ratio@k6#42,10,0.0,True
SmolLM2-360M,rf2_ex20,random_same_ratio@k6#43,8,0.0,True
SmolLM2-360M,rf2_ex20,random_same_ratio@k6#44,8,0.0,True
SmolLM2-360M,rf2_ex20,random_same_ratio@k6#45,12,0.0,True
SmolLM2-360M,rf2_ex20,random_same_ratio@k6#46,8,0.0,True
SmolLM2-360M,rf2_ex20,random_same_ratio@k6#47,10,0.0,True
SmolLM2-360M,rf2_ex20,random_same_ratio@k6#48,8,0.0,True
SmolLM2-360M,rf2_ex20,random_same_ratio@k6#49,10,0.0,True
SmolLM2-360M,rf2_ex20,random_same_ratio@k6#5,14,0.0,True
SmolLM2-360M,rf2_ex20,random_same_ratio@k6#50,8,0.0,True
SmolLM2-360M,rf2_ex20,random_same_ratio@k6#6,14,0.0,True
SmolLM2-360M,rf2_ex20,random_same_ratio@k6#7,10,0.0,True
SmolLM2-360M,rf2_ex20,random_same_ratio@k6#8,12,0.0,True
SmolLM2-360M,rf2_ex20,random_same_ratio@k6#9,14,0.0,True
SmolLM2-360M,rf2_ex20,random_source@k12#1,8,0.0,True
SmolLM2-360M,rf2_ex20,random_source@k12#10,8,0.0,True
SmolLM2-360M,rf2_ex20,random_source@k12#11,8,0.0,True
SmolLM2-360M,rf2_ex20,random_source@k12#12,8,0.0,True
SmolLM2-360M,rf2_ex20,random_source@k12#13,8,0.0,True
SmolLM2-360M,rf2_ex20,random_source@k12#14,8,0.0,True
SmolLM2-360M,rf2_ex20,random_source@k12#15,8,0.0,True
SmolLM2-360M,rf2_ex20,random_source@k12#16,8,0.0,True
SmolLM2-360M,rf2_ex20,random_source@k12#17,8,0.0,True
SmolLM2-360M,rf2_ex20,random_source@k12#18,8,0.0,True
SmolLM2-360M,rf2_ex20,random_source@k12#19,8,0.0,True
SmolLM2-360M,rf2_ex20,random_source@k12#2,8,0.0,True
SmolLM2-360M,rf2_ex20,random_source@k12#20,8,0.0,True
SmolLM2-360M,rf2_ex20,random_source@k12#21,8,0.0,True
SmolLM2-360M,rf2_ex20,random_source@k12#22,8,0.0,True
SmolLM2-360M,rf2_ex20,random_source@k12#23,8,0.0,True
SmolLM2-360M,rf2_ex20,random_source@k12#24,8,0.0,True
SmolLM2-360M,rf2_ex20,random_source@k12#25,8,0.0,True
SmolLM2-360M,rf2_ex20,random_source@k12#26,8,0.0,True
SmolLM2-360M,rf2_ex20,random_source@k12#27,8,0.0,True
SmolLM2-360M,rf2_ex20,random_source@k12#28,8,0.0,True
SmolLM2-360M,rf2_ex20,random_source@k12#29,8,0.0,True
SmolLM2-360M,rf2_ex20,random_source@k12#3,8,0.0,True
SmolLM2-360M,rf2_ex20,random_source@k12#30,8,0.0,True
SmolLM2-360M,rf2_ex20,random_source@k12#31,8,0.0,True
SmolLM2-360M,rf2_ex20,random_source@k12#32,8,0.0,True
SmolLM2-360M,rf2_ex20,random_source@k12#33,8,0.0,True
SmolLM2-360M,rf2_ex20,random_source@k12#34,8,0.0,True
SmolLM2-360M,rf2_ex20,random_source@k12#35,8,0.0,True
SmolLM2-360M,rf2_ex20,random_source@k12#36,8,0.0,True
SmolLM2-360M,rf2_ex20,random_source@k12#37,8,0.0,True
SmolLM2-360M,rf2_ex20,random_source@k12#38,8,0.0,True
SmolLM2-360M,rf2_ex20,random_source@k12#39,8,0.0,True
SmolLM2-360M,rf2_ex20,random_source@k12#4,8,0.0,True
SmolLM2-360M,rf2_ex20,random_source@k12#40,8,0.0,True
SmolLM2-360M,rf2_ex20,random_source@k12#41,8,0.0,True
SmolLM2-360M,rf2_ex20,random_source@k12#42,8,0.0,True
SmolLM2-360M,rf2_ex20,random_source@k12#43,8,0.0,True
SmolLM2-360M,rf2_ex20,random_source@k12#44,8,0.0,True
SmolLM2-360M,rf2_ex20,random_source@k12#45,8,0.0,True
SmolLM2-360M,rf2_ex20,random_source@k12#46,8,0.0,True
SmolLM2-360M,rf2_ex20,random_source@k12#47,8,0.0,True
SmolLM2-360M,rf2_ex20,random_source@k12#48,8,0.0,True
SmolLM2-360M,rf2_ex20,random_source@k12#49,8,0.0,True
SmolLM2-360M,rf2_ex20,random_source@k12#5,8,0.0,True
SmolLM2-360M,rf2_ex20,random_source@k12#50,8,0.0,True
SmolLM2-360M,rf2_ex20,random_source@k12#6,8,0.0,True
SmolLM2-360M,rf2_ex20,random_source@k12#7,8,0.0,True
SmolLM2-360M,rf2_ex20,random_source@k12#8,8,0.0,True
SmolLM2-360M,rf2_ex20,random_source@k12#9,8,0.0,True
SmolLM2-360M,rf2_ex20,rdm_cka_high@k4#1,16,0.0,True
SmolLM2-360M,rf2_ex20,rdm_cka_low@k4#1,8,0.0,True
SmolLM2-360M,rf2_ex20,rdm_cka_low@k4#10,10,0.0,True
SmolLM2-360M,rf2_ex20,rdm_cka_low@k4#11,8,0.0,True
SmolLM2-360M,rf2_ex20,rdm_cka_low@k4#12,12,0.0,True
SmolLM2-360M,rf2_ex20,rdm_cka_low@k4#13,8,0.0,True
SmolLM2-360M,rf2_ex20,rdm_cka_low@k4#14,12,0.0,True
SmolLM2-360M,rf2_ex20,rdm_cka_low@k4#15,10,0.0,True
SmolLM2-360M,rf2_ex20,rdm_cka_low@k4#16,10,0.0,True
SmolLM2-360M,rf2_ex20,rdm_cka_low@k4#17,8,0.0,True
SmolLM2-360M,rf2_ex20,rdm_cka_low@k4#18,10,0.0,True
SmolLM2-360M,rf2_ex20,rdm_cka_low@k4#19,8,0.0,True
SmolLM2-360M,rf2_ex20,rdm_cka_low@k4#2,8,0.0,True
SmolLM2-360M,rf2_ex20,rdm_cka_low@k4#20,8,0.0,True
SmolLM2-360M,rf2_ex20,rdm_cka_low@k4#21,8,0.0,True
SmolLM2-360M,rf2_ex20,rdm_cka_low@k4#22,12,0.0,True
SmolLM2-360M,rf2_ex20,rdm_cka_low@k4#23,10,0.0,True
SmolLM2-360M,rf2_ex20,rdm_cka_low@k4#24,12,0.0,True
SmolLM2-360M,rf2_ex20,rdm_cka_low@k4#25,10,0.0,True
SmolLM2-360M,rf2_ex20,rdm_cka_low@k4#26,8,0.0,True
SmolLM2-360M,rf2_ex20,rdm_cka_low@k4#27,8,0.0,True
SmolLM2-360M,rf2_ex20,rdm_cka_low@k4#28,10,0.0,True
SmolLM2-360M,rf2_ex20,rdm_cka_low@k4#29,10,0.0,True
SmolLM2-360M,rf2_ex20,rdm_cka_low@k4#3,10,0.0,True
SmolLM2-360M,rf2_ex20,rdm_cka_low@k4#30,8,0.0,True
SmolLM2-360M,rf2_ex20,rdm_cka_low@k4#31,8,0.0,True
SmolLM2-360M,rf2_ex20,rdm_cka_low@k4#32,8,0.0,True
SmolLM2-360M,rf2_ex20,rdm_cka_low@k4#33,8,0.0,True
SmolLM2-360M,rf2_ex20,rdm_cka_low@k4#34,12,0.0,True
SmolLM2-360M,rf2_ex20,rdm_cka_low@k4#35,8,0.0,True
SmolLM2-360M,rf2_ex20,rdm_cka_low@k4#36,10,0.0,True
SmolLM2-360M,rf2_ex20,rdm_cka_low@k4#4,10,0.0,True
SmolLM2-360M,rf2_ex20,rdm_cka_low@k4#5,8,0.0,True
SmolLM2-360M,rf2_ex20,rdm_cka_low@k4#6,8,0.0,True
SmolLM2-360M,rf2_ex20,rdm_cka_low@k4#7,12,0.0,True
SmolLM2-360M,rf2_ex20,rdm_cka_low@k4#8,10,0.0,True
SmolLM2-360M,rf2_ex20,rdm_cka_low@k4#9,8,0.0,True
SmolLM2-360M,rf2_ex20,rdm_fidelity_high@k4#1,8,0.0,True
SmolLM2-360M,rf2_ex20,rdm_fidelity_high@k4#10,8,0.0,True
SmolLM2-360M,rf2_ex20,rdm_fidelity_high@k4#11,12,0.0,True
SmolLM2-360M,rf2_ex20,rdm_fidelity_high@k4#12,14,0.0,True
SmolLM2-360M,rf2_ex20,rdm_fidelity_high@k4#13,12,0.0,True
SmolLM2-360M,rf2_ex20,rdm_fidelity_high@k4#14,14,0.0,True
SmolLM2-360M,rf2_ex20,rdm_fidelity_high@k4#15,14,0.0,True
SmolLM2-360M,rf2_ex20,rdm_fidelity_high@k4#16,14,0.0,True
SmolLM2-360M,rf2_ex20,rdm_fidelity_high@k4#17,8,0.0,True
SmolLM2-360M,rf2_ex20,rdm_fidelity_high@k4#18,8,0.0,True
SmolLM2-360M,rf2_ex20,rdm_fidelity_high@k4#19,10,0.0,True
SmolLM2-360M,rf2_ex20,rdm_fidelity_high@k4#2,8,0.0,True
SmolLM2-360M,rf2_ex20,rdm_fidelity_high@k4#20,8,0.0,True
SmolLM2-360M,rf2_ex20,rdm_fidelity_high@k4#21,12,0.0,True
SmolLM2-360M,rf2_ex20,rdm_fidelity_high@k4#22,8,0.0,True
SmolLM2-360M,rf2_ex20,rdm_fidelity_high@k4#23,14,0.0,True
SmolLM2-360M,rf2_ex20,rdm_fidelity_high@k4#24,10,0.0,True
SmolLM2-360M,rf2_ex20,rdm_fidelity_high@k4#25,8,0.0,True
SmolLM2-360M,rf2_ex20,rdm_fidelity_high@k4#26,8,0.0,True
SmolLM2-360M,rf2_ex20,rdm_fidelity_high@k4#27,10,0.0,True
SmolLM2-360M,rf2_ex20,rdm_fidelity_high@k4#28,10,0.0,True
SmolLM2-360M,rf2_ex20,rdm_fidelity_high@k4#29,14,0.0,True
SmolLM2-360M,rf2_ex20,rdm_fidelity_high@k4#3,12,0.0,True
SmolLM2-360M,rf2_ex20,rdm_fidelity_high@k4#30,14,0.0,True
SmolLM2-360M,rf2_ex20,rdm_fidelity_high@k4#31,12,0.0,True
SmolLM2-360M,rf2_ex20,rdm_fidelity_high@k4#32,8,0.0,True
SmolLM2-360M,rf2_ex20,rdm_fidelity_high@k4#33,12,0.0,True
SmolLM2-360M,rf2_ex20,rdm_fidelity_high@k4#34,8,0.0,True
SmolLM2-360M,rf2_ex20,rdm_fidelity_high@k4#35,12,0.0,True
SmolLM2-360M,rf2_ex20,rdm_fidelity_high@k4#36,8,0.0,True
SmolLM2-360M,rf2_ex20,rdm_fidelity_high@k4#37,10,0.0,True
SmolLM2-360M,rf2_ex20,rdm_fidelity_high@k4#38,8,0.0,True
SmolLM2-360M,rf2_ex20,rdm_fidelity_high@k4#39,10,0.0,True
SmolLM2-360M,rf2_ex20,rdm_fidelity_high@k4#4,8,0.0,True
SmolLM2-360M,rf2_ex20,rdm_fidelity_high@k4#40,14,0.0,True
SmolLM2-360M,rf2_ex20,rdm_fidelity_high@k4#41,8,0.0,True
SmolLM2-360M,rf2_ex20,rdm_fidelity_high@k4#42,10,0.0,True
SmolLM2-360M,rf2_ex20,rdm_fidelity_high@k4#43,14,0.0,True
SmolLM2-360M,rf2_ex20,rdm_fidelity_high@k4#44,8,0.0,True
SmolLM2-360M,rf2_ex20,rdm_fidelity_high@k4#45,10,0.0,True
SmolLM2-360M,rf2_ex20,rdm_fidelity_high@k4#46,10,0.0,True
SmolLM2-360M,rf2_ex20,rdm_fidelity_high@k4#47,10,0.0,True
SmolLM2-360M,rf2_ex20,rdm_fidelity_high@k4#48,12,0.0,True
SmolLM2-360M,rf2_ex20,rdm_fidelity_high@k4#49,14,0.0,True
SmolLM2-360M,rf2_ex20,rdm_fidelity_high@k4#5,14,0.0,True
SmolLM2-360M,rf2_ex20,rdm_fidelity_high@k4#50,8,0.0,True
SmolLM2-360M,rf2_ex20,rdm_fidelity_high@k4#6,14,0.0,True
SmolLM2-360M,rf2_ex20,rdm_fidelity_high@k4#7,8,0.0,True
SmolLM2-360M,rf2_ex20,rdm_fidelity_high@k4#8,10,0.0,True
SmolLM2-360M,rf2_ex20,rdm_fidelity_high@k4#9,10,0.0,True
SmolLM2-360M,rf2_ex20,rdm_kvdist_high@k4#1,14,0.0,True
SmolLM2-360M,rf2_ex20,rdm_kvdist_high@k4#10,8,0.0,True
SmolLM2-360M,rf2_ex20,rdm_kvdist_high@k4#11,12,0.0,True
SmolLM2-360M,rf2_ex20,rdm_kvdist_high@k4#12,14,0.0,True
SmolLM2-360M,rf2_ex20,rdm_kvdist_high@k4#13,10,0.0,True
SmolLM2-360M,rf2_ex20,rdm_kvdist_high@k4#14,12,0.0,True
SmolLM2-360M,rf2_ex20,rdm_kvdist_high@k4#15,10,0.0,True
SmolLM2-360M,rf2_ex20,rdm_kvdist_high@k4#16,10,0.0,True
SmolLM2-360M,rf2_ex20,rdm_kvdist_high@k4#17,14,0.0,True
SmolLM2-360M,rf2_ex20,rdm_kvdist_high@k4#18,12,0.0,True
SmolLM2-360M,rf2_ex20,rdm_kvdist_high@k4#19,8,0.0,True
SmolLM2-360M,rf2_ex20,rdm_kvdist_high@k4#2,14,0.0,True
SmolLM2-360M,rf2_ex20,rdm_kvdist_high@k4#20,8,0.0,True
SmolLM2-360M,rf2_ex20,rdm_kvdist_high@k4#21,14,0.0,True
SmolLM2-360M,rf2_ex20,rdm_kvdist_high@k4#22,12,0.0,True
SmolLM2-360M,rf2_ex20,rdm_kvdist_high@k4#23,8,0.0,True
SmolLM2-360M,rf2_ex20,rdm_kvdist_high@k4#24,10,0.0,True
SmolLM2-360M,rf2_ex20,rdm_kvdist_high@k4#25,10,0.0,True
SmolLM2-360M,rf2_ex20,rdm_kvdist_high@k4#26,14,0.0,True
SmolLM2-360M,rf2_ex20,rdm_kvdist_high@k4#27,8,0.0,True
SmolLM2-360M,rf2_ex20,rdm_kvdist_high@k4#28,10,0.0,True
SmolLM2-360M,rf2_ex20,rdm_kvdist_high@k4#29,12,0.0,True
SmolLM2-360M,rf2_ex20,rdm_kvdist_high@k4#3,8,0.0,True
SmolLM2-360M,rf2_ex20,rdm_kvdist_high@k4#30,10,0.0,True
SmolLM2-360M,rf2_ex20,rdm_kvdist_high@k4#31,8,0.0,True
SmolLM2-360M,rf2_ex20,rdm_kvdist_high@k4#32,8,0.0,True
SmolLM2-360M,rf2_ex20,rdm_kvdist_high@k4#33,8,0.0,True
SmolLM2-360M,rf2_ex20,rdm_kvdist_high@k4#34,12,0.0,True
SmolLM2-360M,rf2_ex20,rdm_kvdist_high@k4#35,14,0.0,True
SmolLM2-360M,rf2_ex20,rdm_kvdist_high@k4#36,10,0.0,True
SmolLM2-360M,rf2_ex20,rdm_kvdist_high@k4#37,8,0.0,True
SmolLM2-360M,rf2_ex20,rdm_kvdist_high@k4#38,8,0.0,True
SmolLM2-360M,rf2_ex20,rdm_kvdist_high@k4#39,8,0.0,True
SmolLM2-360M,rf2_ex20,rdm_kvdist_high@k4#4,8,0.0,True
SmolLM2-360M,rf2_ex20,rdm_kvdist_high@k4#40,14,0.0,True
SmolLM2-360M,rf2_ex20,rdm_kvdist_high@k4#41,10,0.0,True
SmolLM2-360M,rf2_ex20,rdm_kvdist_high@k4#42,12,0.0,True
SmolLM2-360M,rf2_ex20,rdm_kvdist_high@k4#43,10,0.0,True
SmolLM2-360M,rf2_ex20,rdm_kvdist_high@k4#44,8,0.0,True
SmolLM2-360M,rf2_ex20,rdm_kvdist_high@k4#45,8,0.0,True
SmolLM2-360M,rf2_ex20,rdm_kvdist_high@k4#46,12,0.0,True
SmolLM2-360M,rf2_ex20,rdm_kvdist_high@k4#47,10,0.0,True
SmolLM2-360M,rf2_ex20,rdm_kvdist_high@k4#48,14,0.0,True
SmolLM2-360M,rf2_ex20,rdm_kvdist_high@k4#49,14,0.0,True
SmolLM2-360M,rf2_ex20,rdm_kvdist_high@k4#5,12,0.0,True
SmolLM2-360M,rf2_ex20,rdm_kvdist_high@k4#50,8,0.0,True
SmolLM2-360M,rf2_ex20,rdm_kvdist_high@k4#6,8,0.0,True
SmolLM2-360M,rf2_ex20,rdm_kvdist_high@k4#7,10,0.0,True
SmolLM2-360M,rf2_ex20,rdm_kvdist_high@k4#8,14,0.0,True
SmolLM2-360M,rf2_ex20,rdm_kvdist_high@k4#9,14,0.0,True
SmolLM2-360M,rf2_ex20,rdm_kvdist_low@k4#1,10,0.0,True
SmolLM2-360M,rf2_ex20,rdm_kvdist_low@k4#10,8,0.0,True
SmolLM2-360M,rf2_ex20,rdm_kvdist_low@k4#11,8,0.0,True
SmolLM2-360M,rf2_ex20,rdm_kvdist_low@k4#12,8,0.0,True
SmolLM2-360M,rf2_ex20,rdm_kvdist_low@k4#13,8,0.0,True
SmolLM2-360M,rf2_ex20,rdm_kvdist_low@k4#14,10,0.0,True
SmolLM2-360M,rf2_ex20,rdm_kvdist_low@k4#15,8,0.0,True
SmolLM2-360M,rf2_ex20,rdm_kvdist_low@k4#16,8,0.0,True
SmolLM2-360M,rf2_ex20,rdm_kvdist_low@k4#2,8,0.0,True
SmolLM2-360M,rf2_ex20,rdm_kvdist_low@k4#3,10,0.0,True
SmolLM2-360M,rf2_ex20,rdm_kvdist_low@k4#4,8,0.0,True
SmolLM2-360M,rf2_ex20,rdm_kvdist_low@k4#5,8,0.0,True
SmolLM2-360M,rf2_ex20,rdm_kvdist_low@k4#6,8,0.0,True
SmolLM2-360M,rf2_ex20,rdm_kvdist_low@k4#7,10,0.0,True
SmolLM2-360M,rf2_ex20,rdm_kvdist_low@k4#8,8,0.0,True
SmolLM2-360M,rf2_ex20,rdm_kvdist_low@k4#9,8,0.0,True
SmolLM2-360M,rf4_ex20,full,8,0.0,True
Qwen2.5-1.5B,rf2_ex00,full,1,0.0,True
Qwen2.5-1.5B,rf2_ex20,cf_next_head,7,0.0,True
Qwen2.5-1.5B,rf2_ex20,cf_prev_head,7,0.0,True
Qwen2.5-1.5B,rf2_ex20,cka_high@k2,21,0.0,True
Qwen2.5-1.5B,rf2_ex20,cka_high@k4,19,0.0,True
Qwen2.5-1.5B,rf2_ex20,cka_high@k6,13,0.0,True
Qwen2.5-1.5B,rf2_ex20,cka_low@k2,7,0.0,True
Qwen2.5-1.5B,rf2_ex20,cka_low@k4,7,0.0,True
Qwen2.5-1.5B,rf2_ex20,cka_low@k6,7,0.0,True
Qwen2.5-1.5B,rf2_ex20,fidelity_high@k2,11,0.0,True
Qwen2.5-1.5B,rf2_ex20,fidelity_high@k4,11,0.0,True
Qwen2.5-1.5B,rf2_ex20,fidelity_high@k6,7,0.0,True
Qwen2.5-1.5B,rf2_ex20,full,7,0.0,True
Qwen2.5-1.5B,rf2_ex20,kvdist_high@k2,7,0.0,True
Qwen2.5-1.5B,rf2_ex20,kvdist_high@k4,7,0.0,True
Qwen2.5-1.5B,rf2_ex20,kvdist_high@k6,7,0.0,True
Qwen2.5-1.5B,rf2_ex20,kvdist_low@k2,17,0.0,True
Qwen2.5-1.5B,rf2_ex20,kvdist_low@k4,11,0.0,True
Qwen2.5-1.5B,rf2_ex20,kvdist_low@k6,9,0.0,True
Qwen2.5-1.5B,rf2_ex20,kvsharer_dissimilar@k4,14,0.0,True
Qwen2.5-1.5B,rf2_ex20,kvsharer_similar@k4,12,0.0,True
Qwen2.5-1.5B,rf2_ex20,live_prev_head,7,0.0,True
Qwen2.5-1.5B,rf2_ex20,random_pairs@k4#1,19,0.0,True
Qwen2.5-1.5B,rf2_ex20,random_pairs@k4#10,16,0.0,True
Qwen2.5-1.5B,rf2_ex20,random_pairs@k4#11,12,0.0,True
Qwen2.5-1.5B,rf2_ex20,random_pairs@k4#12,14,0.0,True
Qwen2.5-1.5B,rf2_ex20,random_pairs@k4#13,16,0.0,True
Qwen2.5-1.5B,rf2_ex20,random_pairs@k4#14,18,0.0,True
Qwen2.5-1.5B,rf2_ex20,random_pairs@k4#15,13,0.0,True
Qwen2.5-1.5B,rf2_ex20,random_pairs@k4#16,12,0.0,True
Qwen2.5-1.5B,rf2_ex20,random_pairs@k4#17,16,0.0,True
Qwen2.5-1.5B,rf2_ex20,random_pairs@k4#18,13,0.0,True
Qwen2.5-1.5B,rf2_ex20,random_pairs@k4#19,12,0.0,True
Qwen2.5-1.5B,rf2_ex20,random_pairs@k4#2,15,0.0,True
Qwen2.5-1.5B,rf2_ex20,random_pairs@k4#20,9,0.0,True
Qwen2.5-1.5B,rf2_ex20,random_pairs@k4#21,19,0.0,True
Qwen2.5-1.5B,rf2_ex20,random_pairs@k4#22,10,0.0,True
Qwen2.5-1.5B,rf2_ex20,random_pairs@k4#23,12,0.0,True
Qwen2.5-1.5B,rf2_ex20,random_pairs@k4#24,16,0.0,True
Qwen2.5-1.5B,rf2_ex20,random_pairs@k4#25,8,0.0,True
Qwen2.5-1.5B,rf2_ex20,random_pairs@k4#26,12,0.0,True
Qwen2.5-1.5B,rf2_ex20,random_pairs@k4#27,20,0.0,True
Qwen2.5-1.5B,rf2_ex20,random_pairs@k4#28,10,0.0,True
Qwen2.5-1.5B,rf2_ex20,random_pairs@k4#29,6,0.0,True
Qwen2.5-1.5B,rf2_ex20,random_pairs@k4#3,9,0.0,True
Qwen2.5-1.5B,rf2_ex20,random_pairs@k4#30,16,0.0,True
Qwen2.5-1.5B,rf2_ex20,random_pairs@k4#31,15,0.0,True
Qwen2.5-1.5B,rf2_ex20,random_pairs@k4#32,11,0.0,True
Qwen2.5-1.5B,rf2_ex20,random_pairs@k4#33,12,0.0,True
Qwen2.5-1.5B,rf2_ex20,random_pairs@k4#34,15,0.0,True
Qwen2.5-1.5B,rf2_ex20,random_pairs@k4#35,18,0.0,True
Qwen2.5-1.5B,rf2_ex20,random_pairs@k4#36,11,0.0,True
Qwen2.5-1.5B,rf2_ex20,random_pairs@k4#37,13,0.0,True
Qwen2.5-1.5B,rf2_ex20,random_pairs@k4#38,14,0.0,True
Qwen2.5-1.5B,rf2_ex20,random_pairs@k4#39,16,0.0,True
Qwen2.5-1.5B,rf2_ex20,random_pairs@k4#4,7,0.0,True
Qwen2.5-1.5B,rf2_ex20,random_pairs@k4#40,7,0.0,True
Qwen2.5-1.5B,rf2_ex20,random_pairs@k4#41,9,0.0,True
Qwen2.5-1.5B,rf2_ex20,random_pairs@k4#42,18,0.0,True
Qwen2.5-1.5B,rf2_ex20,random_pairs@k4#43,13,0.0,True
Qwen2.5-1.5B,rf2_ex20,random_pairs@k4#44,11,0.0,True
Qwen2.5-1.5B,rf2_ex20,random_pairs@k4#45,11,0.0,True
Qwen2.5-1.5B,rf2_ex20,random_pairs@k4#46,22,0.0,True
Qwen2.5-1.5B,rf2_ex20,random_pairs@k4#47,13,0.0,True
Qwen2.5-1.5B,rf2_ex20,random_pairs@k4#48,11,0.0,True
Qwen2.5-1.5B,rf2_ex20,random_pairs@k4#49,13,0.0,True
Qwen2.5-1.5B,rf2_ex20,random_pairs@k4#5,11,0.0,True
Qwen2.5-1.5B,rf2_ex20,random_pairs@k4#50,6,0.0,True
Qwen2.5-1.5B,rf2_ex20,random_pairs@k4#6,19,0.0,True
Qwen2.5-1.5B,rf2_ex20,random_pairs@k4#7,13,0.0,True
Qwen2.5-1.5B,rf2_ex20,random_pairs@k4#8,12,0.0,True
Qwen2.5-1.5B,rf2_ex20,random_pairs@k4#9,12,0.0,True
Qwen2.5-1.5B,rf2_ex20,random_same_ratio@k2#1,11,0.0,True
Qwen2.5-1.5B,rf2_ex20,random_same_ratio@k2#10,7,0.0,True
Qwen2.5-1.5B,rf2_ex20,random_same_ratio@k2#11,15,0.0,True
Qwen2.5-1.5B,rf2_ex20,random_same_ratio@k2#12,7,0.0,True
Qwen2.5-1.5B,rf2_ex20,random_same_ratio@k2#13,25,0.0,True
Qwen2.5-1.5B,rf2_ex20,random_same_ratio@k2#14,9,0.0,True
Qwen2.5-1.5B,rf2_ex20,random_same_ratio@k2#15,7,0.0,True
Qwen2.5-1.5B,rf2_ex20,random_same_ratio@k2#16,17,0.0,True
Qwen2.5-1.5B,rf2_ex20,random_same_ratio@k2#17,15,0.0,True
Qwen2.5-1.5B,rf2_ex20,random_same_ratio@k2#18,9,0.0,True
Qwen2.5-1.5B,rf2_ex20,random_same_ratio@k2#19,17,0.0,True
Qwen2.5-1.5B,rf2_ex20,random_same_ratio@k2#2,7,0.0,True
Qwen2.5-1.5B,rf2_ex20,random_same_ratio@k2#20,9,0.0,True
Qwen2.5-1.5B,rf2_ex20,random_same_ratio@k2#21,25,0.0,True
Qwen2.5-1.5B,rf2_ex20,random_same_ratio@k2#22,17,0.0,True
Qwen2.5-1.5B,rf2_ex20,random_same_ratio@k2#23,17,0.0,True
Qwen2.5-1.5B,rf2_ex20,random_same_ratio@k2#24,7,0.0,True
Qwen2.5-1.5B,rf2_ex20,random_same_ratio@k2#25,19,0.0,True
Qwen2.5-1.5B,rf2_ex20,random_same_ratio@k2#26,15,0.0,True
Qwen2.5-1.5B,rf2_ex20,random_same_ratio@k2#27,11,0.0,True
Qwen2.5-1.5B,rf2_ex20,random_same_ratio@k2#28,21,0.0,True
Qwen2.5-1.5B,rf2_ex20,random_same_ratio@k2#29,15,0.0,True
Qwen2.5-1.5B,rf2_ex20,random_same_ratio@k2#3,15,0.0,True
Qwen2.5-1.5B,rf2_ex20,random_same_ratio@k2#30,17,0.0,True
Qwen2.5-1.5B,rf2_ex20,random_same_ratio@k2#31,11,0.0,True
Qwen2.5-1.5B,rf2_ex20,random_same_ratio@k2#32,13,0.0,True
Qwen2.5-1.5B,rf2_ex20,random_same_ratio@k2#33,11,0.0,True
Qwen2.5-1.5B,rf2_ex20,random_same_ratio@k2#34,9,0.0,True
Qwen2.5-1.5B,rf2_ex20,random_same_ratio@k2#35,9,0.0,True
Qwen2.5-1.5B,rf2_ex20,random_same_ratio@k2#36,9,0.0,True
Qwen2.5-1.5B,rf2_ex20,random_same_ratio@k2#37,15,0.0,True
Qwen2.5-1.5B,rf2_ex20,random_same_ratio@k2#38,11,0.0,True
Qwen2.5-1.5B,rf2_ex20,random_same_ratio@k2#39,15,0.0,True
Qwen2.5-1.5B,rf2_ex20,random_same_ratio@k2#4,11,0.0,True
Qwen2.5-1.5B,rf2_ex20,random_same_ratio@k2#40,11,0.0,True
Qwen2.5-1.5B,rf2_ex20,random_same_ratio@k2#41,7,0.0,True
Qwen2.5-1.5B,rf2_ex20,random_same_ratio@k2#42,9,0.0,True
Qwen2.5-1.5B,rf2_ex20,random_same_ratio@k2#43,13,0.0,True
Qwen2.5-1.5B,rf2_ex20,random_same_ratio@k2#44,21,0.0,True
Qwen2.5-1.5B,rf2_ex20,random_same_ratio@k2#45,11,0.0,True
Qwen2.5-1.5B,rf2_ex20,random_same_ratio@k2#46,21,0.0,True
Qwen2.5-1.5B,rf2_ex20,random_same_ratio@k2#47,19,0.0,True
Qwen2.5-1.5B,rf2_ex20,random_same_ratio@k2#48,11,0.0,True
Qwen2.5-1.5B,rf2_ex20,random_same_ratio@k2#49,15,0.0,True
Qwen2.5-1.5B,rf2_ex20,random_same_ratio@k2#5,7,0.0,True
Qwen2.5-1.5B,rf2_ex20,random_same_ratio@k2#50,15,0.0,True
Qwen2.5-1.5B,rf2_ex20,random_same_ratio@k2#6,17,0.0,True
Qwen2.5-1.5B,rf2_ex20,random_same_ratio@k2#7,7,0.0,True
Qwen2.5-1.5B,rf2_ex20,random_same_ratio@k2#8,7,0.0,True
Qwen2.5-1.5B,rf2_ex20,random_same_ratio@k2#9,19,0.0,True
Qwen2.5-1.5B,rf2_ex20,random_same_ratio@k4#1,9,0.0,True
Qwen2.5-1.5B,rf2_ex20,random_same_ratio@k4#10,7,0.0,True
Qwen2.5-1.5B,rf2_ex20,random_same_ratio@k4#11,11,0.0,True
Qwen2.5-1.5B,rf2_ex20,random_same_ratio@k4#12,9,0.0,True
Qwen2.5-1.5B,rf2_ex20,random_same_ratio@k4#13,19,0.0,True
Qwen2.5-1.5B,rf2_ex20,random_same_ratio@k4#14,11,0.0,True
Qwen2.5-1.5B,rf2_ex20,random_same_ratio@k4#15,13,0.0,True
Qwen2.5-1.5B,rf2_ex20,random_same_ratio@k4#16,9,0.0,True
Qwen2.5-1.5B,rf2_ex20,random_same_ratio@k4#17,9,0.0,True
Qwen2.5-1.5B,rf2_ex20,random_same_ratio@k4#18,7,0.0,True
Qwen2.5-1.5B,rf2_ex20,random_same_ratio@k4#19,7,0.0,True
Qwen2.5-1.5B,rf2_ex20,random_same_ratio@k4#2,17,0.0,True
Qwen2.5-1.5B,rf2_ex20,random_same_ratio@k4#20,9,0.0,True
Qwen2.5-1.5B,rf2_ex20,random_same_ratio@k4#21,7,0.0,True
Qwen2.5-1.5B,rf2_ex20,random_same_ratio@k4#22,9,0.0,True
Qwen2.5-1.5B,rf2_ex20,random_same_ratio@k4#23,9,0.0,True
Qwen2.5-1.5B,rf2_ex20,random_same_ratio@k4#24,7,0.0,True
Qwen2.5-1.5B,rf2_ex20,random_same_ratio@k4#25,11,0.0,True
Qwen2.5-1.5B,rf2_ex20,random_same_ratio@k4#26,7,0.0,True
Qwen2.5-1.5B,rf2_ex20,random_same_ratio@k4#27,9,0.0,True
Qwen2.5-1.5B,rf2_ex20,random_same_ratio@k4#28,7,0.0,True
Qwen2.5-1.5B,rf2_ex20,random_same_ratio@k4#29,7,0.0,True
Qwen2.5-1.5B,rf2_ex20,random_same_ratio@k4#3,9,0.0,True
Qwen2.5-1.5B,rf2_ex20,random_same_ratio@k4#30,7,0.0,True
Qwen2.5-1.5B,rf2_ex20,random_same_ratio@k4#31,17,0.0,True
Qwen2.5-1.5B,rf2_ex20,random_same_ratio@k4#32,9,0.0,True
Qwen2.5-1.5B,rf2_ex20,random_same_ratio@k4#33,9,0.0,True
Qwen2.5-1.5B,rf2_ex20,random_same_ratio@k4#34,11,0.0,True
Qwen2.5-1.5B,rf2_ex20,random_same_ratio@k4#35,7,0.0,True
Qwen2.5-1.5B,rf2_ex20,random_same_ratio@k4#36,7,0.0,True
Qwen2.5-1.5B,rf2_ex20,random_same_ratio@k4#37,7,0.0,True
Qwen2.5-1.5B,rf2_ex20,random_same_ratio@k4#38,9,0.0,True
Qwen2.5-1.5B,rf2_ex20,random_same_ratio@k4#39,13,0.0,True
Qwen2.5-1.5B,rf2_ex20,random_same_ratio@k4#4,7,0.0,True
Qwen2.5-1.5B,rf2_ex20,random_same_ratio@k4#40,9,0.0,True
Qwen2.5-1.5B,rf2_ex20,random_same_ratio@k4#41,11,0.0,True
Qwen2.5-1.5B,rf2_ex20,random_same_ratio@k4#42,9,0.0,True
Qwen2.5-1.5B,rf2_ex20,random_same_ratio@k4#43,9,0.0,True
Qwen2.5-1.5B,rf2_ex20,random_same_ratio@k4#44,7,0.0,True
Qwen2.5-1.5B,rf2_ex20,random_same_ratio@k4#45,9,0.0,True
Qwen2.5-1.5B,rf2_ex20,random_same_ratio@k4#46,15,0.0,True
Qwen2.5-1.5B,rf2_ex20,random_same_ratio@k4#47,11,0.0,True
Qwen2.5-1.5B,rf2_ex20,random_same_ratio@k4#48,9,0.0,True
Qwen2.5-1.5B,rf2_ex20,random_same_ratio@k4#49,11,0.0,True
Qwen2.5-1.5B,rf2_ex20,random_same_ratio@k4#5,7,0.0,True
Qwen2.5-1.5B,rf2_ex20,random_same_ratio@k4#50,11,0.0,True
Qwen2.5-1.5B,rf2_ex20,random_same_ratio@k4#6,7,0.0,True
Qwen2.5-1.5B,rf2_ex20,random_same_ratio@k4#7,7,0.0,True
Qwen2.5-1.5B,rf2_ex20,random_same_ratio@k4#8,13,0.0,True
Qwen2.5-1.5B,rf2_ex20,random_same_ratio@k4#9,13,0.0,True
Qwen2.5-1.5B,rf2_ex20,random_same_ratio@k6#1,9,0.0,True
Qwen2.5-1.5B,rf2_ex20,random_same_ratio@k6#10,9,0.0,True
Qwen2.5-1.5B,rf2_ex20,random_same_ratio@k6#11,7,0.0,True
Qwen2.5-1.5B,rf2_ex20,random_same_ratio@k6#12,9,0.0,True
Qwen2.5-1.5B,rf2_ex20,random_same_ratio@k6#13,7,0.0,True
Qwen2.5-1.5B,rf2_ex20,random_same_ratio@k6#14,9,0.0,True
Qwen2.5-1.5B,rf2_ex20,random_same_ratio@k6#15,7,0.0,True
Qwen2.5-1.5B,rf2_ex20,random_same_ratio@k6#16,7,0.0,True
Qwen2.5-1.5B,rf2_ex20,random_same_ratio@k6#17,9,0.0,True
Qwen2.5-1.5B,rf2_ex20,random_same_ratio@k6#18,7,0.0,True
Qwen2.5-1.5B,rf2_ex20,random_same_ratio@k6#19,9,0.0,True
Qwen2.5-1.5B,rf2_ex20,random_same_ratio@k6#2,9,0.0,True
Qwen2.5-1.5B,rf2_ex20,random_same_ratio@k6#20,7,0.0,True
Qwen2.5-1.5B,rf2_ex20,random_same_ratio@k6#21,9,0.0,True
Qwen2.5-1.5B,rf2_ex20,random_same_ratio@k6#22,9,0.0,True
Qwen2.5-1.5B,rf2_ex20,random_same_ratio@k6#23,7,0.0,True
Qwen2.5-1.5B,rf2_ex20,random_same_ratio@k6#24,11,0.0,True
Qwen2.5-1.5B,rf2_ex20,random_same_ratio@k6#25,9,0.0,True
Qwen2.5-1.5B,rf2_ex20,random_same_ratio@k6#26,7,0.0,True
Qwen2.5-1.5B,rf2_ex20,random_same_ratio@k6#27,7,0.0,True
Qwen2.5-1.5B,rf2_ex20,random_same_ratio@k6#28,7,0.0,True
Qwen2.5-1.5B,rf2_ex20,random_same_ratio@k6#29,9,0.0,True
Qwen2.5-1.5B,rf2_ex20,random_same_ratio@k6#3,11,0.0,True
Qwen2.5-1.5B,rf2_ex20,random_same_ratio@k6#30,9,0.0,True
Qwen2.5-1.5B,rf2_ex20,random_same_ratio@k6#31,7,0.0,True
Qwen2.5-1.5B,rf2_ex20,random_same_ratio@k6#32,7,0.0,True
Qwen2.5-1.5B,rf2_ex20,random_same_ratio@k6#33,7,0.0,True
Qwen2.5-1.5B,rf2_ex20,random_same_ratio@k6#34,9,0.0,True
Qwen2.5-1.5B,rf2_ex20,random_same_ratio@k6#35,11,0.0,True
Qwen2.5-1.5B,rf2_ex20,random_same_ratio@k6#36,9,0.0,True
Qwen2.5-1.5B,rf2_ex20,random_same_ratio@k6#37,13,0.0,True
Qwen2.5-1.5B,rf2_ex20,random_same_ratio@k6#38,7,0.0,True
Qwen2.5-1.5B,rf2_ex20,random_same_ratio@k6#39,7,0.0,True
Qwen2.5-1.5B,rf2_ex20,random_same_ratio@k6#4,7,0.0,True
Qwen2.5-1.5B,rf2_ex20,random_same_ratio@k6#40,11,0.0,True
Qwen2.5-1.5B,rf2_ex20,random_same_ratio@k6#41,7,0.0,True
Qwen2.5-1.5B,rf2_ex20,random_same_ratio@k6#42,11,0.0,True
Qwen2.5-1.5B,rf2_ex20,random_same_ratio@k6#43,7,0.0,True
Qwen2.5-1.5B,rf2_ex20,random_same_ratio@k6#44,7,0.0,True
Qwen2.5-1.5B,rf2_ex20,random_same_ratio@k6#45,7,0.0,True
Qwen2.5-1.5B,rf2_ex20,random_same_ratio@k6#46,11,0.0,True
Qwen2.5-1.5B,rf2_ex20,random_same_ratio@k6#47,7,0.0,True
Qwen2.5-1.5B,rf2_ex20,random_same_ratio@k6#48,9,0.0,True
Qwen2.5-1.5B,rf2_ex20,random_same_ratio@k6#49,9,0.0,True
Qwen2.5-1.5B,rf2_ex20,random_same_ratio@k6#5,9,0.0,True
Qwen2.5-1.5B,rf2_ex20,random_same_ratio@k6#50,9,0.0,True
Qwen2.5-1.5B,rf2_ex20,random_same_ratio@k6#6,9,0.0,True
Qwen2.5-1.5B,rf2_ex20,random_same_ratio@k6#7,7,0.0,True
Qwen2.5-1.5B,rf2_ex20,random_same_ratio@k6#8,7,0.0,True
Qwen2.5-1.5B,rf2_ex20,random_same_ratio@k6#9,7,0.0,True
Qwen2.5-1.5B,rf2_ex20,random_source@k11#1,7,0.0,True
Qwen2.5-1.5B,rf2_ex20,random_source@k11#10,7,0.0,True
Qwen2.5-1.5B,rf2_ex20,random_source@k11#11,7,0.0,True
Qwen2.5-1.5B,rf2_ex20,random_source@k11#12,7,0.0,True
Qwen2.5-1.5B,rf2_ex20,random_source@k11#13,7,0.0,True
Qwen2.5-1.5B,rf2_ex20,random_source@k11#14,7,0.0,True
Qwen2.5-1.5B,rf2_ex20,random_source@k11#15,7,0.0,True
Qwen2.5-1.5B,rf2_ex20,random_source@k11#16,7,0.0,True
Qwen2.5-1.5B,rf2_ex20,random_source@k11#17,7,0.0,True
Qwen2.5-1.5B,rf2_ex20,random_source@k11#18,7,0.0,True
Qwen2.5-1.5B,rf2_ex20,random_source@k11#19,7,0.0,True
Qwen2.5-1.5B,rf2_ex20,random_source@k11#2,7,0.0,True
Qwen2.5-1.5B,rf2_ex20,random_source@k11#20,7,0.0,True
Qwen2.5-1.5B,rf2_ex20,random_source@k11#21,7,0.0,True
Qwen2.5-1.5B,rf2_ex20,random_source@k11#22,7,0.0,True
Qwen2.5-1.5B,rf2_ex20,random_source@k11#23,7,0.0,True
Qwen2.5-1.5B,rf2_ex20,random_source@k11#24,7,0.0,True
Qwen2.5-1.5B,rf2_ex20,random_source@k11#25,7,0.0,True
Qwen2.5-1.5B,rf2_ex20,random_source@k11#26,7,0.0,True
Qwen2.5-1.5B,rf2_ex20,random_source@k11#27,7,0.0,True
Qwen2.5-1.5B,rf2_ex20,random_source@k11#28,7,0.0,True
Qwen2.5-1.5B,rf2_ex20,random_source@k11#29,7,0.0,True
Qwen2.5-1.5B,rf2_ex20,random_source@k11#3,7,0.0,True
Qwen2.5-1.5B,rf2_ex20,random_source@k11#30,7,0.0,True
Qwen2.5-1.5B,rf2_ex20,random_source@k11#31,7,0.0,True
Qwen2.5-1.5B,rf2_ex20,random_source@k11#32,7,0.0,True
Qwen2.5-1.5B,rf2_ex20,random_source@k11#33,7,0.0,True
Qwen2.5-1.5B,rf2_ex20,random_source@k11#34,7,0.0,True
Qwen2.5-1.5B,rf2_ex20,random_source@k11#35,7,0.0,True
Qwen2.5-1.5B,rf2_ex20,random_source@k11#36,7,0.0,True
Qwen2.5-1.5B,rf2_ex20,random_source@k11#37,7,0.0,True
Qwen2.5-1.5B,rf2_ex20,random_source@k11#38,7,0.0,True
Qwen2.5-1.5B,rf2_ex20,random_source@k11#39,7,0.0,True
Qwen2.5-1.5B,rf2_ex20,random_source@k11#4,7,0.0,True
Qwen2.5-1.5B,rf2_ex20,random_source@k11#40,7,0.0,True
Qwen2.5-1.5B,rf2_ex20,random_source@k11#41,7,0.0,True
Qwen2.5-1.5B,rf2_ex20,random_source@k11#42,7,0.0,True
Qwen2.5-1.5B,rf2_ex20,random_source@k11#43,7,0.0,True
Qwen2.5-1.5B,rf2_ex20,random_source@k11#44,7,0.0,True
Qwen2.5-1.5B,rf2_ex20,random_source@k11#45,7,0.0,True
Qwen2.5-1.5B,rf2_ex20,random_source@k11#46,7,0.0,True
Qwen2.5-1.5B,rf2_ex20,random_source@k11#47,7,0.0,True
Qwen2.5-1.5B,rf2_ex20,random_source@k11#48,7,0.0,True
Qwen2.5-1.5B,rf2_ex20,random_source@k11#49,7,0.0,True
Qwen2.5-1.5B,rf2_ex20,random_source@k11#5,7,0.0,True
Qwen2.5-1.5B,rf2_ex20,random_source@k11#50,7,0.0,True
Qwen2.5-1.5B,rf2_ex20,random_source@k11#6,7,0.0,True
Qwen2.5-1.5B,rf2_ex20,random_source@k11#7,7,0.0,True
Qwen2.5-1.5B,rf2_ex20,random_source@k11#8,7,0.0,True
Qwen2.5-1.5B,rf2_ex20,random_source@k11#9,7,0.0,True
Qwen2.5-1.5B,rf2_ex20,rdm_cka_high@k4#1,17,0.0,True
Qwen2.5-1.5B,rf2_ex20,rdm_cka_high@k4#10,19,0.0,True
Qwen2.5-1.5B,rf2_ex20,rdm_cka_high@k4#11,17,0.0,True
Qwen2.5-1.5B,rf2_ex20,rdm_cka_high@k4#12,17,0.0,True
Qwen2.5-1.5B,rf2_ex20,rdm_cka_high@k4#2,17,0.0,True
Qwen2.5-1.5B,rf2_ex20,rdm_cka_high@k4#3,19,0.0,True
Qwen2.5-1.5B,rf2_ex20,rdm_cka_high@k4#4,15,0.0,True
Qwen2.5-1.5B,rf2_ex20,rdm_cka_high@k4#5,15,0.0,True
Qwen2.5-1.5B,rf2_ex20,rdm_cka_high@k4#6,15,0.0,True
Qwen2.5-1.5B,rf2_ex20,rdm_cka_high@k4#7,15,0.0,True
Qwen2.5-1.5B,rf2_ex20,rdm_cka_high@k4#8,19,0.0,True
Qwen2.5-1.5B,rf2_ex20,rdm_cka_high@k4#9,19,0.0,True
Qwen2.5-1.5B,rf2_ex20,rdm_cka_low@k4#1,7,0.0,True
Qwen2.5-1.5B,rf2_ex20,rdm_cka_low@k4#10,9,0.0,True
Qwen2.5-1.5B,rf2_ex20,rdm_cka_low@k4#11,7,0.0,True
Qwen2.5-1.5B,rf2_ex20,rdm_cka_low@k4#12,7,0.0,True
Qwen2.5-1.5B,rf2_ex20,rdm_cka_low@k4#2,7,0.0,True
Qwen2.5-1.5B,rf2_ex20,rdm_cka_low@k4#3,7,0.0,True
Qwen2.5-1.5B,rf2_ex20,rdm_cka_low@k4#4,7,0.0,True
Qwen2.5-1.5B,rf2_ex20,rdm_cka_low@k4#5,9,0.0,True
Qwen2.5-1.5B,rf2_ex20,rdm_cka_low@k4#6,7,0.0,True
Qwen2.5-1.5B,rf2_ex20,rdm_cka_low@k4#7,9,0.0,True
Qwen2.5-1.5B,rf2_ex20,rdm_cka_low@k4#8,7,0.0,True
Qwen2.5-1.5B,rf2_ex20,rdm_cka_low@k4#9,7,0.0,True
Qwen2.5-1.5B,rf2_ex20,rdm_fidelity_high@k4#1,9,0.0,True
Qwen2.5-1.5B,rf2_ex20,rdm_fidelity_high@k4#10,9,0.0,True
Qwen2.5-1.5B,rf2_ex20,rdm_fidelity_high@k4#11,9,0.0,True
Qwen2.5-1.5B,rf2_ex20,rdm_fidelity_high@k4#12,11,0.0,True
Qwen2.5-1.5B,rf2_ex20,rdm_fidelity_high@k4#13,9,0.0,True
Qwen2.5-1.5B,rf2_ex20,rdm_fidelity_high@k4#14,7,0.0,True
Qwen2.5-1.5B,rf2_ex20,rdm_fidelity_high@k4#15,9,0.0,True
Qwen2.5-1.5B,rf2_ex20,rdm_fidelity_high@k4#16,9,0.0,True
Qwen2.5-1.5B,rf2_ex20,rdm_fidelity_high@k4#17,9,0.0,True
Qwen2.5-1.5B,rf2_ex20,rdm_fidelity_high@k4#18,7,0.0,True
Qwen2.5-1.5B,rf2_ex20,rdm_fidelity_high@k4#19,9,0.0,True
Qwen2.5-1.5B,rf2_ex20,rdm_fidelity_high@k4#2,9,0.0,True
Qwen2.5-1.5B,rf2_ex20,rdm_fidelity_high@k4#20,7,0.0,True
Qwen2.5-1.5B,rf2_ex20,rdm_fidelity_high@k4#21,7,0.0,True
Qwen2.5-1.5B,rf2_ex20,rdm_fidelity_high@k4#22,7,0.0,True
Qwen2.5-1.5B,rf2_ex20,rdm_fidelity_high@k4#23,9,0.0,True
Qwen2.5-1.5B,rf2_ex20,rdm_fidelity_high@k4#24,7,0.0,True
Qwen2.5-1.5B,rf2_ex20,rdm_fidelity_high@k4#25,9,0.0,True
Qwen2.5-1.5B,rf2_ex20,rdm_fidelity_high@k4#26,7,0.0,True
Qwen2.5-1.5B,rf2_ex20,rdm_fidelity_high@k4#27,7,0.0,True
Qwen2.5-1.5B,rf2_ex20,rdm_fidelity_high@k4#28,9,0.0,True
Qwen2.5-1.5B,rf2_ex20,rdm_fidelity_high@k4#29,7,0.0,True
Qwen2.5-1.5B,rf2_ex20,rdm_fidelity_high@k4#3,7,0.0,True
Qwen2.5-1.5B,rf2_ex20,rdm_fidelity_high@k4#30,7,0.0,True
Qwen2.5-1.5B,rf2_ex20,rdm_fidelity_high@k4#31,7,0.0,True
Qwen2.5-1.5B,rf2_ex20,rdm_fidelity_high@k4#32,11,0.0,True
Qwen2.5-1.5B,rf2_ex20,rdm_fidelity_high@k4#33,7,0.0,True
Qwen2.5-1.5B,rf2_ex20,rdm_fidelity_high@k4#34,9,0.0,True
Qwen2.5-1.5B,rf2_ex20,rdm_fidelity_high@k4#35,7,0.0,True
Qwen2.5-1.5B,rf2_ex20,rdm_fidelity_high@k4#36,9,0.0,True
Qwen2.5-1.5B,rf2_ex20,rdm_fidelity_high@k4#37,7,0.0,True
Qwen2.5-1.5B,rf2_ex20,rdm_fidelity_high@k4#38,7,0.0,True
Qwen2.5-1.5B,rf2_ex20,rdm_fidelity_high@k4#39,11,0.0,True
Qwen2.5-1.5B,rf2_ex20,rdm_fidelity_high@k4#4,7,0.0,True
Qwen2.5-1.5B,rf2_ex20,rdm_fidelity_high@k4#40,9,0.0,True
Qwen2.5-1.5B,rf2_ex20,rdm_fidelity_high@k4#41,9,0.0,True
Qwen2.5-1.5B,rf2_ex20,rdm_fidelity_high@k4#42,7,0.0,True
Qwen2.5-1.5B,rf2_ex20,rdm_fidelity_high@k4#43,7,0.0,True
Qwen2.5-1.5B,rf2_ex20,rdm_fidelity_high@k4#44,7,0.0,True
Qwen2.5-1.5B,rf2_ex20,rdm_fidelity_high@k4#45,7,0.0,True
Qwen2.5-1.5B,rf2_ex20,rdm_fidelity_high@k4#46,7,0.0,True
Qwen2.5-1.5B,rf2_ex20,rdm_fidelity_high@k4#47,9,0.0,True
Qwen2.5-1.5B,rf2_ex20,rdm_fidelity_high@k4#48,7,0.0,True
Qwen2.5-1.5B,rf2_ex20,rdm_fidelity_high@k4#49,7,0.0,True
Qwen2.5-1.5B,rf2_ex20,rdm_fidelity_high@k4#5,11,0.0,True
Qwen2.5-1.5B,rf2_ex20,rdm_fidelity_high@k4#50,11,0.0,True
Qwen2.5-1.5B,rf2_ex20,rdm_fidelity_high@k4#6,9,0.0,True
Qwen2.5-1.5B,rf2_ex20,rdm_fidelity_high@k4#7,9,0.0,True
Qwen2.5-1.5B,rf2_ex20,rdm_fidelity_high@k4#8,11,0.0,True
Qwen2.5-1.5B,rf2_ex20,rdm_fidelity_high@k4#9,7,0.0,True
Qwen2.5-1.5B,rf2_ex20,rdm_kvdist_high@k4#1,11,0.0,True
Qwen2.5-1.5B,rf2_ex20,rdm_kvdist_high@k4#10,11,0.0,True
Qwen2.5-1.5B,rf2_ex20,rdm_kvdist_high@k4#11,9,0.0,True
Qwen2.5-1.5B,rf2_ex20,rdm_kvdist_high@k4#12,7,0.0,True
Qwen2.5-1.5B,rf2_ex20,rdm_kvdist_high@k4#13,9,0.0,True
Qwen2.5-1.5B,rf2_ex20,rdm_kvdist_high@k4#14,7,0.0,True
Qwen2.5-1.5B,rf2_ex20,rdm_kvdist_high@k4#15,9,0.0,True
Qwen2.5-1.5B,rf2_ex20,rdm_kvdist_high@k4#16,11,0.0,True
Qwen2.5-1.5B,rf2_ex20,rdm_kvdist_high@k4#17,13,0.0,True
Qwen2.5-1.5B,rf2_ex20,rdm_kvdist_high@k4#18,7,0.0,True
Qwen2.5-1.5B,rf2_ex20,rdm_kvdist_high@k4#19,11,0.0,True
Qwen2.5-1.5B,rf2_ex20,rdm_kvdist_high@k4#2,13,0.0,True
Qwen2.5-1.5B,rf2_ex20,rdm_kvdist_high@k4#20,9,0.0,True
Qwen2.5-1.5B,rf2_ex20,rdm_kvdist_high@k4#21,7,0.0,True
Qwen2.5-1.5B,rf2_ex20,rdm_kvdist_high@k4#22,13,0.0,True
Qwen2.5-1.5B,rf2_ex20,rdm_kvdist_high@k4#23,11,0.0,True
Qwen2.5-1.5B,rf2_ex20,rdm_kvdist_high@k4#24,11,0.0,True
Qwen2.5-1.5B,rf2_ex20,rdm_kvdist_high@k4#25,9,0.0,True
Qwen2.5-1.5B,rf2_ex20,rdm_kvdist_high@k4#26,11,0.0,True
Qwen2.5-1.5B,rf2_ex20,rdm_kvdist_high@k4#27,9,0.0,True
Qwen2.5-1.5B,rf2_ex20,rdm_kvdist_high@k4#28,9,0.0,True
Qwen2.5-1.5B,rf2_ex20,rdm_kvdist_high@k4#29,7,0.0,True
Qwen2.5-1.5B,rf2_ex20,rdm_kvdist_high@k4#3,13,0.0,True
Qwen2.5-1.5B,rf2_ex20,rdm_kvdist_high@k4#30,13,0.0,True
Qwen2.5-1.5B,rf2_ex20,rdm_kvdist_high@k4#31,13,0.0,True
Qwen2.5-1.5B,rf2_ex20,rdm_kvdist_high@k4#32,9,0.0,True
Qwen2.5-1.5B,rf2_ex20,rdm_kvdist_high@k4#33,11,0.0,True
Qwen2.5-1.5B,rf2_ex20,rdm_kvdist_high@k4#34,13,0.0,True
Qwen2.5-1.5B,rf2_ex20,rdm_kvdist_high@k4#35,11,0.0,True
Qwen2.5-1.5B,rf2_ex20,rdm_kvdist_high@k4#36,13,0.0,True
Qwen2.5-1.5B,rf2_ex20,rdm_kvdist_high@k4#37,13,0.0,True
Qwen2.5-1.5B,rf2_ex20,rdm_kvdist_high@k4#38,11,0.0,True
Qwen2.5-1.5B,rf2_ex20,rdm_kvdist_high@k4#39,7,0.0,True
Qwen2.5-1.5B,rf2_ex20,rdm_kvdist_high@k4#4,7,0.0,True
Qwen2.5-1.5B,rf2_ex20,rdm_kvdist_high@k4#40,7,0.0,True
Qwen2.5-1.5B,rf2_ex20,rdm_kvdist_high@k4#41,7,0.0,True
Qwen2.5-1.5B,rf2_ex20,rdm_kvdist_high@k4#42,11,0.0,True
Qwen2.5-1.5B,rf2_ex20,rdm_kvdist_high@k4#43,7,0.0,True
Qwen2.5-1.5B,rf2_ex20,rdm_kvdist_high@k4#44,7,0.0,True
Qwen2.5-1.5B,rf2_ex20,rdm_kvdist_high@k4#45,9,0.0,True
Qwen2.5-1.5B,rf2_ex20,rdm_kvdist_high@k4#46,11,0.0,True
Qwen2.5-1.5B,rf2_ex20,rdm_kvdist_high@k4#47,13,0.0,True
Qwen2.5-1.5B,rf2_ex20,rdm_kvdist_high@k4#48,13,0.0,True
Qwen2.5-1.5B,rf2_ex20,rdm_kvdist_high@k4#5,9,0.0,True
Qwen2.5-1.5B,rf2_ex20,rdm_kvdist_high@k4#6,7,0.0,True
Qwen2.5-1.5B,rf2_ex20,rdm_kvdist_high@k4#7,9,0.0,True
Qwen2.5-1.5B,rf2_ex20,rdm_kvdist_high@k4#8,13,0.0,True
Qwen2.5-1.5B,rf2_ex20,rdm_kvdist_high@k4#9,9,0.0,True
Qwen2.5-1.5B,rf2_ex20,rdm_kvdist_low@k4#1,7,0.0,True
Qwen2.5-1.5B,rf2_ex20,rdm_kvdist_low@k4#10,11,0.0,True
Qwen2.5-1.5B,rf2_ex20,rdm_kvdist_low@k4#11,11,0.0,True
Qwen2.5-1.5B,rf2_ex20,rdm_kvdist_low@k4#12,13,0.0,True
Qwen2.5-1.5B,rf2_ex20,rdm_kvdist_low@k4#13,7,0.0,True
Qwen2.5-1.5B,rf2_ex20,rdm_kvdist_low@k4#14,11,0.0,True
Qwen2.5-1.5B,rf2_ex20,rdm_kvdist_low@k4#15,9,0.0,True
Qwen2.5-1.5B,rf2_ex20,rdm_kvdist_low@k4#16,13,0.0,True
Qwen2.5-1.5B,rf2_ex20,rdm_kvdist_low@k4#17,11,0.0,True
Qwen2.5-1.5B,rf2_ex20,rdm_kvdist_low@k4#18,11,0.0,True
Qwen2.5-1.5B,rf2_ex20,rdm_kvdist_low@k4#19,7,0.0,True
Qwen2.5-1.5B,rf2_ex20,rdm_kvdist_low@k4#2,9,0.0,True
Qwen2.5-1.5B,rf2_ex20,rdm_kvdist_low@k4#20,9,0.0,True
Qwen2.5-1.5B,rf2_ex20,rdm_kvdist_low@k4#21,11,0.0,True
Qwen2.5-1.5B,rf2_ex20,rdm_kvdist_low@k4#22,9,0.0,True
Qwen2.5-1.5B,rf2_ex20,rdm_kvdist_low@k4#23,9,0.0,True
Qwen2.5-1.5B,rf2_ex20,rdm_kvdist_low@k4#24,9,0.0,True
Qwen2.5-1.5B,rf2_ex20,rdm_kvdist_low@k4#25,11,0.0,True
Qwen2.5-1.5B,rf2_ex20,rdm_kvdist_low@k4#26,13,0.0,True
Qwen2.5-1.5B,rf2_ex20,rdm_kvdist_low@k4#27,11,0.0,True
Qwen2.5-1.5B,rf2_ex20,rdm_kvdist_low@k4#28,7,0.0,True
Qwen2.5-1.5B,rf2_ex20,rdm_kvdist_low@k4#29,9,0.0,True
Qwen2.5-1.5B,rf2_ex20,rdm_kvdist_low@k4#3,7,0.0,True
Qwen2.5-1.5B,rf2_ex20,rdm_kvdist_low@k4#30,11,0.0,True
Qwen2.5-1.5B,rf2_ex20,rdm_kvdist_low@k4#31,7,0.0,True
Qwen2.5-1.5B,rf2_ex20,rdm_kvdist_low@k4#32,13,0.0,True
Qwen2.5-1.5B,rf2_ex20,rdm_kvdist_low@k4#33,11,0.0,True
Qwen2.5-1.5B,rf2_ex20,rdm_kvdist_low@k4#34,9,0.0,True
Qwen2.5-1.5B,rf2_ex20,rdm_kvdist_low@k4#35,7,0.0,True
Qwen2.5-1.5B,rf2_ex20,rdm_kvdist_low@k4#36,7,0.0,True
Qwen2.5-1.5B,rf2_ex20,rdm_kvdist_low@k4#37,7,0.0,True
Qwen2.5-1.5B,rf2_ex20,rdm_kvdist_low@k4#38,7,0.0,True
Qwen2.5-1.5B,rf2_ex20,rdm_kvdist_low@k4#39,11,0.0,True
Qwen2.5-1.5B,rf2_ex20,rdm_kvdist_low@k4#4,7,0.0,True
Qwen2.5-1.5B,rf2_ex20,rdm_kvdist_low@k4#40,9,0.0,True
Qwen2.5-1.5B,rf2_ex20,rdm_kvdist_low@k4#41,7,0.0,True
Qwen2.5-1.5B,rf2_ex20,rdm_kvdist_low@k4#42,13,0.0,True
Qwen2.5-1.5B,rf2_ex20,rdm_kvdist_low@k4#43,9,0.0,True
Qwen2.5-1.5B,rf2_ex20,rdm_kvdist_low@k4#44,13,0.0,True
Qwen2.5-1.5B,rf2_ex20,rdm_kvdist_low@k4#45,11,0.0,True
Qwen2.5-1.5B,rf2_ex20,rdm_kvdist_low@k4#46,7,0.0,True
Qwen2.5-1.5B,rf2_ex20,rdm_kvdist_low@k4#47,7,0.0,True
Qwen2.5-1.5B,rf2_ex20,rdm_kvdist_low@k4#48,9,0.0,True
Qwen2.5-1.5B,rf2_ex20,rdm_kvdist_low@k4#49,11,0.0,True
Qwen2.5-1.5B,rf2_ex20,rdm_kvdist_low@k4#5,7,0.0,True
Qwen2.5-1.5B,rf2_ex20,rdm_kvdist_low@k4#50,9,0.0,True
Qwen2.5-1.5B,rf2_ex20,rdm_kvdist_low@k4#6,11,0.0,True
Qwen2.5-1.5B,rf2_ex20,rdm_kvdist_low@k4#7,9,0.0,True
Qwen2.5-1.5B,rf2_ex20,rdm_kvdist_low@k4#8,11,0.0,True
Qwen2.5-1.5B,rf2_ex20,rdm_kvdist_low@k4#9,9,0.0,True
Qwen2.5-1.5B,rf4_ex20,full,7,0.0,True
Llama-3.2-1B,rf2_ex00,full,1,0.0,True
Llama-3.2-1B,rf2_ex20,cf_next_head,5,0.0,True
Llama-3.2-1B,rf2_ex20,cf_prev_head,5,0.0,True
Llama-3.2-1B,rf2_ex20,cka_high@k1,5,0.0,True
Llama-3.2-1B,rf2_ex20,cka_high@k2,5,0.0,True
Llama-3.2-1B,rf2_ex20,cka_high@k3,5,0.0,True
Llama-3.2-1B,rf2_ex20,cka_low@k1,13,0.0,True
Llama-3.2-1B,rf2_ex20,cka_low@k2,7,0.0,True
Llama-3.2-1B,rf2_ex20,cka_low@k3,7,0.0,True
Llama-3.2-1B,rf2_ex20,fidelity_high@k1,15,0.0,True
Llama-3.2-1B,rf2_ex20,fidelity_high@k2,7,0.0,True
Llama-3.2-1B,rf2_ex20,fidelity_high@k3,5,0.0,True
Llama-3.2-1B,rf2_ex20,full,5,0.0,True
Llama-3.2-1B,rf2_ex20,kvdist_high@k1,9,0.0,True
Llama-3.2-1B,rf2_ex20,kvdist_high@k2,5,0.0,True
Llama-3.2-1B,rf2_ex20,kvdist_high@k3,5,0.0,True
Llama-3.2-1B,rf2_ex20,kvdist_low@k1,15,0.0,True
Llama-3.2-1B,rf2_ex20,kvdist_low@k2,13,0.0,True
Llama-3.2-1B,rf2_ex20,kvdist_low@k3,7,0.0,True
Llama-3.2-1B,rf2_ex20,kvsharer_dissimilar@k2,6,0.0,True
Llama-3.2-1B,rf2_ex20,kvsharer_similar@k2,13,0.0,True
Llama-3.2-1B,rf2_ex20,live_prev_head,5,0.0,True
Llama-3.2-1B,rf2_ex20,random_pairs@k2#1,9,0.0,True
Llama-3.2-1B,rf2_ex20,random_pairs@k2#10,8,0.0,True
Llama-3.2-1B,rf2_ex20,random_pairs@k2#11,9,0.0,True
Llama-3.2-1B,rf2_ex20,random_pairs@k2#12,12,0.0,True
Llama-3.2-1B,rf2_ex20,random_pairs@k2#13,9,0.0,True
Llama-3.2-1B,rf2_ex20,random_pairs@k2#14,5,0.0,True
Llama-3.2-1B,rf2_ex20,random_pairs@k2#15,8,0.0,True
Llama-3.2-1B,rf2_ex20,random_pairs@k2#16,9,0.0,True
Llama-3.2-1B,rf2_ex20,random_pairs@k2#17,10,0.0,True
Llama-3.2-1B,rf2_ex20,random_pairs@k2#18,10,0.0,True
Llama-3.2-1B,rf2_ex20,random_pairs@k2#19,6,0.0,True
Llama-3.2-1B,rf2_ex20,random_pairs@k2#2,11,0.0,True
Llama-3.2-1B,rf2_ex20,random_pairs@k2#20,6,0.0,True
Llama-3.2-1B,rf2_ex20,random_pairs@k2#21,8,0.0,True
Llama-3.2-1B,rf2_ex20,random_pairs@k2#22,8,0.0,True
Llama-3.2-1B,rf2_ex20,random_pairs@k2#23,6,0.0,True
Llama-3.2-1B,rf2_ex20,random_pairs@k2#24,12,0.0,True
Llama-3.2-1B,rf2_ex20,random_pairs@k2#25,6,0.0,True
Llama-3.2-1B,rf2_ex20,random_pairs@k2#26,10,0.0,True
Llama-3.2-1B,rf2_ex20,random_pairs@k2#27,13,0.0,True
Llama-3.2-1B,rf2_ex20,random_pairs@k2#28,9,0.0,True
Llama-3.2-1B,rf2_ex20,random_pairs@k2#29,13,0.0,True
Llama-3.2-1B,rf2_ex20,random_pairs@k2#3,13,0.0,True
Llama-3.2-1B,rf2_ex20,random_pairs@k2#30,7,0.0,True
Llama-3.2-1B,rf2_ex20,random_pairs@k2#31,9,0.0,True
Llama-3.2-1B,rf2_ex20,random_pairs@k2#32,6,0.0,True
Llama-3.2-1B,rf2_ex20,random_pairs@k2#33,5,0.0,True
Llama-3.2-1B,rf2_ex20,random_pairs@k2#34,11,0.0,True
Llama-3.2-1B,rf2_ex20,random_pairs@k2#35,6,0.0,True
Llama-3.2-1B,rf2_ex20,random_pairs@k2#36,13,0.0,True
Llama-3.2-1B,rf2_ex20,random_pairs@k2#37,12,0.0,True
Llama-3.2-1B,rf2_ex20,random_pairs@k2#38,11,0.0,True
Llama-3.2-1B,rf2_ex20,random_pairs@k2#39,6,0.0,True
Llama-3.2-1B,rf2_ex20,random_pairs@k2#4,9,0.0,True
Llama-3.2-1B,rf2_ex20,random_pairs@k2#40,8,0.0,True
Llama-3.2-1B,rf2_ex20,random_pairs@k2#41,7,0.0,True
Llama-3.2-1B,rf2_ex20,random_pairs@k2#42,10,0.0,True
Llama-3.2-1B,rf2_ex20,random_pairs@k2#43,4,0.0,True
Llama-3.2-1B,rf2_ex20,random_pairs@k2#44,8,0.0,True
Llama-3.2-1B,rf2_ex20,random_pairs@k2#45,6,0.0,True
Llama-3.2-1B,rf2_ex20,random_pairs@k2#46,12,0.0,True
Llama-3.2-1B,rf2_ex20,random_pairs@k2#47,13,0.0,True
Llama-3.2-1B,rf2_ex20,random_pairs@k2#48,11,0.0,True
Llama-3.2-1B,rf2_ex20,random_pairs@k2#49,7,0.0,True
Llama-3.2-1B,rf2_ex20,random_pairs@k2#5,7,0.0,True
Llama-3.2-1B,rf2_ex20,random_pairs@k2#50,4,0.0,True
Llama-3.2-1B,rf2_ex20,random_pairs@k2#6,8,0.0,True
Llama-3.2-1B,rf2_ex20,random_pairs@k2#7,11,0.0,True
Llama-3.2-1B,rf2_ex20,random_pairs@k2#8,5,0.0,True
Llama-3.2-1B,rf2_ex20,random_pairs@k2#9,9,0.0,True
Llama-3.2-1B,rf2_ex20,random_same_ratio@k1#1,15,0.0,True
Llama-3.2-1B,rf2_ex20,random_same_ratio@k1#2,11,0.0,True
Llama-3.2-1B,rf2_ex20,random_same_ratio@k1#3,5,0.0,True
Llama-3.2-1B,rf2_ex20,random_same_ratio@k1#4,9,0.0,True
Llama-3.2-1B,rf2_ex20,random_same_ratio@k1#5,7,0.0,True
Llama-3.2-1B,rf2_ex20,random_same_ratio@k1#6,13,0.0,True
Llama-3.2-1B,rf2_ex20,random_same_ratio@k2#1,7,0.0,True
Llama-3.2-1B,rf2_ex20,random_same_ratio@k2#10,7,0.0,True
Llama-3.2-1B,rf2_ex20,random_same_ratio@k2#11,9,0.0,True
Llama-3.2-1B,rf2_ex20,random_same_ratio@k2#12,5,0.0,True
Llama-3.2-1B,rf2_ex20,random_same_ratio@k2#13,9,0.0,True
Llama-3.2-1B,rf2_ex20,random_same_ratio@k2#14,5,0.0,True
Llama-3.2-1B,rf2_ex20,random_same_ratio@k2#15,7,0.0,True
Llama-3.2-1B,rf2_ex20,random_same_ratio@k2#2,9,0.0,True
Llama-3.2-1B,rf2_ex20,random_same_ratio@k2#3,11,0.0,True
Llama-3.2-1B,rf2_ex20,random_same_ratio@k2#4,5,0.0,True
Llama-3.2-1B,rf2_ex20,random_same_ratio@k2#5,5,0.0,True
Llama-3.2-1B,rf2_ex20,random_same_ratio@k2#6,11,0.0,True
Llama-3.2-1B,rf2_ex20,random_same_ratio@k2#7,7,0.0,True
Llama-3.2-1B,rf2_ex20,random_same_ratio@k2#8,5,0.0,True
Llama-3.2-1B,rf2_ex20,random_same_ratio@k2#9,13,0.0,True
Llama-3.2-1B,rf2_ex20,random_same_ratio@k3#1,5,0.0,True
Llama-3.2-1B,rf2_ex20,random_same_ratio@k3#10,11,0.0,True
Llama-3.2-1B,rf2_ex20,random_same_ratio@k3#11,5,0.0,True
Llama-3.2-1B,rf2_ex20,random_same_ratio@k3#12,5,0.0,True
Llama-3.2-1B,rf2_ex20,random_same_ratio@k3#13,9,0.0,True
Llama-3.2-1B,rf2_ex20,random_same_ratio@k3#14,5,0.0,True
Llama-3.2-1B,rf2_ex20,random_same_ratio@k3#15,5,0.0,True
Llama-3.2-1B,rf2_ex20,random_same_ratio@k3#16,7,0.0,True
Llama-3.2-1B,rf2_ex20,random_same_ratio@k3#17,7,0.0,True
Llama-3.2-1B,rf2_ex20,random_same_ratio@k3#18,7,0.0,True
Llama-3.2-1B,rf2_ex20,random_same_ratio@k3#19,5,0.0,True
Llama-3.2-1B,rf2_ex20,random_same_ratio@k3#2,5,0.0,True
Llama-3.2-1B,rf2_ex20,random_same_ratio@k3#20,9,0.0,True
Llama-3.2-1B,rf2_ex20,random_same_ratio@k3#3,5,0.0,True
Llama-3.2-1B,rf2_ex20,random_same_ratio@k3#4,7,0.0,True
Llama-3.2-1B,rf2_ex20,random_same_ratio@k3#5,7,0.0,True
Llama-3.2-1B,rf2_ex20,random_same_ratio@k3#6,5,0.0,True
Llama-3.2-1B,rf2_ex20,random_same_ratio@k3#7,5,0.0,True
Llama-3.2-1B,rf2_ex20,random_same_ratio@k3#8,9,0.0,True
Llama-3.2-1B,rf2_ex20,random_same_ratio@k3#9,7,0.0,True
Llama-3.2-1B,rf2_ex20,random_source@k6#1,5,0.0,True
Llama-3.2-1B,rf2_ex20,random_source@k6#10,5,0.0,True
Llama-3.2-1B,rf2_ex20,random_source@k6#11,5,0.0,True
Llama-3.2-1B,rf2_ex20,random_source@k6#12,5,0.0,True
Llama-3.2-1B,rf2_ex20,random_source@k6#13,5,0.0,True
Llama-3.2-1B,rf2_ex20,random_source@k6#14,5,0.0,True
Llama-3.2-1B,rf2_ex20,random_source@k6#15,5,0.0,True
Llama-3.2-1B,rf2_ex20,random_source@k6#16,5,0.0,True
Llama-3.2-1B,rf2_ex20,random_source@k6#17,5,0.0,True
Llama-3.2-1B,rf2_ex20,random_source@k6#18,5,0.0,True
Llama-3.2-1B,rf2_ex20,random_source@k6#19,5,0.0,True
Llama-3.2-1B,rf2_ex20,random_source@k6#2,5,0.0,True
Llama-3.2-1B,rf2_ex20,random_source@k6#20,5,0.0,True
Llama-3.2-1B,rf2_ex20,random_source@k6#21,5,0.0,True
Llama-3.2-1B,rf2_ex20,random_source@k6#22,5,0.0,True
Llama-3.2-1B,rf2_ex20,random_source@k6#23,5,0.0,True
Llama-3.2-1B,rf2_ex20,random_source@k6#24,5,0.0,True
Llama-3.2-1B,rf2_ex20,random_source@k6#25,5,0.0,True
Llama-3.2-1B,rf2_ex20,random_source@k6#26,5,0.0,True
Llama-3.2-1B,rf2_ex20,random_source@k6#27,5,0.0,True
Llama-3.2-1B,rf2_ex20,random_source@k6#28,5,0.0,True
Llama-3.2-1B,rf2_ex20,random_source@k6#29,5,0.0,True
Llama-3.2-1B,rf2_ex20,random_source@k6#3,5,0.0,True
Llama-3.2-1B,rf2_ex20,random_source@k6#30,5,0.0,True
Llama-3.2-1B,rf2_ex20,random_source@k6#31,5,0.0,True
Llama-3.2-1B,rf2_ex20,random_source@k6#32,5,0.0,True
Llama-3.2-1B,rf2_ex20,random_source@k6#33,5,0.0,True
Llama-3.2-1B,rf2_ex20,random_source@k6#34,5,0.0,True
Llama-3.2-1B,rf2_ex20,random_source@k6#35,5,0.0,True
Llama-3.2-1B,rf2_ex20,random_source@k6#36,5,0.0,True
Llama-3.2-1B,rf2_ex20,random_source@k6#37,5,0.0,True
Llama-3.2-1B,rf2_ex20,random_source@k6#38,5,0.0,True
Llama-3.2-1B,rf2_ex20,random_source@k6#39,5,0.0,True
Llama-3.2-1B,rf2_ex20,random_source@k6#4,5,0.0,True
Llama-3.2-1B,rf2_ex20,random_source@k6#40,5,0.0,True
Llama-3.2-1B,rf2_ex20,random_source@k6#41,5,0.0,True
Llama-3.2-1B,rf2_ex20,random_source@k6#42,5,0.0,True
Llama-3.2-1B,rf2_ex20,random_source@k6#43,5,0.0,True
Llama-3.2-1B,rf2_ex20,random_source@k6#44,5,0.0,True
Llama-3.2-1B,rf2_ex20,random_source@k6#45,5,0.0,True
Llama-3.2-1B,rf2_ex20,random_source@k6#46,5,0.0,True
Llama-3.2-1B,rf2_ex20,random_source@k6#47,5,0.0,True
Llama-3.2-1B,rf2_ex20,random_source@k6#48,5,0.0,True
Llama-3.2-1B,rf2_ex20,random_source@k6#49,5,0.0,True
Llama-3.2-1B,rf2_ex20,random_source@k6#5,5,0.0,True
Llama-3.2-1B,rf2_ex20,random_source@k6#50,5,0.0,True
Llama-3.2-1B,rf2_ex20,random_source@k6#6,5,0.0,True
Llama-3.2-1B,rf2_ex20,random_source@k6#7,5,0.0,True
Llama-3.2-1B,rf2_ex20,random_source@k6#8,5,0.0,True
Llama-3.2-1B,rf2_ex20,random_source@k6#9,5,0.0,True
Llama-3.2-1B,rf2_ex20,rdm_cka_high@k2#1,7,0.0,True
Llama-3.2-1B,rf2_ex20,rdm_cka_high@k2#2,5,0.0,True
Llama-3.2-1B,rf2_ex20,rdm_cka_high@k2#3,7,0.0,True
Llama-3.2-1B,rf2_ex20,rdm_cka_high@k2#4,5,0.0,True
Llama-3.2-1B,rf2_ex20,rdm_cka_low@k2#1,5,0.0,True
Llama-3.2-1B,rf2_ex20,rdm_cka_low@k2#2,7,0.0,True
Llama-3.2-1B,rf2_ex20,rdm_cka_low@k2#3,7,0.0,True
Llama-3.2-1B,rf2_ex20,rdm_cka_low@k2#4,5,0.0,True
Llama-3.2-1B,rf2_ex20,rdm_fidelity_high@k2#1,5,0.0,True
Llama-3.2-1B,rf2_ex20,rdm_fidelity_high@k2#2,7,0.0,True
Llama-3.2-1B,rf2_ex20,rdm_fidelity_high@k2#3,7,0.0,True
Llama-3.2-1B,rf2_ex20,rdm_fidelity_high@k2#4,5,0.0,True
Llama-3.2-1B,rf2_ex20,rdm_kvdist_high@k2#1,7,0.0,True
Llama-3.2-1B,rf2_ex20,rdm_kvdist_high@k2#2,5,0.0,True
Llama-3.2-1B,rf2_ex20,rdm_kvdist_high@k2#3,7,0.0,True
Llama-3.2-1B,rf2_ex20,rdm_kvdist_high@k2#4,5,0.0,True
Llama-3.2-1B,rf2_ex20,rdm_kvdist_low@k2#1,13,0.0,True
Llama-3.2-1B,rf4_ex20,full,5,0.0,True
Qwen2.5-3B,rf2_ex00,full,1,0.0,True
Qwen2.5-3B,rf2_ex20,cf_next_head,9,0.0,True
Qwen2.5-3B,rf2_ex20,cf_prev_head,9,0.0,True
Qwen2.5-3B,rf2_ex20,cka_high@k2,25,0.0,True
Qwen2.5-3B,rf2_ex20,cka_high@k5,19,0.0,True
Qwen2.5-3B,rf2_ex20,cka_high@k7,15,0.0,True
Qwen2.5-3B,rf2_ex20,cka_low@k2,9,0.0,True
Qwen2.5-3B,rf2_ex20,cka_low@k5,9,0.0,True
Qwen2.5-3B,rf2_ex20,cka_low@k7,9,0.0,True
Qwen2.5-3B,rf2_ex20,fidelity_high@k2,21,0.0,True
Qwen2.5-3B,rf2_ex20,fidelity_high@k5,17,0.0,True
Qwen2.5-3B,rf2_ex20,fidelity_high@k7,17,0.0,True
Qwen2.5-3B,rf2_ex20,full,9,0.0,True
Qwen2.5-3B,rf2_ex20,kvdist_high@k2,19,0.0,True
Qwen2.5-3B,rf2_ex20,kvdist_high@k5,19,0.0,True
Qwen2.5-3B,rf2_ex20,kvdist_high@k7,15,0.0,True
Qwen2.5-3B,rf2_ex20,kvdist_low@k2,9,0.0,True
Qwen2.5-3B,rf2_ex20,kvdist_low@k5,9,0.0,True
Qwen2.5-3B,rf2_ex20,kvdist_low@k7,9,0.0,True
Qwen2.5-3B,rf2_ex20,kvsharer_dissimilar@k5,10,0.0,True
Qwen2.5-3B,rf2_ex20,kvsharer_similar@k5,9,0.0,True
Qwen2.5-3B,rf2_ex20,live_prev_head,9,0.0,True
Qwen2.5-3B,rf2_ex20,random_pairs@k5#1,19,0.0,True
Qwen2.5-3B,rf2_ex20,random_pairs@k5#10,14,0.0,True
Qwen2.5-3B,rf2_ex20,random_pairs@k5#11,11,0.0,True
Qwen2.5-3B,rf2_ex20,random_pairs@k5#12,18,0.0,True
Qwen2.5-3B,rf2_ex20,random_pairs@k5#13,18,0.0,True
Qwen2.5-3B,rf2_ex20,random_pairs@k5#14,12,0.0,True
Qwen2.5-3B,rf2_ex20,random_pairs@k5#15,10,0.0,True
Qwen2.5-3B,rf2_ex20,random_pairs@k5#16,17,0.0,True
Qwen2.5-3B,rf2_ex20,random_pairs@k5#17,17,0.0,True
Qwen2.5-3B,rf2_ex20,random_pairs@k5#18,17,0.0,True
Qwen2.5-3B,rf2_ex20,random_pairs@k5#19,11,0.0,True
Qwen2.5-3B,rf2_ex20,random_pairs@k5#2,9,0.0,True
Qwen2.5-3B,rf2_ex20,random_pairs@k5#20,20,0.0,True
Qwen2.5-3B,rf2_ex20,random_pairs@k5#21,9,0.0,True
Qwen2.5-3B,rf2_ex20,random_pairs@k5#22,8,0.0,True
Qwen2.5-3B,rf2_ex20,random_pairs@k5#23,8,0.0,True
Qwen2.5-3B,rf2_ex20,random_pairs@k5#24,10,0.0,True
Qwen2.5-3B,rf2_ex20,random_pairs@k5#25,19,0.0,True
Qwen2.5-3B,rf2_ex20,random_pairs@k5#26,22,0.0,True
Qwen2.5-3B,rf2_ex20,random_pairs@k5#27,10,0.0,True
Qwen2.5-3B,rf2_ex20,random_pairs@k5#28,8,0.0,True
Qwen2.5-3B,rf2_ex20,random_pairs@k5#29,14,0.0,True
Qwen2.5-3B,rf2_ex20,random_pairs@k5#3,23,0.0,True
Qwen2.5-3B,rf2_ex20,random_pairs@k5#30,24,0.0,True
Qwen2.5-3B,rf2_ex20,random_pairs@k5#31,15,0.0,True
Qwen2.5-3B,rf2_ex20,random_pairs@k5#32,26,0.0,True
Qwen2.5-3B,rf2_ex20,random_pairs@k5#33,14,0.0,True
Qwen2.5-3B,rf2_ex20,random_pairs@k5#34,11,0.0,True
Qwen2.5-3B,rf2_ex20,random_pairs@k5#35,18,0.0,True
Qwen2.5-3B,rf2_ex20,random_pairs@k5#36,11,0.0,True
Qwen2.5-3B,rf2_ex20,random_pairs@k5#37,10,0.0,True
Qwen2.5-3B,rf2_ex20,random_pairs@k5#38,18,0.0,True
Qwen2.5-3B,rf2_ex20,random_pairs@k5#39,14,0.0,True
Qwen2.5-3B,rf2_ex20,random_pairs@k5#4,12,0.0,True
Qwen2.5-3B,rf2_ex20,random_pairs@k5#40,14,0.0,True
Qwen2.5-3B,rf2_ex20,random_pairs@k5#41,15,0.0,True
Qwen2.5-3B,rf2_ex20,random_pairs@k5#42,10,0.0,True
Qwen2.5-3B,rf2_ex20,random_pairs@k5#43,9,0.0,True
Qwen2.5-3B,rf2_ex20,random_pairs@k5#44,14,0.0,True
Qwen2.5-3B,rf2_ex20,random_pairs@k5#45,13,0.0,True
Qwen2.5-3B,rf2_ex20,random_pairs@k5#46,9,0.0,True
Qwen2.5-3B,rf2_ex20,random_pairs@k5#47,9,0.0,True
Qwen2.5-3B,rf2_ex20,random_pairs@k5#48,10,0.0,True
Qwen2.5-3B,rf2_ex20,random_pairs@k5#49,10,0.0,True
Qwen2.5-3B,rf2_ex20,random_pairs@k5#5,17,0.0,True
Qwen2.5-3B,rf2_ex20,random_pairs@k5#50,11,0.0,True
Qwen2.5-3B,rf2_ex20,random_pairs@k5#6,9,0.0,True
Qwen2.5-3B,rf2_ex20,random_pairs@k5#7,23,0.0,True
Qwen2.5-3B,rf2_ex20,random_pairs@k5#8,9,0.0,True
Qwen2.5-3B,rf2_ex20,random_pairs@k5#9,12,0.0,True
Qwen2.5-3B,rf2_ex20,random_same_ratio@k2#1,9,0.0,True
Qwen2.5-3B,rf2_ex20,random_same_ratio@k2#10,27,0.0,True
Qwen2.5-3B,rf2_ex20,random_same_ratio@k2#11,31,0.0,True
Qwen2.5-3B,rf2_ex20,random_same_ratio@k2#12,13,0.0,True
Qwen2.5-3B,rf2_ex20,random_same_ratio@k2#13,9,0.0,True
Qwen2.5-3B,rf2_ex20,random_same_ratio@k2#14,25,0.0,True
Qwen2.5-3B,rf2_ex20,random_same_ratio@k2#15,15,0.0,True
Qwen2.5-3B,rf2_ex20,random_same_ratio@k2#16,15,0.0,True
Qwen2.5-3B,rf2_ex20,random_same_ratio@k2#17,11,0.0,True
Qwen2.5-3B,rf2_ex20,random_same_ratio@k2#18,11,0.0,True
Qwen2.5-3B,rf2_ex20,random_same_ratio@k2#19,13,0.0,True
Qwen2.5-3B,rf2_ex20,random_same_ratio@k2#2,19,0.0,True
Qwen2.5-3B,rf2_ex20,random_same_ratio@k2#20,9,0.0,True
Qwen2.5-3B,rf2_ex20,random_same_ratio@k2#21,11,0.0,True
Qwen2.5-3B,rf2_ex20,random_same_ratio@k2#22,9,0.0,True
Qwen2.5-3B,rf2_ex20,random_same_ratio@k2#23,17,0.0,True
Qwen2.5-3B,rf2_ex20,random_same_ratio@k2#24,11,0.0,True
Qwen2.5-3B,rf2_ex20,random_same_ratio@k2#25,13,0.0,True
Qwen2.5-3B,rf2_ex20,random_same_ratio@k2#26,11,0.0,True
Qwen2.5-3B,rf2_ex20,random_same_ratio@k2#27,11,0.0,True
Qwen2.5-3B,rf2_ex20,random_same_ratio@k2#28,9,0.0,True
Qwen2.5-3B,rf2_ex20,random_same_ratio@k2#29,23,0.0,True
Qwen2.5-3B,rf2_ex20,random_same_ratio@k2#3,13,0.0,True
Qwen2.5-3B,rf2_ex20,random_same_ratio@k2#30,13,0.0,True
Qwen2.5-3B,rf2_ex20,random_same_ratio@k2#31,17,0.0,True
Qwen2.5-3B,rf2_ex20,random_same_ratio@k2#32,11,0.0,True
Qwen2.5-3B,rf2_ex20,random_same_ratio@k2#33,17,0.0,True
Qwen2.5-3B,rf2_ex20,random_same_ratio@k2#34,9,0.0,True
Qwen2.5-3B,rf2_ex20,random_same_ratio@k2#35,17,0.0,True
Qwen2.5-3B,rf2_ex20,random_same_ratio@k2#36,11,0.0,True
Qwen2.5-3B,rf2_ex20,random_same_ratio@k2#37,13,0.0,True
Qwen2.5-3B,rf2_ex20,random_same_ratio@k2#38,31,0.0,True
Qwen2.5-3B,rf2_ex20,random_same_ratio@k2#39,21,0.0,True
Qwen2.5-3B,rf2_ex20,random_same_ratio@k2#4,11,0.0,True
Qwen2.5-3B,rf2_ex20,random_same_ratio@k2#40,25,0.0,True
Qwen2.5-3B,rf2_ex20,random_same_ratio@k2#41,13,0.0,True
Qwen2.5-3B,rf2_ex20,random_same_ratio@k2#42,15,0.0,True
Qwen2.5-3B,rf2_ex20,random_same_ratio@k2#43,27,0.0,True
Qwen2.5-3B,rf2_ex20,random_same_ratio@k2#44,23,0.0,True
Qwen2.5-3B,rf2_ex20,random_same_ratio@k2#45,11,0.0,True
Qwen2.5-3B,rf2_ex20,random_same_ratio@k2#46,11,0.0,True
Qwen2.5-3B,rf2_ex20,random_same_ratio@k2#47,9,0.0,True
Qwen2.5-3B,rf2_ex20,random_same_ratio@k2#48,13,0.0,True
Qwen2.5-3B,rf2_ex20,random_same_ratio@k2#49,11,0.0,True
Qwen2.5-3B,rf2_ex20,random_same_ratio@k2#5,31,0.0,True
Qwen2.5-3B,rf2_ex20,random_same_ratio@k2#50,25,0.0,True
Qwen2.5-3B,rf2_ex20,random_same_ratio@k2#6,9,0.0,True
Qwen2.5-3B,rf2_ex20,random_same_ratio@k2#7,9,0.0,True
Qwen2.5-3B,rf2_ex20,random_same_ratio@k2#8,11,0.0,True
Qwen2.5-3B,rf2_ex20,random_same_ratio@k2#9,15,0.0,True
Qwen2.5-3B,rf2_ex20,random_same_ratio@k5#1,11,0.0,True
Qwen2.5-3B,rf2_ex20,random_same_ratio@k5#10,11,0.0,True
Qwen2.5-3B,rf2_ex20,random_same_ratio@k5#11,15,0.0,True
Qwen2.5-3B,rf2_ex20,random_same_ratio@k5#12,9,0.0,True
Qwen2.5-3B,rf2_ex20,random_same_ratio@k5#13,15,0.0,True
Qwen2.5-3B,rf2_ex20,random_same_ratio@k5#14,15,0.0,True
Qwen2.5-3B,rf2_ex20,random_same_ratio@k5#15,13,0.0,True
Qwen2.5-3B,rf2_ex20,random_same_ratio@k5#16,9,0.0,True
Qwen2.5-3B,rf2_ex20,random_same_ratio@k5#17,9,0.0,True
Qwen2.5-3B,rf2_ex20,random_same_ratio@k5#18,17,0.0,True
Qwen2.5-3B,rf2_ex20,random_same_ratio@k5#19,19,0.0,True
Qwen2.5-3B,rf2_ex20,random_same_ratio@k5#2,21,0.0,True
Qwen2.5-3B,rf2_ex20,random_same_ratio@k5#20,13,0.0,True
Qwen2.5-3B,rf2_ex20,random_same_ratio@k5#21,11,0.0,True
Qwen2.5-3B,rf2_ex20,random_same_ratio@k5#22,9,0.0,True
Qwen2.5-3B,rf2_ex20,random_same_ratio@k5#23,11,0.0,True
Qwen2.5-3B,rf2_ex20,random_same_ratio@k5#24,9,0.0,True
Qwen2.5-3B,rf2_ex20,random_same_ratio@k5#25,11,0.0,True
Qwen2.5-3B,rf2_ex20,random_same_ratio@k5#26,13,0.0,True
Qwen2.5-3B,rf2_ex20,random_same_ratio@k5#27,11,0.0,True
Qwen2.5-3B,rf2_ex20,random_same_ratio@k5#28,11,0.0,True
Qwen2.5-3B,rf2_ex20,random_same_ratio@k5#29,9,0.0,True
Qwen2.5-3B,rf2_ex20,random_same_ratio@k5#3,15,0.0,True
Qwen2.5-3B,rf2_ex20,random_same_ratio@k5#30,15,0.0,True
Qwen2.5-3B,rf2_ex20,random_same_ratio@k5#31,17,0.0,True
Qwen2.5-3B,rf2_ex20,random_same_ratio@k5#32,15,0.0,True
Qwen2.5-3B,rf2_ex20,random_same_ratio@k5#33,9,0.0,True
Qwen2.5-3B,rf2_ex20,random_same_ratio@k5#34,11,0.0,True
Qwen2.5-3B,rf2_ex20,random_same_ratio@k5#35,15,0.0,True
Qwen2.5-3B,rf2_ex20,random_same_ratio@k5#36,9,0.0,True
Qwen2.5-3B,rf2_ex20,random_same_ratio@k5#37,15,0.0,True
Qwen2.5-3B,rf2_ex20,random_same_ratio@k5#38,13,0.0,True
Qwen2.5-3B,rf2_ex20,random_same_ratio@k5#39,9,0.0,True
Qwen2.5-3B,rf2_ex20,random_same_ratio@k5#4,9,0.0,True
Qwen2.5-3B,rf2_ex20,random_same_ratio@k5#40,15,0.0,True
Qwen2.5-3B,rf2_ex20,random_same_ratio@k5#41,19,0.0,True
Qwen2.5-3B,rf2_ex20,random_same_ratio@k5#42,9,0.0,True
Qwen2.5-3B,rf2_ex20,random_same_ratio@k5#43,17,0.0,True
Qwen2.5-3B,rf2_ex20,random_same_ratio@k5#44,13,0.0,True
Qwen2.5-3B,rf2_ex20,random_same_ratio@k5#45,9,0.0,True
Qwen2.5-3B,rf2_ex20,random_same_ratio@k5#46,11,0.0,True
Qwen2.5-3B,rf2_ex20,random_same_ratio@k5#47,9,0.0,True
Qwen2.5-3B,rf2_ex20,random_same_ratio@k5#48,15,0.0,True
Qwen2.5-3B,rf2_ex20,random_same_ratio@k5#49,13,0.0,True
Qwen2.5-3B,rf2_ex20,random_same_ratio@k5#5,15,0.0,True
Qwen2.5-3B,rf2_ex20,random_same_ratio@k5#50,15,0.0,True
Qwen2.5-3B,rf2_ex20,random_same_ratio@k5#6,17,0.0,True
Qwen2.5-3B,rf2_ex20,random_same_ratio@k5#7,13,0.0,True
Qwen2.5-3B,rf2_ex20,random_same_ratio@k5#8,11,0.0,True
Qwen2.5-3B,rf2_ex20,random_same_ratio@k5#9,13,0.0,True
Qwen2.5-3B,rf2_ex20,random_same_ratio@k7#1,9,0.0,True
Qwen2.5-3B,rf2_ex20,random_same_ratio@k7#10,13,0.0,True
Qwen2.5-3B,rf2_ex20,random_same_ratio@k7#11,11,0.0,True
Qwen2.5-3B,rf2_ex20,random_same_ratio@k7#12,11,0.0,True
Qwen2.5-3B,rf2_ex20,random_same_ratio@k7#13,11,0.0,True
Qwen2.5-3B,rf2_ex20,random_same_ratio@k7#14,9,0.0,True
Qwen2.5-3B,rf2_ex20,random_same_ratio@k7#15,9,0.0,True
Qwen2.5-3B,rf2_ex20,random_same_ratio@k7#16,9,0.0,True
Qwen2.5-3B,rf2_ex20,random_same_ratio@k7#17,9,0.0,True
Qwen2.5-3B,rf2_ex20,random_same_ratio@k7#18,11,0.0,True
Qwen2.5-3B,rf2_ex20,random_same_ratio@k7#19,9,0.0,True
Qwen2.5-3B,rf2_ex20,random_same_ratio@k7#2,9,0.0,True
Qwen2.5-3B,rf2_ex20,random_same_ratio@k7#20,9,0.0,True
Qwen2.5-3B,rf2_ex20,random_same_ratio@k7#21,9,0.0,True
Qwen2.5-3B,rf2_ex20,random_same_ratio@k7#22,9,0.0,True
Qwen2.5-3B,rf2_ex20,random_same_ratio@k7#23,15,0.0,True
Qwen2.5-3B,rf2_ex20,random_same_ratio@k7#24,15,0.0,True
Qwen2.5-3B,rf2_ex20,random_same_ratio@k7#25,13,0.0,True
Qwen2.5-3B,rf2_ex20,random_same_ratio@k7#26,9,0.0,True
Qwen2.5-3B,rf2_ex20,random_same_ratio@k7#27,9,0.0,True
Qwen2.5-3B,rf2_ex20,random_same_ratio@k7#28,13,0.0,True
Qwen2.5-3B,rf2_ex20,random_same_ratio@k7#29,11,0.0,True
Qwen2.5-3B,rf2_ex20,random_same_ratio@k7#3,15,0.0,True
Qwen2.5-3B,rf2_ex20,random_same_ratio@k7#30,13,0.0,True
Qwen2.5-3B,rf2_ex20,random_same_ratio@k7#31,15,0.0,True
Qwen2.5-3B,rf2_ex20,random_same_ratio@k7#32,15,0.0,True
Qwen2.5-3B,rf2_ex20,random_same_ratio@k7#33,15,0.0,True
Qwen2.5-3B,rf2_ex20,random_same_ratio@k7#34,15,0.0,True
Qwen2.5-3B,rf2_ex20,random_same_ratio@k7#35,9,0.0,True
Qwen2.5-3B,rf2_ex20,random_same_ratio@k7#36,9,0.0,True
Qwen2.5-3B,rf2_ex20,random_same_ratio@k7#37,9,0.0,True
Qwen2.5-3B,rf2_ex20,random_same_ratio@k7#38,13,0.0,True
Qwen2.5-3B,rf2_ex20,random_same_ratio@k7#39,13,0.0,True
Qwen2.5-3B,rf2_ex20,random_same_ratio@k7#4,13,0.0,True
Qwen2.5-3B,rf2_ex20,random_same_ratio@k7#40,9,0.0,True
Qwen2.5-3B,rf2_ex20,random_same_ratio@k7#41,15,0.0,True
Qwen2.5-3B,rf2_ex20,random_same_ratio@k7#42,9,0.0,True
Qwen2.5-3B,rf2_ex20,random_same_ratio@k7#43,11,0.0,True
Qwen2.5-3B,rf2_ex20,random_same_ratio@k7#44,15,0.0,True
Qwen2.5-3B,rf2_ex20,random_same_ratio@k7#45,13,0.0,True
Qwen2.5-3B,rf2_ex20,random_same_ratio@k7#46,17,0.0,True
Qwen2.5-3B,rf2_ex20,random_same_ratio@k7#47,13,0.0,True
Qwen2.5-3B,rf2_ex20,random_same_ratio@k7#48,9,0.0,True
Qwen2.5-3B,rf2_ex20,random_same_ratio@k7#49,11,0.0,True
Qwen2.5-3B,rf2_ex20,random_same_ratio@k7#5,13,0.0,True
Qwen2.5-3B,rf2_ex20,random_same_ratio@k7#50,9,0.0,True
Qwen2.5-3B,rf2_ex20,random_same_ratio@k7#6,9,0.0,True
Qwen2.5-3B,rf2_ex20,random_same_ratio@k7#7,9,0.0,True
Qwen2.5-3B,rf2_ex20,random_same_ratio@k7#8,9,0.0,True
Qwen2.5-3B,rf2_ex20,random_same_ratio@k7#9,9,0.0,True
Qwen2.5-3B,rf2_ex20,random_source@k14#1,9,0.0,True
Qwen2.5-3B,rf2_ex20,random_source@k14#10,9,0.0,True
Qwen2.5-3B,rf2_ex20,random_source@k14#11,9,0.0,True
Qwen2.5-3B,rf2_ex20,random_source@k14#12,9,0.0,True
Qwen2.5-3B,rf2_ex20,random_source@k14#13,9,0.0,True
Qwen2.5-3B,rf2_ex20,random_source@k14#14,9,0.0,True
Qwen2.5-3B,rf2_ex20,random_source@k14#15,9,0.0,True
Qwen2.5-3B,rf2_ex20,random_source@k14#16,9,0.0,True
Qwen2.5-3B,rf2_ex20,random_source@k14#17,9,0.0,True
Qwen2.5-3B,rf2_ex20,random_source@k14#18,9,0.0,True
Qwen2.5-3B,rf2_ex20,random_source@k14#19,9,0.0,True
Qwen2.5-3B,rf2_ex20,random_source@k14#2,9,0.0,True
Qwen2.5-3B,rf2_ex20,random_source@k14#20,9,0.0,True
Qwen2.5-3B,rf2_ex20,random_source@k14#21,9,0.0,True
Qwen2.5-3B,rf2_ex20,random_source@k14#22,9,0.0,True
Qwen2.5-3B,rf2_ex20,random_source@k14#23,9,0.0,True
Qwen2.5-3B,rf2_ex20,random_source@k14#24,9,0.0,True
Qwen2.5-3B,rf2_ex20,random_source@k14#25,9,0.0,True
Qwen2.5-3B,rf2_ex20,random_source@k14#26,9,0.0,True
Qwen2.5-3B,rf2_ex20,random_source@k14#27,9,0.0,True
Qwen2.5-3B,rf2_ex20,random_source@k14#28,9,0.0,True
Qwen2.5-3B,rf2_ex20,random_source@k14#29,9,0.0,True
Qwen2.5-3B,rf2_ex20,random_source@k14#3,9,0.0,True
Qwen2.5-3B,rf2_ex20,random_source@k14#30,9,0.0,True
Qwen2.5-3B,rf2_ex20,random_source@k14#31,9,0.0,True
Qwen2.5-3B,rf2_ex20,random_source@k14#32,9,0.0,True
Qwen2.5-3B,rf2_ex20,random_source@k14#33,9,0.0,True
Qwen2.5-3B,rf2_ex20,random_source@k14#34,9,0.0,True
Qwen2.5-3B,rf2_ex20,random_source@k14#35,9,0.0,True
Qwen2.5-3B,rf2_ex20,random_source@k14#36,9,0.0,True
Qwen2.5-3B,rf2_ex20,random_source@k14#37,9,0.0,True
Qwen2.5-3B,rf2_ex20,random_source@k14#38,9,0.0,True
Qwen2.5-3B,rf2_ex20,random_source@k14#39,9,0.0,True
Qwen2.5-3B,rf2_ex20,random_source@k14#4,9,0.0,True
Qwen2.5-3B,rf2_ex20,random_source@k14#40,9,0.0,True
Qwen2.5-3B,rf2_ex20,random_source@k14#41,9,0.0,True
Qwen2.5-3B,rf2_ex20,random_source@k14#42,9,0.0,True
Qwen2.5-3B,rf2_ex20,random_source@k14#43,9,0.0,True
Qwen2.5-3B,rf2_ex20,random_source@k14#44,9,0.0,True
Qwen2.5-3B,rf2_ex20,random_source@k14#45,9,0.0,True
Qwen2.5-3B,rf2_ex20,random_source@k14#46,9,0.0,True
Qwen2.5-3B,rf2_ex20,random_source@k14#47,9,0.0,True
Qwen2.5-3B,rf2_ex20,random_source@k14#48,9,0.0,True
Qwen2.5-3B,rf2_ex20,random_source@k14#49,9,0.0,True
Qwen2.5-3B,rf2_ex20,random_source@k14#5,9,0.0,True
Qwen2.5-3B,rf2_ex20,random_source@k14#50,9,0.0,True
Qwen2.5-3B,rf2_ex20,random_source@k14#6,9,0.0,True
Qwen2.5-3B,rf2_ex20,random_source@k14#7,9,0.0,True
Qwen2.5-3B,rf2_ex20,random_source@k14#8,9,0.0,True
Qwen2.5-3B,rf2_ex20,random_source@k14#9,9,0.0,True
Qwen2.5-3B,rf2_ex20,rdm_cka_high@k5#1,21,0.0,True
Qwen2.5-3B,rf2_ex20,rdm_cka_high@k5#10,21,0.0,True
Qwen2.5-3B,rf2_ex20,rdm_cka_high@k5#11,21,0.0,True
Qwen2.5-3B,rf2_ex20,rdm_cka_high@k5#12,19,0.0,True
Qwen2.5-3B,rf2_ex20,rdm_cka_high@k5#13,21,0.0,True
Qwen2.5-3B,rf2_ex20,rdm_cka_high@k5#14,21,0.0,True
Qwen2.5-3B,rf2_ex20,rdm_cka_high@k5#15,21,0.0,True
Qwen2.5-3B,rf2_ex20,rdm_cka_high@k5#16,23,0.0,True
Qwen2.5-3B,rf2_ex20,rdm_cka_high@k5#17,21,0.0,True
Qwen2.5-3B,rf2_ex20,rdm_cka_high@k5#18,23,0.0,True
Qwen2.5-3B,rf2_ex20,rdm_cka_high@k5#19,19,0.0,True
Qwen2.5-3B,rf2_ex20,rdm_cka_high@k5#2,21,0.0,True
Qwen2.5-3B,rf2_ex20,rdm_cka_high@k5#20,19,0.0,True
Qwen2.5-3B,rf2_ex20,rdm_cka_high@k5#21,21,0.0,True
Qwen2.5-3B,rf2_ex20,rdm_cka_high@k5#22,21,0.0,True
Qwen2.5-3B,rf2_ex20,rdm_cka_high@k5#23,19,0.0,True
Qwen2.5-3B,rf2_ex20,rdm_cka_high@k5#24,23,0.0,True
Qwen2.5-3B,rf2_ex20,rdm_cka_high@k5#25,21,0.0,True
Qwen2.5-3B,rf2_ex20,rdm_cka_high@k5#26,21,0.0,True
Qwen2.5-3B,rf2_ex20,rdm_cka_high@k5#27,23,0.0,True
Qwen2.5-3B,rf2_ex20,rdm_cka_high@k5#28,19,0.0,True
Qwen2.5-3B,rf2_ex20,rdm_cka_high@k5#29,19,0.0,True
Qwen2.5-3B,rf2_ex20,rdm_cka_high@k5#3,21,0.0,True
Qwen2.5-3B,rf2_ex20,rdm_cka_high@k5#30,19,0.0,True
Qwen2.5-3B,rf2_ex20,rdm_cka_high@k5#31,21,0.0,True
Qwen2.5-3B,rf2_ex20,rdm_cka_high@k5#32,21,0.0,True
Qwen2.5-3B,rf2_ex20,rdm_cka_high@k5#33,21,0.0,True
Qwen2.5-3B,rf2_ex20,rdm_cka_high@k5#34,21,0.0,True
Qwen2.5-3B,rf2_ex20,rdm_cka_high@k5#35,23,0.0,True
Qwen2.5-3B,rf2_ex20,rdm_cka_high@k5#36,21,0.0,True
Qwen2.5-3B,rf2_ex20,rdm_cka_high@k5#37,19,0.0,True
Qwen2.5-3B,rf2_ex20,rdm_cka_high@k5#38,21,0.0,True
Qwen2.5-3B,rf2_ex20,rdm_cka_high@k5#39,19,0.0,True
Qwen2.5-3B,rf2_ex20,rdm_cka_high@k5#4,21,0.0,True
Qwen2.5-3B,rf2_ex20,rdm_cka_high@k5#40,23,0.0,True
Qwen2.5-3B,rf2_ex20,rdm_cka_high@k5#41,19,0.0,True
Qwen2.5-3B,rf2_ex20,rdm_cka_high@k5#42,19,0.0,True
Qwen2.5-3B,rf2_ex20,rdm_cka_high@k5#43,19,0.0,True
Qwen2.5-3B,rf2_ex20,rdm_cka_high@k5#44,21,0.0,True
Qwen2.5-3B,rf2_ex20,rdm_cka_high@k5#45,21,0.0,True
Qwen2.5-3B,rf2_ex20,rdm_cka_high@k5#46,19,0.0,True
Qwen2.5-3B,rf2_ex20,rdm_cka_high@k5#47,21,0.0,True
Qwen2.5-3B,rf2_ex20,rdm_cka_high@k5#48,19,0.0,True
Qwen2.5-3B,rf2_ex20,rdm_cka_high@k5#49,19,0.0,True
Qwen2.5-3B,rf2_ex20,rdm_cka_high@k5#5,23,0.0,True
Qwen2.5-3B,rf2_ex20,rdm_cka_high@k5#50,19,0.0,True
Qwen2.5-3B,rf2_ex20,rdm_cka_high@k5#6,21,0.0,True
Qwen2.5-3B,rf2_ex20,rdm_cka_high@k5#7,21,0.0,True
Qwen2.5-3B,rf2_ex20,rdm_cka_high@k5#8,19,0.0,True
Qwen2.5-3B,rf2_ex20,rdm_cka_high@k5#9,21,0.0,True
Qwen2.5-3B,rf2_ex20,rdm_cka_low@k5#1,11,0.0,True
Qwen2.5-3B,rf2_ex20,rdm_cka_low@k5#10,9,0.0,True
Qwen2.5-3B,rf2_ex20,rdm_cka_low@k5#11,9,0.0,True
Qwen2.5-3B,rf2_ex20,rdm_cka_low@k5#12,11,0.0,True
Qwen2.5-3B,rf2_ex20,rdm_cka_low@k5#13,11,0.0,True
Qwen2.5-3B,rf2_ex20,rdm_cka_low@k5#14,13,0.0,True
Qwen2.5-3B,rf2_ex20,rdm_cka_low@k5#15,9,0.0,True
Qwen2.5-3B,rf2_ex20,rdm_cka_low@k5#16,11,0.0,True
Qwen2.5-3B,rf2_ex20,rdm_cka_low@k5#17,9,0.0,True
Qwen2.5-3B,rf2_ex20,rdm_cka_low@k5#18,13,0.0,True
Qwen2.5-3B,rf2_ex20,rdm_cka_low@k5#19,9,0.0,True
Qwen2.5-3B,rf2_ex20,rdm_cka_low@k5#2,9,0.0,True
Qwen2.5-3B,rf2_ex20,rdm_cka_low@k5#20,9,0.0,True
Qwen2.5-3B,rf2_ex20,rdm_cka_low@k5#21,9,0.0,True
Qwen2.5-3B,rf2_ex20,rdm_cka_low@k5#22,9,0.0,True
Qwen2.5-3B,rf2_ex20,rdm_cka_low@k5#23,9,0.0,True
Qwen2.5-3B,rf2_ex20,rdm_cka_low@k5#24,11,0.0,True
Qwen2.5-3B,rf2_ex20,rdm_cka_low@k5#25,9,0.0,True
Qwen2.5-3B,rf2_ex20,rdm_cka_low@k5#26,9,0.0,True
Qwen2.5-3B,rf2_ex20,rdm_cka_low@k5#27,13,0.0,True
Qwen2.5-3B,rf2_ex20,rdm_cka_low@k5#28,9,0.0,True
Qwen2.5-3B,rf2_ex20,rdm_cka_low@k5#29,9,0.0,True
Qwen2.5-3B,rf2_ex20,rdm_cka_low@k5#3,9,0.0,True
Qwen2.5-3B,rf2_ex20,rdm_cka_low@k5#30,9,0.0,True
Qwen2.5-3B,rf2_ex20,rdm_cka_low@k5#31,9,0.0,True
Qwen2.5-3B,rf2_ex20,rdm_cka_low@k5#32,9,0.0,True
Qwen2.5-3B,rf2_ex20,rdm_cka_low@k5#33,11,0.0,True
Qwen2.5-3B,rf2_ex20,rdm_cka_low@k5#34,9,0.0,True
Qwen2.5-3B,rf2_ex20,rdm_cka_low@k5#35,9,0.0,True
Qwen2.5-3B,rf2_ex20,rdm_cka_low@k5#36,9,0.0,True
Qwen2.5-3B,rf2_ex20,rdm_cka_low@k5#37,9,0.0,True
Qwen2.5-3B,rf2_ex20,rdm_cka_low@k5#38,9,0.0,True
Qwen2.5-3B,rf2_ex20,rdm_cka_low@k5#39,11,0.0,True
Qwen2.5-3B,rf2_ex20,rdm_cka_low@k5#4,11,0.0,True
Qwen2.5-3B,rf2_ex20,rdm_cka_low@k5#40,9,0.0,True
Qwen2.5-3B,rf2_ex20,rdm_cka_low@k5#41,9,0.0,True
Qwen2.5-3B,rf2_ex20,rdm_cka_low@k5#42,11,0.0,True
Qwen2.5-3B,rf2_ex20,rdm_cka_low@k5#43,11,0.0,True
Qwen2.5-3B,rf2_ex20,rdm_cka_low@k5#44,11,0.0,True
Qwen2.5-3B,rf2_ex20,rdm_cka_low@k5#45,9,0.0,True
Qwen2.5-3B,rf2_ex20,rdm_cka_low@k5#46,11,0.0,True
Qwen2.5-3B,rf2_ex20,rdm_cka_low@k5#47,11,0.0,True
Qwen2.5-3B,rf2_ex20,rdm_cka_low@k5#48,11,0.0,True
Qwen2.5-3B,rf2_ex20,rdm_cka_low@k5#49,9,0.0,True
Qwen2.5-3B,rf2_ex20,rdm_cka_low@k5#5,11,0.0,True
Qwen2.5-3B,rf2_ex20,rdm_cka_low@k5#50,11,0.0,True
Qwen2.5-3B,rf2_ex20,rdm_cka_low@k5#6,9,0.0,True
Qwen2.5-3B,rf2_ex20,rdm_cka_low@k5#7,9,0.0,True
Qwen2.5-3B,rf2_ex20,rdm_cka_low@k5#8,11,0.0,True
Qwen2.5-3B,rf2_ex20,rdm_cka_low@k5#9,9,0.0,True
Qwen2.5-3B,rf2_ex20,rdm_fidelity_high@k5#1,9,0.0,True
Qwen2.5-3B,rf2_ex20,rdm_fidelity_high@k5#10,9,0.0,True
Qwen2.5-3B,rf2_ex20,rdm_fidelity_high@k5#11,15,0.0,True
Qwen2.5-3B,rf2_ex20,rdm_fidelity_high@k5#12,15,0.0,True
Qwen2.5-3B,rf2_ex20,rdm_fidelity_high@k5#13,13,0.0,True
Qwen2.5-3B,rf2_ex20,rdm_fidelity_high@k5#14,13,0.0,True
Qwen2.5-3B,rf2_ex20,rdm_fidelity_high@k5#15,15,0.0,True
Qwen2.5-3B,rf2_ex20,rdm_fidelity_high@k5#16,13,0.0,True
Qwen2.5-3B,rf2_ex20,rdm_fidelity_high@k5#17,17,0.0,True
Qwen2.5-3B,rf2_ex20,rdm_fidelity_high@k5#18,15,0.0,True
Qwen2.5-3B,rf2_ex20,rdm_fidelity_high@k5#19,13,0.0,True
Qwen2.5-3B,rf2_ex20,rdm_fidelity_high@k5#2,9,0.0,True
Qwen2.5-3B,rf2_ex20,rdm_fidelity_high@k5#20,13,0.0,True
Qwen2.5-3B,rf2_ex20,rdm_fidelity_high@k5#21,15,0.0,True
Qwen2.5-3B,rf2_ex20,rdm_fidelity_high@k5#22,13,0.0,True
Qwen2.5-3B,rf2_ex20,rdm_fidelity_high@k5#23,17,0.0,True
Qwen2.5-3B,rf2_ex20,rdm_fidelity_high@k5#24,17,0.0,True
Qwen2.5-3B,rf2_ex20,rdm_fidelity_high@k5#25,11,0.0,True
Qwen2.5-3B,rf2_ex20,rdm_fidelity_high@k5#26,11,0.0,True
Qwen2.5-3B,rf2_ex20,rdm_fidelity_high@k5#27,15,0.0,True
Qwen2.5-3B,rf2_ex20,rdm_fidelity_high@k5#28,13,0.0,True
Qwen2.5-3B,rf2_ex20,rdm_fidelity_high@k5#29,13,0.0,True
Qwen2.5-3B,rf2_ex20,rdm_fidelity_high@k5#3,13,0.0,True
Qwen2.5-3B,rf2_ex20,rdm_fidelity_high@k5#30,11,0.0,True
Qwen2.5-3B,rf2_ex20,rdm_fidelity_high@k5#31,13,0.0,True
Qwen2.5-3B,rf2_ex20,rdm_fidelity_high@k5#32,9,0.0,True
Qwen2.5-3B,rf2_ex20,rdm_fidelity_high@k5#33,17,0.0,True
Qwen2.5-3B,rf2_ex20,rdm_fidelity_high@k5#34,9,0.0,True
Qwen2.5-3B,rf2_ex20,rdm_fidelity_high@k5#35,13,0.0,True
Qwen2.5-3B,rf2_ex20,rdm_fidelity_high@k5#36,11,0.0,True
Qwen2.5-3B,rf2_ex20,rdm_fidelity_high@k5#37,11,0.0,True
Qwen2.5-3B,rf2_ex20,rdm_fidelity_high@k5#38,11,0.0,True
Qwen2.5-3B,rf2_ex20,rdm_fidelity_high@k5#39,15,0.0,True
Qwen2.5-3B,rf2_ex20,rdm_fidelity_high@k5#4,11,0.0,True
Qwen2.5-3B,rf2_ex20,rdm_fidelity_high@k5#40,11,0.0,True
Qwen2.5-3B,rf2_ex20,rdm_fidelity_high@k5#41,11,0.0,True
Qwen2.5-3B,rf2_ex20,rdm_fidelity_high@k5#42,13,0.0,True
Qwen2.5-3B,rf2_ex20,rdm_fidelity_high@k5#43,17,0.0,True
Qwen2.5-3B,rf2_ex20,rdm_fidelity_high@k5#44,17,0.0,True
Qwen2.5-3B,rf2_ex20,rdm_fidelity_high@k5#45,15,0.0,True
Qwen2.5-3B,rf2_ex20,rdm_fidelity_high@k5#46,17,0.0,True
Qwen2.5-3B,rf2_ex20,rdm_fidelity_high@k5#47,15,0.0,True
Qwen2.5-3B,rf2_ex20,rdm_fidelity_high@k5#48,9,0.0,True
Qwen2.5-3B,rf2_ex20,rdm_fidelity_high@k5#49,13,0.0,True
Qwen2.5-3B,rf2_ex20,rdm_fidelity_high@k5#5,9,0.0,True
Qwen2.5-3B,rf2_ex20,rdm_fidelity_high@k5#50,15,0.0,True
Qwen2.5-3B,rf2_ex20,rdm_fidelity_high@k5#6,9,0.0,True
Qwen2.5-3B,rf2_ex20,rdm_fidelity_high@k5#7,15,0.0,True
Qwen2.5-3B,rf2_ex20,rdm_fidelity_high@k5#8,9,0.0,True
Qwen2.5-3B,rf2_ex20,rdm_fidelity_high@k5#9,11,0.0,True
Qwen2.5-3B,rf2_ex20,rdm_kvdist_high@k5#1,21,0.0,True
Qwen2.5-3B,rf2_ex20,rdm_kvdist_high@k5#10,21,0.0,True
Qwen2.5-3B,rf2_ex20,rdm_kvdist_high@k5#11,21,0.0,True
Qwen2.5-3B,rf2_ex20,rdm_kvdist_high@k5#12,19,0.0,True
Qwen2.5-3B,rf2_ex20,rdm_kvdist_high@k5#13,21,0.0,True
Qwen2.5-3B,rf2_ex20,rdm_kvdist_high@k5#14,21,0.0,True
Qwen2.5-3B,rf2_ex20,rdm_kvdist_high@k5#15,23,0.0,True
Qwen2.5-3B,rf2_ex20,rdm_kvdist_high@k5#16,19,0.0,True
Qwen2.5-3B,rf2_ex20,rdm_kvdist_high@k5#17,19,0.0,True
Qwen2.5-3B,rf2_ex20,rdm_kvdist_high@k5#18,21,0.0,True
Qwen2.5-3B,rf2_ex20,rdm_kvdist_high@k5#19,19,0.0,True
Qwen2.5-3B,rf2_ex20,rdm_kvdist_high@k5#2,19,0.0,True
Qwen2.5-3B,rf2_ex20,rdm_kvdist_high@k5#20,21,0.0,True
Qwen2.5-3B,rf2_ex20,rdm_kvdist_high@k5#21,21,0.0,True
Qwen2.5-3B,rf2_ex20,rdm_kvdist_high@k5#22,19,0.0,True
Qwen2.5-3B,rf2_ex20,rdm_kvdist_high@k5#23,21,0.0,True
Qwen2.5-3B,rf2_ex20,rdm_kvdist_high@k5#24,19,0.0,True
Qwen2.5-3B,rf2_ex20,rdm_kvdist_high@k5#25,19,0.0,True
Qwen2.5-3B,rf2_ex20,rdm_kvdist_high@k5#26,21,0.0,True
Qwen2.5-3B,rf2_ex20,rdm_kvdist_high@k5#27,21,0.0,True
Qwen2.5-3B,rf2_ex20,rdm_kvdist_high@k5#28,23,0.0,True
Qwen2.5-3B,rf2_ex20,rdm_kvdist_high@k5#29,21,0.0,True
Qwen2.5-3B,rf2_ex20,rdm_kvdist_high@k5#3,19,0.0,True
Qwen2.5-3B,rf2_ex20,rdm_kvdist_high@k5#30,21,0.0,True
Qwen2.5-3B,rf2_ex20,rdm_kvdist_high@k5#31,19,0.0,True
Qwen2.5-3B,rf2_ex20,rdm_kvdist_high@k5#32,19,0.0,True
Qwen2.5-3B,rf2_ex20,rdm_kvdist_high@k5#33,21,0.0,True
Qwen2.5-3B,rf2_ex20,rdm_kvdist_high@k5#34,19,0.0,True
Qwen2.5-3B,rf2_ex20,rdm_kvdist_high@k5#35,19,0.0,True
Qwen2.5-3B,rf2_ex20,rdm_kvdist_high@k5#36,23,0.0,True
Qwen2.5-3B,rf2_ex20,rdm_kvdist_high@k5#37,19,0.0,True
Qwen2.5-3B,rf2_ex20,rdm_kvdist_high@k5#38,21,0.0,True
Qwen2.5-3B,rf2_ex20,rdm_kvdist_high@k5#39,21,0.0,True
Qwen2.5-3B,rf2_ex20,rdm_kvdist_high@k5#4,19,0.0,True
Qwen2.5-3B,rf2_ex20,rdm_kvdist_high@k5#40,21,0.0,True
Qwen2.5-3B,rf2_ex20,rdm_kvdist_high@k5#41,21,0.0,True
Qwen2.5-3B,rf2_ex20,rdm_kvdist_high@k5#42,21,0.0,True
Qwen2.5-3B,rf2_ex20,rdm_kvdist_high@k5#43,21,0.0,True
Qwen2.5-3B,rf2_ex20,rdm_kvdist_high@k5#44,23,0.0,True
Qwen2.5-3B,rf2_ex20,rdm_kvdist_high@k5#45,23,0.0,True
Qwen2.5-3B,rf2_ex20,rdm_kvdist_high@k5#46,23,0.0,True
Qwen2.5-3B,rf2_ex20,rdm_kvdist_high@k5#47,19,0.0,True
Qwen2.5-3B,rf2_ex20,rdm_kvdist_high@k5#48,21,0.0,True
Qwen2.5-3B,rf2_ex20,rdm_kvdist_high@k5#49,19,0.0,True
Qwen2.5-3B,rf2_ex20,rdm_kvdist_high@k5#5,23,0.0,True
Qwen2.5-3B,rf2_ex20,rdm_kvdist_high@k5#50,19,0.0,True
Qwen2.5-3B,rf2_ex20,rdm_kvdist_high@k5#6,21,0.0,True
Qwen2.5-3B,rf2_ex20,rdm_kvdist_high@k5#7,21,0.0,True
Qwen2.5-3B,rf2_ex20,rdm_kvdist_high@k5#8,19,0.0,True
Qwen2.5-3B,rf2_ex20,rdm_kvdist_high@k5#9,19,0.0,True
Qwen2.5-3B,rf2_ex20,rdm_kvdist_low@k5#1,9,0.0,True
Qwen2.5-3B,rf2_ex20,rdm_kvdist_low@k5#10,9,0.0,True
Qwen2.5-3B,rf2_ex20,rdm_kvdist_low@k5#11,9,0.0,True
Qwen2.5-3B,rf2_ex20,rdm_kvdist_low@k5#12,11,0.0,True
Qwen2.5-3B,rf2_ex20,rdm_kvdist_low@k5#13,9,0.0,True
Qwen2.5-3B,rf2_ex20,rdm_kvdist_low@k5#14,9,0.0,True
Qwen2.5-3B,rf2_ex20,rdm_kvdist_low@k5#15,11,0.0,True
Qwen2.5-3B,rf2_ex20,rdm_kvdist_low@k5#16,9,0.0,True
Qwen2.5-3B,rf2_ex20,rdm_kvdist_low@k5#17,9,0.0,True
Qwen2.5-3B,rf2_ex20,rdm_kvdist_low@k5#18,9,0.0,True
Qwen2.5-3B,rf2_ex20,rdm_kvdist_low@k5#19,9,0.0,True
Qwen2.5-3B,rf2_ex20,rdm_kvdist_low@k5#2,9,0.0,True
Qwen2.5-3B,rf2_ex20,rdm_kvdist_low@k5#20,9,0.0,True
Qwen2.5-3B,rf2_ex20,rdm_kvdist_low@k5#3,9,0.0,True
Qwen2.5-3B,rf2_ex20,rdm_kvdist_low@k5#4,9,0.0,True
Qwen2.5-3B,rf2_ex20,rdm_kvdist_low@k5#5,11,0.0,True
Qwen2.5-3B,rf2_ex20,rdm_kvdist_low@k5#6,9,0.0,True
Qwen2.5-3B,rf2_ex20,rdm_kvdist_low@k5#7,9,0.0,True
Qwen2.5-3B,rf2_ex20,rdm_kvdist_low@k5#8,9,0.0,True
Qwen2.5-3B,rf2_ex20,rdm_kvdist_low@k5#9,11,0.0,True
Qwen2.5-3B,rf4_ex20,full,9,0.0,True
Llama-3.2-3B,rf2_ex00,full,1,0.0,True
Llama-3.2-3B,rf2_ex20,cf_next_head,7,0.0,True
Llama-3.2-3B,rf2_ex20,cf_prev_head,7,0.0,True
Llama-3.2-3B,rf2_ex20,cka_high@k2,11,0.0,True
Llama-3.2-3B,rf2_ex20,cka_high@k4,7,0.0,True
Llama-3.2-3B,rf2_ex20,cka_high@k6,7,0.0,True
Llama-3.2-3B,rf2_ex20,cka_low@k2,25,0.0,True
Llama-3.2-3B,rf2_ex20,cka_low@k4,19,0.0,True
Llama-3.2-3B,rf2_ex20,cka_low@k6,15,0.0,True
Llama-3.2-3B,rf2_ex20,fidelity_high@k2,13,0.0,True
Llama-3.2-3B,rf2_ex20,fidelity_high@k4,7,0.0,True
Llama-3.2-3B,rf2_ex20,fidelity_high@k6,7,0.0,True
Llama-3.2-3B,rf2_ex20,full,7,0.0,True
Llama-3.2-3B,rf2_ex20,kvdist_high@k2,7,0.0,True
Llama-3.2-3B,rf2_ex20,kvdist_high@k4,7,0.0,True
Llama-3.2-3B,rf2_ex20,kvdist_high@k6,7,0.0,True
Llama-3.2-3B,rf2_ex20,kvdist_low@k2,13,0.0,True
Llama-3.2-3B,rf2_ex20,kvdist_low@k4,11,0.0,True
Llama-3.2-3B,rf2_ex20,kvdist_low@k6,11,0.0,True
Llama-3.2-3B,rf2_ex20,kvsharer_dissimilar@k4,6,0.0,True
Llama-3.2-3B,rf2_ex20,kvsharer_similar@k4,10,0.0,True
Llama-3.2-3B,rf2_ex20,live_prev_head,7,0.0,True
Llama-3.2-3B,rf2_ex20,random_pairs@k4#1,19,0.0,True
Llama-3.2-3B,rf2_ex20,random_pairs@k4#10,16,0.0,True
Llama-3.2-3B,rf2_ex20,random_pairs@k4#11,12,0.0,True
Llama-3.2-3B,rf2_ex20,random_pairs@k4#12,14,0.0,True
Llama-3.2-3B,rf2_ex20,random_pairs@k4#13,16,0.0,True
Llama-3.2-3B,rf2_ex20,random_pairs@k4#14,18,0.0,True
Llama-3.2-3B,rf2_ex20,random_pairs@k4#15,13,0.0,True
Llama-3.2-3B,rf2_ex20,random_pairs@k4#16,12,0.0,True
Llama-3.2-3B,rf2_ex20,random_pairs@k4#17,16,0.0,True
Llama-3.2-3B,rf2_ex20,random_pairs@k4#18,13,0.0,True
Llama-3.2-3B,rf2_ex20,random_pairs@k4#19,12,0.0,True
Llama-3.2-3B,rf2_ex20,random_pairs@k4#2,15,0.0,True
Llama-3.2-3B,rf2_ex20,random_pairs@k4#20,9,0.0,True
Llama-3.2-3B,rf2_ex20,random_pairs@k4#21,19,0.0,True
Llama-3.2-3B,rf2_ex20,random_pairs@k4#22,10,0.0,True
Llama-3.2-3B,rf2_ex20,random_pairs@k4#23,12,0.0,True
Llama-3.2-3B,rf2_ex20,random_pairs@k4#24,16,0.0,True
Llama-3.2-3B,rf2_ex20,random_pairs@k4#25,8,0.0,True
Llama-3.2-3B,rf2_ex20,random_pairs@k4#26,12,0.0,True
Llama-3.2-3B,rf2_ex20,random_pairs@k4#27,20,0.0,True
Llama-3.2-3B,rf2_ex20,random_pairs@k4#28,10,0.0,True
Llama-3.2-3B,rf2_ex20,random_pairs@k4#29,6,0.0,True
Llama-3.2-3B,rf2_ex20,random_pairs@k4#3,9,0.0,True
Llama-3.2-3B,rf2_ex20,random_pairs@k4#30,16,0.0,True
Llama-3.2-3B,rf2_ex20,random_pairs@k4#31,15,0.0,True
Llama-3.2-3B,rf2_ex20,random_pairs@k4#32,11,0.0,True
Llama-3.2-3B,rf2_ex20,random_pairs@k4#33,12,0.0,True
Llama-3.2-3B,rf2_ex20,random_pairs@k4#34,15,0.0,True
Llama-3.2-3B,rf2_ex20,random_pairs@k4#35,18,0.0,True
Llama-3.2-3B,rf2_ex20,random_pairs@k4#36,11,0.0,True
Llama-3.2-3B,rf2_ex20,random_pairs@k4#37,13,0.0,True
Llama-3.2-3B,rf2_ex20,random_pairs@k4#38,14,0.0,True
Llama-3.2-3B,rf2_ex20,random_pairs@k4#39,16,0.0,True
Llama-3.2-3B,rf2_ex20,random_pairs@k4#4,7,0.0,True
Llama-3.2-3B,rf2_ex20,random_pairs@k4#40,7,0.0,True
Llama-3.2-3B,rf2_ex20,random_pairs@k4#41,9,0.0,True
Llama-3.2-3B,rf2_ex20,random_pairs@k4#42,18,0.0,True
Llama-3.2-3B,rf2_ex20,random_pairs@k4#43,13,0.0,True
Llama-3.2-3B,rf2_ex20,random_pairs@k4#44,11,0.0,True
Llama-3.2-3B,rf2_ex20,random_pairs@k4#45,11,0.0,True
Llama-3.2-3B,rf2_ex20,random_pairs@k4#46,22,0.0,True
Llama-3.2-3B,rf2_ex20,random_pairs@k4#47,13,0.0,True
Llama-3.2-3B,rf2_ex20,random_pairs@k4#48,11,0.0,True
Llama-3.2-3B,rf2_ex20,random_pairs@k4#49,13,0.0,True
Llama-3.2-3B,rf2_ex20,random_pairs@k4#5,11,0.0,True
Llama-3.2-3B,rf2_ex20,random_pairs@k4#50,6,0.0,True
Llama-3.2-3B,rf2_ex20,random_pairs@k4#6,19,0.0,True
Llama-3.2-3B,rf2_ex20,random_pairs@k4#7,13,0.0,True
Llama-3.2-3B,rf2_ex20,random_pairs@k4#8,12,0.0,True
Llama-3.2-3B,rf2_ex20,random_pairs@k4#9,12,0.0,True
Llama-3.2-3B,rf2_ex20,random_same_ratio@k2#1,11,0.0,True
Llama-3.2-3B,rf2_ex20,random_same_ratio@k2#10,7,0.0,True
Llama-3.2-3B,rf2_ex20,random_same_ratio@k2#11,15,0.0,True
Llama-3.2-3B,rf2_ex20,random_same_ratio@k2#12,7,0.0,True
Llama-3.2-3B,rf2_ex20,random_same_ratio@k2#13,25,0.0,True
Llama-3.2-3B,rf2_ex20,random_same_ratio@k2#14,9,0.0,True
Llama-3.2-3B,rf2_ex20,random_same_ratio@k2#15,7,0.0,True
Llama-3.2-3B,rf2_ex20,random_same_ratio@k2#16,17,0.0,True
Llama-3.2-3B,rf2_ex20,random_same_ratio@k2#17,15,0.0,True
Llama-3.2-3B,rf2_ex20,random_same_ratio@k2#18,9,0.0,True
Llama-3.2-3B,rf2_ex20,random_same_ratio@k2#19,17,0.0,True
Llama-3.2-3B,rf2_ex20,random_same_ratio@k2#2,7,0.0,True
Llama-3.2-3B,rf2_ex20,random_same_ratio@k2#20,9,0.0,True
Llama-3.2-3B,rf2_ex20,random_same_ratio@k2#21,25,0.0,True
Llama-3.2-3B,rf2_ex20,random_same_ratio@k2#22,17,0.0,True
Llama-3.2-3B,rf2_ex20,random_same_ratio@k2#23,17,0.0,True
Llama-3.2-3B,rf2_ex20,random_same_ratio@k2#24,7,0.0,True
Llama-3.2-3B,rf2_ex20,random_same_ratio@k2#25,19,0.0,True
Llama-3.2-3B,rf2_ex20,random_same_ratio@k2#26,15,0.0,True
Llama-3.2-3B,rf2_ex20,random_same_ratio@k2#27,11,0.0,True
Llama-3.2-3B,rf2_ex20,random_same_ratio@k2#28,21,0.0,True
Llama-3.2-3B,rf2_ex20,random_same_ratio@k2#29,15,0.0,True
Llama-3.2-3B,rf2_ex20,random_same_ratio@k2#3,15,0.0,True
Llama-3.2-3B,rf2_ex20,random_same_ratio@k2#30,17,0.0,True
Llama-3.2-3B,rf2_ex20,random_same_ratio@k2#31,11,0.0,True
Llama-3.2-3B,rf2_ex20,random_same_ratio@k2#32,13,0.0,True
Llama-3.2-3B,rf2_ex20,random_same_ratio@k2#33,11,0.0,True
Llama-3.2-3B,rf2_ex20,random_same_ratio@k2#34,9,0.0,True
Llama-3.2-3B,rf2_ex20,random_same_ratio@k2#35,9,0.0,True
Llama-3.2-3B,rf2_ex20,random_same_ratio@k2#36,9,0.0,True
Llama-3.2-3B,rf2_ex20,random_same_ratio@k2#37,15,0.0,True
Llama-3.2-3B,rf2_ex20,random_same_ratio@k2#38,11,0.0,True
Llama-3.2-3B,rf2_ex20,random_same_ratio@k2#39,15,0.0,True
Llama-3.2-3B,rf2_ex20,random_same_ratio@k2#4,11,0.0,True
Llama-3.2-3B,rf2_ex20,random_same_ratio@k2#40,11,0.0,True
Llama-3.2-3B,rf2_ex20,random_same_ratio@k2#41,7,0.0,True
Llama-3.2-3B,rf2_ex20,random_same_ratio@k2#42,9,0.0,True
Llama-3.2-3B,rf2_ex20,random_same_ratio@k2#43,13,0.0,True
Llama-3.2-3B,rf2_ex20,random_same_ratio@k2#44,21,0.0,True
Llama-3.2-3B,rf2_ex20,random_same_ratio@k2#45,11,0.0,True
Llama-3.2-3B,rf2_ex20,random_same_ratio@k2#46,21,0.0,True
Llama-3.2-3B,rf2_ex20,random_same_ratio@k2#47,19,0.0,True
Llama-3.2-3B,rf2_ex20,random_same_ratio@k2#48,11,0.0,True
Llama-3.2-3B,rf2_ex20,random_same_ratio@k2#49,15,0.0,True
Llama-3.2-3B,rf2_ex20,random_same_ratio@k2#5,7,0.0,True
Llama-3.2-3B,rf2_ex20,random_same_ratio@k2#50,15,0.0,True
Llama-3.2-3B,rf2_ex20,random_same_ratio@k2#6,17,0.0,True
Llama-3.2-3B,rf2_ex20,random_same_ratio@k2#7,7,0.0,True
Llama-3.2-3B,rf2_ex20,random_same_ratio@k2#8,7,0.0,True
Llama-3.2-3B,rf2_ex20,random_same_ratio@k2#9,19,0.0,True
Llama-3.2-3B,rf2_ex20,random_same_ratio@k4#1,9,0.0,True
Llama-3.2-3B,rf2_ex20,random_same_ratio@k4#10,7,0.0,True
Llama-3.2-3B,rf2_ex20,random_same_ratio@k4#11,11,0.0,True
Llama-3.2-3B,rf2_ex20,random_same_ratio@k4#12,9,0.0,True
Llama-3.2-3B,rf2_ex20,random_same_ratio@k4#13,19,0.0,True
Llama-3.2-3B,rf2_ex20,random_same_ratio@k4#14,11,0.0,True
Llama-3.2-3B,rf2_ex20,random_same_ratio@k4#15,13,0.0,True
Llama-3.2-3B,rf2_ex20,random_same_ratio@k4#16,9,0.0,True
Llama-3.2-3B,rf2_ex20,random_same_ratio@k4#17,9,0.0,True
Llama-3.2-3B,rf2_ex20,random_same_ratio@k4#18,7,0.0,True
Llama-3.2-3B,rf2_ex20,random_same_ratio@k4#19,7,0.0,True
Llama-3.2-3B,rf2_ex20,random_same_ratio@k4#2,17,0.0,True
Llama-3.2-3B,rf2_ex20,random_same_ratio@k4#20,9,0.0,True
Llama-3.2-3B,rf2_ex20,random_same_ratio@k4#21,7,0.0,True
Llama-3.2-3B,rf2_ex20,random_same_ratio@k4#22,9,0.0,True
Llama-3.2-3B,rf2_ex20,random_same_ratio@k4#23,9,0.0,True
Llama-3.2-3B,rf2_ex20,random_same_ratio@k4#24,7,0.0,True
Llama-3.2-3B,rf2_ex20,random_same_ratio@k4#25,11,0.0,True
Llama-3.2-3B,rf2_ex20,random_same_ratio@k4#26,7,0.0,True
Llama-3.2-3B,rf2_ex20,random_same_ratio@k4#27,9,0.0,True
Llama-3.2-3B,rf2_ex20,random_same_ratio@k4#28,7,0.0,True
Llama-3.2-3B,rf2_ex20,random_same_ratio@k4#29,7,0.0,True
Llama-3.2-3B,rf2_ex20,random_same_ratio@k4#3,9,0.0,True
Llama-3.2-3B,rf2_ex20,random_same_ratio@k4#30,7,0.0,True
Llama-3.2-3B,rf2_ex20,random_same_ratio@k4#31,17,0.0,True
Llama-3.2-3B,rf2_ex20,random_same_ratio@k4#32,9,0.0,True
Llama-3.2-3B,rf2_ex20,random_same_ratio@k4#33,9,0.0,True
Llama-3.2-3B,rf2_ex20,random_same_ratio@k4#34,11,0.0,True
Llama-3.2-3B,rf2_ex20,random_same_ratio@k4#35,7,0.0,True
Llama-3.2-3B,rf2_ex20,random_same_ratio@k4#36,7,0.0,True
Llama-3.2-3B,rf2_ex20,random_same_ratio@k4#37,7,0.0,True
Llama-3.2-3B,rf2_ex20,random_same_ratio@k4#38,9,0.0,True
Llama-3.2-3B,rf2_ex20,random_same_ratio@k4#39,13,0.0,True
Llama-3.2-3B,rf2_ex20,random_same_ratio@k4#4,7,0.0,True
Llama-3.2-3B,rf2_ex20,random_same_ratio@k4#40,9,0.0,True
Llama-3.2-3B,rf2_ex20,random_same_ratio@k4#41,11,0.0,True
Llama-3.2-3B,rf2_ex20,random_same_ratio@k4#42,9,0.0,True
Llama-3.2-3B,rf2_ex20,random_same_ratio@k4#43,9,0.0,True
Llama-3.2-3B,rf2_ex20,random_same_ratio@k4#44,7,0.0,True
Llama-3.2-3B,rf2_ex20,random_same_ratio@k4#45,9,0.0,True
Llama-3.2-3B,rf2_ex20,random_same_ratio@k4#46,15,0.0,True
Llama-3.2-3B,rf2_ex20,random_same_ratio@k4#47,11,0.0,True
Llama-3.2-3B,rf2_ex20,random_same_ratio@k4#48,9,0.0,True
Llama-3.2-3B,rf2_ex20,random_same_ratio@k4#49,11,0.0,True
Llama-3.2-3B,rf2_ex20,random_same_ratio@k4#5,7,0.0,True
Llama-3.2-3B,rf2_ex20,random_same_ratio@k4#50,11,0.0,True
Llama-3.2-3B,rf2_ex20,random_same_ratio@k4#6,7,0.0,True
Llama-3.2-3B,rf2_ex20,random_same_ratio@k4#7,7,0.0,True
Llama-3.2-3B,rf2_ex20,random_same_ratio@k4#8,13,0.0,True
Llama-3.2-3B,rf2_ex20,random_same_ratio@k4#9,13,0.0,True
Llama-3.2-3B,rf2_ex20,random_same_ratio@k6#1,9,0.0,True
Llama-3.2-3B,rf2_ex20,random_same_ratio@k6#10,9,0.0,True
Llama-3.2-3B,rf2_ex20,random_same_ratio@k6#11,7,0.0,True
Llama-3.2-3B,rf2_ex20,random_same_ratio@k6#12,9,0.0,True
Llama-3.2-3B,rf2_ex20,random_same_ratio@k6#13,7,0.0,True
Llama-3.2-3B,rf2_ex20,random_same_ratio@k6#14,9,0.0,True
Llama-3.2-3B,rf2_ex20,random_same_ratio@k6#15,7,0.0,True
Llama-3.2-3B,rf2_ex20,random_same_ratio@k6#16,7,0.0,True
Llama-3.2-3B,rf2_ex20,random_same_ratio@k6#17,9,0.0,True
Llama-3.2-3B,rf2_ex20,random_same_ratio@k6#18,7,0.0,True
Llama-3.2-3B,rf2_ex20,random_same_ratio@k6#19,9,0.0,True
Llama-3.2-3B,rf2_ex20,random_same_ratio@k6#2,9,0.0,True
Llama-3.2-3B,rf2_ex20,random_same_ratio@k6#20,7,0.0,True
Llama-3.2-3B,rf2_ex20,random_same_ratio@k6#21,9,0.0,True
Llama-3.2-3B,rf2_ex20,random_same_ratio@k6#22,9,0.0,True
Llama-3.2-3B,rf2_ex20,random_same_ratio@k6#23,7,0.0,True
Llama-3.2-3B,rf2_ex20,random_same_ratio@k6#24,11,0.0,True
Llama-3.2-3B,rf2_ex20,random_same_ratio@k6#25,9,0.0,True
Llama-3.2-3B,rf2_ex20,random_same_ratio@k6#26,7,0.0,True
Llama-3.2-3B,rf2_ex20,random_same_ratio@k6#27,7,0.0,True
Llama-3.2-3B,rf2_ex20,random_same_ratio@k6#28,7,0.0,True
Llama-3.2-3B,rf2_ex20,random_same_ratio@k6#29,9,0.0,True
Llama-3.2-3B,rf2_ex20,random_same_ratio@k6#3,11,0.0,True
Llama-3.2-3B,rf2_ex20,random_same_ratio@k6#30,9,0.0,True
Llama-3.2-3B,rf2_ex20,random_same_ratio@k6#31,7,0.0,True
Llama-3.2-3B,rf2_ex20,random_same_ratio@k6#32,7,0.0,True
Llama-3.2-3B,rf2_ex20,random_same_ratio@k6#33,7,0.0,True
Llama-3.2-3B,rf2_ex20,random_same_ratio@k6#34,9,0.0,True
Llama-3.2-3B,rf2_ex20,random_same_ratio@k6#35,11,0.0,True
Llama-3.2-3B,rf2_ex20,random_same_ratio@k6#36,9,0.0,True
Llama-3.2-3B,rf2_ex20,random_same_ratio@k6#37,13,0.0,True
Llama-3.2-3B,rf2_ex20,random_same_ratio@k6#38,7,0.0,True
Llama-3.2-3B,rf2_ex20,random_same_ratio@k6#39,7,0.0,True
Llama-3.2-3B,rf2_ex20,random_same_ratio@k6#4,7,0.0,True
Llama-3.2-3B,rf2_ex20,random_same_ratio@k6#40,11,0.0,True
Llama-3.2-3B,rf2_ex20,random_same_ratio@k6#41,7,0.0,True
Llama-3.2-3B,rf2_ex20,random_same_ratio@k6#42,11,0.0,True
Llama-3.2-3B,rf2_ex20,random_same_ratio@k6#43,7,0.0,True
Llama-3.2-3B,rf2_ex20,random_same_ratio@k6#44,7,0.0,True
Llama-3.2-3B,rf2_ex20,random_same_ratio@k6#45,7,0.0,True
Llama-3.2-3B,rf2_ex20,random_same_ratio@k6#46,11,0.0,True
Llama-3.2-3B,rf2_ex20,random_same_ratio@k6#47,7,0.0,True
Llama-3.2-3B,rf2_ex20,random_same_ratio@k6#48,9,0.0,True
Llama-3.2-3B,rf2_ex20,random_same_ratio@k6#49,9,0.0,True
Llama-3.2-3B,rf2_ex20,random_same_ratio@k6#5,9,0.0,True
Llama-3.2-3B,rf2_ex20,random_same_ratio@k6#50,9,0.0,True
Llama-3.2-3B,rf2_ex20,random_same_ratio@k6#6,9,0.0,True
Llama-3.2-3B,rf2_ex20,random_same_ratio@k6#7,7,0.0,True
Llama-3.2-3B,rf2_ex20,random_same_ratio@k6#8,7,0.0,True
Llama-3.2-3B,rf2_ex20,random_same_ratio@k6#9,7,0.0,True
Llama-3.2-3B,rf2_ex20,random_source@k11#1,7,0.0,True
Llama-3.2-3B,rf2_ex20,random_source@k11#10,7,0.0,True
Llama-3.2-3B,rf2_ex20,random_source@k11#11,7,0.0,True
Llama-3.2-3B,rf2_ex20,random_source@k11#12,7,0.0,True
Llama-3.2-3B,rf2_ex20,random_source@k11#13,7,0.0,True
Llama-3.2-3B,rf2_ex20,random_source@k11#14,7,0.0,True
Llama-3.2-3B,rf2_ex20,random_source@k11#15,7,0.0,True
Llama-3.2-3B,rf2_ex20,random_source@k11#16,7,0.0,True
Llama-3.2-3B,rf2_ex20,random_source@k11#17,7,0.0,True
Llama-3.2-3B,rf2_ex20,random_source@k11#18,7,0.0,True
Llama-3.2-3B,rf2_ex20,random_source@k11#19,7,0.0,True
Llama-3.2-3B,rf2_ex20,random_source@k11#2,7,0.0,True
Llama-3.2-3B,rf2_ex20,random_source@k11#20,7,0.0,True
Llama-3.2-3B,rf2_ex20,random_source@k11#21,7,0.0,True
Llama-3.2-3B,rf2_ex20,random_source@k11#22,7,0.0,True
Llama-3.2-3B,rf2_ex20,random_source@k11#23,7,0.0,True
Llama-3.2-3B,rf2_ex20,random_source@k11#24,7,0.0,True
Llama-3.2-3B,rf2_ex20,random_source@k11#25,7,0.0,True
Llama-3.2-3B,rf2_ex20,random_source@k11#26,7,0.0,True
Llama-3.2-3B,rf2_ex20,random_source@k11#27,7,0.0,True
Llama-3.2-3B,rf2_ex20,random_source@k11#28,7,0.0,True
Llama-3.2-3B,rf2_ex20,random_source@k11#29,7,0.0,True
Llama-3.2-3B,rf2_ex20,random_source@k11#3,7,0.0,True
Llama-3.2-3B,rf2_ex20,random_source@k11#30,7,0.0,True
Llama-3.2-3B,rf2_ex20,random_source@k11#31,7,0.0,True
Llama-3.2-3B,rf2_ex20,random_source@k11#32,7,0.0,True
Llama-3.2-3B,rf2_ex20,random_source@k11#33,7,0.0,True
Llama-3.2-3B,rf2_ex20,random_source@k11#34,7,0.0,True
Llama-3.2-3B,rf2_ex20,random_source@k11#35,7,0.0,True
Llama-3.2-3B,rf2_ex20,random_source@k11#36,7,0.0,True
Llama-3.2-3B,rf2_ex20,random_source@k11#37,7,0.0,True
Llama-3.2-3B,rf2_ex20,random_source@k11#38,7,0.0,True
Llama-3.2-3B,rf2_ex20,random_source@k11#39,7,0.0,True
Llama-3.2-3B,rf2_ex20,random_source@k11#4,7,0.0,True
Llama-3.2-3B,rf2_ex20,random_source@k11#40,7,0.0,True
Llama-3.2-3B,rf2_ex20,random_source@k11#41,7,0.0,True
Llama-3.2-3B,rf2_ex20,random_source@k11#42,7,0.0,True
Llama-3.2-3B,rf2_ex20,random_source@k11#43,7,0.0,True
Llama-3.2-3B,rf2_ex20,random_source@k11#44,7,0.0,True
Llama-3.2-3B,rf2_ex20,random_source@k11#45,7,0.0,True
Llama-3.2-3B,rf2_ex20,random_source@k11#46,7,0.0,True
Llama-3.2-3B,rf2_ex20,random_source@k11#47,7,0.0,True
Llama-3.2-3B,rf2_ex20,random_source@k11#48,7,0.0,True
Llama-3.2-3B,rf2_ex20,random_source@k11#49,7,0.0,True
Llama-3.2-3B,rf2_ex20,random_source@k11#5,7,0.0,True
Llama-3.2-3B,rf2_ex20,random_source@k11#50,7,0.0,True
Llama-3.2-3B,rf2_ex20,random_source@k11#6,7,0.0,True
Llama-3.2-3B,rf2_ex20,random_source@k11#7,7,0.0,True
Llama-3.2-3B,rf2_ex20,random_source@k11#8,7,0.0,True
Llama-3.2-3B,rf2_ex20,random_source@k11#9,7,0.0,True
Llama-3.2-3B,rf2_ex20,rdm_cka_high@k4#1,7,0.0,True
Llama-3.2-3B,rf2_ex20,rdm_cka_high@k4#10,9,0.0,True
Llama-3.2-3B,rf2_ex20,rdm_cka_high@k4#11,7,0.0,True
Llama-3.2-3B,rf2_ex20,rdm_cka_high@k4#12,7,0.0,True
Llama-3.2-3B,rf2_ex20,rdm_cka_high@k4#2,7,0.0,True
Llama-3.2-3B,rf2_ex20,rdm_cka_high@k4#3,9,0.0,True
Llama-3.2-3B,rf2_ex20,rdm_cka_high@k4#4,7,0.0,True
Llama-3.2-3B,rf2_ex20,rdm_cka_high@k4#5,7,0.0,True
Llama-3.2-3B,rf2_ex20,rdm_cka_high@k4#6,7,0.0,True
Llama-3.2-3B,rf2_ex20,rdm_cka_high@k4#7,7,0.0,True
Llama-3.2-3B,rf2_ex20,rdm_cka_high@k4#8,9,0.0,True
Llama-3.2-3B,rf2_ex20,rdm_cka_high@k4#9,7,0.0,True
Llama-3.2-3B,rf2_ex20,rdm_cka_low@k4#1,17,0.0,True
Llama-3.2-3B,rf2_ex20,rdm_cka_low@k4#10,19,0.0,True
Llama-3.2-3B,rf2_ex20,rdm_cka_low@k4#11,15,0.0,True
Llama-3.2-3B,rf2_ex20,rdm_cka_low@k4#12,15,0.0,True
Llama-3.2-3B,rf2_ex20,rdm_cka_low@k4#2,17,0.0,True
Llama-3.2-3B,rf2_ex20,rdm_cka_low@k4#3,17,0.0,True
Llama-3.2-3B,rf2_ex20,rdm_cka_low@k4#4,15,0.0,True
Llama-3.2-3B,rf2_ex20,rdm_cka_low@k4#5,19,0.0,True
Llama-3.2-3B,rf2_ex20,rdm_cka_low@k4#6,15,0.0,True
Llama-3.2-3B,rf2_ex20,rdm_cka_low@k4#7,19,0.0,True
Llama-3.2-3B,rf2_ex20,rdm_cka_low@k4#8,19,0.0,True
Llama-3.2-3B,rf2_ex20,rdm_cka_low@k4#9,17,0.0,True
Llama-3.2-3B,rf2_ex20,rdm_fidelity_high@k4#1,7,0.0,True
Llama-3.2-3B,rf2_ex20,rdm_fidelity_high@k4#10,7,0.0,True
Llama-3.2-3B,rf2_ex20,rdm_fidelity_high@k4#11,7,0.0,True
Llama-3.2-3B,rf2_ex20,rdm_fidelity_high@k4#12,9,0.0,True
Llama-3.2-3B,rf2_ex20,rdm_fidelity_high@k4#13,7,0.0,True
Llama-3.2-3B,rf2_ex20,rdm_fidelity_high@k4#14,7,0.0,True
Llama-3.2-3B,rf2_ex20,rdm_fidelity_high@k4#15,7,0.0,True
Llama-3.2-3B,rf2_ex20,rdm_fidelity_high@k4#16,7,0.0,True
Llama-3.2-3B,rf2_ex20,rdm_fidelity_high@k4#2,7,0.0,True
Llama-3.2-3B,rf2_ex20,rdm_fidelity_high@k4#3,7,0.0,True
Llama-3.2-3B,rf2_ex20,rdm_fidelity_high@k4#4,7,0.0,True
Llama-3.2-3B,rf2_ex20,rdm_fidelity_high@k4#5,7,0.0,True
Llama-3.2-3B,rf2_ex20,rdm_fidelity_high@k4#6,9,0.0,True
Llama-3.2-3B,rf2_ex20,rdm_fidelity_high@k4#7,9,0.0,True
Llama-3.2-3B,rf2_ex20,rdm_fidelity_high@k4#8,9,0.0,True
Llama-3.2-3B,rf2_ex20,rdm_fidelity_high@k4#9,7,0.0,True
Llama-3.2-3B,rf2_ex20,rdm_kvdist_high@k4#1,7,0.0,True
Llama-3.2-3B,rf2_ex20,rdm_kvdist_high@k4#10,7,0.0,True
Llama-3.2-3B,rf2_ex20,rdm_kvdist_high@k4#11,7,0.0,True
Llama-3.2-3B,rf2_ex20,rdm_kvdist_high@k4#12,7,0.0,True
Llama-3.2-3B,rf2_ex20,rdm_kvdist_high@k4#13,7,0.0,True
Llama-3.2-3B,rf2_ex20,rdm_kvdist_high@k4#14,7,0.0,True
Llama-3.2-3B,rf2_ex20,rdm_kvdist_high@k4#15,7,0.0,True
Llama-3.2-3B,rf2_ex20,rdm_kvdist_high@k4#16,7,0.0,True
Llama-3.2-3B,rf2_ex20,rdm_kvdist_high@k4#17,7,0.0,True
Llama-3.2-3B,rf2_ex20,rdm_kvdist_high@k4#18,9,0.0,True
Llama-3.2-3B,rf2_ex20,rdm_kvdist_high@k4#19,9,0.0,True
Llama-3.2-3B,rf2_ex20,rdm_kvdist_high@k4#2,9,0.0,True
Llama-3.2-3B,rf2_ex20,rdm_kvdist_high@k4#20,9,0.0,True
Llama-3.2-3B,rf2_ex20,rdm_kvdist_high@k4#21,9,0.0,True
Llama-3.2-3B,rf2_ex20,rdm_kvdist_high@k4#22,7,0.0,True
Llama-3.2-3B,rf2_ex20,rdm_kvdist_high@k4#23,11,0.0,True
Llama-3.2-3B,rf2_ex20,rdm_kvdist_high@k4#24,7,0.0,True
Llama-3.2-3B,rf2_ex20,rdm_kvdist_high@k4#25,9,0.0,True
Llama-3.2-3B,rf2_ex20,rdm_kvdist_high@k4#26,7,0.0,True
Llama-3.2-3B,rf2_ex20,rdm_kvdist_high@k4#27,7,0.0,True
Llama-3.2-3B,rf2_ex20,rdm_kvdist_high@k4#28,7,0.0,True
Llama-3.2-3B,rf2_ex20,rdm_kvdist_high@k4#29,9,0.0,True
Llama-3.2-3B,rf2_ex20,rdm_kvdist_high@k4#3,11,0.0,True
Llama-3.2-3B,rf2_ex20,rdm_kvdist_high@k4#30,7,0.0,True
Llama-3.2-3B,rf2_ex20,rdm_kvdist_high@k4#31,11,0.0,True
Llama-3.2-3B,rf2_ex20,rdm_kvdist_high@k4#32,7,0.0,True
Llama-3.2-3B,rf2_ex20,rdm_kvdist_high@k4#33,9,0.0,True
Llama-3.2-3B,rf2_ex20,rdm_kvdist_high@k4#34,7,0.0,True
Llama-3.2-3B,rf2_ex20,rdm_kvdist_high@k4#35,7,0.0,True
Llama-3.2-3B,rf2_ex20,rdm_kvdist_high@k4#36,9,0.0,True
Llama-3.2-3B,rf2_ex20,rdm_kvdist_high@k4#37,11,0.0,True
Llama-3.2-3B,rf2_ex20,rdm_kvdist_high@k4#38,9,0.0,True
Llama-3.2-3B,rf2_ex20,rdm_kvdist_high@k4#39,7,0.0,True
Llama-3.2-3B,rf2_ex20,rdm_kvdist_high@k4#4,11,0.0,True
Llama-3.2-3B,rf2_ex20,rdm_kvdist_high@k4#40,11,0.0,True
Llama-3.2-3B,rf2_ex20,rdm_kvdist_high@k4#41,9,0.0,True
Llama-3.2-3B,rf2_ex20,rdm_kvdist_high@k4#42,9,0.0,True
Llama-3.2-3B,rf2_ex20,rdm_kvdist_high@k4#43,9,0.0,True
Llama-3.2-3B,rf2_ex20,rdm_kvdist_high@k4#44,9,0.0,True
Llama-3.2-3B,rf2_ex20,rdm_kvdist_high@k4#45,7,0.0,True
Llama-3.2-3B,rf2_ex20,rdm_kvdist_high@k4#46,9,0.0,True
Llama-3.2-3B,rf2_ex20,rdm_kvdist_high@k4#47,7,0.0,True
Llama-3.2-3B,rf2_ex20,rdm_kvdist_high@k4#48,9,0.0,True
Llama-3.2-3B,rf2_ex20,rdm_kvdist_high@k4#49,9,0.0,True
Llama-3.2-3B,rf2_ex20,rdm_kvdist_high@k4#5,11,0.0,True
Llama-3.2-3B,rf2_ex20,rdm_kvdist_high@k4#50,11,0.0,True
Llama-3.2-3B,rf2_ex20,rdm_kvdist_high@k4#6,9,0.0,True
Llama-3.2-3B,rf2_ex20,rdm_kvdist_high@k4#7,9,0.0,True
Llama-3.2-3B,rf2_ex20,rdm_kvdist_high@k4#8,7,0.0,True
Llama-3.2-3B,rf2_ex20,rdm_kvdist_high@k4#9,7,0.0,True
Llama-3.2-3B,rf2_ex20,rdm_kvdist_low@k4#1,7,0.0,True
Llama-3.2-3B,rf2_ex20,rdm_kvdist_low@k4#10,9,0.0,True
Llama-3.2-3B,rf2_ex20,rdm_kvdist_low@k4#11,9,0.0,True
Llama-3.2-3B,rf2_ex20,rdm_kvdist_low@k4#12,11,0.0,True
Llama-3.2-3B,rf2_ex20,rdm_kvdist_low@k4#13,7,0.0,True
Llama-3.2-3B,rf2_ex20,rdm_kvdist_low@k4#14,9,0.0,True
Llama-3.2-3B,rf2_ex20,rdm_kvdist_low@k4#15,7,0.0,True
Llama-3.2-3B,rf2_ex20,rdm_kvdist_low@k4#16,7,0.0,True
Llama-3.2-3B,rf2_ex20,rdm_kvdist_low@k4#17,11,0.0,True
Llama-3.2-3B,rf2_ex20,rdm_kvdist_low@k4#18,7,0.0,True
Llama-3.2-3B,rf2_ex20,rdm_kvdist_low@k4#2,7,0.0,True
Llama-3.2-3B,rf2_ex20,rdm_kvdist_low@k4#3,9,0.0,True
Llama-3.2-3B,rf2_ex20,rdm_kvdist_low@k4#4,11,0.0,True
Llama-3.2-3B,rf2_ex20,rdm_kvdist_low@k4#5,9,0.0,True
Llama-3.2-3B,rf2_ex20,rdm_kvdist_low@k4#6,7,0.0,True
Llama-3.2-3B,rf2_ex20,rdm_kvdist_low@k4#7,7,0.0,True
Llama-3.2-3B,rf2_ex20,rdm_kvdist_low@k4#8,7,0.0,True
Llama-3.2-3B,rf2_ex20,rdm_kvdist_low@k4#9,9,0.0,True
Llama-3.2-3B,rf4_ex20,full,7,0.0,True
SmolLM3-3B-Base,rf2_ex00,full,1,0.0,True
SmolLM3-3B-Base,rf2_ex20,cf_next_head,9,0.0,True
SmolLM3-3B-Base,rf2_ex20,cf_prev_head,9,0.0,True
SmolLM3-3B-Base,rf2_ex20,cka_high@k2,17,0.0,True
SmolLM3-3B-Base,rf2_ex20,cka_high@k5,13,0.0,True
SmolLM3-3B-Base,rf2_ex20,cka_high@k7,9,0.0,True
SmolLM3-3B-Base,rf2_ex20,cka_low@k2,31,0.0,True
SmolLM3-3B-Base,rf2_ex20,cka_low@k5,11,0.0,True
SmolLM3-3B-Base,rf2_ex20,cka_low@k7,11,0.0,True
SmolLM3-3B-Base,rf2_ex20,fidelity_high@k2,11,0.0,True
SmolLM3-3B-Base,rf2_ex20,fidelity_high@k5,9,0.0,True
SmolLM3-3B-Base,rf2_ex20,fidelity_high@k7,9,0.0,True
SmolLM3-3B-Base,rf2_ex20,full,9,0.0,True
SmolLM3-3B-Base,rf2_ex20,kvdist_high@k2,9,0.0,True
SmolLM3-3B-Base,rf2_ex20,kvdist_high@k5,9,0.0,True
SmolLM3-3B-Base,rf2_ex20,kvdist_high@k7,9,0.0,True
SmolLM3-3B-Base,rf2_ex20,kvdist_low@k2,31,0.0,True
SmolLM3-3B-Base,rf2_ex20,kvdist_low@k5,11,0.0,True
SmolLM3-3B-Base,rf2_ex20,kvdist_low@k7,11,0.0,True
SmolLM3-3B-Base,rf2_ex20,kvsharer_dissimilar@k5,10,0.0,True
SmolLM3-3B-Base,rf2_ex20,kvsharer_similar@k5,11,0.0,True
SmolLM3-3B-Base,rf2_ex20,live_prev_head,9,0.0,True
SmolLM3-3B-Base,rf2_ex20,random_pairs@k5#1,19,0.0,True
SmolLM3-3B-Base,rf2_ex20,random_pairs@k5#10,14,0.0,True
SmolLM3-3B-Base,rf2_ex20,random_pairs@k5#11,11,0.0,True
SmolLM3-3B-Base,rf2_ex20,random_pairs@k5#12,18,0.0,True
SmolLM3-3B-Base,rf2_ex20,random_pairs@k5#13,18,0.0,True
SmolLM3-3B-Base,rf2_ex20,random_pairs@k5#14,12,0.0,True
SmolLM3-3B-Base,rf2_ex20,random_pairs@k5#15,10,0.0,True
SmolLM3-3B-Base,rf2_ex20,random_pairs@k5#16,17,0.0,True
SmolLM3-3B-Base,rf2_ex20,random_pairs@k5#17,17,0.0,True
SmolLM3-3B-Base,rf2_ex20,random_pairs@k5#18,17,0.0,True
SmolLM3-3B-Base,rf2_ex20,random_pairs@k5#19,11,0.0,True
SmolLM3-3B-Base,rf2_ex20,random_pairs@k5#2,9,0.0,True
SmolLM3-3B-Base,rf2_ex20,random_pairs@k5#20,20,0.0,True
SmolLM3-3B-Base,rf2_ex20,random_pairs@k5#21,9,0.0,True
SmolLM3-3B-Base,rf2_ex20,random_pairs@k5#22,8,0.0,True
SmolLM3-3B-Base,rf2_ex20,random_pairs@k5#23,8,0.0,True
SmolLM3-3B-Base,rf2_ex20,random_pairs@k5#24,10,0.0,True
SmolLM3-3B-Base,rf2_ex20,random_pairs@k5#25,19,0.0,True
SmolLM3-3B-Base,rf2_ex20,random_pairs@k5#26,22,0.0,True
SmolLM3-3B-Base,rf2_ex20,random_pairs@k5#27,10,0.0,True
SmolLM3-3B-Base,rf2_ex20,random_pairs@k5#28,8,0.0,True
SmolLM3-3B-Base,rf2_ex20,random_pairs@k5#29,14,0.0,True
SmolLM3-3B-Base,rf2_ex20,random_pairs@k5#3,23,0.0,True
SmolLM3-3B-Base,rf2_ex20,random_pairs@k5#30,24,0.0,True
SmolLM3-3B-Base,rf2_ex20,random_pairs@k5#31,15,0.0,True
SmolLM3-3B-Base,rf2_ex20,random_pairs@k5#32,26,0.0,True
SmolLM3-3B-Base,rf2_ex20,random_pairs@k5#33,14,0.0,True
SmolLM3-3B-Base,rf2_ex20,random_pairs@k5#34,11,0.0,True
SmolLM3-3B-Base,rf2_ex20,random_pairs@k5#35,18,0.0,True
SmolLM3-3B-Base,rf2_ex20,random_pairs@k5#36,11,0.0,True
SmolLM3-3B-Base,rf2_ex20,random_pairs@k5#37,10,0.0,True
SmolLM3-3B-Base,rf2_ex20,random_pairs@k5#38,18,0.0,True
SmolLM3-3B-Base,rf2_ex20,random_pairs@k5#39,14,0.0,True
SmolLM3-3B-Base,rf2_ex20,random_pairs@k5#4,12,0.0,True
SmolLM3-3B-Base,rf2_ex20,random_pairs@k5#40,14,0.0,True
SmolLM3-3B-Base,rf2_ex20,random_pairs@k5#41,15,0.0,True
SmolLM3-3B-Base,rf2_ex20,random_pairs@k5#42,10,0.0,True
SmolLM3-3B-Base,rf2_ex20,random_pairs@k5#43,9,0.0,True
SmolLM3-3B-Base,rf2_ex20,random_pairs@k5#44,14,0.0,True
SmolLM3-3B-Base,rf2_ex20,random_pairs@k5#45,13,0.0,True
SmolLM3-3B-Base,rf2_ex20,random_pairs@k5#46,9,0.0,True
SmolLM3-3B-Base,rf2_ex20,random_pairs@k5#47,9,0.0,True
SmolLM3-3B-Base,rf2_ex20,random_pairs@k5#48,10,0.0,True
SmolLM3-3B-Base,rf2_ex20,random_pairs@k5#49,10,0.0,True
SmolLM3-3B-Base,rf2_ex20,random_pairs@k5#5,17,0.0,True
SmolLM3-3B-Base,rf2_ex20,random_pairs@k5#50,11,0.0,True
SmolLM3-3B-Base,rf2_ex20,random_pairs@k5#6,9,0.0,True
SmolLM3-3B-Base,rf2_ex20,random_pairs@k5#7,23,0.0,True
SmolLM3-3B-Base,rf2_ex20,random_pairs@k5#8,9,0.0,True
SmolLM3-3B-Base,rf2_ex20,random_pairs@k5#9,12,0.0,True
SmolLM3-3B-Base,rf2_ex20,random_same_ratio@k2#1,9,0.0,True
SmolLM3-3B-Base,rf2_ex20,random_same_ratio@k2#10,27,0.0,True
SmolLM3-3B-Base,rf2_ex20,random_same_ratio@k2#11,31,0.0,True
SmolLM3-3B-Base,rf2_ex20,random_same_ratio@k2#12,13,0.0,True
SmolLM3-3B-Base,rf2_ex20,random_same_ratio@k2#13,9,0.0,True
SmolLM3-3B-Base,rf2_ex20,random_same_ratio@k2#14,25,0.0,True
SmolLM3-3B-Base,rf2_ex20,random_same_ratio@k2#15,15,0.0,True
SmolLM3-3B-Base,rf2_ex20,random_same_ratio@k2#16,15,0.0,True
SmolLM3-3B-Base,rf2_ex20,random_same_ratio@k2#17,11,0.0,True
SmolLM3-3B-Base,rf2_ex20,random_same_ratio@k2#18,11,0.0,True
SmolLM3-3B-Base,rf2_ex20,random_same_ratio@k2#19,13,0.0,True
SmolLM3-3B-Base,rf2_ex20,random_same_ratio@k2#2,19,0.0,True
SmolLM3-3B-Base,rf2_ex20,random_same_ratio@k2#20,9,0.0,True
SmolLM3-3B-Base,rf2_ex20,random_same_ratio@k2#21,11,0.0,True
SmolLM3-3B-Base,rf2_ex20,random_same_ratio@k2#22,9,0.0,True
SmolLM3-3B-Base,rf2_ex20,random_same_ratio@k2#23,17,0.0,True
SmolLM3-3B-Base,rf2_ex20,random_same_ratio@k2#24,11,0.0,True
SmolLM3-3B-Base,rf2_ex20,random_same_ratio@k2#25,13,0.0,True
SmolLM3-3B-Base,rf2_ex20,random_same_ratio@k2#26,11,0.0,True
SmolLM3-3B-Base,rf2_ex20,random_same_ratio@k2#27,11,0.0,True
SmolLM3-3B-Base,rf2_ex20,random_same_ratio@k2#28,9,0.0,True
SmolLM3-3B-Base,rf2_ex20,random_same_ratio@k2#29,23,0.0,True
SmolLM3-3B-Base,rf2_ex20,random_same_ratio@k2#3,13,0.0,True
SmolLM3-3B-Base,rf2_ex20,random_same_ratio@k2#30,13,0.0,True
SmolLM3-3B-Base,rf2_ex20,random_same_ratio@k2#31,17,0.0,True
SmolLM3-3B-Base,rf2_ex20,random_same_ratio@k2#32,11,0.0,True
SmolLM3-3B-Base,rf2_ex20,random_same_ratio@k2#33,17,0.0,True
SmolLM3-3B-Base,rf2_ex20,random_same_ratio@k2#34,9,0.0,True
SmolLM3-3B-Base,rf2_ex20,random_same_ratio@k2#35,17,0.0,True
SmolLM3-3B-Base,rf2_ex20,random_same_ratio@k2#36,11,0.0,True
SmolLM3-3B-Base,rf2_ex20,random_same_ratio@k2#37,13,0.0,True
SmolLM3-3B-Base,rf2_ex20,random_same_ratio@k2#38,31,0.0,True
SmolLM3-3B-Base,rf2_ex20,random_same_ratio@k2#39,21,0.0,True
SmolLM3-3B-Base,rf2_ex20,random_same_ratio@k2#4,11,0.0,True
SmolLM3-3B-Base,rf2_ex20,random_same_ratio@k2#40,25,0.0,True
SmolLM3-3B-Base,rf2_ex20,random_same_ratio@k2#41,13,0.0,True
SmolLM3-3B-Base,rf2_ex20,random_same_ratio@k2#42,15,0.0,True
SmolLM3-3B-Base,rf2_ex20,random_same_ratio@k2#43,27,0.0,True
SmolLM3-3B-Base,rf2_ex20,random_same_ratio@k2#44,23,0.0,True
SmolLM3-3B-Base,rf2_ex20,random_same_ratio@k2#45,11,0.0,True
SmolLM3-3B-Base,rf2_ex20,random_same_ratio@k2#46,11,0.0,True
SmolLM3-3B-Base,rf2_ex20,random_same_ratio@k2#47,9,0.0,True
SmolLM3-3B-Base,rf2_ex20,random_same_ratio@k2#48,13,0.0,True
SmolLM3-3B-Base,rf2_ex20,random_same_ratio@k2#49,11,0.0,True
SmolLM3-3B-Base,rf2_ex20,random_same_ratio@k2#5,31,0.0,True
SmolLM3-3B-Base,rf2_ex20,random_same_ratio@k2#50,25,0.0,True
SmolLM3-3B-Base,rf2_ex20,random_same_ratio@k2#6,9,0.0,True
SmolLM3-3B-Base,rf2_ex20,random_same_ratio@k2#7,9,0.0,True
SmolLM3-3B-Base,rf2_ex20,random_same_ratio@k2#8,11,0.0,True
SmolLM3-3B-Base,rf2_ex20,random_same_ratio@k2#9,15,0.0,True
SmolLM3-3B-Base,rf2_ex20,random_same_ratio@k5#1,11,0.0,True
SmolLM3-3B-Base,rf2_ex20,random_same_ratio@k5#10,11,0.0,True
SmolLM3-3B-Base,rf2_ex20,random_same_ratio@k5#11,15,0.0,True
SmolLM3-3B-Base,rf2_ex20,random_same_ratio@k5#12,9,0.0,True
SmolLM3-3B-Base,rf2_ex20,random_same_ratio@k5#13,15,0.0,True
SmolLM3-3B-Base,rf2_ex20,random_same_ratio@k5#14,15,0.0,True
SmolLM3-3B-Base,rf2_ex20,random_same_ratio@k5#15,13,0.0,True
SmolLM3-3B-Base,rf2_ex20,random_same_ratio@k5#16,9,0.0,True
SmolLM3-3B-Base,rf2_ex20,random_same_ratio@k5#17,9,0.0,True
SmolLM3-3B-Base,rf2_ex20,random_same_ratio@k5#18,17,0.0,True
SmolLM3-3B-Base,rf2_ex20,random_same_ratio@k5#19,19,0.0,True
SmolLM3-3B-Base,rf2_ex20,random_same_ratio@k5#2,21,0.0,True
SmolLM3-3B-Base,rf2_ex20,random_same_ratio@k5#20,13,0.0,True
SmolLM3-3B-Base,rf2_ex20,random_same_ratio@k5#21,11,0.0,True
SmolLM3-3B-Base,rf2_ex20,random_same_ratio@k5#22,9,0.0,True
SmolLM3-3B-Base,rf2_ex20,random_same_ratio@k5#23,11,0.0,True
SmolLM3-3B-Base,rf2_ex20,random_same_ratio@k5#24,9,0.0,True
SmolLM3-3B-Base,rf2_ex20,random_same_ratio@k5#25,11,0.0,True
SmolLM3-3B-Base,rf2_ex20,random_same_ratio@k5#26,13,0.0,True
SmolLM3-3B-Base,rf2_ex20,random_same_ratio@k5#27,11,0.0,True
SmolLM3-3B-Base,rf2_ex20,random_same_ratio@k5#28,11,0.0,True
SmolLM3-3B-Base,rf2_ex20,random_same_ratio@k5#29,9,0.0,True
SmolLM3-3B-Base,rf2_ex20,random_same_ratio@k5#3,15,0.0,True
SmolLM3-3B-Base,rf2_ex20,random_same_ratio@k5#30,15,0.0,True
SmolLM3-3B-Base,rf2_ex20,random_same_ratio@k5#31,17,0.0,True
SmolLM3-3B-Base,rf2_ex20,random_same_ratio@k5#32,15,0.0,True
SmolLM3-3B-Base,rf2_ex20,random_same_ratio@k5#33,9,0.0,True
SmolLM3-3B-Base,rf2_ex20,random_same_ratio@k5#34,11,0.0,True
SmolLM3-3B-Base,rf2_ex20,random_same_ratio@k5#35,15,0.0,True
SmolLM3-3B-Base,rf2_ex20,random_same_ratio@k5#36,9,0.0,True
SmolLM3-3B-Base,rf2_ex20,random_same_ratio@k5#37,15,0.0,True
SmolLM3-3B-Base,rf2_ex20,random_same_ratio@k5#38,13,0.0,True
SmolLM3-3B-Base,rf2_ex20,random_same_ratio@k5#39,9,0.0,True
SmolLM3-3B-Base,rf2_ex20,random_same_ratio@k5#4,9,0.0,True
SmolLM3-3B-Base,rf2_ex20,random_same_ratio@k5#40,15,0.0,True
SmolLM3-3B-Base,rf2_ex20,random_same_ratio@k5#41,19,0.0,True
SmolLM3-3B-Base,rf2_ex20,random_same_ratio@k5#42,9,0.0,True
SmolLM3-3B-Base,rf2_ex20,random_same_ratio@k5#43,17,0.0,True
SmolLM3-3B-Base,rf2_ex20,random_same_ratio@k5#44,13,0.0,True
SmolLM3-3B-Base,rf2_ex20,random_same_ratio@k5#45,9,0.0,True
SmolLM3-3B-Base,rf2_ex20,random_same_ratio@k5#46,11,0.0,True
SmolLM3-3B-Base,rf2_ex20,random_same_ratio@k5#47,9,0.0,True
SmolLM3-3B-Base,rf2_ex20,random_same_ratio@k5#48,15,0.0,True
SmolLM3-3B-Base,rf2_ex20,random_same_ratio@k5#49,13,0.0,True
SmolLM3-3B-Base,rf2_ex20,random_same_ratio@k5#5,15,0.0,True
SmolLM3-3B-Base,rf2_ex20,random_same_ratio@k5#50,15,0.0,True
SmolLM3-3B-Base,rf2_ex20,random_same_ratio@k5#6,17,0.0,True
SmolLM3-3B-Base,rf2_ex20,random_same_ratio@k5#7,13,0.0,True
SmolLM3-3B-Base,rf2_ex20,random_same_ratio@k5#8,11,0.0,True
SmolLM3-3B-Base,rf2_ex20,random_same_ratio@k5#9,13,0.0,True
SmolLM3-3B-Base,rf2_ex20,random_same_ratio@k7#1,9,0.0,True
SmolLM3-3B-Base,rf2_ex20,random_same_ratio@k7#10,13,0.0,True
SmolLM3-3B-Base,rf2_ex20,random_same_ratio@k7#11,11,0.0,True
SmolLM3-3B-Base,rf2_ex20,random_same_ratio@k7#12,11,0.0,True
SmolLM3-3B-Base,rf2_ex20,random_same_ratio@k7#13,11,0.0,True
SmolLM3-3B-Base,rf2_ex20,random_same_ratio@k7#14,9,0.0,True
SmolLM3-3B-Base,rf2_ex20,random_same_ratio@k7#15,9,0.0,True
SmolLM3-3B-Base,rf2_ex20,random_same_ratio@k7#16,9,0.0,True
SmolLM3-3B-Base,rf2_ex20,random_same_ratio@k7#17,9,0.0,True
SmolLM3-3B-Base,rf2_ex20,random_same_ratio@k7#18,11,0.0,True
SmolLM3-3B-Base,rf2_ex20,random_same_ratio@k7#19,9,0.0,True
SmolLM3-3B-Base,rf2_ex20,random_same_ratio@k7#2,9,0.0,True
SmolLM3-3B-Base,rf2_ex20,random_same_ratio@k7#20,9,0.0,True
SmolLM3-3B-Base,rf2_ex20,random_same_ratio@k7#21,9,0.0,True
SmolLM3-3B-Base,rf2_ex20,random_same_ratio@k7#22,9,0.0,True
SmolLM3-3B-Base,rf2_ex20,random_same_ratio@k7#23,15,0.0,True
SmolLM3-3B-Base,rf2_ex20,random_same_ratio@k7#24,15,0.0,True
SmolLM3-3B-Base,rf2_ex20,random_same_ratio@k7#25,13,0.0,True
SmolLM3-3B-Base,rf2_ex20,random_same_ratio@k7#26,9,0.0,True
SmolLM3-3B-Base,rf2_ex20,random_same_ratio@k7#27,9,0.0,True
SmolLM3-3B-Base,rf2_ex20,random_same_ratio@k7#28,13,0.0,True
SmolLM3-3B-Base,rf2_ex20,random_same_ratio@k7#29,11,0.0,True
SmolLM3-3B-Base,rf2_ex20,random_same_ratio@k7#3,15,0.0,True
SmolLM3-3B-Base,rf2_ex20,random_same_ratio@k7#30,13,0.0,True
SmolLM3-3B-Base,rf2_ex20,random_same_ratio@k7#31,15,0.0,True
SmolLM3-3B-Base,rf2_ex20,random_same_ratio@k7#32,15,0.0,True
SmolLM3-3B-Base,rf2_ex20,random_same_ratio@k7#33,15,0.0,True
SmolLM3-3B-Base,rf2_ex20,random_same_ratio@k7#34,15,0.0,True
SmolLM3-3B-Base,rf2_ex20,random_same_ratio@k7#35,9,0.0,True
SmolLM3-3B-Base,rf2_ex20,random_same_ratio@k7#36,9,0.0,True
SmolLM3-3B-Base,rf2_ex20,random_same_ratio@k7#37,9,0.0,True
SmolLM3-3B-Base,rf2_ex20,random_same_ratio@k7#38,13,0.0,True
SmolLM3-3B-Base,rf2_ex20,random_same_ratio@k7#39,13,0.0,True
SmolLM3-3B-Base,rf2_ex20,random_same_ratio@k7#4,13,0.0,True
SmolLM3-3B-Base,rf2_ex20,random_same_ratio@k7#40,9,0.0,True
SmolLM3-3B-Base,rf2_ex20,random_same_ratio@k7#41,15,0.0,True
SmolLM3-3B-Base,rf2_ex20,random_same_ratio@k7#42,9,0.0,True
SmolLM3-3B-Base,rf2_ex20,random_same_ratio@k7#43,11,0.0,True
SmolLM3-3B-Base,rf2_ex20,random_same_ratio@k7#44,15,0.0,True
SmolLM3-3B-Base,rf2_ex20,random_same_ratio@k7#45,13,0.0,True
SmolLM3-3B-Base,rf2_ex20,random_same_ratio@k7#46,17,0.0,True
SmolLM3-3B-Base,rf2_ex20,random_same_ratio@k7#47,13,0.0,True
SmolLM3-3B-Base,rf2_ex20,random_same_ratio@k7#48,9,0.0,True
SmolLM3-3B-Base,rf2_ex20,random_same_ratio@k7#49,11,0.0,True
SmolLM3-3B-Base,rf2_ex20,random_same_ratio@k7#5,13,0.0,True
SmolLM3-3B-Base,rf2_ex20,random_same_ratio@k7#50,9,0.0,True
SmolLM3-3B-Base,rf2_ex20,random_same_ratio@k7#6,9,0.0,True
SmolLM3-3B-Base,rf2_ex20,random_same_ratio@k7#7,9,0.0,True
SmolLM3-3B-Base,rf2_ex20,random_same_ratio@k7#8,9,0.0,True
SmolLM3-3B-Base,rf2_ex20,random_same_ratio@k7#9,9,0.0,True
SmolLM3-3B-Base,rf2_ex20,random_source@k14#1,9,0.0,True
SmolLM3-3B-Base,rf2_ex20,random_source@k14#10,9,0.0,True
SmolLM3-3B-Base,rf2_ex20,random_source@k14#11,9,0.0,True
SmolLM3-3B-Base,rf2_ex20,random_source@k14#12,9,0.0,True
SmolLM3-3B-Base,rf2_ex20,random_source@k14#13,9,0.0,True
SmolLM3-3B-Base,rf2_ex20,random_source@k14#14,9,0.0,True
SmolLM3-3B-Base,rf2_ex20,random_source@k14#15,9,0.0,True
SmolLM3-3B-Base,rf2_ex20,random_source@k14#16,9,0.0,True
SmolLM3-3B-Base,rf2_ex20,random_source@k14#17,9,0.0,True
SmolLM3-3B-Base,rf2_ex20,random_source@k14#18,9,0.0,True
SmolLM3-3B-Base,rf2_ex20,random_source@k14#19,9,0.0,True
SmolLM3-3B-Base,rf2_ex20,random_source@k14#2,9,0.0,True
SmolLM3-3B-Base,rf2_ex20,random_source@k14#20,9,0.0,True
SmolLM3-3B-Base,rf2_ex20,random_source@k14#21,9,0.0,True
SmolLM3-3B-Base,rf2_ex20,random_source@k14#22,9,0.0,True
SmolLM3-3B-Base,rf2_ex20,random_source@k14#23,9,0.0,True
SmolLM3-3B-Base,rf2_ex20,random_source@k14#24,9,0.0,True
SmolLM3-3B-Base,rf2_ex20,random_source@k14#25,9,0.0,True
SmolLM3-3B-Base,rf2_ex20,random_source@k14#26,9,0.0,True
SmolLM3-3B-Base,rf2_ex20,random_source@k14#27,9,0.0,True
SmolLM3-3B-Base,rf2_ex20,random_source@k14#28,9,0.0,True
SmolLM3-3B-Base,rf2_ex20,random_source@k14#29,9,0.0,True
SmolLM3-3B-Base,rf2_ex20,random_source@k14#3,9,0.0,True
SmolLM3-3B-Base,rf2_ex20,random_source@k14#30,9,0.0,True
SmolLM3-3B-Base,rf2_ex20,random_source@k14#31,9,0.0,True
SmolLM3-3B-Base,rf2_ex20,random_source@k14#32,9,0.0,True
SmolLM3-3B-Base,rf2_ex20,random_source@k14#33,9,0.0,True
SmolLM3-3B-Base,rf2_ex20,random_source@k14#34,9,0.0,True
SmolLM3-3B-Base,rf2_ex20,random_source@k14#35,9,0.0,True
SmolLM3-3B-Base,rf2_ex20,random_source@k14#36,9,0.0,True
SmolLM3-3B-Base,rf2_ex20,random_source@k14#37,9,0.0,True
SmolLM3-3B-Base,rf2_ex20,random_source@k14#38,9,0.0,True
SmolLM3-3B-Base,rf2_ex20,random_source@k14#39,9,0.0,True
SmolLM3-3B-Base,rf2_ex20,random_source@k14#4,9,0.0,True
SmolLM3-3B-Base,rf2_ex20,random_source@k14#40,9,0.0,True
SmolLM3-3B-Base,rf2_ex20,random_source@k14#41,9,0.0,True
SmolLM3-3B-Base,rf2_ex20,random_source@k14#42,9,0.0,True
SmolLM3-3B-Base,rf2_ex20,random_source@k14#43,9,0.0,True
SmolLM3-3B-Base,rf2_ex20,random_source@k14#44,9,0.0,True
SmolLM3-3B-Base,rf2_ex20,random_source@k14#45,9,0.0,True
SmolLM3-3B-Base,rf2_ex20,random_source@k14#46,9,0.0,True
SmolLM3-3B-Base,rf2_ex20,random_source@k14#47,9,0.0,True
SmolLM3-3B-Base,rf2_ex20,random_source@k14#48,9,0.0,True
SmolLM3-3B-Base,rf2_ex20,random_source@k14#49,9,0.0,True
SmolLM3-3B-Base,rf2_ex20,random_source@k14#5,9,0.0,True
SmolLM3-3B-Base,rf2_ex20,random_source@k14#50,9,0.0,True
SmolLM3-3B-Base,rf2_ex20,random_source@k14#6,9,0.0,True
SmolLM3-3B-Base,rf2_ex20,random_source@k14#7,9,0.0,True
SmolLM3-3B-Base,rf2_ex20,random_source@k14#8,9,0.0,True
SmolLM3-3B-Base,rf2_ex20,random_source@k14#9,9,0.0,True
SmolLM3-3B-Base,rf2_ex20,rdm_cka_high@k5#1,11,0.0,True
SmolLM3-3B-Base,rf2_ex20,rdm_cka_high@k5#10,9,0.0,True
SmolLM3-3B-Base,rf2_ex20,rdm_cka_high@k5#11,9,0.0,True
SmolLM3-3B-Base,rf2_ex20,rdm_cka_high@k5#12,9,0.0,True
SmolLM3-3B-Base,rf2_ex20,rdm_cka_high@k5#13,11,0.0,True
SmolLM3-3B-Base,rf2_ex20,rdm_cka_high@k5#14,11,0.0,True
SmolLM3-3B-Base,rf2_ex20,rdm_cka_high@k5#15,11,0.0,True
SmolLM3-3B-Base,rf2_ex20,rdm_cka_high@k5#16,9,0.0,True
SmolLM3-3B-Base,rf2_ex20,rdm_cka_high@k5#17,11,0.0,True
SmolLM3-3B-Base,rf2_ex20,rdm_cka_high@k5#18,13,0.0,True
SmolLM3-3B-Base,rf2_ex20,rdm_cka_high@k5#19,9,0.0,True
SmolLM3-3B-Base,rf2_ex20,rdm_cka_high@k5#2,11,0.0,True
SmolLM3-3B-Base,rf2_ex20,rdm_cka_high@k5#20,9,0.0,True
SmolLM3-3B-Base,rf2_ex20,rdm_cka_high@k5#21,9,0.0,True
SmolLM3-3B-Base,rf2_ex20,rdm_cka_high@k5#22,9,0.0,True
SmolLM3-3B-Base,rf2_ex20,rdm_cka_high@k5#23,9,0.0,True
SmolLM3-3B-Base,rf2_ex20,rdm_cka_high@k5#24,9,0.0,True
SmolLM3-3B-Base,rf2_ex20,rdm_cka_high@k5#25,11,0.0,True
SmolLM3-3B-Base,rf2_ex20,rdm_cka_high@k5#26,11,0.0,True
SmolLM3-3B-Base,rf2_ex20,rdm_cka_high@k5#27,13,0.0,True
SmolLM3-3B-Base,rf2_ex20,rdm_cka_high@k5#28,9,0.0,True
SmolLM3-3B-Base,rf2_ex20,rdm_cka_high@k5#29,9,0.0,True
SmolLM3-3B-Base,rf2_ex20,rdm_cka_high@k5#3,11,0.0,True
SmolLM3-3B-Base,rf2_ex20,rdm_cka_high@k5#30,9,0.0,True
SmolLM3-3B-Base,rf2_ex20,rdm_cka_high@k5#31,11,0.0,True
SmolLM3-3B-Base,rf2_ex20,rdm_cka_high@k5#32,11,0.0,True
SmolLM3-3B-Base,rf2_ex20,rdm_cka_high@k5#33,9,0.0,True
SmolLM3-3B-Base,rf2_ex20,rdm_cka_high@k5#34,11,0.0,True
SmolLM3-3B-Base,rf2_ex20,rdm_cka_high@k5#35,9,0.0,True
SmolLM3-3B-Base,rf2_ex20,rdm_cka_high@k5#36,11,0.0,True
SmolLM3-3B-Base,rf2_ex20,rdm_cka_high@k5#37,9,0.0,True
SmolLM3-3B-Base,rf2_ex20,rdm_cka_high@k5#38,11,0.0,True
SmolLM3-3B-Base,rf2_ex20,rdm_cka_high@k5#39,9,0.0,True
SmolLM3-3B-Base,rf2_ex20,rdm_cka_high@k5#4,11,0.0,True
SmolLM3-3B-Base,rf2_ex20,rdm_cka_high@k5#40,13,0.0,True
SmolLM3-3B-Base,rf2_ex20,rdm_cka_high@k5#41,9,0.0,True
SmolLM3-3B-Base,rf2_ex20,rdm_cka_high@k5#42,9,0.0,True
SmolLM3-3B-Base,rf2_ex20,rdm_cka_high@k5#43,9,0.0,True
SmolLM3-3B-Base,rf2_ex20,rdm_cka_high@k5#44,9,0.0,True
SmolLM3-3B-Base,rf2_ex20,rdm_cka_high@k5#45,11,0.0,True
SmolLM3-3B-Base,rf2_ex20,rdm_cka_high@k5#46,9,0.0,True
SmolLM3-3B-Base,rf2_ex20,rdm_cka_high@k5#47,11,0.0,True
SmolLM3-3B-Base,rf2_ex20,rdm_cka_high@k5#48,9,0.0,True
SmolLM3-3B-Base,rf2_ex20,rdm_cka_high@k5#49,9,0.0,True
SmolLM3-3B-Base,rf2_ex20,rdm_cka_high@k5#5,9,0.0,True
SmolLM3-3B-Base,rf2_ex20,rdm_cka_high@k5#50,9,0.0,True
SmolLM3-3B-Base,rf2_ex20,rdm_cka_high@k5#6,9,0.0,True
SmolLM3-3B-Base,rf2_ex20,rdm_cka_high@k5#7,11,0.0,True
SmolLM3-3B-Base,rf2_ex20,rdm_cka_high@k5#8,9,0.0,True
SmolLM3-3B-Base,rf2_ex20,rdm_cka_high@k5#9,9,0.0,True
SmolLM3-3B-Base,rf2_ex20,rdm_cka_low@k5#1,15,0.0,True
SmolLM3-3B-Base,rf2_ex20,rdm_cka_low@k5#10,11,0.0,True
SmolLM3-3B-Base,rf2_ex20,rdm_cka_low@k5#11,15,0.0,True
SmolLM3-3B-Base,rf2_ex20,rdm_cka_low@k5#12,13,0.0,True
SmolLM3-3B-Base,rf2_ex20,rdm_cka_low@k5#13,17,0.0,True
SmolLM3-3B-Base,rf2_ex20,rdm_cka_low@k5#14,17,0.0,True
SmolLM3-3B-Base,rf2_ex20,rdm_cka_low@k5#15,9,0.0,True
SmolLM3-3B-Base,rf2_ex20,rdm_cka_low@k5#16,13,0.0,True
SmolLM3-3B-Base,rf2_ex20,rdm_cka_low@k5#17,11,0.0,True
SmolLM3-3B-Base,rf2_ex20,rdm_cka_low@k5#18,17,0.0,True
SmolLM3-3B-Base,rf2_ex20,rdm_cka_low@k5#19,17,0.0,True
SmolLM3-3B-Base,rf2_ex20,rdm_cka_low@k5#2,17,0.0,True
SmolLM3-3B-Base,rf2_ex20,rdm_cka_low@k5#20,11,0.0,True
SmolLM3-3B-Base,rf2_ex20,rdm_cka_low@k5#21,9,0.0,True
SmolLM3-3B-Base,rf2_ex20,rdm_cka_low@k5#22,13,0.0,True
SmolLM3-3B-Base,rf2_ex20,rdm_cka_low@k5#23,15,0.0,True
SmolLM3-3B-Base,rf2_ex20,rdm_cka_low@k5#24,13,0.0,True
SmolLM3-3B-Base,rf2_ex20,rdm_cka_low@k5#25,11,0.0,True
SmolLM3-3B-Base,rf2_ex20,rdm_cka_low@k5#26,17,0.0,True
SmolLM3-3B-Base,rf2_ex20,rdm_cka_low@k5#27,15,0.0,True
SmolLM3-3B-Base,rf2_ex20,rdm_cka_low@k5#28,9,0.0,True
SmolLM3-3B-Base,rf2_ex20,rdm_cka_low@k5#29,17,0.0,True
SmolLM3-3B-Base,rf2_ex20,rdm_cka_low@k5#3,11,0.0,True
SmolLM3-3B-Base,rf2_ex20,rdm_cka_low@k5#30,11,0.0,True
SmolLM3-3B-Base,rf2_ex20,rdm_cka_low@k5#31,11,0.0,True
SmolLM3-3B-Base,rf2_ex20,rdm_cka_low@k5#32,15,0.0,True
SmolLM3-3B-Base,rf2_ex20,rdm_cka_low@k5#33,15,0.0,True
SmolLM3-3B-Base,rf2_ex20,rdm_cka_low@k5#34,11,0.0,True
SmolLM3-3B-Base,rf2_ex20,rdm_cka_low@k5#35,15,0.0,True
SmolLM3-3B-Base,rf2_ex20,rdm_cka_low@k5#36,9,0.0,True
SmolLM3-3B-Base,rf2_ex20,rdm_cka_low@k5#37,9,0.0,True
SmolLM3-3B-Base,rf2_ex20,rdm_cka_low@k5#38,17,0.0,True
SmolLM3-3B-Base,rf2_ex20,rdm_cka_low@k5#39,11,0.0,True
SmolLM3-3B-Base,rf2_ex20,rdm_cka_low@k5#4,11,0.0,True
SmolLM3-3B-Base,rf2_ex20,rdm_cka_low@k5#40,9,0.0,True
SmolLM3-3B-Base,rf2_ex20,rdm_cka_low@k5#41,11,0.0,True
SmolLM3-3B-Base,rf2_ex20,rdm_cka_low@k5#42,11,0.0,True
SmolLM3-3B-Base,rf2_ex20,rdm_cka_low@k5#43,13,0.0,True
SmolLM3-3B-Base,rf2_ex20,rdm_cka_low@k5#44,13,0.0,True
SmolLM3-3B-Base,rf2_ex20,rdm_cka_low@k5#45,11,0.0,True
SmolLM3-3B-Base,rf2_ex20,rdm_cka_low@k5#46,15,0.0,True
SmolLM3-3B-Base,rf2_ex20,rdm_cka_low@k5#47,11,0.0,True
SmolLM3-3B-Base,rf2_ex20,rdm_cka_low@k5#48,11,0.0,True
SmolLM3-3B-Base,rf2_ex20,rdm_cka_low@k5#49,13,0.0,True
SmolLM3-3B-Base,rf2_ex20,rdm_cka_low@k5#5,13,0.0,True
SmolLM3-3B-Base,rf2_ex20,rdm_cka_low@k5#50,11,0.0,True
SmolLM3-3B-Base,rf2_ex20,rdm_cka_low@k5#6,15,0.0,True
SmolLM3-3B-Base,rf2_ex20,rdm_cka_low@k5#7,11,0.0,True
SmolLM3-3B-Base,rf2_ex20,rdm_cka_low@k5#8,17,0.0,True
SmolLM3-3B-Base,rf2_ex20,rdm_cka_low@k5#9,11,0.0,True
SmolLM3-3B-Base,rf2_ex20,rdm_fidelity_high@k5#1,9,0.0,True
SmolLM3-3B-Base,rf2_ex20,rdm_fidelity_high@k5#10,9,0.0,True
SmolLM3-3B-Base,rf2_ex20,rdm_fidelity_high@k5#11,9,0.0,True
SmolLM3-3B-Base,rf2_ex20,rdm_fidelity_high@k5#12,9,0.0,True
SmolLM3-3B-Base,rf2_ex20,rdm_fidelity_high@k5#13,9,0.0,True
SmolLM3-3B-Base,rf2_ex20,rdm_fidelity_high@k5#14,9,0.0,True
SmolLM3-3B-Base,rf2_ex20,rdm_fidelity_high@k5#15,11,0.0,True
SmolLM3-3B-Base,rf2_ex20,rdm_fidelity_high@k5#16,9,0.0,True
SmolLM3-3B-Base,rf2_ex20,rdm_fidelity_high@k5#17,11,0.0,True
SmolLM3-3B-Base,rf2_ex20,rdm_fidelity_high@k5#18,11,0.0,True
SmolLM3-3B-Base,rf2_ex20,rdm_fidelity_high@k5#19,9,0.0,True
SmolLM3-3B-Base,rf2_ex20,rdm_fidelity_high@k5#2,9,0.0,True
SmolLM3-3B-Base,rf2_ex20,rdm_fidelity_high@k5#20,9,0.0,True
SmolLM3-3B-Base,rf2_ex20,rdm_fidelity_high@k5#3,9,0.0,True
SmolLM3-3B-Base,rf2_ex20,rdm_fidelity_high@k5#4,9,0.0,True
SmolLM3-3B-Base,rf2_ex20,rdm_fidelity_high@k5#5,11,0.0,True
SmolLM3-3B-Base,rf2_ex20,rdm_fidelity_high@k5#6,9,0.0,True
SmolLM3-3B-Base,rf2_ex20,rdm_fidelity_high@k5#7,9,0.0,True
SmolLM3-3B-Base,rf2_ex20,rdm_fidelity_high@k5#8,9,0.0,True
SmolLM3-3B-Base,rf2_ex20,rdm_fidelity_high@k5#9,9,0.0,True
SmolLM3-3B-Base,rf2_ex20,rdm_kvdist_high@k5#1,11,0.0,True
SmolLM3-3B-Base,rf2_ex20,rdm_kvdist_high@k5#10,11,0.0,True
SmolLM3-3B-Base,rf2_ex20,rdm_kvdist_high@k5#11,11,0.0,True
SmolLM3-3B-Base,rf2_ex20,rdm_kvdist_high@k5#12,9,0.0,True
SmolLM3-3B-Base,rf2_ex20,rdm_kvdist_high@k5#13,11,0.0,True
SmolLM3-3B-Base,rf2_ex20,rdm_kvdist_high@k5#14,11,0.0,True
SmolLM3-3B-Base,rf2_ex20,rdm_kvdist_high@k5#15,13,0.0,True
SmolLM3-3B-Base,rf2_ex20,rdm_kvdist_high@k5#16,9,0.0,True
SmolLM3-3B-Base,rf2_ex20,rdm_kvdist_high@k5#17,9,0.0,True
SmolLM3-3B-Base,rf2_ex20,rdm_kvdist_high@k5#18,11,0.0,True
SmolLM3-3B-Base,rf2_ex20,rdm_kvdist_high@k5#19,9,0.0,True
SmolLM3-3B-Base,rf2_ex20,rdm_kvdist_high@k5#2,9,0.0,True
SmolLM3-3B-Base,rf2_ex20,rdm_kvdist_high@k5#20,11,0.0,True
SmolLM3-3B-Base,rf2_ex20,rdm_kvdist_high@k5#21,11,0.0,True
SmolLM3-3B-Base,rf2_ex20,rdm_kvdist_high@k5#22,9,0.0,True
SmolLM3-3B-Base,rf2_ex20,rdm_kvdist_high@k5#23,11,0.0,True
SmolLM3-3B-Base,rf2_ex20,rdm_kvdist_high@k5#24,9,0.0,True
SmolLM3-3B-Base,rf2_ex20,rdm_kvdist_high@k5#25,9,0.0,True
SmolLM3-3B-Base,rf2_ex20,rdm_kvdist_high@k5#26,11,0.0,True
SmolLM3-3B-Base,rf2_ex20,rdm_kvdist_high@k5#27,11,0.0,True
SmolLM3-3B-Base,rf2_ex20,rdm_kvdist_high@k5#28,9,0.0,True
SmolLM3-3B-Base,rf2_ex20,rdm_kvdist_high@k5#29,9,0.0,True
SmolLM3-3B-Base,rf2_ex20,rdm_kvdist_high@k5#3,9,0.0,True
SmolLM3-3B-Base,rf2_ex20,rdm_kvdist_high@k5#30,11,0.0,True
SmolLM3-3B-Base,rf2_ex20,rdm_kvdist_high@k5#31,9,0.0,True
SmolLM3-3B-Base,rf2_ex20,rdm_kvdist_high@k5#32,9,0.0,True
SmolLM3-3B-Base,rf2_ex20,rdm_kvdist_high@k5#33,11,0.0,True
SmolLM3-3B-Base,rf2_ex20,rdm_kvdist_high@k5#34,9,0.0,True
SmolLM3-3B-Base,rf2_ex20,rdm_kvdist_high@k5#35,9,0.0,True
SmolLM3-3B-Base,rf2_ex20,rdm_kvdist_high@k5#36,9,0.0,True
SmolLM3-3B-Base,rf2_ex20,rdm_kvdist_high@k5#37,9,0.0,True
SmolLM3-3B-Base,rf2_ex20,rdm_kvdist_high@k5#38,11,0.0,True
SmolLM3-3B-Base,rf2_ex20,rdm_kvdist_high@k5#39,11,0.0,True
SmolLM3-3B-Base,rf2_ex20,rdm_kvdist_high@k5#4,9,0.0,True
SmolLM3-3B-Base,rf2_ex20,rdm_kvdist_high@k5#40,9,0.0,True
SmolLM3-3B-Base,rf2_ex20,rdm_kvdist_high@k5#41,11,0.0,True
SmolLM3-3B-Base,rf2_ex20,rdm_kvdist_high@k5#42,9,0.0,True
SmolLM3-3B-Base,rf2_ex20,rdm_kvdist_high@k5#43,11,0.0,True
SmolLM3-3B-Base,rf2_ex20,rdm_kvdist_high@k5#44,9,0.0,True
SmolLM3-3B-Base,rf2_ex20,rdm_kvdist_high@k5#45,13,0.0,True
SmolLM3-3B-Base,rf2_ex20,rdm_kvdist_high@k5#46,11,0.0,True
SmolLM3-3B-Base,rf2_ex20,rdm_kvdist_high@k5#47,9,0.0,True
SmolLM3-3B-Base,rf2_ex20,rdm_kvdist_high@k5#48,11,0.0,True
SmolLM3-3B-Base,rf2_ex20,rdm_kvdist_high@k5#49,9,0.0,True
SmolLM3-3B-Base,rf2_ex20,rdm_kvdist_high@k5#5,13,0.0,True
SmolLM3-3B-Base,rf2_ex20,rdm_kvdist_high@k5#50,9,0.0,True
SmolLM3-3B-Base,rf2_ex20,rdm_kvdist_high@k5#6,9,0.0,True
SmolLM3-3B-Base,rf2_ex20,rdm_kvdist_high@k5#7,11,0.0,True
SmolLM3-3B-Base,rf2_ex20,rdm_kvdist_high@k5#8,9,0.0,True
SmolLM3-3B-Base,rf2_ex20,rdm_kvdist_high@k5#9,9,0.0,True
SmolLM3-3B-Base,rf2_ex20,rdm_kvdist_low@k5#1,15,0.0,True
SmolLM3-3B-Base,rf2_ex20,rdm_kvdist_low@k5#10,15,0.0,True
SmolLM3-3B-Base,rf2_ex20,rdm_kvdist_low@k5#11,15,0.0,True
SmolLM3-3B-Base,rf2_ex20,rdm_kvdist_low@k5#12,17,0.0,True
SmolLM3-3B-Base,rf2_ex20,rdm_kvdist_low@k5#13,17,0.0,True
SmolLM3-3B-Base,rf2_ex20,rdm_kvdist_low@k5#14,13,0.0,True
SmolLM3-3B-Base,rf2_ex20,rdm_kvdist_low@k5#15,13,0.0,True
SmolLM3-3B-Base,rf2_ex20,rdm_kvdist_low@k5#16,11,0.0,True
SmolLM3-3B-Base,rf2_ex20,rdm_kvdist_low@k5#17,17,0.0,True
SmolLM3-3B-Base,rf2_ex20,rdm_kvdist_low@k5#18,13,0.0,True
SmolLM3-3B-Base,rf2_ex20,rdm_kvdist_low@k5#19,11,0.0,True
SmolLM3-3B-Base,rf2_ex20,rdm_kvdist_low@k5#2,13,0.0,True
SmolLM3-3B-Base,rf2_ex20,rdm_kvdist_low@k5#20,11,0.0,True
SmolLM3-3B-Base,rf2_ex20,rdm_kvdist_low@k5#21,17,0.0,True
SmolLM3-3B-Base,rf2_ex20,rdm_kvdist_low@k5#22,13,0.0,True
SmolLM3-3B-Base,rf2_ex20,rdm_kvdist_low@k5#23,11,0.0,True
SmolLM3-3B-Base,rf2_ex20,rdm_kvdist_low@k5#24,13,0.0,True
SmolLM3-3B-Base,rf2_ex20,rdm_kvdist_low@k5#25,11,0.0,True
SmolLM3-3B-Base,rf2_ex20,rdm_kvdist_low@k5#26,17,0.0,True
SmolLM3-3B-Base,rf2_ex20,rdm_kvdist_low@k5#27,11,0.0,True
SmolLM3-3B-Base,rf2_ex20,rdm_kvdist_low@k5#28,17,0.0,True
SmolLM3-3B-Base,rf2_ex20,rdm_kvdist_low@k5#29,15,0.0,True
SmolLM3-3B-Base,rf2_ex20,rdm_kvdist_low@k5#3,11,0.0,True
SmolLM3-3B-Base,rf2_ex20,rdm_kvdist_low@k5#30,15,0.0,True
SmolLM3-3B-Base,rf2_ex20,rdm_kvdist_low@k5#31,17,0.0,True
SmolLM3-3B-Base,rf2_ex20,rdm_kvdist_low@k5#32,13,0.0,True
SmolLM3-3B-Base,rf2_ex20,rdm_kvdist_low@k5#33,17,0.0,True
SmolLM3-3B-Base,rf2_ex20,rdm_kvdist_low@k5#34,9,0.0,True
SmolLM3-3B-Base,rf2_ex20,rdm_kvdist_low@k5#35,13,0.0,True
SmolLM3-3B-Base,rf2_ex20,rdm_kvdist_low@k5#36,13,0.0,True
SmolLM3-3B-Base,rf2_ex20,rdm_kvdist_low@k5#37,13,0.0,True
SmolLM3-3B-Base,rf2_ex20,rdm_kvdist_low@k5#38,11,0.0,True
SmolLM3-3B-Base,rf2_ex20,rdm_kvdist_low@k5#39,9,0.0,True
SmolLM3-3B-Base,rf2_ex20,rdm_kvdist_low@k5#4,17,0.0,True
SmolLM3-3B-Base,rf2_ex20,rdm_kvdist_low@k5#40,17,0.0,True
SmolLM3-3B-Base,rf2_ex20,rdm_kvdist_low@k5#41,11,0.0,True
SmolLM3-3B-Base,rf2_ex20,rdm_kvdist_low@k5#42,17,0.0,True
SmolLM3-3B-Base,rf2_ex20,rdm_kvdist_low@k5#43,15,0.0,True
SmolLM3-3B-Base,rf2_ex20,rdm_kvdist_low@k5#44,9,0.0,True
SmolLM3-3B-Base,rf2_ex20,rdm_kvdist_low@k5#45,17,0.0,True
SmolLM3-3B-Base,rf2_ex20,rdm_kvdist_low@k5#46,13,0.0,True
SmolLM3-3B-Base,rf2_ex20,rdm_kvdist_low@k5#47,11,0.0,True
SmolLM3-3B-Base,rf2_ex20,rdm_kvdist_low@k5#48,17,0.0,True
SmolLM3-3B-Base,rf2_ex20,rdm_kvdist_low@k5#49,9,0.0,True
SmolLM3-3B-Base,rf2_ex20,rdm_kvdist_low@k5#5,13,0.0,True
SmolLM3-3B-Base,rf2_ex20,rdm_kvdist_low@k5#50,17,0.0,True
SmolLM3-3B-Base,rf2_ex20,rdm_kvdist_low@k5#6,9,0.0,True
SmolLM3-3B-Base,rf2_ex20,rdm_kvdist_low@k5#7,17,0.0,True
SmolLM3-3B-Base,rf2_ex20,rdm_kvdist_low@k5#8,15,0.0,True
SmolLM3-3B-Base,rf2_ex20,rdm_kvdist_low@k5#9,15,0.0,True
SmolLM3-3B-Base,rf4_ex20,full,9,0.0,True
Qwen3-4B-Base,rf2_ex00,full,1,0.0,True
Qwen3-4B-Base,rf2_ex20,cf_next_head,9,0.0,True
Qwen3-4B-Base,rf2_ex20,cf_prev_head,9,0.0,True
Qwen3-4B-Base,rf2_ex20,cka_high@k2,15,0.0,True
Qwen3-4B-Base,rf2_ex20,cka_high@k5,15,0.0,True
Qwen3-4B-Base,rf2_ex20,cka_high@k7,15,0.0,True
Qwen3-4B-Base,rf2_ex20,cka_low@k2,29,0.0,True
Qwen3-4B-Base,rf2_ex20,cka_low@k5,9,0.0,True
Qwen3-4B-Base,rf2_ex20,cka_low@k7,9,0.0,True
Qwen3-4B-Base,rf2_ex20,fidelity_high@k2,15,0.0,True
Qwen3-4B-Base,rf2_ex20,fidelity_high@k5,13,0.0,True
Qwen3-4B-Base,rf2_ex20,fidelity_high@k7,9,0.0,True
Qwen3-4B-Base,rf2_ex20,full,9,0.0,True
Qwen3-4B-Base,rf2_ex20,kvdist_high@k2,11,0.0,True
Qwen3-4B-Base,rf2_ex20,kvdist_high@k5,9,0.0,True
Qwen3-4B-Base,rf2_ex20,kvdist_high@k7,9,0.0,True
Qwen3-4B-Base,rf2_ex20,kvdist_low@k2,17,0.0,True
Qwen3-4B-Base,rf2_ex20,kvdist_low@k5,13,0.0,True
Qwen3-4B-Base,rf2_ex20,kvdist_low@k7,13,0.0,True
Qwen3-4B-Base,rf2_ex20,kvsharer_dissimilar@k5,8,0.0,True
Qwen3-4B-Base,rf2_ex20,kvsharer_similar@k5,9,0.0,True
Qwen3-4B-Base,rf2_ex20,live_prev_head,9,0.0,True
Qwen3-4B-Base,rf2_ex20,random_pairs@k5#1,19,0.0,True
Qwen3-4B-Base,rf2_ex20,random_pairs@k5#10,14,0.0,True
Qwen3-4B-Base,rf2_ex20,random_pairs@k5#11,11,0.0,True
Qwen3-4B-Base,rf2_ex20,random_pairs@k5#12,18,0.0,True
Qwen3-4B-Base,rf2_ex20,random_pairs@k5#13,18,0.0,True
Qwen3-4B-Base,rf2_ex20,random_pairs@k5#14,12,0.0,True
Qwen3-4B-Base,rf2_ex20,random_pairs@k5#15,10,0.0,True
Qwen3-4B-Base,rf2_ex20,random_pairs@k5#16,17,0.0,True
Qwen3-4B-Base,rf2_ex20,random_pairs@k5#17,17,0.0,True
Qwen3-4B-Base,rf2_ex20,random_pairs@k5#18,17,0.0,True
Qwen3-4B-Base,rf2_ex20,random_pairs@k5#19,11,0.0,True
Qwen3-4B-Base,rf2_ex20,random_pairs@k5#2,9,0.0,True
Qwen3-4B-Base,rf2_ex20,random_pairs@k5#20,20,0.0,True
Qwen3-4B-Base,rf2_ex20,random_pairs@k5#21,9,0.0,True
Qwen3-4B-Base,rf2_ex20,random_pairs@k5#22,8,0.0,True
Qwen3-4B-Base,rf2_ex20,random_pairs@k5#23,8,0.0,True
Qwen3-4B-Base,rf2_ex20,random_pairs@k5#24,10,0.0,True
Qwen3-4B-Base,rf2_ex20,random_pairs@k5#25,19,0.0,True
Qwen3-4B-Base,rf2_ex20,random_pairs@k5#26,22,0.0,True
Qwen3-4B-Base,rf2_ex20,random_pairs@k5#27,10,0.0,True
Qwen3-4B-Base,rf2_ex20,random_pairs@k5#28,8,0.0,True
Qwen3-4B-Base,rf2_ex20,random_pairs@k5#29,14,0.0,True
Qwen3-4B-Base,rf2_ex20,random_pairs@k5#3,23,0.0,True
Qwen3-4B-Base,rf2_ex20,random_pairs@k5#30,24,0.0,True
Qwen3-4B-Base,rf2_ex20,random_pairs@k5#31,15,0.0,True
Qwen3-4B-Base,rf2_ex20,random_pairs@k5#32,26,0.0,True
Qwen3-4B-Base,rf2_ex20,random_pairs@k5#33,14,0.0,True
Qwen3-4B-Base,rf2_ex20,random_pairs@k5#34,11,0.0,True
Qwen3-4B-Base,rf2_ex20,random_pairs@k5#35,18,0.0,True
Qwen3-4B-Base,rf2_ex20,random_pairs@k5#36,11,0.0,True
Qwen3-4B-Base,rf2_ex20,random_pairs@k5#37,10,0.0,True
Qwen3-4B-Base,rf2_ex20,random_pairs@k5#38,18,0.0,True
Qwen3-4B-Base,rf2_ex20,random_pairs@k5#39,14,0.0,True
Qwen3-4B-Base,rf2_ex20,random_pairs@k5#4,12,0.0,True
Qwen3-4B-Base,rf2_ex20,random_pairs@k5#40,14,0.0,True
Qwen3-4B-Base,rf2_ex20,random_pairs@k5#41,15,0.0,True
Qwen3-4B-Base,rf2_ex20,random_pairs@k5#42,10,0.0,True
Qwen3-4B-Base,rf2_ex20,random_pairs@k5#43,9,0.0,True
Qwen3-4B-Base,rf2_ex20,random_pairs@k5#44,14,0.0,True
Qwen3-4B-Base,rf2_ex20,random_pairs@k5#45,13,0.0,True
Qwen3-4B-Base,rf2_ex20,random_pairs@k5#46,9,0.0,True
Qwen3-4B-Base,rf2_ex20,random_pairs@k5#47,9,0.0,True
Qwen3-4B-Base,rf2_ex20,random_pairs@k5#48,10,0.0,True
Qwen3-4B-Base,rf2_ex20,random_pairs@k5#49,10,0.0,True
Qwen3-4B-Base,rf2_ex20,random_pairs@k5#5,17,0.0,True
Qwen3-4B-Base,rf2_ex20,random_pairs@k5#50,11,0.0,True
Qwen3-4B-Base,rf2_ex20,random_pairs@k5#6,9,0.0,True
Qwen3-4B-Base,rf2_ex20,random_pairs@k5#7,23,0.0,True
Qwen3-4B-Base,rf2_ex20,random_pairs@k5#8,9,0.0,True
Qwen3-4B-Base,rf2_ex20,random_pairs@k5#9,12,0.0,True
Qwen3-4B-Base,rf2_ex20,random_same_ratio@k2#1,9,0.0,True
Qwen3-4B-Base,rf2_ex20,random_same_ratio@k2#10,27,0.0,True
Qwen3-4B-Base,rf2_ex20,random_same_ratio@k2#11,31,0.0,True
Qwen3-4B-Base,rf2_ex20,random_same_ratio@k2#12,13,0.0,True
Qwen3-4B-Base,rf2_ex20,random_same_ratio@k2#13,9,0.0,True
Qwen3-4B-Base,rf2_ex20,random_same_ratio@k2#14,25,0.0,True
Qwen3-4B-Base,rf2_ex20,random_same_ratio@k2#15,15,0.0,True
Qwen3-4B-Base,rf2_ex20,random_same_ratio@k2#16,15,0.0,True
Qwen3-4B-Base,rf2_ex20,random_same_ratio@k2#17,11,0.0,True
Qwen3-4B-Base,rf2_ex20,random_same_ratio@k2#18,11,0.0,True
Qwen3-4B-Base,rf2_ex20,random_same_ratio@k2#19,13,0.0,True
Qwen3-4B-Base,rf2_ex20,random_same_ratio@k2#2,19,0.0,True
Qwen3-4B-Base,rf2_ex20,random_same_ratio@k2#20,9,0.0,True
Qwen3-4B-Base,rf2_ex20,random_same_ratio@k2#21,11,0.0,True
Qwen3-4B-Base,rf2_ex20,random_same_ratio@k2#22,9,0.0,True
Qwen3-4B-Base,rf2_ex20,random_same_ratio@k2#23,17,0.0,True
Qwen3-4B-Base,rf2_ex20,random_same_ratio@k2#24,11,0.0,True
Qwen3-4B-Base,rf2_ex20,random_same_ratio@k2#25,13,0.0,True
Qwen3-4B-Base,rf2_ex20,random_same_ratio@k2#26,11,0.0,True
Qwen3-4B-Base,rf2_ex20,random_same_ratio@k2#27,11,0.0,True
Qwen3-4B-Base,rf2_ex20,random_same_ratio@k2#28,9,0.0,True
Qwen3-4B-Base,rf2_ex20,random_same_ratio@k2#29,23,0.0,True
Qwen3-4B-Base,rf2_ex20,random_same_ratio@k2#3,13,0.0,True
Qwen3-4B-Base,rf2_ex20,random_same_ratio@k2#30,13,0.0,True
Qwen3-4B-Base,rf2_ex20,random_same_ratio@k2#31,17,0.0,True
Qwen3-4B-Base,rf2_ex20,random_same_ratio@k2#32,11,0.0,True
Qwen3-4B-Base,rf2_ex20,random_same_ratio@k2#33,17,0.0,True
Qwen3-4B-Base,rf2_ex20,random_same_ratio@k2#34,9,0.0,True
Qwen3-4B-Base,rf2_ex20,random_same_ratio@k2#35,17,0.0,True
Qwen3-4B-Base,rf2_ex20,random_same_ratio@k2#36,11,0.0,True
Qwen3-4B-Base,rf2_ex20,random_same_ratio@k2#37,13,0.0,True
Qwen3-4B-Base,rf2_ex20,random_same_ratio@k2#38,31,0.0,True
Qwen3-4B-Base,rf2_ex20,random_same_ratio@k2#39,21,0.0,True
Qwen3-4B-Base,rf2_ex20,random_same_ratio@k2#4,11,0.0,True
Qwen3-4B-Base,rf2_ex20,random_same_ratio@k2#40,25,0.0,True
Qwen3-4B-Base,rf2_ex20,random_same_ratio@k2#41,13,0.0,True
Qwen3-4B-Base,rf2_ex20,random_same_ratio@k2#42,15,0.0,True
Qwen3-4B-Base,rf2_ex20,random_same_ratio@k2#43,27,0.0,True
Qwen3-4B-Base,rf2_ex20,random_same_ratio@k2#44,23,0.0,True
Qwen3-4B-Base,rf2_ex20,random_same_ratio@k2#45,11,0.0,True
Qwen3-4B-Base,rf2_ex20,random_same_ratio@k2#46,11,0.0,True
Qwen3-4B-Base,rf2_ex20,random_same_ratio@k2#47,9,0.0,True
Qwen3-4B-Base,rf2_ex20,random_same_ratio@k2#48,13,0.0,True
Qwen3-4B-Base,rf2_ex20,random_same_ratio@k2#49,11,0.0,True
Qwen3-4B-Base,rf2_ex20,random_same_ratio@k2#5,31,0.0,True
Qwen3-4B-Base,rf2_ex20,random_same_ratio@k2#50,25,0.0,True
Qwen3-4B-Base,rf2_ex20,random_same_ratio@k2#6,9,0.0,True
Qwen3-4B-Base,rf2_ex20,random_same_ratio@k2#7,9,0.0,True
Qwen3-4B-Base,rf2_ex20,random_same_ratio@k2#8,11,0.0,True
Qwen3-4B-Base,rf2_ex20,random_same_ratio@k2#9,15,0.0,True
Qwen3-4B-Base,rf2_ex20,random_same_ratio@k5#1,11,0.0,True
Qwen3-4B-Base,rf2_ex20,random_same_ratio@k5#10,11,0.0,True
Qwen3-4B-Base,rf2_ex20,random_same_ratio@k5#11,15,0.0,True
Qwen3-4B-Base,rf2_ex20,random_same_ratio@k5#12,9,0.0,True
Qwen3-4B-Base,rf2_ex20,random_same_ratio@k5#13,15,0.0,True
Qwen3-4B-Base,rf2_ex20,random_same_ratio@k5#14,15,0.0,True
Qwen3-4B-Base,rf2_ex20,random_same_ratio@k5#15,13,0.0,True
Qwen3-4B-Base,rf2_ex20,random_same_ratio@k5#16,9,0.0,True
Qwen3-4B-Base,rf2_ex20,random_same_ratio@k5#17,9,0.0,True
Qwen3-4B-Base,rf2_ex20,random_same_ratio@k5#18,17,0.0,True
Qwen3-4B-Base,rf2_ex20,random_same_ratio@k5#19,19,0.0,True
Qwen3-4B-Base,rf2_ex20,random_same_ratio@k5#2,21,0.0,True
Qwen3-4B-Base,rf2_ex20,random_same_ratio@k5#20,13,0.0,True
Qwen3-4B-Base,rf2_ex20,random_same_ratio@k5#21,11,0.0,True
Qwen3-4B-Base,rf2_ex20,random_same_ratio@k5#22,9,0.0,True
Qwen3-4B-Base,rf2_ex20,random_same_ratio@k5#23,11,0.0,True
Qwen3-4B-Base,rf2_ex20,random_same_ratio@k5#24,9,0.0,True
Qwen3-4B-Base,rf2_ex20,random_same_ratio@k5#25,11,0.0,True
Qwen3-4B-Base,rf2_ex20,random_same_ratio@k5#26,13,0.0,True
Qwen3-4B-Base,rf2_ex20,random_same_ratio@k5#27,11,0.0,True
Qwen3-4B-Base,rf2_ex20,random_same_ratio@k5#28,11,0.0,True
Qwen3-4B-Base,rf2_ex20,random_same_ratio@k5#29,9,0.0,True
Qwen3-4B-Base,rf2_ex20,random_same_ratio@k5#3,15,0.0,True
Qwen3-4B-Base,rf2_ex20,random_same_ratio@k5#30,15,0.0,True
Qwen3-4B-Base,rf2_ex20,random_same_ratio@k5#31,17,0.0,True
Qwen3-4B-Base,rf2_ex20,random_same_ratio@k5#32,15,0.0,True
Qwen3-4B-Base,rf2_ex20,random_same_ratio@k5#33,9,0.0,True
Qwen3-4B-Base,rf2_ex20,random_same_ratio@k5#34,11,0.0,True
Qwen3-4B-Base,rf2_ex20,random_same_ratio@k5#35,15,0.0,True
Qwen3-4B-Base,rf2_ex20,random_same_ratio@k5#36,9,0.0,True
Qwen3-4B-Base,rf2_ex20,random_same_ratio@k5#37,15,0.0,True
Qwen3-4B-Base,rf2_ex20,random_same_ratio@k5#38,13,0.0,True
Qwen3-4B-Base,rf2_ex20,random_same_ratio@k5#39,9,0.0,True
Qwen3-4B-Base,rf2_ex20,random_same_ratio@k5#4,9,0.0,True
Qwen3-4B-Base,rf2_ex20,random_same_ratio@k5#40,15,0.0,True
Qwen3-4B-Base,rf2_ex20,random_same_ratio@k5#41,19,0.0,True
Qwen3-4B-Base,rf2_ex20,random_same_ratio@k5#42,9,0.0,True
Qwen3-4B-Base,rf2_ex20,random_same_ratio@k5#43,17,0.0,True
Qwen3-4B-Base,rf2_ex20,random_same_ratio@k5#44,13,0.0,True
Qwen3-4B-Base,rf2_ex20,random_same_ratio@k5#45,9,0.0,True
Qwen3-4B-Base,rf2_ex20,random_same_ratio@k5#46,11,0.0,True
Qwen3-4B-Base,rf2_ex20,random_same_ratio@k5#47,9,0.0,True
Qwen3-4B-Base,rf2_ex20,random_same_ratio@k5#48,15,0.0,True
Qwen3-4B-Base,rf2_ex20,random_same_ratio@k5#49,13,0.0,True
Qwen3-4B-Base,rf2_ex20,random_same_ratio@k5#5,15,0.0,True
Qwen3-4B-Base,rf2_ex20,random_same_ratio@k5#50,15,0.0,True
Qwen3-4B-Base,rf2_ex20,random_same_ratio@k5#6,17,0.0,True
Qwen3-4B-Base,rf2_ex20,random_same_ratio@k5#7,13,0.0,True
Qwen3-4B-Base,rf2_ex20,random_same_ratio@k5#8,11,0.0,True
Qwen3-4B-Base,rf2_ex20,random_same_ratio@k5#9,13,0.0,True
Qwen3-4B-Base,rf2_ex20,random_same_ratio@k7#1,9,0.0,True
Qwen3-4B-Base,rf2_ex20,random_same_ratio@k7#10,13,0.0,True
Qwen3-4B-Base,rf2_ex20,random_same_ratio@k7#11,11,0.0,True
Qwen3-4B-Base,rf2_ex20,random_same_ratio@k7#12,11,0.0,True
Qwen3-4B-Base,rf2_ex20,random_same_ratio@k7#13,11,0.0,True
Qwen3-4B-Base,rf2_ex20,random_same_ratio@k7#14,9,0.0,True
Qwen3-4B-Base,rf2_ex20,random_same_ratio@k7#15,9,0.0,True
Qwen3-4B-Base,rf2_ex20,random_same_ratio@k7#16,9,0.0,True
Qwen3-4B-Base,rf2_ex20,random_same_ratio@k7#17,9,0.0,True
Qwen3-4B-Base,rf2_ex20,random_same_ratio@k7#18,11,0.0,True
Qwen3-4B-Base,rf2_ex20,random_same_ratio@k7#19,9,0.0,True
Qwen3-4B-Base,rf2_ex20,random_same_ratio@k7#2,9,0.0,True
Qwen3-4B-Base,rf2_ex20,random_same_ratio@k7#20,9,0.0,True
Qwen3-4B-Base,rf2_ex20,random_same_ratio@k7#21,9,0.0,True
Qwen3-4B-Base,rf2_ex20,random_same_ratio@k7#22,9,0.0,True
Qwen3-4B-Base,rf2_ex20,random_same_ratio@k7#23,15,0.0,True
Qwen3-4B-Base,rf2_ex20,random_same_ratio@k7#24,15,0.0,True
Qwen3-4B-Base,rf2_ex20,random_same_ratio@k7#25,13,0.0,True
Qwen3-4B-Base,rf2_ex20,random_same_ratio@k7#26,9,0.0,True
Qwen3-4B-Base,rf2_ex20,random_same_ratio@k7#27,9,0.0,True
Qwen3-4B-Base,rf2_ex20,random_same_ratio@k7#28,13,0.0,True
Qwen3-4B-Base,rf2_ex20,random_same_ratio@k7#29,11,0.0,True
Qwen3-4B-Base,rf2_ex20,random_same_ratio@k7#3,15,0.0,True
Qwen3-4B-Base,rf2_ex20,random_same_ratio@k7#30,13,0.0,True
Qwen3-4B-Base,rf2_ex20,random_same_ratio@k7#31,15,0.0,True
Qwen3-4B-Base,rf2_ex20,random_same_ratio@k7#32,15,0.0,True
Qwen3-4B-Base,rf2_ex20,random_same_ratio@k7#33,15,0.0,True
Qwen3-4B-Base,rf2_ex20,random_same_ratio@k7#34,15,0.0,True
Qwen3-4B-Base,rf2_ex20,random_same_ratio@k7#35,9,0.0,True
Qwen3-4B-Base,rf2_ex20,random_same_ratio@k7#36,9,0.0,True
Qwen3-4B-Base,rf2_ex20,random_same_ratio@k7#37,9,0.0,True
Qwen3-4B-Base,rf2_ex20,random_same_ratio@k7#38,13,0.0,True
Qwen3-4B-Base,rf2_ex20,random_same_ratio@k7#39,13,0.0,True
Qwen3-4B-Base,rf2_ex20,random_same_ratio@k7#4,13,0.0,True
Qwen3-4B-Base,rf2_ex20,random_same_ratio@k7#40,9,0.0,True
Qwen3-4B-Base,rf2_ex20,random_same_ratio@k7#41,15,0.0,True
Qwen3-4B-Base,rf2_ex20,random_same_ratio@k7#42,9,0.0,True
Qwen3-4B-Base,rf2_ex20,random_same_ratio@k7#43,11,0.0,True
Qwen3-4B-Base,rf2_ex20,random_same_ratio@k7#44,15,0.0,True
Qwen3-4B-Base,rf2_ex20,random_same_ratio@k7#45,13,0.0,True
Qwen3-4B-Base,rf2_ex20,random_same_ratio@k7#46,17,0.0,True
Qwen3-4B-Base,rf2_ex20,random_same_ratio@k7#47,13,0.0,True
Qwen3-4B-Base,rf2_ex20,random_same_ratio@k7#48,9,0.0,True
Qwen3-4B-Base,rf2_ex20,random_same_ratio@k7#49,11,0.0,True
Qwen3-4B-Base,rf2_ex20,random_same_ratio@k7#5,13,0.0,True
Qwen3-4B-Base,rf2_ex20,random_same_ratio@k7#50,9,0.0,True
Qwen3-4B-Base,rf2_ex20,random_same_ratio@k7#6,9,0.0,True
Qwen3-4B-Base,rf2_ex20,random_same_ratio@k7#7,9,0.0,True
Qwen3-4B-Base,rf2_ex20,random_same_ratio@k7#8,9,0.0,True
Qwen3-4B-Base,rf2_ex20,random_same_ratio@k7#9,9,0.0,True
Qwen3-4B-Base,rf2_ex20,random_source@k14#1,9,0.0,True
Qwen3-4B-Base,rf2_ex20,random_source@k14#10,9,0.0,True
Qwen3-4B-Base,rf2_ex20,random_source@k14#11,9,0.0,True
Qwen3-4B-Base,rf2_ex20,random_source@k14#12,9,0.0,True
Qwen3-4B-Base,rf2_ex20,random_source@k14#13,9,0.0,True
Qwen3-4B-Base,rf2_ex20,random_source@k14#14,9,0.0,True
Qwen3-4B-Base,rf2_ex20,random_source@k14#15,9,0.0,True
Qwen3-4B-Base,rf2_ex20,random_source@k14#16,9,0.0,True
Qwen3-4B-Base,rf2_ex20,random_source@k14#17,9,0.0,True
Qwen3-4B-Base,rf2_ex20,random_source@k14#18,9,0.0,True
Qwen3-4B-Base,rf2_ex20,random_source@k14#19,9,0.0,True
Qwen3-4B-Base,rf2_ex20,random_source@k14#2,9,0.0,True
Qwen3-4B-Base,rf2_ex20,random_source@k14#20,9,0.0,True
Qwen3-4B-Base,rf2_ex20,random_source@k14#21,9,0.0,True
Qwen3-4B-Base,rf2_ex20,random_source@k14#22,9,0.0,True
Qwen3-4B-Base,rf2_ex20,random_source@k14#23,9,0.0,True
Qwen3-4B-Base,rf2_ex20,random_source@k14#24,9,0.0,True
Qwen3-4B-Base,rf2_ex20,random_source@k14#25,9,0.0,True
Qwen3-4B-Base,rf2_ex20,random_source@k14#26,9,0.0,True
Qwen3-4B-Base,rf2_ex20,random_source@k14#27,9,0.0,True
Qwen3-4B-Base,rf2_ex20,random_source@k14#28,9,0.0,True
Qwen3-4B-Base,rf2_ex20,random_source@k14#29,9,0.0,True
Qwen3-4B-Base,rf2_ex20,random_source@k14#3,9,0.0,True
Qwen3-4B-Base,rf2_ex20,random_source@k14#30,9,0.0,True
Qwen3-4B-Base,rf2_ex20,random_source@k14#31,9,0.0,True
Qwen3-4B-Base,rf2_ex20,random_source@k14#32,9,0.0,True
Qwen3-4B-Base,rf2_ex20,random_source@k14#33,9,0.0,True
Qwen3-4B-Base,rf2_ex20,random_source@k14#34,9,0.0,True
Qwen3-4B-Base,rf2_ex20,random_source@k14#35,9,0.0,True
Qwen3-4B-Base,rf2_ex20,random_source@k14#36,9,0.0,True
Qwen3-4B-Base,rf2_ex20,random_source@k14#37,9,0.0,True
Qwen3-4B-Base,rf2_ex20,random_source@k14#38,9,0.0,True
Qwen3-4B-Base,rf2_ex20,random_source@k14#39,9,0.0,True
Qwen3-4B-Base,rf2_ex20,random_source@k14#4,9,0.0,True
Qwen3-4B-Base,rf2_ex20,random_source@k14#40,9,0.0,True
Qwen3-4B-Base,rf2_ex20,random_source@k14#41,9,0.0,True
Qwen3-4B-Base,rf2_ex20,random_source@k14#42,9,0.0,True
Qwen3-4B-Base,rf2_ex20,random_source@k14#43,9,0.0,True
Qwen3-4B-Base,rf2_ex20,random_source@k14#44,9,0.0,True
Qwen3-4B-Base,rf2_ex20,random_source@k14#45,9,0.0,True
Qwen3-4B-Base,rf2_ex20,random_source@k14#46,9,0.0,True
Qwen3-4B-Base,rf2_ex20,random_source@k14#47,9,0.0,True
Qwen3-4B-Base,rf2_ex20,random_source@k14#48,9,0.0,True
Qwen3-4B-Base,rf2_ex20,random_source@k14#49,9,0.0,True
Qwen3-4B-Base,rf2_ex20,random_source@k14#5,9,0.0,True
Qwen3-4B-Base,rf2_ex20,random_source@k14#50,9,0.0,True
Qwen3-4B-Base,rf2_ex20,random_source@k14#6,9,0.0,True
Qwen3-4B-Base,rf2_ex20,random_source@k14#7,9,0.0,True
Qwen3-4B-Base,rf2_ex20,random_source@k14#8,9,0.0,True
Qwen3-4B-Base,rf2_ex20,random_source@k14#9,9,0.0,True
Qwen3-4B-Base,rf2_ex20,rdm_cka_high@k5#1,11,0.0,True
Qwen3-4B-Base,rf2_ex20,rdm_cka_high@k5#10,11,0.0,True
Qwen3-4B-Base,rf2_ex20,rdm_cka_high@k5#11,13,0.0,True
Qwen3-4B-Base,rf2_ex20,rdm_cka_high@k5#12,11,0.0,True
Qwen3-4B-Base,rf2_ex20,rdm_cka_high@k5#13,9,0.0,True
Qwen3-4B-Base,rf2_ex20,rdm_cka_high@k5#14,11,0.0,True
Qwen3-4B-Base,rf2_ex20,rdm_cka_high@k5#15,9,0.0,True
Qwen3-4B-Base,rf2_ex20,rdm_cka_high@k5#16,11,0.0,True
Qwen3-4B-Base,rf2_ex20,rdm_cka_high@k5#17,13,0.0,True
Qwen3-4B-Base,rf2_ex20,rdm_cka_high@k5#18,9,0.0,True
Qwen3-4B-Base,rf2_ex20,rdm_cka_high@k5#19,9,0.0,True
Qwen3-4B-Base,rf2_ex20,rdm_cka_high@k5#2,15,0.0,True
Qwen3-4B-Base,rf2_ex20,rdm_cka_high@k5#20,9,0.0,True
Qwen3-4B-Base,rf2_ex20,rdm_cka_high@k5#21,11,0.0,True
Qwen3-4B-Base,rf2_ex20,rdm_cka_high@k5#22,11,0.0,True
Qwen3-4B-Base,rf2_ex20,rdm_cka_high@k5#23,11,0.0,True
Qwen3-4B-Base,rf2_ex20,rdm_cka_high@k5#24,9,0.0,True
Qwen3-4B-Base,rf2_ex20,rdm_cka_high@k5#25,11,0.0,True
Qwen3-4B-Base,rf2_ex20,rdm_cka_high@k5#26,11,0.0,True
Qwen3-4B-Base,rf2_ex20,rdm_cka_high@k5#27,13,0.0,True
Qwen3-4B-Base,rf2_ex20,rdm_cka_high@k5#28,11,0.0,True
Qwen3-4B-Base,rf2_ex20,rdm_cka_high@k5#29,11,0.0,True
Qwen3-4B-Base,rf2_ex20,rdm_cka_high@k5#3,11,0.0,True
Qwen3-4B-Base,rf2_ex20,rdm_cka_high@k5#30,11,0.0,True
Qwen3-4B-Base,rf2_ex20,rdm_cka_high@k5#31,15,0.0,True
Qwen3-4B-Base,rf2_ex20,rdm_cka_high@k5#32,9,0.0,True
Qwen3-4B-Base,rf2_ex20,rdm_cka_high@k5#33,11,0.0,True
Qwen3-4B-Base,rf2_ex20,rdm_cka_high@k5#34,9,0.0,True
Qwen3-4B-Base,rf2_ex20,rdm_cka_high@k5#35,9,0.0,True
Qwen3-4B-Base,rf2_ex20,rdm_cka_high@k5#36,9,0.0,True
Qwen3-4B-Base,rf2_ex20,rdm_cka_high@k5#37,11,0.0,True
Qwen3-4B-Base,rf2_ex20,rdm_cka_high@k5#38,9,0.0,True
Qwen3-4B-Base,rf2_ex20,rdm_cka_high@k5#39,15,0.0,True
Qwen3-4B-Base,rf2_ex20,rdm_cka_high@k5#4,9,0.0,True
Qwen3-4B-Base,rf2_ex20,rdm_cka_high@k5#40,9,0.0,True
Qwen3-4B-Base,rf2_ex20,rdm_cka_high@k5#41,11,0.0,True
Qwen3-4B-Base,rf2_ex20,rdm_cka_high@k5#42,11,0.0,True
Qwen3-4B-Base,rf2_ex20,rdm_cka_high@k5#43,11,0.0,True
Qwen3-4B-Base,rf2_ex20,rdm_cka_high@k5#44,11,0.0,True
Qwen3-4B-Base,rf2_ex20,rdm_cka_high@k5#45,13,0.0,True
Qwen3-4B-Base,rf2_ex20,rdm_cka_high@k5#46,9,0.0,True
Qwen3-4B-Base,rf2_ex20,rdm_cka_high@k5#47,11,0.0,True
Qwen3-4B-Base,rf2_ex20,rdm_cka_high@k5#48,9,0.0,True
Qwen3-4B-Base,rf2_ex20,rdm_cka_high@k5#49,9,0.0,True
Qwen3-4B-Base,rf2_ex20,rdm_cka_high@k5#5,13,0.0,True
Qwen3-4B-Base,rf2_ex20,rdm_cka_high@k5#50,15,0.0,True
Qwen3-4B-Base,rf2_ex20,rdm_cka_high@k5#6,9,0.0,True
Qwen3-4B-Base,rf2_ex20,rdm_cka_high@k5#7,9,0.0,True
Qwen3-4B-Base,rf2_ex20,rdm_cka_high@k5#8,11,0.0,True
Qwen3-4B-Base,rf2_ex20,rdm_cka_high@k5#9,9,0.0,True
Qwen3-4B-Base,rf2_ex20,rdm_cka_low@k5#1,13,0.0,True
Qwen3-4B-Base,rf2_ex20,rdm_cka_low@k5#10,9,0.0,True
Qwen3-4B-Base,rf2_ex20,rdm_cka_low@k5#11,9,0.0,True
Qwen3-4B-Base,rf2_ex20,rdm_cka_low@k5#12,11,0.0,True
Qwen3-4B-Base,rf2_ex20,rdm_cka_low@k5#13,11,0.0,True
Qwen3-4B-Base,rf2_ex20,rdm_cka_low@k5#14,15,0.0,True
Qwen3-4B-Base,rf2_ex20,rdm_cka_low@k5#15,9,0.0,True
Qwen3-4B-Base,rf2_ex20,rdm_cka_low@k5#16,11,0.0,True
Qwen3-4B-Base,rf2_ex20,rdm_cka_low@k5#17,11,0.0,True
Qwen3-4B-Base,rf2_ex20,rdm_cka_low@k5#18,15,0.0,True
Qwen3-4B-Base,rf2_ex20,rdm_cka_low@k5#19,15,0.0,True
Qwen3-4B-Base,rf2_ex20,rdm_cka_low@k5#2,15,0.0,True
Qwen3-4B-Base,rf2_ex20,rdm_cka_low@k5#20,11,0.0,True
Qwen3-4B-Base,rf2_ex20,rdm_cka_low@k5#21,9,0.0,True
Qwen3-4B-Base,rf2_ex20,rdm_cka_low@k5#22,9,0.0,True
Qwen3-4B-Base,rf2_ex20,rdm_cka_low@k5#23,9,0.0,True
Qwen3-4B-Base,rf2_ex20,rdm_cka_low@k5#24,11,0.0,True
Qwen3-4B-Base,rf2_ex20,rdm_cka_low@k5#25,11,0.0,True
Qwen3-4B-Base,rf2_ex20,rdm_cka_low@k5#26,9,0.0,True
Qwen3-4B-Base,rf2_ex20,rdm_cka_low@k5#27,13,0.0,True
Qwen3-4B-Base,rf2_ex20,rdm_cka_low@k5#28,9,0.0,True
Qwen3-4B-Base,rf2_ex20,rdm_cka_low@k5#29,11,0.0,True
Qwen3-4B-Base,rf2_ex20,rdm_cka_low@k5#3,9,0.0,True
Qwen3-4B-Base,rf2_ex20,rdm_cka_low@k5#30,9,0.0,True
Qwen3-4B-Base,rf2_ex20,rdm_cka_low@k5#31,9,0.0,True
Qwen3-4B-Base,rf2_ex20,rdm_cka_low@k5#32,9,0.0,True
Qwen3-4B-Base,rf2_ex20,rdm_cka_low@k5#33,13,0.0,True
Qwen3-4B-Base,rf2_ex20,rdm_cka_low@k5#34,9,0.0,True
Qwen3-4B-Base,rf2_ex20,rdm_cka_low@k5#35,11,0.0,True
Qwen3-4B-Base,rf2_ex20,rdm_cka_low@k5#36,9,0.0,True
Qwen3-4B-Base,rf2_ex20,rdm_cka_low@k5#37,9,0.0,True
Qwen3-4B-Base,rf2_ex20,rdm_cka_low@k5#38,11,0.0,True
Qwen3-4B-Base,rf2_ex20,rdm_cka_low@k5#39,11,0.0,True
Qwen3-4B-Base,rf2_ex20,rdm_cka_low@k5#4,11,0.0,True
Qwen3-4B-Base,rf2_ex20,rdm_cka_low@k5#40,9,0.0,True
Qwen3-4B-Base,rf2_ex20,rdm_cka_low@k5#41,9,0.0,True
Qwen3-4B-Base,rf2_ex20,rdm_cka_low@k5#42,11,0.0,True
Qwen3-4B-Base,rf2_ex20,rdm_cka_low@k5#43,11,0.0,True
Qwen3-4B-Base,rf2_ex20,rdm_cka_low@k5#44,11,0.0,True
Qwen3-4B-Base,rf2_ex20,rdm_cka_low@k5#45,9,0.0,True
Qwen3-4B-Base,rf2_ex20,rdm_cka_low@k5#46,13,0.0,True
Qwen3-4B-Base,rf2_ex20,rdm_cka_low@k5#47,11,0.0,True
Qwen3-4B-Base,rf2_ex20,rdm_cka_low@k5#48,11,0.0,True
Qwen3-4B-Base,rf2_ex20,rdm_cka_low@k5#49,11,0.0,True
Qwen3-4B-Base,rf2_ex20,rdm_cka_low@k5#5,13,0.0,True
Qwen3-4B-Base,rf2_ex20,rdm_cka_low@k5#50,11,0.0,True
Qwen3-4B-Base,rf2_ex20,rdm_cka_low@k5#6,13,0.0,True
Qwen3-4B-Base,rf2_ex20,rdm_cka_low@k5#7,11,0.0,True
Qwen3-4B-Base,rf2_ex20,rdm_cka_low@k5#8,11,0.0,True
Qwen3-4B-Base,rf2_ex20,rdm_cka_low@k5#9,11,0.0,True
Qwen3-4B-Base,rf2_ex20,rdm_fidelity_high@k5#1,9,0.0,True
Qwen3-4B-Base,rf2_ex20,rdm_fidelity_high@k5#10,9,0.0,True
Qwen3-4B-Base,rf2_ex20,rdm_fidelity_high@k5#11,9,0.0,True
Qwen3-4B-Base,rf2_ex20,rdm_fidelity_high@k5#12,13,0.0,True
Qwen3-4B-Base,rf2_ex20,rdm_fidelity_high@k5#13,9,0.0,True
Qwen3-4B-Base,rf2_ex20,rdm_fidelity_high@k5#14,9,0.0,True
Qwen3-4B-Base,rf2_ex20,rdm_fidelity_high@k5#15,15,0.0,True
Qwen3-4B-Base,rf2_ex20,rdm_fidelity_high@k5#16,9,0.0,True
Qwen3-4B-Base,rf2_ex20,rdm_fidelity_high@k5#17,13,0.0,True
Qwen3-4B-Base,rf2_ex20,rdm_fidelity_high@k5#18,9,0.0,True
Qwen3-4B-Base,rf2_ex20,rdm_fidelity_high@k5#19,13,0.0,True
Qwen3-4B-Base,rf2_ex20,rdm_fidelity_high@k5#2,9,0.0,True
Qwen3-4B-Base,rf2_ex20,rdm_fidelity_high@k5#20,11,0.0,True
Qwen3-4B-Base,rf2_ex20,rdm_fidelity_high@k5#21,13,0.0,True
Qwen3-4B-Base,rf2_ex20,rdm_fidelity_high@k5#22,9,0.0,True
Qwen3-4B-Base,rf2_ex20,rdm_fidelity_high@k5#23,13,0.0,True
Qwen3-4B-Base,rf2_ex20,rdm_fidelity_high@k5#24,15,0.0,True
Qwen3-4B-Base,rf2_ex20,rdm_fidelity_high@k5#25,11,0.0,True
Qwen3-4B-Base,rf2_ex20,rdm_fidelity_high@k5#26,11,0.0,True
Qwen3-4B-Base,rf2_ex20,rdm_fidelity_high@k5#27,15,0.0,True
Qwen3-4B-Base,rf2_ex20,rdm_fidelity_high@k5#28,9,0.0,True
Qwen3-4B-Base,rf2_ex20,rdm_fidelity_high@k5#29,13,0.0,True
Qwen3-4B-Base,rf2_ex20,rdm_fidelity_high@k5#3,13,0.0,True
Qwen3-4B-Base,rf2_ex20,rdm_fidelity_high@k5#30,11,0.0,True
Qwen3-4B-Base,rf2_ex20,rdm_fidelity_high@k5#31,11,0.0,True
Qwen3-4B-Base,rf2_ex20,rdm_fidelity_high@k5#32,9,0.0,True
Qwen3-4B-Base,rf2_ex20,rdm_fidelity_high@k5#33,13,0.0,True
Qwen3-4B-Base,rf2_ex20,rdm_fidelity_high@k5#34,9,0.0,True
Qwen3-4B-Base,rf2_ex20,rdm_fidelity_high@k5#35,9,0.0,True
Qwen3-4B-Base,rf2_ex20,rdm_fidelity_high@k5#36,11,0.0,True
Qwen3-4B-Base,rf2_ex20,rdm_fidelity_high@k5#37,11,0.0,True
Qwen3-4B-Base,rf2_ex20,rdm_fidelity_high@k5#38,9,0.0,True
Qwen3-4B-Base,rf2_ex20,rdm_fidelity_high@k5#39,13,0.0,True
Qwen3-4B-Base,rf2_ex20,rdm_fidelity_high@k5#4,11,0.0,True
Qwen3-4B-Base,rf2_ex20,rdm_fidelity_high@k5#40,11,0.0,True
Qwen3-4B-Base,rf2_ex20,rdm_fidelity_high@k5#41,9,0.0,True
Qwen3-4B-Base,rf2_ex20,rdm_fidelity_high@k5#42,11,0.0,True
Qwen3-4B-Base,rf2_ex20,rdm_fidelity_high@k5#43,15,0.0,True
Qwen3-4B-Base,rf2_ex20,rdm_fidelity_high@k5#44,11,0.0,True
Qwen3-4B-Base,rf2_ex20,rdm_fidelity_high@k5#45,11,0.0,True
Qwen3-4B-Base,rf2_ex20,rdm_fidelity_high@k5#46,9,0.0,True
Qwen3-4B-Base,rf2_ex20,rdm_fidelity_high@k5#47,13,0.0,True
Qwen3-4B-Base,rf2_ex20,rdm_fidelity_high@k5#48,9,0.0,True
Qwen3-4B-Base,rf2_ex20,rdm_fidelity_high@k5#49,11,0.0,True
Qwen3-4B-Base,rf2_ex20,rdm_fidelity_high@k5#5,9,0.0,True
Qwen3-4B-Base,rf2_ex20,rdm_fidelity_high@k5#50,15,0.0,True
Qwen3-4B-Base,rf2_ex20,rdm_fidelity_high@k5#6,9,0.0,True
Qwen3-4B-Base,rf2_ex20,rdm_fidelity_high@k5#7,13,0.0,True
Qwen3-4B-Base,rf2_ex20,rdm_fidelity_high@k5#8,9,0.0,True
Qwen3-4B-Base,rf2_ex20,rdm_fidelity_high@k5#9,11,0.0,True
Qwen3-4B-Base,rf2_ex20,rdm_kvdist_high@k5#1,13,0.0,True
Qwen3-4B-Base,rf2_ex20,rdm_kvdist_high@k5#10,13,0.0,True
Qwen3-4B-Base,rf2_ex20,rdm_kvdist_high@k5#11,13,0.0,True
Qwen3-4B-Base,rf2_ex20,rdm_kvdist_high@k5#12,9,0.0,True
Qwen3-4B-Base,rf2_ex20,rdm_kvdist_high@k5#13,13,0.0,True
Qwen3-4B-Base,rf2_ex20,rdm_kvdist_high@k5#14,11,0.0,True
Qwen3-4B-Base,rf2_ex20,rdm_kvdist_high@k5#15,15,0.0,True
Qwen3-4B-Base,rf2_ex20,rdm_kvdist_high@k5#16,9,0.0,True
Qwen3-4B-Base,rf2_ex20,rdm_kvdist_high@k5#17,9,0.0,True
Qwen3-4B-Base,rf2_ex20,rdm_kvdist_high@k5#18,11,0.0,True
Qwen3-4B-Base,rf2_ex20,rdm_kvdist_high@k5#19,9,0.0,True
Qwen3-4B-Base,rf2_ex20,rdm_kvdist_high@k5#2,9,0.0,True
Qwen3-4B-Base,rf2_ex20,rdm_kvdist_high@k5#20,13,0.0,True
Qwen3-4B-Base,rf2_ex20,rdm_kvdist_high@k5#21,11,0.0,True
Qwen3-4B-Base,rf2_ex20,rdm_kvdist_high@k5#22,9,0.0,True
Qwen3-4B-Base,rf2_ex20,rdm_kvdist_high@k5#23,11,0.0,True
Qwen3-4B-Base,rf2_ex20,rdm_kvdist_high@k5#24,9,0.0,True
Qwen3-4B-Base,rf2_ex20,rdm_kvdist_high@k5#25,11,0.0,True
Qwen3-4B-Base,rf2_ex20,rdm_kvdist_high@k5#26,11,0.0,True
Qwen3-4B-Base,rf2_ex20,rdm_kvdist_high@k5#27,11,0.0,True
Qwen3-4B-Base,rf2_ex20,rdm_kvdist_high@k5#28,13,0.0,True
Qwen3-4B-Base,rf2_ex20,rdm_kvdist_high@k5#29,13,0.0,True
Qwen3-4B-Base,rf2_ex20,rdm_kvdist_high@k5#3,9,0.0,True
Qwen3-4B-Base,rf2_ex20,rdm_kvdist_high@k5#30,11,0.0,True
Qwen3-4B-Base,rf2_ex20,rdm_kvdist_high@k5#31,11,0.0,True
Qwen3-4B-Base,rf2_ex20,rdm_kvdist_high@k5#32,9,0.0,True
Qwen3-4B-Base,rf2_ex20,rdm_kvdist_high@k5#33,13,0.0,True
Qwen3-4B-Base,rf2_ex20,rdm_kvdist_high@k5#34,9,0.0,True
Qwen3-4B-Base,rf2_ex20,rdm_kvdist_high@k5#35,9,0.0,True
Qwen3-4B-Base,rf2_ex20,rdm_kvdist_high@k5#36,13,0.0,True
Qwen3-4B-Base,rf2_ex20,rdm_kvdist_high@k5#37,9,0.0,True
Qwen3-4B-Base,rf2_ex20,rdm_kvdist_high@k5#38,13,0.0,True
Qwen3-4B-Base,rf2_ex20,rdm_kvdist_high@k5#39,11,0.0,True
Qwen3-4B-Base,rf2_ex20,rdm_kvdist_high@k5#4,9,0.0,True
Qwen3-4B-Base,rf2_ex20,rdm_kvdist_high@k5#40,11,0.0,True
Qwen3-4B-Base,rf2_ex20,rdm_kvdist_high@k5#41,13,0.0,True
Qwen3-4B-Base,rf2_ex20,rdm_kvdist_high@k5#42,11,0.0,True
Qwen3-4B-Base,rf2_ex20,rdm_kvdist_high@k5#43,11,0.0,True
Qwen3-4B-Base,rf2_ex20,rdm_kvdist_high@k5#44,13,0.0,True
Qwen3-4B-Base,rf2_ex20,rdm_kvdist_high@k5#45,13,0.0,True
Qwen3-4B-Base,rf2_ex20,rdm_kvdist_high@k5#46,13,0.0,True
Qwen3-4B-Base,rf2_ex20,rdm_kvdist_high@k5#47,9,0.0,True
Qwen3-4B-Base,rf2_ex20,rdm_kvdist_high@k5#48,11,0.0,True
Qwen3-4B-Base,rf2_ex20,rdm_kvdist_high@k5#49,9,0.0,True
Qwen3-4B-Base,rf2_ex20,rdm_kvdist_high@k5#5,15,0.0,True
Qwen3-4B-Base,rf2_ex20,rdm_kvdist_high@k5#50,11,0.0,True
Qwen3-4B-Base,rf2_ex20,rdm_kvdist_high@k5#6,13,0.0,True
Qwen3-4B-Base,rf2_ex20,rdm_kvdist_high@k5#7,13,0.0,True
Qwen3-4B-Base,rf2_ex20,rdm_kvdist_high@k5#8,9,0.0,True
Qwen3-4B-Base,rf2_ex20,rdm_kvdist_high@k5#9,9,0.0,True
Qwen3-4B-Base,rf2_ex20,rdm_kvdist_low@k5#1,15,0.0,True
Qwen3-4B-Base,rf2_ex20,rdm_kvdist_low@k5#10,13,0.0,True
Qwen3-4B-Base,rf2_ex20,rdm_kvdist_low@k5#11,9,0.0,True
Qwen3-4B-Base,rf2_ex20,rdm_kvdist_low@k5#12,11,0.0,True
Qwen3-4B-Base,rf2_ex20,rdm_kvdist_low@k5#13,15,0.0,True
Qwen3-4B-Base,rf2_ex20,rdm_kvdist_low@k5#14,13,0.0,True
Qwen3-4B-Base,rf2_ex20,rdm_kvdist_low@k5#15,11,0.0,True
Qwen3-4B-Base,rf2_ex20,rdm_kvdist_low@k5#16,11,0.0,True
Qwen3-4B-Base,rf2_ex20,rdm_kvdist_low@k5#17,11,0.0,True
Qwen3-4B-Base,rf2_ex20,rdm_kvdist_low@k5#18,11,0.0,True
Qwen3-4B-Base,rf2_ex20,rdm_kvdist_low@k5#19,9,0.0,True
Qwen3-4B-Base,rf2_ex20,rdm_kvdist_low@k5#2,11,0.0,True
Qwen3-4B-Base,rf2_ex20,rdm_kvdist_low@k5#20,9,0.0,True
Qwen3-4B-Base,rf2_ex20,rdm_kvdist_low@k5#21,15,0.0,True
Qwen3-4B-Base,rf2_ex20,rdm_kvdist_low@k5#22,11,0.0,True
Qwen3-4B-Base,rf2_ex20,rdm_kvdist_low@k5#23,11,0.0,True
Qwen3-4B-Base,rf2_ex20,rdm_kvdist_low@k5#24,11,0.0,True
Qwen3-4B-Base,rf2_ex20,rdm_kvdist_low@k5#25,11,0.0,True
Qwen3-4B-Base,rf2_ex20,rdm_kvdist_low@k5#26,13,0.0,True
Qwen3-4B-Base,rf2_ex20,rdm_kvdist_low@k5#27,9,0.0,True
Qwen3-4B-Base,rf2_ex20,rdm_kvdist_low@k5#28,15,0.0,True
Qwen3-4B-Base,rf2_ex20,rdm_kvdist_low@k5#29,15,0.0,True
Qwen3-4B-Base,rf2_ex20,rdm_kvdist_low@k5#3,9,0.0,True
Qwen3-4B-Base,rf2_ex20,rdm_kvdist_low@k5#30,9,0.0,True
Qwen3-4B-Base,rf2_ex20,rdm_kvdist_low@k5#31,9,0.0,True
Qwen3-4B-Base,rf2_ex20,rdm_kvdist_low@k5#32,11,0.0,True
Qwen3-4B-Base,rf2_ex20,rdm_kvdist_low@k5#33,13,0.0,True
Qwen3-4B-Base,rf2_ex20,rdm_kvdist_low@k5#34,9,0.0,True
Qwen3-4B-Base,rf2_ex20,rdm_kvdist_low@k5#35,11,0.0,True
Qwen3-4B-Base,rf2_ex20,rdm_kvdist_low@k5#36,11,0.0,True
Qwen3-4B-Base,rf2_ex20,rdm_kvdist_low@k5#37,13,0.0,True
Qwen3-4B-Base,rf2_ex20,rdm_kvdist_low@k5#38,11,0.0,True
Qwen3-4B-Base,rf2_ex20,rdm_kvdist_low@k5#39,9,0.0,True
Qwen3-4B-Base,rf2_ex20,rdm_kvdist_low@k5#4,9,0.0,True
Qwen3-4B-Base,rf2_ex20,rdm_kvdist_low@k5#40,11,0.0,True
Qwen3-4B-Base,rf2_ex20,rdm_kvdist_low@k5#41,11,0.0,True
Qwen3-4B-Base,rf2_ex20,rdm_kvdist_low@k5#42,15,0.0,True
Qwen3-4B-Base,rf2_ex20,rdm_kvdist_low@k5#43,13,0.0,True
Qwen3-4B-Base,rf2_ex20,rdm_kvdist_low@k5#44,9,0.0,True
Qwen3-4B-Base,rf2_ex20,rdm_kvdist_low@k5#45,15,0.0,True
Qwen3-4B-Base,rf2_ex20,rdm_kvdist_low@k5#46,9,0.0,True
Qwen3-4B-Base,rf2_ex20,rdm_kvdist_low@k5#47,9,0.0,True
Qwen3-4B-Base,rf2_ex20,rdm_kvdist_low@k5#48,15,0.0,True
Qwen3-4B-Base,rf2_ex20,rdm_kvdist_low@k5#49,9,0.0,True
Qwen3-4B-Base,rf2_ex20,rdm_kvdist_low@k5#5,11,0.0,True
Qwen3-4B-Base,rf2_ex20,rdm_kvdist_low@k5#50,13,0.0,True
Qwen3-4B-Base,rf2_ex20,rdm_kvdist_low@k5#6,9,0.0,True
Qwen3-4B-Base,rf2_ex20,rdm_kvdist_low@k5#7,11,0.0,True
Qwen3-4B-Base,rf2_ex20,rdm_kvdist_low@k5#8,13,0.0,True
Qwen3-4B-Base,rf2_ex20,rdm_kvdist_low@k5#9,9,0.0,True
Qwen3-4B-Base,rf4_ex20,full,9,0.0,True
